OptionID,QuestionID,SourceScoreID,ResponseOption,OptionScore,ItemScoringMode,ScoreGroupID,IsExclusionOption,DisplayOrder,IsActive,SourceSheet,SourceRow
OPT-ST-002-01,ST-002,ST-002a,Yes,1,SingleResponse,SR-ST-002-ST-002A,False,10,True,Studios,7
OPT-ST-002-02,ST-002,ST-002a,No,0,SingleResponse,SR-ST-002-ST-002A,False,20,True,Studios,8
OPT-ST-002-03,ST-002,ST-002a,Unable to assess (note reason),,SingleResponse,SR-ST-002-ST-002A,True,30,True,Studios,9
OPT-ST-003-01,ST-003,ST-003a,Yes,1,SingleResponse,SR-ST-003-ST-003A,False,10,True,Studios,11
OPT-ST-003-02,ST-003,ST-003a,No,0,SingleResponse,SR-ST-003-ST-003A,False,20,True,Studios,12
OPT-ST-003-03,ST-003,ST-003a,Unable to assess (note reason),,SingleResponse,SR-ST-003-ST-003A,True,30,True,Studios,13
OPT-ST-004-01,ST-004,ST-004a,The studio layout allows students to work outside the primary instructional area,1,SingleResponse,SR-ST-004-ST-004A,False,10,True,Studios,15
OPT-ST-004-02,ST-004,ST-004b,The studio can support multiple learning activities of different group sizes simultaneously,1,SingleResponse,SR-ST-004-ST-004B,False,20,True,Studios,16
OPT-ST-004-03,ST-004,ST-004c,Student-accessible storage and/or materials are provided without requiring teacher retrieval,1,SingleResponse,SR-ST-004-ST-004C,False,30,True,Studios,17
OPT-ST-005-01,ST-005,ST-005a,Primary light fixtures are dimmable,1,SingleResponse,SR-ST-005-ST-005A,False,10,True,Studios,19
OPT-ST-005-02,ST-005,ST-005b,Primary light fixtures are LED,1,SingleResponse,SR-ST-005-ST-005B,False,20,True,Studios,20
OPT-ST-006-01,ST-006,ST-006a,"Good - walls are painted in light colors that can enhance daylighting, and accent color is used to reduce monotony",1,SingleResponse,SR-ST-006-ST-006A,False,10,True,Studios,22
OPT-ST-006-02,ST-006,ST-006a,"Fair - walls are painted in light colors that can enhance daylighting, but no accent color is used",0.5,SingleResponse,SR-ST-006-ST-006A,False,20,True,Studios,23
OPT-ST-006-03,ST-006,ST-006a,Poor - walls are painted in dark or monotonous colors,0,SingleResponse,SR-ST-006-ST-006A,False,30,True,Studios,24
OPT-ST-006-04,ST-006,ST-006a,Unable to assess (note reason),,SingleResponse,SR-ST-006-ST-006A,True,40,True,Studios,25
OPT-ST-007-01,ST-007,ST-007a,Yes,1,SingleResponse,SR-ST-007-ST-007A,False,10,True,Studios,27
OPT-ST-007-02,ST-007,ST-007a,No,0,SingleResponse,SR-ST-007-ST-007A,False,20,True,Studios,28
OPT-ST-007-03,ST-007,ST-007a,Unable to assess (note reason),,SingleResponse,SR-ST-007-ST-007A,True,30,True,Studios,29
OPT-ST-008-01,ST-008,ST-008a,"Access to views of the outdoors (e.g., not solely a view of an exterior wall)",1,SingleResponse,SR-ST-008-ST-008A,False,10,True,Studios,31
OPT-ST-008-02,ST-008,ST-008i,Only clerestory windows are provided,,Inventory,INV-ST-008-ST-008I,False,20,True,Studios,32
OPT-ST-009-01,ST-009,ST-009a,Roller shades are provided,1,SingleResponse,SR-ST-009-ST-009A,False,10,True,Studios,34
OPT-ST-009-02,ST-009,ST-009a,Mini-blinds are provided,0,SingleResponse,SR-ST-009-ST-009A,False,20,True,Studios,35
OPT-ST-009-03,ST-009,ST-009a,Other (please note),0,SingleResponse,SR-ST-009-ST-009A,False,30,True,Studios,36
OPT-ST-009-04,ST-009,ST-009a,No window coverings are provided,0,SingleResponse,SR-ST-009-ST-009A,False,40,True,Studios,37
OPT-ST-009-05,ST-009,ST-009a,Unable to assess (note reason),,SingleResponse,SR-ST-009-ST-009A,True,50,True,Studios,38
OPT-ST-010-01,ST-010,ST-010a,None,0,SingleResponse,SR-ST-010-ST-010A,False,10,True,Studios,40
OPT-ST-010-02,ST-010,ST-010a,<4 linear feet,0.25,SingleResponse,SR-ST-010-ST-010A,False,20,True,Studios,41
OPT-ST-010-03,ST-010,ST-010a,4 to <8 linear feet,0.5,SingleResponse,SR-ST-010-ST-010A,False,30,True,Studios,42
OPT-ST-010-04,ST-010,ST-010a,8 to <12 linear feet,0.75,SingleResponse,SR-ST-010-ST-010A,False,40,True,Studios,43
OPT-ST-010-05,ST-010,ST-010a,12+ linear feet,1,SingleResponse,SR-ST-010-ST-010A,False,50,True,Studios,44
OPT-ST-010-06,ST-010,ST-010a,Unable to assess (note reason),,SingleResponse,SR-ST-010-ST-010A,True,60,True,Studios,45
OPT-ST-010-MS-HS-2-01,ST-010-MS-HS-2,ST-010a,None,0,SingleResponse,SR-ST-010-MS-HS-2-ST-010A,False,10,True,Studios,47
OPT-ST-010-MS-HS-2-02,ST-010-MS-HS-2,ST-010a,<4 linear feet,0.2,SingleResponse,SR-ST-010-MS-HS-2-ST-010A,False,20,True,Studios,48
OPT-ST-010-MS-HS-2-03,ST-010-MS-HS-2,ST-010a,4 to <8 linear feet,0.4,SingleResponse,SR-ST-010-MS-HS-2-ST-010A,False,30,True,Studios,49
OPT-ST-010-MS-HS-2-04,ST-010-MS-HS-2,ST-010a,8 to <12 linear feet,0.6,SingleResponse,SR-ST-010-MS-HS-2-ST-010A,False,40,True,Studios,50
OPT-ST-010-MS-HS-2-05,ST-010-MS-HS-2,ST-010a,12 to <16 linear feet,0.8,SingleResponse,SR-ST-010-MS-HS-2-ST-010A,False,50,True,Studios,51
OPT-ST-010-MS-HS-2-06,ST-010-MS-HS-2,ST-010a,16+ linear feet,1,SingleResponse,SR-ST-010-MS-HS-2-ST-010A,False,60,True,Studios,52
OPT-ST-010-MS-HS-2-07,ST-010-MS-HS-2,ST-010a,Unable to assess (note reason),,SingleResponse,SR-ST-010-MS-HS-2-ST-010A,True,70,True,Studios,53
OPT-ST-011-01,ST-011,ST-011i,Tackstrip,,Inventory,INV-ST-011-ST-011I,False,10,True,Studios,55
OPT-ST-011-02,ST-011,ST-011i,Tackboard,,Inventory,INV-ST-011-ST-011I,False,20,True,Studios,56
OPT-ST-011-03,ST-011,ST-011i,Tackwall,,Inventory,INV-ST-011-ST-011I,False,30,True,Studios,57
OPT-ST-011-04,ST-011,ST-011i,Magnetic markerboard,,Inventory,INV-ST-011-ST-011I,False,40,True,Studios,58
OPT-ST-012-01,ST-012,ST-012a,None,0,SingleResponse,SR-ST-012-ST-012A,False,10,True,Studios,60
OPT-ST-012-02,ST-012,ST-012a,<4 linear feet,0.33,SingleResponse,SR-ST-012-ST-012A,False,20,True,Studios,61
OPT-ST-012-03,ST-012,ST-012a,4 to <8 linear feet,0.66,SingleResponse,SR-ST-012-ST-012A,False,30,True,Studios,62
OPT-ST-012-04,ST-012,ST-012a,8+ linear feet,1,SingleResponse,SR-ST-012-ST-012A,False,40,True,Studios,63
OPT-ST-012-05,ST-012,ST-012a,Unable to assess (note reason),,SingleResponse,SR-ST-012-ST-012A,True,50,True,Studios,64
OPT-ST-013-01,ST-013,ST-013a,None,0,SingleResponse,SR-ST-013-ST-013A,False,10,True,Studios,66
OPT-ST-013-02,ST-013,ST-013a,<10 linear feet,0.5,SingleResponse,SR-ST-013-ST-013A,False,20,True,Studios,67
OPT-ST-013-03,ST-013,ST-013a,10+ linear feet,1,SingleResponse,SR-ST-013-ST-013A,False,30,True,Studios,68
OPT-ST-014-01,ST-014,ST-014a,None,0,SingleResponse,SR-ST-014-ST-014A,False,10,True,Studios,70
OPT-ST-014-02,ST-014,ST-014a,<6 linear feet,0.5,SingleResponse,SR-ST-014-ST-014A,False,20,True,Studios,71
OPT-ST-014-03,ST-014,ST-014a,6+ linear feet,1,SingleResponse,SR-ST-014-ST-014A,False,30,True,Studios,72
OPT-ST-015-01,ST-015,ST-015i,Built-in casework is provided,,Inventory,INV-ST-015-ST-015I,False,10,True,Studios,74
OPT-ST-015-02,ST-015,ST-015i,Counter space is provided,,Inventory,INV-ST-015-ST-015I,False,20,True,Studios,75
OPT-ST-015-03,ST-015,ST-015i,Ensuite storage closet is provided,,Inventory,INV-ST-015-ST-015I,False,30,True,Studios,76
OPT-ST-015-04,ST-015,ST-015i,"Furniture-based storage is provided (i.e., shelving or cabinets)",,Inventory,INV-ST-015-ST-015I,False,40,True,Studios,77
OPT-ST-015-05,ST-015,ST-015i,Some or all storage is lockable,,Inventory,INV-ST-015-ST-015I,False,50,True,Studios,78
OPT-ST-016-01,ST-016,ST-016a,Good - storage appears sufficient; the space is organized with little visible clutter,1,SingleResponse,SR-ST-016-ST-016A,False,10,True,Studios,80
OPT-ST-016-02,ST-016,ST-016a,Fair - storage appears mostly sufficient; some clutter or overflow is visible,0.5,SingleResponse,SR-ST-016-ST-016A,False,20,True,Studios,81
OPT-ST-016-03,ST-016,ST-016a,Poor - storage appears insufficient; significant clutter or materials without a home,0,SingleResponse,SR-ST-016-ST-016A,False,30,True,Studios,82
OPT-ST-016-04,ST-016,ST-016a,Unable to assess (note reason),,SingleResponse,SR-ST-016-ST-016A,True,40,True,Studios,83
OPT-ST-017-01,ST-017,ST-017a,0,0,SingleResponse,SR-ST-017-ST-017A,False,10,True,Studios,85
OPT-ST-017-02,ST-017,ST-017a,1-2,0.25,SingleResponse,SR-ST-017-ST-017A,False,20,True,Studios,86
OPT-ST-017-03,ST-017,ST-017a,3-4,0.5,SingleResponse,SR-ST-017-ST-017A,False,30,True,Studios,87
OPT-ST-017-04,ST-017,ST-017a,5-7,0.75,SingleResponse,SR-ST-017-ST-017A,False,40,True,Studios,88
OPT-ST-017-05,ST-017,ST-017a,8+,1,SingleResponse,SR-ST-017-ST-017A,False,50,True,Studios,89
OPT-ST-018-01,ST-018,ST-018a,0,0,SingleResponse,SR-ST-018-ST-018A,False,10,True,Studios,91
OPT-ST-018-02,ST-018,ST-018a,1,0.25,SingleResponse,SR-ST-018-ST-018A,False,20,True,Studios,92
OPT-ST-018-03,ST-018,ST-018a,2,0.5,SingleResponse,SR-ST-018-ST-018A,False,30,True,Studios,93
OPT-ST-018-04,ST-018,ST-018a,3,0.75,SingleResponse,SR-ST-018-ST-018A,False,40,True,Studios,94
OPT-ST-018-05,ST-018,ST-018a,4,1,SingleResponse,SR-ST-018-ST-018A,False,50,True,Studios,95
OPT-ST-019-01,ST-019,ST-019a,0,0,SingleResponse,SR-ST-019-ST-019A,False,10,True,Studios,97
OPT-ST-019-02,ST-019,ST-019a,1,0.25,SingleResponse,SR-ST-019-ST-019A,False,20,True,Studios,98
OPT-ST-019-03,ST-019,ST-019a,2,0.5,SingleResponse,SR-ST-019-ST-019A,False,30,True,Studios,99
OPT-ST-019-04,ST-019,ST-019a,3,0.75,SingleResponse,SR-ST-019-ST-019A,False,40,True,Studios,100
OPT-ST-019-05,ST-019,ST-019a,4,1,SingleResponse,SR-ST-019-ST-019A,False,50,True,Studios,101
OPT-ST-020-01,ST-020,ST-020a,A thermostat is provided that has adjustable temperature controls,1,SingleResponse,SR-ST-020-ST-020A,False,10,True,Studios,103
OPT-ST-020-02,ST-020,ST-020a,A thermostat is provided that does not have adjustable temperature controls,0.5,SingleResponse,SR-ST-020-ST-020A,False,20,True,Studios,104
OPT-ST-020-03,ST-020,ST-020a,Only a temperature sensor is provided,0,SingleResponse,SR-ST-020-ST-020A,False,30,True,Studios,105
OPT-ST-020-04,ST-020,ST-020a,No thermostat or sensor is present in the space,0,SingleResponse,SR-ST-020-ST-020A,False,40,True,Studios,106
OPT-ST-021-01,ST-021,ST-021a,Yes,1,SingleResponse,SR-ST-021-ST-021A,False,10,True,Studios,108
OPT-ST-021-02,ST-021,ST-021a,No,0,SingleResponse,SR-ST-021-ST-021A,False,20,True,Studios,109
OPT-ST-021-03,ST-021,ST-021a,Unable to assess (note reason),,SingleResponse,SR-ST-021-ST-021A,True,30,True,Studios,110
OPT-ST-022-01,ST-022,ST-022a,Interior window,1,SingleResponse,SR-ST-022-ST-022A,False,10,True,Studios,112
OPT-ST-022-02,ST-022,ST-022b,Sidelight,1,SingleResponse,SR-ST-022-ST-022B,False,20,True,Studios,113
OPT-ST-022-03,ST-022,ST-022c,"Door panel (i.e., glass panel in the door)",0,SingleResponse,SR-ST-022-ST-022C,False,30,True,Studios,114
OPT-ST-023-01,ST-023,ST-023a,Interior windows and doors with glass can be covered with a single movement,1,SingleResponse,SR-ST-023-ST-023A,False,10,True,Studios,116
OPT-ST-023-02,ST-023,ST-023b,Exterior windows and doors with glass can be covered with a single movement,1,SingleResponse,SR-ST-023-ST-023B,False,20,True,Studios,117
OPT-ST-023-03,ST-023,ST-023c,There is an area large enough for a full class to easily get out of sight to shelter-in-place (without needing to cover windows or doors with glass),1,SingleResponse,SR-ST-023-ST-023C,False,30,True,Studios,118
OPT-ST-023-04,ST-023,ST-023d,Interior door hardware is lockable from inside the space with a push button or thumb turn lock,1,SingleResponse,SR-ST-023-ST-023D,False,40,True,Studios,119
OPT-ST-024-01,ST-024,ST-024i,Individual student desks,,Inventory,INV-ST-024-ST-024I,False,10,True,Studios,121
OPT-ST-024-02,ST-024,ST-024i,Tables that seat multiple students,,Inventory,INV-ST-024-ST-024I,False,20,True,Studios,122
OPT-ST-024-03,ST-024,ST-024i,Height-adjustable student tables,,Inventory,INV-ST-024-ST-024I,False,30,True,Studios,123
OPT-ST-024-04,ST-024,ST-024i,Standing-height student worksurfaces,,Inventory,INV-ST-024-ST-024I,False,40,True,Studios,124
OPT-ST-024-05,ST-024,ST-024i,"Student desks with attached chair (i.e., combo units)",,Inventory,INV-ST-024-ST-024I,False,50,True,Studios,125
OPT-ST-024-06,ST-024,ST-024i,"Hard seating (e.g., standard chairs, stools)",,Inventory,INV-ST-024-ST-024I,False,60,True,Studios,126
OPT-ST-024-07,ST-024,ST-024i,"Active seating (e.g., wobble stools, rockers)",,Inventory,INV-ST-024-ST-024I,False,70,True,Studios,127
OPT-ST-024-08,ST-024,ST-024i,"Soft seating (e.g., bean bags, floor cushions)",,Inventory,INV-ST-024-ST-024I,False,80,True,Studios,128
OPT-ST-024-09,ST-024,ST-024i,"One or more mobile writing surfaces (i.e., mobile markerboards)",,Inventory,INV-ST-024-ST-024I,False,90,True,Studios,129
OPT-ST-024-10,ST-024,ST-024i,One or more mobile tackboards,,Inventory,INV-ST-024-ST-024I,False,100,True,Studios,130
OPT-ST-024-11,ST-024,ST-024i,One or more mobile monitors,,Inventory,INV-ST-024-ST-024I,False,110,True,Studios,131
OPT-ST-024-12,ST-024,ST-024i,Other (please note),,Inventory,INV-ST-024-ST-024I,False,120,True,Studios,132
OPT-ST-025-01,ST-025,ST-025a,"Most furniture can be moved by students or a single teacher (e.g., casters, lightweight pieces)",1,SingleResponse,SR-ST-025-ST-025A,False,10,True,Studios,134
OPT-ST-025-02,ST-025,ST-025a,"Some furniture is movable, some is heavy or fixed",0.5,SingleResponse,SR-ST-025-ST-025A,False,20,True,Studios,135
OPT-ST-025-03,ST-025,ST-025a,"Most furniture is heavy, fixed, or impractical to move",0,SingleResponse,SR-ST-025-ST-025A,False,30,True,Studios,136
OPT-ST-026-01,ST-026,ST-026a,Varied seating is provided for multiple students across multiple areas of the space,1,SingleResponse,SR-ST-026-ST-026A,False,10,True,Studios,138
OPT-ST-026-02,ST-026,ST-026a,"Limited varied seating is provided (i.e., a single area or only a few students accommodated at a time)",0.5,SingleResponse,SR-ST-026-ST-026A,False,20,True,Studios,139
OPT-ST-026-03,ST-026,ST-026a,No varied seating is provided,0,SingleResponse,SR-ST-026-ST-026A,False,30,True,Studios,140
OPT-ST-026-04,ST-026,ST-026a,Unable to assess (note reason),,SingleResponse,SR-ST-026-ST-026A,True,40,True,Studios,141
OPT-ST-027-01,ST-027,ST-027a,Good - appears relatively new or has minimal wear,1,SingleResponse,SR-ST-027-ST-027A,False,10,True,Studios,143
OPT-ST-027-02,ST-027,ST-027a,"Fair - some furniture is noticeably worn or aging, but all is functional",0.5,SingleResponse,SR-ST-027-ST-027A,False,20,True,Studios,144
OPT-ST-027-03,ST-027,ST-027a,"Poor - some or all furniture is significantly worn, damaged, or not usable",0,SingleResponse,SR-ST-027-ST-027A,False,30,True,Studios,145
OPT-ST-028-01,ST-028,ST-028i,"Resilient flooring (e.g., vinyl, rubber)",,Inventory,INV-ST-028-ST-028I,False,10,True,Studios,147
OPT-ST-028-02,ST-028,ST-028i,Terrazzo,,Inventory,INV-ST-028-ST-028I,False,20,True,Studios,148
OPT-ST-028-03,ST-028,ST-028i,Polished concrete,,Inventory,INV-ST-028-ST-028I,False,30,True,Studios,149
OPT-ST-028-04,ST-028,ST-028i,"Carpet (i.e., not a loose rug)",,Inventory,INV-ST-028-ST-028I,False,40,True,Studios,150
OPT-ST-028-05,ST-028,ST-028i,Other (please note),,Inventory,INV-ST-028-ST-028I,False,50,True,Studios,151
OPT-ST-028-06,ST-028,ST-028i,Unable to assess (note reason),,Inventory,INV-ST-028-ST-028I,True,60,True,Studios,152
OPT-ST-029-01,ST-029,ST-029a,Direct access to a collaboration space,1,SingleResponse,SR-ST-029-ST-029A,False,10,True,Studios,154
OPT-ST-029-02,ST-029,ST-029a,Visibility into a collaboration space only,0.5,SingleResponse,SR-ST-029-ST-029A,False,20,True,Studios,155
OPT-ST-029-03,ST-029,ST-029a,Neither access nor visibility,0,SingleResponse,SR-ST-029-ST-029A,False,30,True,Studios,156
OPT-ST-029-04,ST-029,ST-029a,Unable to assess (note reason),,SingleResponse,SR-ST-029-ST-029A,True,40,True,Studios,157
OPT-ST-030-01,ST-030,ST-030a,Direct access to a small group room,1,SingleResponse,SR-ST-030-ST-030A,False,10,True,Studios,159
OPT-ST-030-02,ST-030,ST-030a,Visibility into a small group room only,0.5,SingleResponse,SR-ST-030-ST-030A,False,20,True,Studios,160
OPT-ST-030-03,ST-030,ST-030a,Neither access nor visibility,0,SingleResponse,SR-ST-030-ST-030A,False,30,True,Studios,161
OPT-ST-030-04,ST-030,ST-030a,Unable to assess (note reason),,SingleResponse,SR-ST-030-ST-030A,True,40,True,Studios,162
OPT-ST-031-01,ST-031,ST-031a,Direct visibility into open collaboration space,1,SingleResponse,SR-ST-031-ST-031A,False,10,True,Studios,164
OPT-ST-031-02,ST-031,ST-031b,Direct visibility into small group room(s),1,SingleResponse,SR-ST-031-ST-031B,False,20,True,Studios,165
OPT-ST-032-01,ST-032,ST-032a,Exterior door within the space,1,SingleResponse,SR-ST-032-ST-032A,False,10,True,Studios,167
OPT-ST-032-02,ST-032,ST-032a,Exterior door directly outside the space,0.5,SingleResponse,SR-ST-032-ST-032A,False,20,True,Studios,168
OPT-ST-032-03,ST-032,ST-032a,Neither,0,SingleResponse,SR-ST-032-ST-032A,False,30,True,Studios,169
OPT-ST-032-04,ST-032,ST-032a,Unable to assess (note reason),,SingleResponse,SR-ST-032-ST-032A,True,40,True,Studios,170
OPT-ST-033-01,ST-033,ST-033i,Sink,,Inventory,INV-ST-033-ST-033I,False,10,True,Studios,172
OPT-ST-033-02,ST-033,ST-033i,Laptop storage or charging cart,,Inventory,INV-ST-033-ST-033I,False,20,True,Studios,173
OPT-ST-033-03,ST-033,ST-033i,PA speaker,,Inventory,INV-ST-033-ST-033I,False,30,True,Studios,174
OPT-ST-033-04,ST-033,ST-033i,Synchronous clock,,Inventory,INV-ST-033-ST-033I,False,40,True,Studios,175
OPT-OD-001-01,OD-001,OD-001a,Early childhood playground (PreK-K),1,SingleResponse,SR-OD-001-OD-001A,False,10,True,Outdoor Spaces,3
OPT-OD-001-02,OD-001,OD-001b,Elementary playground (1st-5th),1,SingleResponse,SR-OD-001-OD-001B,False,20,True,Outdoor Spaces,4
OPT-OD-001-03,OD-001,OD-001c,Cushioned play surfacing,1,SingleResponse,SR-OD-001-OD-001C,False,30,True,Outdoor Spaces,5
OPT-OD-001-04,OD-001,OD-001d,Buddy bench,1,SingleResponse,SR-OD-001-OD-001D,False,40,True,Outdoor Spaces,6
OPT-OD-001-05,OD-001,OD-001e,Shade elements,1,SingleResponse,SR-OD-001-OD-001E,False,50,True,Outdoor Spaces,7
OPT-OD-001-06,OD-001,OD-001f,Shade trees,1,SingleResponse,SR-OD-001-OD-001F,False,60,True,Outdoor Spaces,8
OPT-OD-002-01,OD-002,OD-002c,Cushioned play surfacing,1,SingleResponse,SR-OD-002-OD-002C,False,10,True,Outdoor Spaces,10
OPT-OD-002-02,OD-002,OD-002d,Buddy bench,1,SingleResponse,SR-OD-002-OD-002D,False,20,True,Outdoor Spaces,11
OPT-OD-002-03,OD-002,OD-002e,Shade elements,1,SingleResponse,SR-OD-002-OD-002E,False,30,True,Outdoor Spaces,12
OPT-OD-002-04,OD-002,OD-002f,Shade trees,1,SingleResponse,SR-OD-002-OD-002F,False,40,True,Outdoor Spaces,13
OPT-OD-003-01,OD-003,OD-003a,Artwork,1,SingleResponse,SR-OD-003-OD-003A,False,10,True,Outdoor Spaces,15
OPT-OD-003-02,OD-003,OD-003b,Dry creek bed,1,SingleResponse,SR-OD-003-OD-003B,False,20,True,Outdoor Spaces,16
OPT-OD-003-03,OD-003,OD-003c,Educational signage,1,SingleResponse,SR-OD-003-OD-003C,False,30,True,Outdoor Spaces,17
OPT-OD-003-04,OD-003,OD-003d,Flexible seating,1,SingleResponse,SR-OD-003-OD-003D,False,40,True,Outdoor Spaces,18
OPT-OD-003-05,OD-003,OD-003e,Fixed seating,1,SingleResponse,SR-OD-003-OD-003E,False,50,True,Outdoor Spaces,19
OPT-OD-003-06,OD-003,OD-003f,Mulch planting bed,1,SingleResponse,SR-OD-003-OD-003F,False,60,True,Outdoor Spaces,20
OPT-OD-003-07,OD-003,OD-003g,Nature-based play,1,SingleResponse,SR-OD-003-OD-003G,False,70,True,Outdoor Spaces,21
OPT-OD-003-08,OD-003,OD-003h,Outdoor music,1,SingleResponse,SR-OD-003-OD-003H,False,80,True,Outdoor Spaces,22
OPT-OD-003-09,OD-003,OD-003j,Pollinator plantings,1,SingleResponse,SR-OD-003-OD-003J,False,90,True,Outdoor Spaces,23
OPT-OD-003-10,OD-003,OD-003k,Sensory path,1,SingleResponse,SR-OD-003-OD-003K,False,100,True,Outdoor Spaces,24
OPT-OD-003-11,OD-003,OD-003l,Storage / shed,1,SingleResponse,SR-OD-003-OD-003L,False,110,True,Outdoor Spaces,25
OPT-OD-003-12,OD-003,OD-003m,Synthetic turf surfacing,1,SingleResponse,SR-OD-003-OD-003M,False,120,True,Outdoor Spaces,26
OPT-OD-003-13,OD-003,OD-003n,Worktables,1,SingleResponse,SR-OD-003-OD-003N,False,130,True,Outdoor Spaces,27
OPT-OD-004-01,OD-004,OD-004a,Early childhood playground,1,SingleResponse,SR-OD-004-OD-004A,False,10,True,Outdoor Spaces,29
OPT-OD-004-02,OD-004,OD-004b,Elementary playground,1,SingleResponse,SR-OD-004-OD-004B,False,20,True,Outdoor Spaces,30
OPT-OD-005-01,OD-005,OD-005a,Early childhood playground,1,SingleResponse,SR-OD-005-OD-005A,False,10,True,Outdoor Spaces,32
OPT-OD-005-02,OD-005,OD-005b,Elementary playground,1,SingleResponse,SR-OD-005-OD-005B,False,20,True,Outdoor Spaces,33
OPT-OD-006-01,OD-006,OD-006a,Early childhood playground,1,SingleResponse,SR-OD-006-OD-006A,False,10,True,Outdoor Spaces,35
OPT-OD-006-02,OD-006,OD-006b,Elementary playground,1,SingleResponse,SR-OD-006-OD-006B,False,20,True,Outdoor Spaces,36
OPT-OD-007-01,OD-007,OD-007i,Slides,,Inventory,INV-OD-007-OD-007I,False,10,True,Outdoor Spaces,38
OPT-OD-007-02,OD-007,OD-007i,Independent swings,,Inventory,INV-OD-007-OD-007I,False,20,True,Outdoor Spaces,39
OPT-OD-007-03,OD-007,OD-007i,Ropes and/or climbing structures,,Inventory,INV-OD-007-OD-007I,False,30,True,Outdoor Spaces,40
OPT-OD-007-04,OD-007,OD-007i,Spinning equipment,,Inventory,INV-OD-007-OD-007I,False,40,True,Outdoor Spaces,41
OPT-OD-007-05,OD-007,OD-007i,Swaying equipment,,Inventory,INV-OD-007-OD-007I,False,50,True,Outdoor Spaces,42
OPT-OD-007-06,OD-007,OD-007i,"Musical instrument equipment (e.g., percussion play)",,Inventory,INV-OD-007-OD-007I,False,60,True,Outdoor Spaces,43
OPT-OD-007-07,OD-007,OD-007i,Balancing and/or jumping equipment,,Inventory,INV-OD-007-OD-007I,False,70,True,Outdoor Spaces,44
OPT-OD-008-01,OD-008,OD-008i,Slides,,Inventory,INV-OD-008-OD-008I,False,10,True,Outdoor Spaces,46
OPT-OD-008-02,OD-008,OD-008i,Independent swings,,Inventory,INV-OD-008-OD-008I,False,20,True,Outdoor Spaces,47
OPT-OD-008-03,OD-008,OD-008i,Ropes and/or climbing structures,,Inventory,INV-OD-008-OD-008I,False,30,True,Outdoor Spaces,48
OPT-OD-008-04,OD-008,OD-008i,Spinning equipment,,Inventory,INV-OD-008-OD-008I,False,40,True,Outdoor Spaces,49
OPT-OD-008-05,OD-008,OD-008i,Swaying equipment,,Inventory,INV-OD-008-OD-008I,False,50,True,Outdoor Spaces,50
OPT-OD-008-06,OD-008,OD-008i,"Musical instrument equipment (e.g., percussion play)",,Inventory,INV-OD-008-OD-008I,False,60,True,Outdoor Spaces,51
OPT-OD-008-07,OD-008,OD-008i,Balancing and/or jumping equipment,,Inventory,INV-OD-008-OD-008I,False,70,True,Outdoor Spaces,52
OPT-OD-009-01,OD-009,OD-009a,Grassy hills or landforms,1,SingleResponse,SR-OD-009-OD-009A,False,10,True,Outdoor Spaces,54
OPT-OD-009-02,OD-009,OD-009b,Rock-climbing or boulder-play elements,1,SingleResponse,SR-OD-009-OD-009B,False,20,True,Outdoor Spaces,55
OPT-OD-009-03,OD-009,OD-009c,"Logs, stumps, or natural balancing elements",1,SingleResponse,SR-OD-009-OD-009C,False,30,True,Outdoor Spaces,56
OPT-OD-010-01,OD-010,OD-010a,Asphalt surface,1,SingleResponse,SR-OD-010-OD-010A,False,10,True,Outdoor Spaces,58
OPT-OD-010-02,OD-010,OD-010b,Poured-in-place rubber surface,1,SingleResponse,SR-OD-010-OD-010B,False,20,True,Outdoor Spaces,59
OPT-OD-010-03,OD-010,OD-010c,Shade elements,1,SingleResponse,SR-OD-010-OD-010C,False,30,True,Outdoor Spaces,60
OPT-OD-010-04,OD-010,OD-010d,Basketball hoops,1,SingleResponse,SR-OD-010-OD-010D,False,40,True,Outdoor Spaces,61
OPT-OD-010-05,OD-010,OD-010e,Funnel ball equipment,1,SingleResponse,SR-OD-010-OD-010E,False,50,True,Outdoor Spaces,62
OPT-OD-010-06,OD-010,OD-010f,Tetherball equipment,1,SingleResponse,SR-OD-010-OD-010F,False,60,True,Outdoor Spaces,63
OPT-OD-010-07,OD-010,OD-010g,Four-square courts or markings,1,SingleResponse,SR-OD-010-OD-010G,False,70,True,Outdoor Spaces,64
OPT-OD-010-08,OD-010,OD-010h,Other (please note),,SingleResponse,SR-OD-010-OD-010H,False,80,True,Outdoor Spaces,65
OPT-OD-011-01,OD-011,OD-011a,Artwork,,SingleResponse,SR-OD-011-OD-011A,False,10,True,Outdoor Spaces,67
OPT-OD-011-02,OD-011,OD-011b,Buddy bench,,SingleResponse,SR-OD-011-OD-011B,False,20,True,Outdoor Spaces,68
OPT-OD-011-03,OD-011,OD-011c,Educational signage,,SingleResponse,SR-OD-011-OD-011C,False,30,True,Outdoor Spaces,69
OPT-OD-011-04,OD-011,OD-011d,Flexible seating,,SingleResponse,SR-OD-011-OD-011D,False,40,True,Outdoor Spaces,70
OPT-OD-011-05,OD-011,OD-011e,Fixed seating,,SingleResponse,SR-OD-011-OD-011E,False,50,True,Outdoor Spaces,71
OPT-OD-011-06,OD-011,OD-011f,Shade trees,,SingleResponse,SR-OD-011-OD-011F,False,60,True,Outdoor Spaces,72
OPT-OD-011-07,OD-011,OD-011g,Storage / shed,,SingleResponse,SR-OD-011-OD-011G,False,70,True,Outdoor Spaces,73
OPT-OD-011-08,OD-011,OD-011h,Theming,,SingleResponse,SR-OD-011-OD-011H,False,80,True,Outdoor Spaces,74
OPT-OD-012-01,OD-012,OD-012a,Yes,1,SingleResponse,SR-OD-012-OD-012A,False,10,True,Outdoor Spaces,76
OPT-OD-012-02,OD-012,OD-012a,No,0,SingleResponse,SR-OD-012-OD-012A,False,20,True,Outdoor Spaces,77
OPT-OD-012-03,OD-012,OD-012a,Unable to assess (note reason),,SingleResponse,SR-OD-012-OD-012A,True,30,True,Outdoor Spaces,78
OPT-OD-013-01,OD-013,OD-013a,Natural grass lawn,1,Composite,CMP-OD-013-OD-013A,False,10,True,Outdoor Spaces,80
OPT-OD-013-02,OD-013,OD-013a,Synthetic turf surfacing,1,Composite,CMP-OD-013-OD-013A,False,20,True,Outdoor Spaces,81
OPT-OD-013-03,OD-013,OD-013b,Shade trees,1,SingleResponse,SR-OD-013-OD-013B,False,30,True,Outdoor Spaces,82
OPT-OD-013-04,OD-013,OD-013c,Exercise trail,1,SingleResponse,SR-OD-013-OD-013C,False,40,True,Outdoor Spaces,83
OPT-OD-013-05,OD-013,OD-013d,Flexible seating,1,Composite,CMP-OD-013-OD-013D,False,50,True,Outdoor Spaces,84
OPT-OD-013-06,OD-013,OD-013d,"Play structures (e.g., soccer goals)",1,Composite,CMP-OD-013-OD-013D,False,60,True,Outdoor Spaces,85
OPT-OD-014-01,OD-014,OD-014a,Early childhood playground area,1,SingleResponse,SR-OD-014-OD-014A,False,10,True,Outdoor Spaces,87
OPT-OD-014-02,OD-014,OD-014b,Elementary playground area,1,SingleResponse,SR-OD-014-OD-014B,False,20,True,Outdoor Spaces,88
OPT-OD-014-03,OD-014,OD-014c,Hard play area,1,SingleResponse,SR-OD-014-OD-014C,False,30,True,Outdoor Spaces,89
OPT-OD-015-01,OD-015,OD-015a,Yes,1,SingleResponse,SR-OD-015-OD-015A,False,10,True,Outdoor Spaces,91
OPT-OD-015-02,OD-015,OD-015a,No,,SingleResponse,SR-OD-015-OD-015A,False,20,True,Outdoor Spaces,92
OPT-OD-015-03,OD-015,OD-015a,Unable to assess (note reason),,SingleResponse,SR-OD-015-OD-015A,True,30,True,Outdoor Spaces,93
OPT-OD-016-01,OD-016,OD-016a,Yes,1,SingleResponse,SR-OD-016-OD-016A,False,10,True,Outdoor Spaces,95
OPT-OD-016-02,OD-016,OD-016b,No,0,SingleResponse,SR-OD-016-OD-016B,False,20,True,Outdoor Spaces,96
OPT-OD-016-03,OD-016,OD-016c,Unable to assess (note reason),,SingleResponse,SR-OD-016-OD-016C,True,30,True,Outdoor Spaces,97
OPT-OD-017-01,OD-017,OD-017a,Early childhood playground area,1,SingleResponse,SR-OD-017-OD-017A,False,10,True,Outdoor Spaces,99
OPT-OD-017-02,OD-017,OD-017b,Elementary playground area,1,SingleResponse,SR-OD-017-OD-017B,False,20,True,Outdoor Spaces,100
OPT-OD-017-03,OD-017,OD-017c,Hard play area,1,SingleResponse,SR-OD-017-OD-017C,False,30,True,Outdoor Spaces,101
OPT-OD-017-04,OD-017,OD-017d,Play field,1,SingleResponse,SR-OD-017-OD-017D,False,40,True,Outdoor Spaces,102
OPT-OD-018-01,OD-018,OD-018a,Hard play area,1,SingleResponse,SR-OD-018-OD-018A,False,10,True,Outdoor Spaces,104
OPT-OD-018-02,OD-018,OD-018b,Play field,1,SingleResponse,SR-OD-018-OD-018B,False,20,True,Outdoor Spaces,105
OPT-OD-019-01,OD-019,OD-019a,Yes,1,SingleResponse,SR-OD-019-OD-019A,False,10,True,Outdoor Spaces,107
OPT-OD-019-02,OD-019,OD-019a,No,,SingleResponse,SR-OD-019-OD-019A,False,20,True,Outdoor Spaces,108
OPT-OD-019-03,OD-019,OD-019a,Unable to assess (note reason),,SingleResponse,SR-OD-019-OD-019A,True,30,True,Outdoor Spaces,109
OPT-OD-020-01,OD-020,OD-020a,Good - directly adjacent to the gym,1,SingleResponse,SR-OD-020-OD-020A,False,10,True,Outdoor Spaces,111
OPT-OD-020-02,OD-020,OD-020a,Fair - within approx. 150 feet of the gym,0.5,SingleResponse,SR-OD-020-OD-020A,False,20,True,Outdoor Spaces,112
OPT-OD-020-03,OD-020,OD-020a,Poor - more than approx. 150 feet from the gym,0,SingleResponse,SR-OD-020-OD-020A,False,30,True,Outdoor Spaces,113
OPT-OD-020-04,OD-020,OD-020a,Unable to assess (note reason),,SingleResponse,SR-OD-020-OD-020A,True,40,True,Outdoor Spaces,114
OPT-OD-021-01,OD-021,OD-021a,Outdoor studio(s),1,SingleResponse,SR-OD-021-OD-021A,False,10,True,Outdoor Spaces,116
OPT-OD-021-02,OD-021,OD-021b,Nature trail,1,SingleResponse,SR-OD-021-OD-021B,False,20,True,Outdoor Spaces,117
OPT-OD-021-03,OD-021,OD-021i,Domestic animal habitat,,Inventory,INV-OD-021-OD-021I,False,30,True,Outdoor Spaces,118
OPT-OD-021-04,OD-021,OD-021shared1,Produce garden,1,Composite,CMP-OD-021-OD-021SHARED,False,40,True,Outdoor Spaces,119
OPT-OD-021-05,OD-021,OD-021shared1,Habitat garden,1,Composite,CMP-OD-021-OD-021SHARED,False,50,True,Outdoor Spaces,120
OPT-OD-021-06,OD-021,OD-021f,Green stormwater infrastructure,1,SingleResponse,SR-OD-021-OD-021F,False,60,True,Outdoor Spaces,121
OPT-OD-022-01,OD-022,OD-022a,Seating for at least 30 students (incl. seat walls),1,SingleResponse,SR-OD-022-OD-022A,False,10,True,Outdoor Spaces,123
OPT-OD-022-02,OD-022,OD-022b,Shade elements,1,SingleResponse,SR-OD-022-OD-022B,False,20,True,Outdoor Spaces,124
OPT-OD-022-03,OD-022,OD-022c,Writable surfaces,1,SingleResponse,SR-OD-022-OD-022C,False,30,True,Outdoor Spaces,125
OPT-OD-023-01,OD-023,OD-023a,Amphitheater or tiered gathering area,1,SingleResponse,SR-OD-023-OD-023A,False,10,True,Outdoor Spaces,127
OPT-OD-023-02,OD-023,OD-023b,Artwork,1,SingleResponse,SR-OD-023-OD-023B,False,20,True,Outdoor Spaces,128
OPT-OD-023-03,OD-023,OD-023c,Dry creek bed,1,SingleResponse,SR-OD-023-OD-023C,False,30,True,Outdoor Spaces,129
OPT-OD-023-04,OD-023,OD-023d,Educational signage,1,SingleResponse,SR-OD-023-OD-023D,False,40,True,Outdoor Spaces,130
OPT-OD-023-05,OD-023,OD-023e,Hardscape learning surface,1,SingleResponse,SR-OD-023-OD-023E,False,50,True,Outdoor Spaces,131
OPT-OD-023-06,OD-023,OD-023f,Learning pond or water feature,1,SingleResponse,SR-OD-023-OD-023F,False,60,True,Outdoor Spaces,132
OPT-OD-023-07,OD-023,OD-023g,Mulch planting beds,1,SingleResponse,SR-OD-023-OD-023G,False,70,True,Outdoor Spaces,133
OPT-OD-023-08,OD-023,OD-023h,Natural grass lawn,1,SingleResponse,SR-OD-023-OD-023H,False,80,True,Outdoor Spaces,134
OPT-OD-023-09,OD-023,OD-023j,Pollinator plantings,1,SingleResponse,SR-OD-023-OD-023J,False,90,True,Outdoor Spaces,135
OPT-OD-023-10,OD-023,OD-023k,Projection surface,1,SingleResponse,SR-OD-023-OD-023K,False,100,True,Outdoor Spaces,136
OPT-OD-023-11,OD-023,OD-023l,Sensory path,1,SingleResponse,SR-OD-023-OD-023L,False,110,True,Outdoor Spaces,137
OPT-OD-023-12,OD-023,OD-023m,Shade trees,1,SingleResponse,SR-OD-023-OD-023M,False,120,True,Outdoor Spaces,138
OPT-OD-023-13,OD-023,OD-023n,Storage / shed,1,SingleResponse,SR-OD-023-OD-023N,False,130,True,Outdoor Spaces,139
OPT-OD-023-14,OD-023,OD-023o,Synthetic turf surfacing,1,SingleResponse,SR-OD-023-OD-023O,False,140,True,Outdoor Spaces,140
OPT-OD-023-15,OD-023,OD-023p,Theming,1,SingleResponse,SR-OD-023-OD-023P,False,150,True,Outdoor Spaces,141
OPT-OD-023-16,OD-023,OD-023q,Worktables,1,SingleResponse,SR-OD-023-OD-023Q,False,160,True,Outdoor Spaces,142
OPT-OD-023-17,OD-023,OD-023r,Observation area,1,SingleResponse,SR-OD-023-OD-023R,False,170,True,Outdoor Spaces,143
OPT-OD-024-01,OD-024,OD-024a,Power outlets,1,SingleResponse,SR-OD-024-OD-024A,False,10,True,Outdoor Spaces,145
OPT-OD-024-02,OD-024,OD-024b,Wi-Fi access via a nearby wireless access point (WAP),1,SingleResponse,SR-OD-024-OD-024B,False,20,True,Outdoor Spaces,146
OPT-OD-025-01,OD-025,OD-025a,Composting bin,,SingleResponse,SR-OD-025-OD-025A,False,10,True,Outdoor Spaces,148
OPT-OD-025-02,OD-025,OD-025b,Storage / shed,,SingleResponse,SR-OD-025-OD-025B,False,20,True,Outdoor Spaces,149
OPT-OD-025-03,OD-025,OD-025c,Raised garden beds,,SingleResponse,SR-OD-025-OD-025C,False,30,True,Outdoor Spaces,150
OPT-OD-025-04,OD-025,OD-025d,Seating (flexible or fixed),,SingleResponse,SR-OD-025-OD-025D,False,40,True,Outdoor Spaces,151
OPT-OD-026-01,OD-026,OD-026a,Educational signage,1,SingleResponse,SR-OD-026-OD-026A,False,10,True,Outdoor Spaces,153
OPT-OD-026-02,OD-026,OD-026b,Garden path,1,SingleResponse,SR-OD-026-OD-026B,False,20,True,Outdoor Spaces,154
OPT-OD-026-03,OD-026,OD-026c,Greenhouse,1,SingleResponse,SR-OD-026-OD-026C,False,30,True,Outdoor Spaces,155
OPT-OD-026-04,OD-026,OD-026d,Hardscape (concrete or pavers),1,SingleResponse,SR-OD-026-OD-026D,False,40,True,Outdoor Spaces,156
OPT-OD-026-05,OD-026,OD-026e,Mulch planting beds,1,SingleResponse,SR-OD-026-OD-026E,False,50,True,Outdoor Spaces,157
OPT-OD-026-06,OD-026,OD-026f,Outdoor sinks,1,SingleResponse,SR-OD-026-OD-026F,False,60,True,Outdoor Spaces,158
OPT-OD-026-07,OD-026,OD-026g,Pollinator plantings,1,SingleResponse,SR-OD-026-OD-026G,False,70,True,Outdoor Spaces,159
OPT-OD-026-08,OD-026,OD-026h,Soft walking paths,1,SingleResponse,SR-OD-026-OD-026H,False,80,True,Outdoor Spaces,160
OPT-OD-026-09,OD-026,OD-026j,Worktables (potting tables),1,SingleResponse,SR-OD-026-OD-026J,False,90,True,Outdoor Spaces,161
OPT-OD-027-01,OD-027,OD-027a,Educational signage,1,SingleResponse,SR-OD-027-OD-027A,False,10,True,Outdoor Spaces,163
OPT-OD-027-02,OD-027,OD-027b,Fixed seating,1,SingleResponse,SR-OD-027-OD-027B,False,20,True,Outdoor Spaces,164
OPT-OD-027-03,OD-027,OD-027c,Pollinator plantings,1,SingleResponse,SR-OD-027-OD-027C,False,30,True,Outdoor Spaces,165
OPT-OD-027-04,OD-027,OD-027d,Wildlife habitat,1,SingleResponse,SR-OD-027-OD-027D,False,40,True,Outdoor Spaces,166
OPT-OD-028-01,OD-028,OD-028a,Flexible seating,1,SingleResponse,SR-OD-028-OD-028A,False,10,True,Outdoor Spaces,168
OPT-OD-028-02,OD-028,OD-028b,Hardscape,1,SingleResponse,SR-OD-028-OD-028B,False,20,True,Outdoor Spaces,169
OPT-OD-028-03,OD-028,OD-028c,Garden path,1,SingleResponse,SR-OD-028-OD-028C,False,30,True,Outdoor Spaces,170
OPT-OD-028-04,OD-028,OD-028d,Learning pond or water feature,1,SingleResponse,SR-OD-028-OD-028D,False,40,True,Outdoor Spaces,171
OPT-OD-028-05,OD-028,OD-028e,Mulch planting beds,1,SingleResponse,SR-OD-028-OD-028E,False,50,True,Outdoor Spaces,172
OPT-OD-028-06,OD-028,OD-028f,Sensory path,1,SingleResponse,SR-OD-028-OD-028F,False,60,True,Outdoor Spaces,173
OPT-OD-028-07,OD-028,OD-028g,Shade elements or understory trees,1,SingleResponse,SR-OD-028-OD-028G,False,70,True,Outdoor Spaces,174
OPT-OD-028-08,OD-028,OD-028h,Soft walking paths,1,SingleResponse,SR-OD-028-OD-028H,False,80,True,Outdoor Spaces,175
OPT-OD-028-09,OD-028,OD-028j,Worktables,1,SingleResponse,SR-OD-028-OD-028J,False,90,True,Outdoor Spaces,176
OPT-OD-029-01,OD-029,OD-029a,Livestock enclosure,1,SingleResponse,SR-OD-029-OD-029A,False,10,True,Outdoor Spaces,178
OPT-OD-029-02,OD-029,OD-029b,Shade elements,1,Composite,CMP-OD-029-OD-029B,False,20,True,Outdoor Spaces,179
OPT-OD-029-03,OD-029,OD-029b,Shade trees,1,Composite,CMP-OD-029-OD-029B,False,30,True,Outdoor Spaces,180
OPT-OD-029-04,OD-029,OD-029c,Storage / shed,1,SingleResponse,SR-OD-029-OD-029C,False,40,True,Outdoor Spaces,181
OPT-OD-030-01,OD-030,OD-030a,Educational signage,1,SingleResponse,SR-OD-030-OD-030A,False,10,True,Outdoor Spaces,183
OPT-OD-030-02,OD-030,OD-030b,Flexible seating,1,SingleResponse,SR-OD-030-OD-030B,False,20,True,Outdoor Spaces,184
OPT-OD-030-03,OD-030,OD-030c,Hardscape,1,SingleResponse,SR-OD-030-OD-030C,False,30,True,Outdoor Spaces,185
OPT-OD-030-04,OD-030,OD-030d,Outdoor sink,1,SingleResponse,SR-OD-030-OD-030D,False,40,True,Outdoor Spaces,186
OPT-OD-030-05,OD-030,OD-030e,Paddocks,1,SingleResponse,SR-OD-030-OD-030E,False,50,True,Outdoor Spaces,187
OPT-OD-030-06,OD-030,OD-030f,Pollinator plantings,1,SingleResponse,SR-OD-030-OD-030F,False,60,True,Outdoor Spaces,188
OPT-OD-030-07,OD-030,OD-030g,Soft walking paths,1,SingleResponse,SR-OD-030-OD-030G,False,70,True,Outdoor Spaces,189
OPT-OD-030-08,OD-030,OD-030h,Troughs,1,SingleResponse,SR-OD-030-OD-030H,False,80,True,Outdoor Spaces,190
OPT-OD-030-09,OD-030,OD-030j,Worktables,1,SingleResponse,SR-OD-030-OD-030J,False,90,True,Outdoor Spaces,191
OPT-OD-030-10,OD-030,OD-030k,Writable surfaces,1,SingleResponse,SR-OD-030-OD-030K,False,100,True,Outdoor Spaces,192
OPT-OD-031-01,OD-031,OD-031a,Yes,1,SingleResponse,SR-OD-031-OD-031A,False,10,True,Outdoor Spaces,194
OPT-OD-031-02,OD-031,OD-031a,No,0,SingleResponse,SR-OD-031-OD-031A,False,20,True,Outdoor Spaces,195
OPT-OD-031-03,OD-031,OD-031a,Unable to assess (note reason),,SingleResponse,SR-OD-031-OD-031A,True,30,True,Outdoor Spaces,196
OPT-OD-032-01,OD-032,OD-032a,Hardscape,1,Composite,CMP-OD-032-OD-032A,False,10,True,Outdoor Spaces,198
OPT-OD-032-02,OD-032,OD-032a,Soft walking path,1,Composite,CMP-OD-032-OD-032A,False,20,True,Outdoor Spaces,199
OPT-OD-032-03,OD-032,OD-032b,Shade trees,1,SingleResponse,SR-OD-032-OD-032B,False,30,True,Outdoor Spaces,200
OPT-OD-032-04,OD-032,OD-032c,Wildlife habitat,1,Composite,CMP-OD-032-OD-032C,False,40,True,Outdoor Spaces,201
OPT-OD-032-05,OD-032,OD-032c,Mulch planting beds,1,Composite,CMP-OD-032-OD-032C,False,50,True,Outdoor Spaces,202
OPT-OD-032-06,OD-032,OD-032c,Native plantings,1,Composite,CMP-OD-032-OD-032C,False,60,True,Outdoor Spaces,203
OPT-OD-033-01,OD-033,OD-033a,Dry creek bed,1,SingleResponse,SR-OD-033-OD-033A,False,10,True,Outdoor Spaces,205
OPT-OD-033-02,OD-033,OD-033b,Educational signage,1,SingleResponse,SR-OD-033-OD-033B,False,20,True,Outdoor Spaces,206
OPT-OD-033-03,OD-033,OD-033c,Fixed seating,1,SingleResponse,SR-OD-033-OD-033C,False,30,True,Outdoor Spaces,207
OPT-OD-033-04,OD-033,OD-033d,Nature-based play,1,SingleResponse,SR-OD-033-OD-033D,False,40,True,Outdoor Spaces,208
OPT-OD-033-05,OD-033,OD-033e,Pollinator plantings,1,SingleResponse,SR-OD-033-OD-033E,False,50,True,Outdoor Spaces,209
OPT-OD-033-06,OD-033,OD-033f,Observation area,1,SingleResponse,SR-OD-033-OD-033F,False,60,True,Outdoor Spaces,210
OPT-OD-033-07,OD-033,OD-033g,Sensory path,1,SingleResponse,SR-OD-033-OD-033G,False,70,True,Outdoor Spaces,211
OPT-OD-034-01,OD-034,OD-034i,Cisterns,,Inventory,INV-OD-034-OD-034I,False,10,True,Outdoor Spaces,213
OPT-OD-034-02,OD-034,OD-034b,Rain gardens,1,SingleResponse,SR-OD-034-OD-034B,False,20,True,Outdoor Spaces,214
OPT-OD-034-03,OD-034,OD-034c,Swales,1,SingleResponse,SR-OD-034-OD-034C,False,30,True,Outdoor Spaces,215
OPT-OD-034-04,OD-034,OD-034d,Berms,1,SingleResponse,SR-OD-034-OD-034D,False,40,True,Outdoor Spaces,216
OPT-OD-035-01,OD-035,OD-035a,Dry creek bed,1,SingleResponse,SR-OD-035-OD-035A,False,10,True,Outdoor Spaces,218
OPT-OD-035-02,OD-035,OD-035b,Educational signage,1,SingleResponse,SR-OD-035-OD-035B,False,20,True,Outdoor Spaces,219
OPT-OD-035-03,OD-035,OD-035c,Fixed seating,1,SingleResponse,SR-OD-035-OD-035C,False,30,True,Outdoor Spaces,220
OPT-OD-035-04,OD-035,OD-035d,Pollinator plantings,1,SingleResponse,SR-OD-035-OD-035D,False,40,True,Outdoor Spaces,221
OPT-OD-035-05,OD-035,OD-035e,Garden path,1,SingleResponse,SR-OD-035-OD-035E,False,50,True,Outdoor Spaces,222
OPT-OD-035-06,OD-035,OD-035f,Shade trees,1,SingleResponse,SR-OD-035-OD-035F,False,60,True,Outdoor Spaces,223
OPT-OD-035-07,OD-035,OD-035g,Understory trees,1,SingleResponse,SR-OD-035-OD-035G,False,70,True,Outdoor Spaces,224
OPT-OD-036-01,OD-036,OD-036a,Early childhood playground area,1,SingleResponse,SR-OD-036-OD-036A,False,10,True,Outdoor Spaces,226
OPT-OD-036-02,OD-036,OD-036b,Elementary playground area,1,SingleResponse,SR-OD-036-OD-036B,False,20,True,Outdoor Spaces,227
OPT-OD-036-03,OD-036,OD-036c,Hard play area,1,SingleResponse,SR-OD-036-OD-036C,False,30,True,Outdoor Spaces,228
OPT-OD-036-04,OD-036,OD-036d,Play field,1,SingleResponse,SR-OD-036-OD-036D,False,40,True,Outdoor Spaces,229
OPT-OD-036-05,OD-036,OD-036e,Outdoor studios,1,SingleResponse,SR-OD-036-OD-036E,False,50,True,Outdoor Spaces,230
OPT-OD-036-06,OD-036,OD-036f,Gardens,1,SingleResponse,SR-OD-036-OD-036F,False,60,True,Outdoor Spaces,231
OPT-OD-036-07,OD-036,OD-036g,Nature trail,1,SingleResponse,SR-OD-036-OD-036G,False,70,True,Outdoor Spaces,232
OPT-OD-036-08,OD-036,OD-036h,Domestic animal habitat,1,SingleResponse,SR-OD-036-OD-036H,False,80,True,Outdoor Spaces,233
OPT-OD-037-01,OD-037,OD-037a,Hard play area,1,SingleResponse,SR-OD-037-OD-037A,False,10,True,Outdoor Spaces,235
OPT-OD-037-02,OD-037,OD-037b,Play field,1,SingleResponse,SR-OD-037-OD-037B,False,20,True,Outdoor Spaces,236
OPT-OD-037-03,OD-037,OD-037c,Outdoor studios,1,SingleResponse,SR-OD-037-OD-037C,False,30,True,Outdoor Spaces,237
OPT-OD-037-04,OD-037,OD-037d,Gardens,1,SingleResponse,SR-OD-037-OD-037D,False,40,True,Outdoor Spaces,238
OPT-OD-037-05,OD-037,OD-037e,Nature trail,1,SingleResponse,SR-OD-037-OD-037E,False,50,True,Outdoor Spaces,239
OPT-OD-037-06,OD-037,OD-037f,Domestic animal habitat,1,SingleResponse,SR-OD-037-OD-037F,False,60,True,Outdoor Spaces,240
OPT-OD-038-01,OD-038,OD-038a,"Good - dedicated, conveniently located storage appears sufficient for current needs",1,SingleResponse,SR-OD-038-OD-038A,False,10,True,Outdoor Spaces,242
OPT-OD-038-02,OD-038,OD-038a,"Fair - storage is provided but appears undersized, inconvenient, or only partially sufficient",0.5,SingleResponse,SR-OD-038-OD-038A,False,20,True,Outdoor Spaces,243
OPT-OD-038-03,OD-038,OD-038a,Poor - no dedicated outdoor storage is visible,0,SingleResponse,SR-OD-038-OD-038A,False,30,True,Outdoor Spaces,244
OPT-OD-038-04,OD-038,OD-038a,Unable to assess (note reason),,SingleResponse,SR-OD-038-OD-038A,True,40,True,Outdoor Spaces,245
OPT-AD-001-01,AD-001,AD-001a,Yes,1,SingleResponse,SR-AD-001-AD-001A,False,10,True,Admin Offices,3
OPT-AD-001-02,AD-001,AD-001a,No,0,SingleResponse,SR-AD-001-AD-001A,False,20,True,Admin Offices,4
OPT-AD-001-03,AD-001,AD-001a,Unable to assess (note reason),,SingleResponse,SR-AD-001-AD-001A,True,30,True,Admin Offices,5
OPT-AD-002-01,AD-002,AD-002a,Primary light fixtures are dimmable,1,SingleResponse,SR-AD-002-AD-002A,False,10,True,Admin Offices,7
OPT-AD-002-02,AD-002,AD-002b,Primary light fixtures are LED,1,SingleResponse,SR-AD-002-AD-002B,False,20,True,Admin Offices,8
OPT-AD-003-01,AD-003,AD-003a,"Good - walls are painted in light colors that can enhance daylighting, and accent color is used to reduce monotony",1,SingleResponse,SR-AD-003-AD-003A,False,10,True,Admin Offices,10
OPT-AD-003-02,AD-003,AD-003a,"Fair - walls are painted in light colors that can enhance daylighting, but no accent color is used",0.5,SingleResponse,SR-AD-003-AD-003A,False,20,True,Admin Offices,11
OPT-AD-003-03,AD-003,AD-003a,Poor - walls are painted in dark or monotonous colors,0,SingleResponse,SR-AD-003-AD-003A,False,30,True,Admin Offices,12
OPT-AD-003-04,AD-003,AD-003a,Unable to assess (note reason),,SingleResponse,SR-AD-003-AD-003A,True,40,True,Admin Offices,13
OPT-AD-004-01,AD-004,AD-004a,Yes,1,SingleResponse,SR-AD-004-AD-004A,False,10,True,Admin Offices,15
OPT-AD-004-02,AD-004,AD-004a,No,0,SingleResponse,SR-AD-004-AD-004A,False,20,True,Admin Offices,16
OPT-AD-004-03,AD-004,AD-004a,Unable to assess (note reason),,SingleResponse,SR-AD-004-AD-004A,True,30,True,Admin Offices,17
OPT-AD-005-01,AD-005,AD-005b,"Access to views of the outdoors (e.g., not solely a view of an exterior wall)",1,SingleResponse,SR-AD-005-AD-005B,False,10,True,Admin Offices,19
OPT-AD-005-02,AD-005,AD-005i,Only clerestory windows are provided,,Inventory,INV-AD-005-AD-005I,False,20,True,Admin Offices,20
OPT-AD-006-01,AD-006,AD-006a,Roller shades are provided,1,SingleResponse,SR-AD-006-AD-006A,False,10,True,Admin Offices,22
OPT-AD-006-02,AD-006,AD-006a,Mini-blinds are provided,0,SingleResponse,SR-AD-006-AD-006A,False,20,True,Admin Offices,23
OPT-AD-006-03,AD-006,AD-006a,Other (please note),0,SingleResponse,SR-AD-006-AD-006A,False,30,True,Admin Offices,24
OPT-AD-006-04,AD-006,AD-006a,No window coverings are provided,0,SingleResponse,SR-AD-006-AD-006A,False,40,True,Admin Offices,25
OPT-AD-006-05,AD-006,AD-006a,Unable to assess (note reason),,SingleResponse,SR-AD-006-AD-006A,True,50,True,Admin Offices,26
OPT-AD-007-01,AD-007,AD-007i,0,,Inventory,INV-AD-007-AD-007I,False,10,True,Admin Offices,28
OPT-AD-007-02,AD-007,AD-007i,1,,Inventory,INV-AD-007-AD-007I,False,20,True,Admin Offices,29
OPT-AD-007-03,AD-007,AD-007i,2-3,,Inventory,INV-AD-007-AD-007I,False,30,True,Admin Offices,30
OPT-AD-007-04,AD-007,AD-007i,4+,,Inventory,INV-AD-007-AD-007I,False,40,True,Admin Offices,31
OPT-AD-008-01,AD-008,AD-008a,0,,SingleResponse,SR-AD-008-AD-008A,False,10,True,Admin Offices,33
OPT-AD-008-02,AD-008,AD-008a,1,0.5,SingleResponse,SR-AD-008-AD-008A,False,20,True,Admin Offices,34
OPT-AD-008-03,AD-008,AD-008a,2+,1,SingleResponse,SR-AD-008-AD-008A,False,30,True,Admin Offices,35
OPT-AD-009-01,AD-009,AD-009a,0,,SingleResponse,SR-AD-009-AD-009A,False,10,True,Admin Offices,37
OPT-AD-009-02,AD-009,AD-009a,1,0.5,SingleResponse,SR-AD-009-AD-009A,False,20,True,Admin Offices,38
OPT-AD-009-03,AD-009,AD-009a,2+,1,SingleResponse,SR-AD-009-AD-009A,False,30,True,Admin Offices,39
OPT-AD-010-01,AD-010,AD-010a,A thermostat is provided that has adjustable temperature controls,1,SingleResponse,SR-AD-010-AD-010A,False,10,True,Admin Offices,41
OPT-AD-010-02,AD-010,AD-010a,A thermostat is provided that does not have adjustable temperature controls,0.5,SingleResponse,SR-AD-010-AD-010A,False,20,True,Admin Offices,42
OPT-AD-010-03,AD-010,AD-010a,Only a temperature sensor is provided,0,SingleResponse,SR-AD-010-AD-010A,False,30,True,Admin Offices,43
OPT-AD-010-04,AD-010,AD-010a,No thermostat or sensor is present in the space,0,SingleResponse,SR-AD-010-AD-010A,False,40,True,Admin Offices,44
OPT-AD-011-01,AD-011,AD-011a,Yes,1,SingleResponse,SR-AD-011-AD-011A,False,10,True,Admin Offices,46
OPT-AD-011-02,AD-011,AD-011a,No,0,SingleResponse,SR-AD-011-AD-011A,False,20,True,Admin Offices,47
OPT-AD-011-03,AD-011,AD-011a,Unable to assess (note reason),,SingleResponse,SR-AD-011-AD-011A,True,30,True,Admin Offices,48
OPT-AD-012-01,AD-012,AD-012i,Interior window,,Inventory,INV-AD-012-AD-012I,False,10,True,Admin Offices,50
OPT-AD-012-02,AD-012,AD-012i,Sidelight,,Inventory,INV-AD-012-AD-012I,False,20,True,Admin Offices,51
OPT-AD-012-03,AD-012,AD-012i,"Door panel (i.e., glass panel in the door)",,Inventory,INV-AD-012-AD-012I,False,30,True,Admin Offices,52
OPT-AD-013-01,AD-013,AD-013a,Interior windows and doors with glass can be covered with a single movement,1,SingleResponse,SR-AD-013-AD-013A,False,10,True,Admin Offices,54
OPT-AD-013-02,AD-013,AD-013b,Exterior windows and doors with glass can be covered with a single movement,1,SingleResponse,SR-AD-013-AD-013B,False,20,True,Admin Offices,55
OPT-AD-013-03,AD-013,AD-013c,Interior door hardware is lockable from inside the space with a push button or thumb turn lock,1,SingleResponse,SR-AD-013-AD-013C,False,30,True,Admin Offices,56
OPT-AD-014-01,AD-014,AD-014i,Desk or workstation,,Inventory,INV-AD-014-AD-014I,False,10,True,Admin Offices,58
OPT-AD-014-02,AD-014,AD-014i,Task chair,,Inventory,INV-AD-014-AD-014I,False,20,True,Admin Offices,59
OPT-AD-014-03,AD-014,AD-014i,Guest seating,,Inventory,INV-AD-014-AD-014I,False,30,True,Admin Offices,60
OPT-AD-014-04,AD-014,AD-014i,Small meeting table,,Inventory,INV-AD-014-AD-014I,False,40,True,Admin Offices,61
OPT-AD-014-05,AD-014,AD-014i,Soft seating,,Inventory,INV-AD-014-AD-014I,False,50,True,Admin Offices,62
OPT-AD-014-06,AD-014,AD-014i,Lockable storage,,Inventory,INV-AD-014-AD-014I,False,60,True,Admin Offices,63
OPT-AD-014-07,AD-014,AD-014i,Tackboard,,Inventory,INV-AD-014-AD-014I,False,70,True,Admin Offices,64
OPT-AD-015-01,AD-015,AD-015a,Good - appears relatively new or has minimal wear,1,SingleResponse,SR-AD-015-AD-015A,False,10,True,Admin Offices,66
OPT-AD-015-02,AD-015,AD-015a,"Fair - some furniture is noticeably worn or aging, but all is functional",0.5,SingleResponse,SR-AD-015-AD-015A,False,20,True,Admin Offices,67
OPT-AD-015-03,AD-015,AD-015a,"Poor - some or all furniture is significantly worn, damaged, or not usable",0,SingleResponse,SR-AD-015-AD-015A,False,30,True,Admin Offices,68
OPT-AD-016-01,AD-016,AD-016i,"Resilient flooring (e.g., vinyl, rubber)",,Inventory,INV-AD-016-AD-016I,False,10,True,Admin Offices,70
OPT-AD-016-02,AD-016,AD-016i,Terrazzo,,Inventory,INV-AD-016-AD-016I,False,20,True,Admin Offices,71
OPT-AD-016-03,AD-016,AD-016i,Polished concrete,,Inventory,INV-AD-016-AD-016I,False,30,True,Admin Offices,72
OPT-AD-016-04,AD-016,AD-016i,"Carpet (i.e., not a loose rug)",,Inventory,INV-AD-016-AD-016I,False,40,True,Admin Offices,73
OPT-AD-016-05,AD-016,AD-016i,Other (please note),,Inventory,INV-AD-016-AD-016I,False,50,True,Admin Offices,74
OPT-AD-016-06,AD-016,AD-016i,Unable to assess (note reason),,Inventory,INV-AD-016-AD-016I,True,60,True,Admin Offices,75
OPT-AD-017-01,AD-017,AD-017i,Data outlet(s),,Inventory,INV-AD-017-AD-017I,False,10,True,Admin Offices,77
OPT-AD-017-02,AD-017,AD-017i,PA speaker,,Inventory,INV-AD-017-AD-017I,False,20,True,Admin Offices,78
OPT-AD-017-03,AD-017,AD-017i,Synchronous clock,,Inventory,INV-AD-017-AD-017I,False,30,True,Admin Offices,79
OPT-AD-018-01,AD-018,AD-018a,Collaboration space,1,SingleResponse,SR-AD-018-AD-018A,False,10,True,Admin Offices,81
OPT-AD-018-02,AD-018,AD-018b,Group room,1,SingleResponse,SR-AD-018-AD-018B,False,20,True,Admin Offices,82
OPT-AD-019-01,AD-019,AD-019a,Collaboration space,1,SingleResponse,SR-AD-019-AD-019A,False,10,True,Admin Offices,84
OPT-AD-019-02,AD-019,AD-019b,Group room,1,SingleResponse,SR-AD-019-AD-019B,False,20,True,Admin Offices,85
OPT-AD-020-01,AD-020,AD-020i,Yes,,Inventory,INV-AD-020-AD-020I,False,10,True,Admin Offices,87
OPT-AD-020-02,AD-020,AD-020i,No,,Inventory,INV-AD-020-AD-020I,False,20,True,Admin Offices,88
OPT-AD-021-01,AD-021,AD-021a,"A second door is provided to a separate space (e.g., corridor, conference room, exterior)",1,SingleResponse,SR-AD-021-AD-021A,False,10,True,Admin Offices,90
OPT-AD-021-02,AD-021,AD-021b,Wall-mounted presentation equipment is provided,1,SingleResponse,SR-AD-021-AD-021B,False,20,True,Admin Offices,91
OPT-CP-002-01,CP-002,CP-002a,The suite is accessible directly from the secure vestibule without requiring travel through the building,1,SingleResponse,SR-CP-002-CP-002A,False,10,True,Community Partners Suite,7
OPT-CP-002-02,CP-002,CP-002b,The suite can be locked when not in use,1,SingleResponse,SR-CP-002-CP-002B,False,20,True,Community Partners Suite,8
OPT-CP-002-03,CP-002,CP-002c,The suite can be used before and after school hours without providing access to the rest of the building,1,SingleResponse,SR-CP-002-CP-002C,False,30,True,Community Partners Suite,9
OPT-CP-003-01,CP-003,CP-003a,The suite entrance and a portion of the interior are visible from reception,1,SingleResponse,SR-CP-003-CP-003A,False,10,True,Community Partners Suite,11
OPT-CP-003-02,CP-003,CP-003a,The suite entrance is visible from reception,0.5,SingleResponse,SR-CP-003-CP-003A,False,20,True,Community Partners Suite,12
OPT-CP-003-03,CP-003,CP-003a,The suite is not visible from reception,,SingleResponse,SR-CP-003-CP-003A,False,30,True,Community Partners Suite,13
OPT-CP-003-04,CP-003,CP-003a,Unable to assess (note reason),,SingleResponse,SR-CP-003-CP-003A,True,40,True,Community Partners Suite,14
OPT-CP-004-01,CP-004,CP-004a,Admin office (intended for parent support specialist),1,SingleResponse,SR-CP-004-CP-004A,False,10,True,Community Partners Suite,16
OPT-CP-004-02,CP-004,CP-004b,Conference room,1,SingleResponse,SR-CP-004-CP-004B,False,20,True,Community Partners Suite,17
OPT-CP-004-03,CP-004,CP-004c,Community room,1,SingleResponse,SR-CP-004-CP-004C,False,30,True,Community Partners Suite,18
OPT-CP-004-04,CP-004,CP-004d,Professional learning center (PLC),1,SingleResponse,SR-CP-004-CP-004D,False,40,True,Community Partners Suite,19
OPT-CP-004-05,CP-004,CP-004e,"Small group room (i.e., capacity for 3-5 people)",1,SingleResponse,SR-CP-004-CP-004E,False,50,True,Community Partners Suite,20
OPT-CP-004-06,CP-004,CP-004f,Family restroom,1,SingleResponse,SR-CP-004-CP-004F,False,60,True,Community Partners Suite,21
OPT-CP-004-07,CP-004,CP-004g,Baby changing station inside family restroom,1,SingleResponse,SR-CP-004-CP-004G,False,70,True,Community Partners Suite,22
OPT-CP-005-01,CP-005,CP-005a,Admin office (intended for parent support specialist),1,SingleResponse,SR-CP-005-CP-005A,False,10,True,Community Partners Suite,24
OPT-CP-005-02,CP-005,CP-005b,Conference room,1,SingleResponse,SR-CP-005-CP-005B,False,20,True,Community Partners Suite,25
OPT-CP-005-03,CP-005,CP-005c,Community room,1,SingleResponse,SR-CP-005-CP-005C,False,30,True,Community Partners Suite,26
OPT-CP-005-04,CP-005,CP-005d,Professional learning center (PLC),1,SingleResponse,SR-CP-005-CP-005D,False,40,True,Community Partners Suite,27
OPT-CP-005-05,CP-005,CP-005e,Family restroom,1,SingleResponse,SR-CP-005-CP-005E,False,50,True,Community Partners Suite,28
OPT-CP-005-06,CP-005,CP-005f,Baby changing station inside family restroom,1,SingleResponse,SR-CP-005-CP-005F,False,60,True,Community Partners Suite,29
OPT-CP-006-01,CP-006,CP-006a,0,0,SingleResponse,SR-CP-006-CP-006A,False,10,True,Community Partners Suite,31
OPT-CP-006-02,CP-006,CP-006a,1,0.5,SingleResponse,SR-CP-006-CP-006A,False,20,True,Community Partners Suite,32
OPT-CP-006-03,CP-006,CP-006a,2+,1,SingleResponse,SR-CP-006-CP-006A,False,30,True,Community Partners Suite,33
OPT-CP-006-04,CP-006,CP-006a,Unable to assess (note reason),,SingleResponse,SR-CP-006-CP-006A,True,40,True,Community Partners Suite,34
OPT-CP-007-01,CP-007,CP-007a,0,,SingleResponse,SR-CP-007-CP-007A,False,10,True,Community Partners Suite,36
OPT-CP-007-02,CP-007,CP-007a,1,0.5,SingleResponse,SR-CP-007-CP-007A,False,20,True,Community Partners Suite,37
OPT-CP-007-03,CP-007,CP-007a,2+,1,SingleResponse,SR-CP-007-CP-007A,False,30,True,Community Partners Suite,38
OPT-CP-007-04,CP-007,CP-007a,Unable to assess (note reason),,SingleResponse,SR-CP-007-CP-007A,True,40,True,Community Partners Suite,39
OPT-CP-008-01,CP-008,CP-008i,Acoustic panel ceiling (ACT),,Inventory,INV-CP-008-CP-008I,False,10,True,Community Partners Suite,41
OPT-CP-008-02,CP-008,CP-008i,Acoustic wall panels,,Inventory,INV-CP-008-CP-008I,False,20,True,Community Partners Suite,42
OPT-CP-008-03,CP-008,CP-008i,"Floor coverings (e.g., rugs)",,Inventory,INV-CP-008-CP-008I,False,30,True,Community Partners Suite,43
OPT-CP-008-04,CP-008,CP-008i,Other (please note),,Inventory,INV-CP-008-CP-008I,False,40,True,Community Partners Suite,44
OPT-CP-008-05,CP-008,CP-008i,None,,Inventory,INV-CP-008-CP-008I,False,50,True,Community Partners Suite,45
OPT-CP-008-06,CP-008,CP-008i,Exposed structure,,Inventory,INV-CP-008-CP-008I,False,60,True,Community Partners Suite,46
OPT-CP-009-01,CP-009,CP-009a,Yes,1,SingleResponse,SR-CP-009-CP-009A,False,10,True,Community Partners Suite,48
OPT-CP-009-02,CP-009,CP-009a,No,0,SingleResponse,SR-CP-009-CP-009A,False,20,True,Community Partners Suite,49
OPT-CP-009-03,CP-009,CP-009a,Unable to assess (note reason),,SingleResponse,SR-CP-009-CP-009A,True,30,True,Community Partners Suite,50
OPT-CP-010-01,CP-010,CP-010a,"Access to views of the outdoors (e.g., not solely a view of an exterior wall)",1,SingleResponse,SR-CP-010-CP-010A,False,10,True,Community Partners Suite,52
OPT-CP-010-02,CP-010,CP-010i,Only clerestory windows are provided,,Inventory,INV-CP-010-CP-010I,False,20,True,Community Partners Suite,53
OPT-CP-011-01,CP-011,CP-011a,A thermostat is provided that has adjustable temperature controls,1,SingleResponse,SR-CP-011-CP-011A,False,10,True,Community Partners Suite,55
OPT-CP-011-02,CP-011,CP-011a,A thermostat is provided that does not have adjustable temperature controls,0.5,SingleResponse,SR-CP-011-CP-011A,False,20,True,Community Partners Suite,56
OPT-CP-011-03,CP-011,CP-011a,Only a temperature sensor is provided,,SingleResponse,SR-CP-011-CP-011A,False,30,True,Community Partners Suite,57
OPT-CP-011-04,CP-011,CP-011a,No thermostat or sensor is present in the space,,SingleResponse,SR-CP-011-CP-011A,False,40,True,Community Partners Suite,58
OPT-CP-012-01,CP-012,CP-012a,Furniture can be rearranged for a variety of uses and group sizes,1,SingleResponse,SR-CP-012-CP-012A,False,10,True,Community Partners Suite,60
OPT-CP-012-02,CP-012,CP-012b,Soft seating is provided,1,SingleResponse,SR-CP-012-CP-012B,False,20,True,Community Partners Suite,61
OPT-CP-012-03,CP-012,CP-012i,Tables and chairs for group meetings,,Inventory,INV-CP-012-CP-012I,False,30,True,Community Partners Suite,62
OPT-CP-012-04,CP-012,CP-012i,"Furniture that can be easily moved by a single person (e.g., casters, lightweight construction)",,Inventory,INV-CP-012-CP-012I,False,40,True,Community Partners Suite,63
OPT-CP-013-01,CP-013,CP-013a,Good - appears relatively new or has minimal wear,1,SingleResponse,SR-CP-013-CP-013A,False,10,True,Community Partners Suite,65
OPT-CP-013-02,CP-013,CP-013a,"Fair - some furniture is noticeably worn or aging, but all is functional",0.5,SingleResponse,SR-CP-013-CP-013A,False,20,True,Community Partners Suite,66
OPT-CP-013-03,CP-013,CP-013a,"Poor - some or all furniture is significantly worn, damaged, or not usable",,SingleResponse,SR-CP-013-CP-013A,False,30,True,Community Partners Suite,67
OPT-CP-014-01,CP-014,CP-014i,"Resilient flooring (e.g., vinyl, rubber)",,Inventory,INV-CP-014-CP-014I,False,10,True,Community Partners Suite,69
OPT-CP-014-02,CP-014,CP-014i,Terrazzo,,Inventory,INV-CP-014-CP-014I,False,20,True,Community Partners Suite,70
OPT-CP-014-03,CP-014,CP-014i,Polished concrete,,Inventory,INV-CP-014-CP-014I,False,30,True,Community Partners Suite,71
OPT-CP-014-04,CP-014,CP-014i,"Carpet (i.e., not a loose rug)",,Inventory,INV-CP-014-CP-014I,False,40,True,Community Partners Suite,72
OPT-CP-014-05,CP-014,CP-014i,Other (please note),,Inventory,INV-CP-014-CP-014I,False,50,True,Community Partners Suite,73
OPT-CP-014-06,CP-014,CP-014i,Unable to assess (note reason),,Inventory,INV-CP-014-CP-014I,True,60,True,Community Partners Suite,74
OPT-CP-015-01,CP-015,CP-015i,Water cooler,,Inventory,INV-CP-015-CP-015I,False,10,True,Community Partners Suite,76
OPT-CP-015-02,CP-015,CP-015i,Bottle filler,,Inventory,INV-CP-015-CP-015I,False,20,True,Community Partners Suite,77
OPT-CP-015-03,CP-015,CP-015i,PA speaker,,Inventory,INV-CP-015-CP-015I,False,30,True,Community Partners Suite,78
OPT-CP-015-04,CP-015,CP-015i,Synchronous clock,,Inventory,INV-CP-015-CP-015I,False,40,True,Community Partners Suite,79
OPT-MW-002-01,MW-002,MW-002a,Yes,1,SingleResponse,SR-MW-002-MW-002A,False,10,True,MW and Counseling Suite,7
OPT-MW-002-02,MW-002,MW-002a,No,,SingleResponse,SR-MW-002-MW-002A,False,20,True,MW and Counseling Suite,8
OPT-MW-002-03,MW-002,MW-002a,Unable to assess (note reason),,SingleResponse,SR-MW-002-MW-002A,True,30,True,MW and Counseling Suite,9
OPT-MW-003-01,MW-003,MW-003a,Professional School Counselor office,1,SingleResponse,SR-MW-003-MW-003A,False,10,True,MW and Counseling Suite,11
OPT-MW-003-02,MW-003,MW-003b,Core counseling,1,SingleResponse,SR-MW-003-MW-003B,False,20,True,MW and Counseling Suite,12
OPT-MW-003-03,MW-003,MW-003c,"Wellness room (i.e., brain lab)",1,SingleResponse,SR-MW-003-MW-003C,False,30,True,MW and Counseling Suite,13
OPT-MW-003-04,MW-003,MW-003d,School mental health center,1,SingleResponse,SR-MW-003-MW-003D,False,40,True,MW and Counseling Suite,14
OPT-MW-003-05,MW-003,MW-003e,Extended school counseling space,1,SingleResponse,SR-MW-003-MW-003E,False,50,True,MW and Counseling Suite,15
OPT-MW-003-06,MW-003,MW-003i,Operable partition,,Inventory,INV-MW-003-MW-003I,False,60,True,MW and Counseling Suite,16
OPT-MW-004-01,MW-004,MW-004a,Professional School Counselor offices,1,SingleResponse,SR-MW-004-MW-004A,False,10,True,MW and Counseling Suite,18
OPT-MW-004-02,MW-004,MW-004b,Reception / registrar,1,SingleResponse,SR-MW-004-MW-004B,False,20,True,MW and Counseling Suite,19
OPT-MW-004-03,MW-004,MW-004c,Conference room,1,SingleResponse,SR-MW-004-MW-004C,False,30,True,MW and Counseling Suite,20
OPT-MW-004-04,MW-004,MW-004d,Storage (records),1,SingleResponse,SR-MW-004-MW-004D,False,40,True,MW and Counseling Suite,21
OPT-MW-004-05,MW-004,MW-004e,"Wellness room (i.e., brain lab)",1,SingleResponse,SR-MW-004-MW-004E,False,50,True,MW and Counseling Suite,22
OPT-MW-004-06,MW-004,MW-004f,School mental health center,1,SingleResponse,SR-MW-004-MW-004F,False,60,True,MW and Counseling Suite,23
OPT-MW-004-07,MW-004,MW-004g,Extended school counseling space,1,SingleResponse,SR-MW-004-MW-004G,False,70,True,MW and Counseling Suite,24
OPT-MW-004-08,MW-004,MW-004h,Extended school counselor office,1,SingleResponse,SR-MW-004-MW-004H,False,80,True,MW and Counseling Suite,25
OPT-MW-004-09,MW-004,MW-004j,Small group room,1,SingleResponse,SR-MW-004-MW-004J,False,90,True,MW and Counseling Suite,26
OPT-MW-005-01,MW-005,MW-005a,Professional School Counselor offices,1,SingleResponse,SR-MW-005-MW-005A,False,10,True,MW and Counseling Suite,28
OPT-MW-005-02,MW-005,MW-005b,Reception / registrar,1,SingleResponse,SR-MW-005-MW-005B,False,20,True,MW and Counseling Suite,29
OPT-MW-005-03,MW-005,MW-005c,Conference room,1,SingleResponse,SR-MW-005-MW-005C,False,30,True,MW and Counseling Suite,30
OPT-MW-005-04,MW-005,MW-005d,Storage (records),1,SingleResponse,SR-MW-005-MW-005D,False,40,True,MW and Counseling Suite,31
OPT-MW-005-05,MW-005,MW-005e,"Wellness room (i.e., brain lab)",1,SingleResponse,SR-MW-005-MW-005E,False,50,True,MW and Counseling Suite,32
OPT-MW-005-06,MW-005,MW-005f,School mental health center,1,SingleResponse,SR-MW-005-MW-005F,False,60,True,MW and Counseling Suite,33
OPT-MW-005-07,MW-005,MW-005g,Extended school counseling space,1,SingleResponse,SR-MW-005-MW-005G,False,70,True,MW and Counseling Suite,34
OPT-MW-005-08,MW-005,MW-005h,Extended school counselor office,1,SingleResponse,SR-MW-005-MW-005H,False,80,True,MW and Counseling Suite,35
OPT-MW-005-09,MW-005,MW-005j,Small group room,1,SingleResponse,SR-MW-005-MW-005J,False,90,True,MW and Counseling Suite,36
OPT-MW-005-10,MW-005,MW-005k,College/career center,1,SingleResponse,SR-MW-005-MW-005K,False,100,True,MW and Counseling Suite,37
OPT-MW-006-01,MW-006,MW-006a,0,,SingleResponse,SR-MW-006-MW-006A,False,10,True,MW and Counseling Suite,39
OPT-MW-006-02,MW-006,MW-006a,1,1,SingleResponse,SR-MW-006-MW-006A,False,20,True,MW and Counseling Suite,40
OPT-MW-006-03,MW-006,MW-006a,2+,1,SingleResponse,SR-MW-006-MW-006A,False,30,True,MW and Counseling Suite,41
OPT-MW-006-04,MW-006,MW-006a,Unable to assess (note reason),,SingleResponse,SR-MW-006-MW-006A,True,40,True,MW and Counseling Suite,42
OPT-MW-007-01,MW-007,MW-007a,0,,SingleResponse,SR-MW-007-MW-007A,False,10,True,MW and Counseling Suite,44
OPT-MW-007-02,MW-007,MW-007a,1,0.33,SingleResponse,SR-MW-007-MW-007A,False,20,True,MW and Counseling Suite,45
OPT-MW-007-03,MW-007,MW-007a,2,0.66,SingleResponse,SR-MW-007-MW-007A,False,30,True,MW and Counseling Suite,46
OPT-MW-007-04,MW-007,MW-007a,3+,1,SingleResponse,SR-MW-007-MW-007A,False,40,True,MW and Counseling Suite,47
OPT-MW-007-05,MW-007,MW-007a,Unable to assess (note reason),,SingleResponse,SR-MW-007-MW-007A,True,50,True,MW and Counseling Suite,48
OPT-MW-008-01,MW-008,MW-008a,Yes,1,SingleResponse,SR-MW-008-MW-008A,False,10,True,MW and Counseling Suite,50
OPT-MW-008-02,MW-008,MW-008a,No,,SingleResponse,SR-MW-008-MW-008A,False,20,True,MW and Counseling Suite,51
OPT-MW-008-03,MW-008,MW-008a,Unable to assess (note reason),,SingleResponse,SR-MW-008-MW-008A,True,30,True,MW and Counseling Suite,52
OPT-MW-009-01,MW-009,MW-009a,Counselor offices,1,SingleResponse,SR-MW-009-MW-009A,False,10,True,MW and Counseling Suite,54
OPT-MW-009-02,MW-009,MW-009b,Core counseling,1,SingleResponse,SR-MW-009-MW-009B,False,20,True,MW and Counseling Suite,55
OPT-MW-009-03,MW-009,MW-009c,Wellness room,1,SingleResponse,SR-MW-009-MW-009C,False,30,True,MW and Counseling Suite,56
OPT-MW-010-01,MW-010,MW-010a,Counselor offices,1,SingleResponse,SR-MW-010-MW-010A,False,10,True,MW and Counseling Suite,58
OPT-MW-010-02,MW-010,MW-010b,Conference room,1,SingleResponse,SR-MW-010-MW-010B,False,20,True,MW and Counseling Suite,59
OPT-MW-010-03,MW-010,MW-010c,Small group rooms,1,SingleResponse,SR-MW-010-MW-010C,False,30,True,MW and Counseling Suite,60
OPT-MW-010-04,MW-010,MW-010d,Wellness room,1,SingleResponse,SR-MW-010-MW-010D,False,40,True,MW and Counseling Suite,61
OPT-MW-011-01,MW-011,MW-011a,Professional School Counselor office,1,SingleResponse,SR-MW-011-MW-011A,False,10,True,MW and Counseling Suite,63
OPT-MW-011-02,MW-011,MW-011b,Core counseling,1,SingleResponse,SR-MW-011-MW-011B,False,20,True,MW and Counseling Suite,64
OPT-MW-011-03,MW-011,MW-011c,Wellness room,1,SingleResponse,SR-MW-011-MW-011C,False,30,True,MW and Counseling Suite,65
OPT-MW-011-04,MW-011,MW-011d,School mental health center,1,SingleResponse,SR-MW-011-MW-011D,False,40,True,MW and Counseling Suite,66
OPT-MW-011-05,MW-011,MW-011e,Extended school counseling space,1,SingleResponse,SR-MW-011-MW-011E,False,50,True,MW and Counseling Suite,67
OPT-MW-011-06,MW-011,MW-011f,Primary light fixtures throughout the suite are LED,1,SingleResponse,SR-MW-011-MW-011F,False,60,True,MW and Counseling Suite,68
OPT-MW-012-01,MW-012,MW-012a,Professional School Counselor offices,1,SingleResponse,SR-MW-012-MW-012A,False,10,True,MW and Counseling Suite,70
OPT-MW-012-02,MW-012,MW-012c,Conference room,1,SingleResponse,SR-MW-012-MW-012C,False,20,True,MW and Counseling Suite,71
OPT-MW-012-03,MW-012,MW-012d,Wellness room,1,SingleResponse,SR-MW-012-MW-012D,False,30,True,MW and Counseling Suite,72
OPT-MW-012-04,MW-012,MW-012e,School mental health center,1,SingleResponse,SR-MW-012-MW-012E,False,40,True,MW and Counseling Suite,73
OPT-MW-012-05,MW-012,MW-012f,Extended school counseling space,1,SingleResponse,SR-MW-012-MW-012F,False,50,True,MW and Counseling Suite,74
OPT-MW-012-06,MW-012,MW-012g,Extended school counselor office,1,SingleResponse,SR-MW-012-MW-012G,False,60,True,MW and Counseling Suite,75
OPT-MW-012-07,MW-012,MW-012h,Small group room,1,SingleResponse,SR-MW-012-MW-012H,False,70,True,MW and Counseling Suite,76
OPT-MW-012-08,MW-012,MW-012j,Primary light fixtures throughout the suite are LED,1,SingleResponse,SR-MW-012-MW-012J,False,80,True,MW and Counseling Suite,77
OPT-MW-013-01,MW-013,MW-013a,Professional School Counselor offices,1,SingleResponse,SR-MW-013-MW-013A,False,10,True,MW and Counseling Suite,79
OPT-MW-013-02,MW-013,MW-013c,Conference room,1,SingleResponse,SR-MW-013-MW-013C,False,20,True,MW and Counseling Suite,80
OPT-MW-013-03,MW-013,MW-013d,Wellness room,1,SingleResponse,SR-MW-013-MW-013D,False,30,True,MW and Counseling Suite,81
OPT-MW-013-04,MW-013,MW-013e,School mental health center,1,SingleResponse,SR-MW-013-MW-013E,False,40,True,MW and Counseling Suite,82
OPT-MW-013-05,MW-013,MW-013f,Extended school counseling space,1,SingleResponse,SR-MW-013-MW-013F,False,50,True,MW and Counseling Suite,83
OPT-MW-013-06,MW-013,MW-013g,Extended school counselor office,1,SingleResponse,SR-MW-013-MW-013G,False,60,True,MW and Counseling Suite,84
OPT-MW-013-07,MW-013,MW-013h,Small group room,1,SingleResponse,SR-MW-013-MW-013H,False,70,True,MW and Counseling Suite,85
OPT-MW-013-08,MW-013,MW-013j,College/career center,1,SingleResponse,SR-MW-013-MW-013J,False,80,True,MW and Counseling Suite,86
OPT-MW-013-09,MW-013,MW-013k,Primary light fixtures throughout the suite are LED,1,SingleResponse,SR-MW-013-MW-013K,False,90,True,MW and Counseling Suite,87
OPT-MW-014-01,MW-014,MW-014a,Lockable file storage and personal storage are provided at each staff workstation,1,SingleResponse,SR-MW-014-MW-014A,False,10,True,MW and Counseling Suite,89
OPT-MW-014-02,MW-014,MW-014a,"Some lockable storage is provided, but quantity or access is limited",0.5,SingleResponse,SR-MW-014-MW-014A,False,20,True,MW and Counseling Suite,90
OPT-MW-014-03,MW-014,MW-014a,No lockable storage is provided,,SingleResponse,SR-MW-014-MW-014A,False,30,True,MW and Counseling Suite,91
OPT-MW-014-04,MW-014,MW-014a,Unable to assess (note reason),,SingleResponse,SR-MW-014-MW-014A,True,40,True,MW and Counseling Suite,92
OPT-MW-015-01,MW-015,MW-015a,A thermostat is provided that has adjustable temperature controls,1,SingleResponse,SR-MW-015-MW-015A,False,10,True,MW and Counseling Suite,94
OPT-MW-015-02,MW-015,MW-015a,A thermostat is provided that does not have adjustable temperature controls,0.5,SingleResponse,SR-MW-015-MW-015A,False,20,True,MW and Counseling Suite,95
OPT-MW-015-03,MW-015,MW-015a,Only a temperature sensor is provided,,SingleResponse,SR-MW-015-MW-015A,False,30,True,MW and Counseling Suite,96
OPT-MW-015-04,MW-015,MW-015a,No thermostat or sensor is present in the suite,,SingleResponse,SR-MW-015-MW-015A,False,40,True,MW and Counseling Suite,97
OPT-MW-016-01,MW-016,MW-016a,Soft or comfortable seating is provided in student-use spaces,1,SingleResponse,SR-MW-016-MW-016A,False,10,True,MW and Counseling Suite,99
OPT-MW-016-02,MW-016,MW-016b,Furniture can be rearranged to support different group sizes,1,SingleResponse,SR-MW-016-MW-016B,False,20,True,MW and Counseling Suite,100
OPT-MW-016-03,MW-016,MW-016i,"Furniture that can be easily moved by a single person (e.g., casters, lightweight construction)",,Inventory,INV-MW-016-MW-016I,False,30,True,MW and Counseling Suite,101
OPT-MW-016-04,MW-016,MW-016i,Tables and chairs for small groups,,Inventory,INV-MW-016-MW-016I,False,40,True,MW and Counseling Suite,102
OPT-MW-017-01,MW-017,MW-017a,Good - appears relatively new or has minimal wear,1,SingleResponse,SR-MW-017-MW-017A,False,10,True,MW and Counseling Suite,104
OPT-MW-017-02,MW-017,MW-017a,"Fair - some furniture is noticeably worn or aging, but all is functional",0.5,SingleResponse,SR-MW-017-MW-017A,False,20,True,MW and Counseling Suite,105
OPT-MW-017-03,MW-017,MW-017a,"Poor - some or all furniture is significantly worn, damaged, or not usable",,SingleResponse,SR-MW-017-MW-017A,False,30,True,MW and Counseling Suite,106
OPT-MW-018-01,MW-018,MW-018i,"Resilient flooring (e.g., vinyl, rubber)",,Inventory,INV-MW-018-MW-018I,False,10,True,MW and Counseling Suite,108
OPT-MW-018-02,MW-018,MW-018i,Terrazzo,,Inventory,INV-MW-018-MW-018I,False,20,True,MW and Counseling Suite,109
OPT-MW-018-03,MW-018,MW-018i,Polished concrete,,Inventory,INV-MW-018-MW-018I,False,30,True,MW and Counseling Suite,110
OPT-MW-018-04,MW-018,MW-018i,"Carpet (i.e., not a loose rug)",,Inventory,INV-MW-018-MW-018I,False,40,True,MW and Counseling Suite,111
OPT-MW-018-05,MW-018,MW-018i,Unable to assess (note reason),,Inventory,INV-MW-018-MW-018I,True,50,True,MW and Counseling Suite,112
OPT-PL-001-01,PL-001,PL-001a,Yes,1,SingleResponse,SR-PL-001-PL-001A,False,10,True,PLCs,3
OPT-PL-001-02,PL-001,PL-001a,No,0,SingleResponse,SR-PL-001-PL-001A,False,20,True,PLCs,4
OPT-PL-001-03,PL-001,PL-001a,Unable to assess (note reason),,SingleResponse,SR-PL-001-PL-001A,True,30,True,PLCs,5
OPT-PL-002-01,PL-002,PL-002a,Primary light fixtures are dimmable,1,SingleResponse,SR-PL-002-PL-002A,False,10,True,PLCs,7
OPT-PL-002-02,PL-002,PL-002b,Primary light fixtures are LED,1,SingleResponse,SR-PL-002-PL-002B,False,20,True,PLCs,8
OPT-PL-003-01,PL-003,PL-003a,"Good - walls are painted in light colors that can enhance daylighting, and accent color is used to reduce monotony",1,SingleResponse,SR-PL-003-PL-003A,False,10,True,PLCs,10
OPT-PL-003-02,PL-003,PL-003a,"Fair - walls are painted in light colors that can enhance daylighting, but no accent color is used",0.5,SingleResponse,SR-PL-003-PL-003A,False,20,True,PLCs,11
OPT-PL-003-03,PL-003,PL-003a,Poor - walls are painted in dark or monotonous colors,0,SingleResponse,SR-PL-003-PL-003A,False,30,True,PLCs,12
OPT-PL-003-04,PL-003,PL-003a,Unable to assess (note reason),,SingleResponse,SR-PL-003-PL-003A,True,40,True,PLCs,13
OPT-PL-004-01,PL-004,PL-004a,"Within the PLC (i.e., a dedicated room inside the PLC footprint)",1,SingleResponse,SR-PL-004-PL-004A,False,10,True,PLCs,15
OPT-PL-004-02,PL-004,PL-004a,"Directly adjacent to the PLC (i.e., a separate room with direct access)",1,SingleResponse,SR-PL-004-PL-004A,False,20,True,PLCs,16
OPT-PL-004-03,PL-004,PL-004a,Not provided,0,SingleResponse,SR-PL-004-PL-004A,False,30,True,PLCs,17
OPT-PL-004-04,PL-004,PL-004a,Unable to assess (note reason),,SingleResponse,SR-PL-004-PL-004A,True,40,True,PLCs,18
OPT-PL-005-01,PL-005,PL-005a,Yes,1,SingleResponse,SR-PL-005-PL-005A,False,10,True,PLCs,20
OPT-PL-005-02,PL-005,PL-005a,No,0,SingleResponse,SR-PL-005-PL-005A,False,20,True,PLCs,21
OPT-PL-005-03,PL-005,PL-005a,Unable to assess (note reason),,SingleResponse,SR-PL-005-PL-005A,True,30,True,PLCs,22
OPT-PL-006-01,PL-006,PL-006a,"Access to views of the outdoors (e.g., not solely a view of an exterior wall)",1,SingleResponse,SR-PL-006-PL-006A,False,10,True,PLCs,24
OPT-PL-006-02,PL-006,PL-006i,Only clerestory windows are provided,,Inventory,INV-PL-006-PL-006I,False,20,True,PLCs,25
OPT-PL-007-01,PL-007,PL-007a,1,0,SingleResponse,SR-PL-007-PL-007A,False,10,True,PLCs,27
OPT-PL-007-02,PL-007,PL-007a,2,0.5,SingleResponse,SR-PL-007-PL-007A,False,20,True,PLCs,28
OPT-PL-007-03,PL-007,PL-007a,3+,1,SingleResponse,SR-PL-007-PL-007A,False,30,True,PLCs,29
OPT-PL-008-01,PL-008,PL-008a,Roller shades are provided,1,SingleResponse,SR-PL-008-PL-008A,False,10,True,PLCs,31
OPT-PL-008-02,PL-008,PL-008a,Mini-blinds are provided,,SingleResponse,SR-PL-008-PL-008A,False,20,True,PLCs,32
OPT-PL-008-03,PL-008,PL-008a,Other (please note),0,SingleResponse,SR-PL-008-PL-008A,False,30,True,PLCs,33
OPT-PL-008-04,PL-008,PL-008a,No window coverings are provided,0,SingleResponse,SR-PL-008-PL-008A,False,40,True,PLCs,34
OPT-PL-008-05,PL-008,PL-008a,Unable to assess (note reason),,SingleResponse,SR-PL-008-PL-008A,True,50,True,PLCs,35
OPT-PL-009-01,PL-009,PL-009i,Built-in casework is provided,,Inventory,INV-PL-009-PL-009I,False,10,True,PLCs,37
OPT-PL-009-02,PL-009,PL-009i,Counter space is provided,,Inventory,INV-PL-009-PL-009I,False,20,True,PLCs,38
OPT-PL-009-03,PL-009,PL-009i,Ensuite storage closet is provided,,Inventory,INV-PL-009-PL-009I,False,30,True,PLCs,39
OPT-PL-009-04,PL-009,PL-009i,"Furniture-based storage is provided (i.e., shelving or cabinets)",,Inventory,INV-PL-009-PL-009I,False,40,True,PLCs,40
OPT-PL-009-05,PL-009,PL-009i,Storage for teaching tools and mobile carts is provided,,Inventory,INV-PL-009-PL-009I,False,50,True,PLCs,41
OPT-PL-010-01,PL-010,PL-010a,"Lockable personal storage is provided for four or more individual users (i.e., PLC lockers)",1,SingleResponse,SR-PL-010-PL-010A,False,10,True,PLCs,43
OPT-PL-010-02,PL-010,PL-010a,Lockable personal storage is provided for fewer than four individual users,0.5,SingleResponse,SR-PL-010-PL-010A,False,20,True,PLCs,44
OPT-PL-010-03,PL-010,PL-010a,No lockable personal storage is provided,0,SingleResponse,SR-PL-010-PL-010A,False,30,True,PLCs,45
OPT-PL-010-04,PL-010,PL-010a,Unable to assess (note reason),,SingleResponse,SR-PL-010-PL-010A,True,40,True,PLCs,46
OPT-PL-011-01,PL-011,PL-011a,Good - storage appears sufficient; the space is organized with little visible clutter,1,SingleResponse,SR-PL-011-PL-011A,False,10,True,PLCs,48
OPT-PL-011-02,PL-011,PL-011a,Fair - storage appears mostly sufficient; some clutter or overflow is visible,0.5,SingleResponse,SR-PL-011-PL-011A,False,20,True,PLCs,49
OPT-PL-011-03,PL-011,PL-011a,Poor - storage appears insufficient; significant clutter or materials without a home,0,SingleResponse,SR-PL-011-PL-011A,False,30,True,PLCs,50
OPT-PL-011-04,PL-011,PL-011a,Unable to assess (note reason),,SingleResponse,SR-PL-011-PL-011A,True,40,True,PLCs,51
OPT-PL-012-01,PL-012,PL-012a,None,0,SingleResponse,SR-PL-012-PL-012A,False,10,True,PLCs,53
OPT-PL-012-02,PL-012,PL-012a,<4 linear feet,0.25,SingleResponse,SR-PL-012-PL-012A,False,20,True,PLCs,54
OPT-PL-012-03,PL-012,PL-012a,4 to <6 linear feet,0.375,SingleResponse,SR-PL-012-PL-012A,False,30,True,PLCs,55
OPT-PL-012-04,PL-012,PL-012a,6 to <8 linear feet,0.5,SingleResponse,SR-PL-012-PL-012A,False,40,True,PLCs,56
OPT-PL-012-05,PL-012,PL-012a,8 linear feet or more,1,SingleResponse,SR-PL-012-PL-012A,False,50,True,PLCs,57
OPT-PL-012-06,PL-012,PL-012a,Unable to assess (note reason),,SingleResponse,SR-PL-012-PL-012A,True,60,True,PLCs,58
OPT-PL-013-01,PL-013,PL-013a,None,0,SingleResponse,SR-PL-013-PL-013A,False,10,True,PLCs,60
OPT-PL-013-02,PL-013,PL-013a,<4 linear feet,0.25,SingleResponse,SR-PL-013-PL-013A,False,20,True,PLCs,61
OPT-PL-013-03,PL-013,PL-013a,4 to <6 linear feet,0.375,SingleResponse,SR-PL-013-PL-013A,False,30,True,PLCs,62
OPT-PL-013-04,PL-013,PL-013a,6 to <8 linear feet,0.5,SingleResponse,SR-PL-013-PL-013A,False,40,True,PLCs,63
OPT-PL-013-05,PL-013,PL-013a,8 linear feet or more,1,SingleResponse,SR-PL-013-PL-013A,False,50,True,PLCs,64
OPT-PL-013-06,PL-013,PL-013a,Unable to assess (note reason),,SingleResponse,SR-PL-013-PL-013A,True,60,True,PLCs,65
OPT-PL-014-01,PL-014,PL-014a,0,0,SingleResponse,SR-PL-014-PL-014A,False,10,True,PLCs,67
OPT-PL-014-02,PL-014,PL-014a,1-2,0.25,SingleResponse,SR-PL-014-PL-014A,False,20,True,PLCs,68
OPT-PL-014-03,PL-014,PL-014a,3-4,0.5,SingleResponse,SR-PL-014-PL-014A,False,30,True,PLCs,69
OPT-PL-014-04,PL-014,PL-014a,5-7,0.75,SingleResponse,SR-PL-014-PL-014A,False,40,True,PLCs,70
OPT-PL-014-05,PL-014,PL-014a,8+,1,SingleResponse,SR-PL-014-PL-014A,False,50,True,PLCs,71
OPT-PL-015-01,PL-015,PL-015a,0,0,SingleResponse,SR-PL-015-PL-015A,False,10,True,PLCs,73
OPT-PL-015-02,PL-015,PL-015a,1,0.33,SingleResponse,SR-PL-015-PL-015A,False,20,True,PLCs,74
OPT-PL-015-03,PL-015,PL-015a,2,0.66,SingleResponse,SR-PL-015-PL-015A,False,30,True,PLCs,75
OPT-PL-015-04,PL-015,PL-015a,3+,1,SingleResponse,SR-PL-015-PL-015A,False,40,True,PLCs,76
OPT-PL-016-01,PL-016,PL-016a,0,0,SingleResponse,SR-PL-016-PL-016A,False,10,True,PLCs,78
OPT-PL-016-02,PL-016,PL-016a,1,0.25,SingleResponse,SR-PL-016-PL-016A,False,20,True,PLCs,79
OPT-PL-016-03,PL-016,PL-016a,2,0.5,SingleResponse,SR-PL-016-PL-016A,False,30,True,PLCs,80
OPT-PL-016-04,PL-016,PL-016a,3,0.75,SingleResponse,SR-PL-016-PL-016A,False,40,True,PLCs,81
OPT-PL-016-05,PL-016,PL-016a,4,1,SingleResponse,SR-PL-016-PL-016A,False,50,True,PLCs,82
OPT-PL-016-06,PL-016,PL-016a,Unable to assess (note reason),,SingleResponse,SR-PL-016-PL-016A,True,60,True,PLCs,83
OPT-PL-017-01,PL-017,PL-017a,A thermostat is provided that has adjustable temperature controls,1,SingleResponse,SR-PL-017-PL-017A,False,10,True,PLCs,85
OPT-PL-017-02,PL-017,PL-017a,A thermostat is provided that does not have adjustable temperature controls,0.5,SingleResponse,SR-PL-017-PL-017A,False,20,True,PLCs,86
OPT-PL-017-03,PL-017,PL-017a,Only a temperature sensor is provided,0,SingleResponse,SR-PL-017-PL-017A,False,30,True,PLCs,87
OPT-PL-017-04,PL-017,PL-017a,No thermostat or sensor is present in the space,0,SingleResponse,SR-PL-017-PL-017A,False,40,True,PLCs,88
OPT-PL-018-01,PL-018,PL-018a,Yes,1,SingleResponse,SR-PL-018-PL-018A,False,10,True,PLCs,90
OPT-PL-018-02,PL-018,PL-018a,No,0,SingleResponse,SR-PL-018-PL-018A,False,20,True,PLCs,91
OPT-PL-018-03,PL-018,PL-018a,Unable to assess (note reason),,SingleResponse,SR-PL-018-PL-018A,True,30,True,PLCs,92
OPT-PL-019-01,PL-019,PL-019i,Interior window,,Inventory,INV-PL-019-PL-019I,False,10,True,PLCs,94
OPT-PL-019-02,PL-019,PL-019i,Sidelight,,Inventory,INV-PL-019-PL-019I,False,20,True,PLCs,95
OPT-PL-019-03,PL-019,PL-019i,"Door panel (i.e., glass panel in the door)",,Inventory,INV-PL-019-PL-019I,False,30,True,PLCs,96
OPT-PL-020-01,PL-020,PL-020a,Interior windows and doors with glass can be covered with a single movement,1,SingleResponse,SR-PL-020-PL-020A,False,10,True,PLCs,98
OPT-PL-020-02,PL-020,PL-020b,Exterior windows and doors with glass can be covered with a single movement,1,SingleResponse,SR-PL-020-PL-020B,False,20,True,PLCs,99
OPT-PL-020-03,PL-020,PL-020c,Interior door hardware is lockable from inside the space with a push button or thumb turn lock,1,SingleResponse,SR-PL-020-PL-020C,False,30,True,PLCs,100
OPT-PL-021-01,PL-021,PL-021i,Tables that seat multiple staff,,Inventory,INV-PL-021-PL-021I,False,10,True,PLCs,102
OPT-PL-021-02,PL-021,PL-021i,"Hard seating (e.g., standard chairs, stools)",,Inventory,INV-PL-021-PL-021I,False,20,True,PLCs,103
OPT-PL-021-03,PL-021,PL-021i,"Soft seating (e.g., lounge chairs)",,Inventory,INV-PL-021-PL-021I,False,30,True,PLCs,104
OPT-PL-021-04,PL-021,PL-021i,Height-adjustable tables,,Inventory,INV-PL-021-PL-021I,False,40,True,PLCs,105
OPT-PL-021-05,PL-021,PL-021i,"One or more mobile writing surfaces (i.e., mobile markerboards)",,Inventory,INV-PL-021-PL-021I,False,50,True,PLCs,106
OPT-PL-021-06,PL-021,PL-021i,Hoteling workstations,,Inventory,INV-PL-021-PL-021I,False,60,True,PLCs,107
OPT-PL-022-01,PL-022,PL-022a,"Most furniture can be moved by a single person (e.g., casters, lightweight pieces)",1,SingleResponse,SR-PL-022-PL-022A,False,10,True,PLCs,109
OPT-PL-022-02,PL-022,PL-022a,"Some furniture is movable, some is heavy or fixed",0.5,SingleResponse,SR-PL-022-PL-022A,False,20,True,PLCs,110
OPT-PL-022-03,PL-022,PL-022a,"Most furniture is heavy, fixed, or impractical to move",0,SingleResponse,SR-PL-022-PL-022A,False,30,True,PLCs,111
OPT-PL-023-01,PL-023,PL-023a,Good - appears relatively new or has minimal wear,1,SingleResponse,SR-PL-023-PL-023A,False,10,True,PLCs,113
OPT-PL-023-02,PL-023,PL-023a,"Fair - some furniture is noticeably worn or aging, but all is functional",0.5,SingleResponse,SR-PL-023-PL-023A,False,20,True,PLCs,114
OPT-PL-023-03,PL-023,PL-023a,"Poor - some or all furniture is significantly worn, damaged, or not usable",0,SingleResponse,SR-PL-023-PL-023A,False,30,True,PLCs,115
OPT-PL-024-01,PL-024,PL-024i,"Resilient flooring (e.g., vinyl, rubber)",,Inventory,INV-PL-024-PL-024I,False,10,True,PLCs,117
OPT-PL-024-02,PL-024,PL-024i,Terrazzo,,Inventory,INV-PL-024-PL-024I,False,20,True,PLCs,118
OPT-PL-024-03,PL-024,PL-024i,Polished concrete,,Inventory,INV-PL-024-PL-024I,False,30,True,PLCs,119
OPT-PL-024-04,PL-024,PL-024i,"Carpet (i.e., not a loose rug)",,Inventory,INV-PL-024-PL-024I,False,40,True,PLCs,120
OPT-PL-024-05,PL-024,PL-024i,Unable to assess (note reason),,Inventory,INV-PL-024-PL-024I,True,50,True,PLCs,121
OPT-PL-025-01,PL-025,PL-025a,Monitor or projector for sharing content,1,SingleResponse,SR-PL-025-PL-025A,False,10,True,PLCs,123
OPT-PL-025-02,PL-025,PL-025i,Sink,,Inventory,INV-PL-025-PL-025I,False,20,True,PLCs,124
OPT-PL-025-03,PL-025,PL-025i,PA speaker,,Inventory,INV-PL-025-PL-025I,False,30,True,PLCs,125
OPT-PL-025-04,PL-025,PL-025i,Synchronous clock,,Inventory,INV-PL-025-PL-025I,False,40,True,PLCs,126
OPT-PL-025-05,PL-025,PL-025i,Refrigerator,,Inventory,INV-PL-025-PL-025I,False,50,True,PLCs,127
OPT-PL-025-06,PL-025,PL-025i,Microwave,,Inventory,INV-PL-025-PL-025I,False,60,True,PLCs,128
OPT-PL-025-07,PL-025,PL-025i,Printer or copier,,Inventory,INV-PL-025-PL-025I,False,70,True,PLCs,129
OPT-ME-001-01,ME-001,ME-001a,The main entrance includes a secure entry vestibule with two or more sets of independently controlled doors,1,SingleResponse,SR-ME-001-ME-001A,False,10,True,Main Entry Reception,3
OPT-ME-001-02,ME-001,ME-001b,"The vestibule routes visitors directly to the main office for check-in, without passing through student-used corridors or general circulation",1,SingleResponse,SR-ME-001-ME-001B,False,20,True,Main Entry Reception,4
OPT-ME-001-03,ME-001,ME-001c,The receptionist controls a release mechanism that must be activated before visitors can access the campus beyond the vestibule,1,SingleResponse,SR-ME-001-ME-001C,False,30,True,Main Entry Reception,5
OPT-ME-001-04,ME-001,ME-001d,"A two-way communications system and camera are provided at the exterior vestibule doors, accessible from reception",1,SingleResponse,SR-ME-001-ME-001D,False,40,True,Main Entry Reception,6
OPT-ME-001-05,ME-001,ME-001e,A canopy or covered area is provided at the main entrance,1,SingleResponse,SR-ME-001-ME-001E,False,50,True,Main Entry Reception,7
OPT-ME-002-01,ME-002,ME-002a,The secure vestibule,1,SingleResponse,SR-ME-002-ME-002A,False,10,True,Main Entry Reception,9
OPT-ME-002-02,ME-002,ME-002b,The main building entry,1,SingleResponse,SR-ME-002-ME-002B,False,20,True,Main Entry Reception,10
OPT-ME-002-03,ME-002,ME-002c,The main pedestrian approach and drop-off area outside,1,SingleResponse,SR-ME-002-ME-002C,False,30,True,Main Entry Reception,11
OPT-ME-003-01,ME-003,ME-003a,"The experience is more welcoming than threatening, despite security measures",1,SingleResponse,SR-ME-003-ME-003A,False,10,True,Main Entry Reception,13
OPT-ME-003-02,ME-003,ME-003b,"The space reflects school culture through art, graphics, or displays",1,SingleResponse,SR-ME-003-ME-003B,False,20,True,Main Entry Reception,14
OPT-ME-003-03,ME-003,ME-003c,Seating is provided for waiting visitors,1,SingleResponse,SR-ME-003-ME-003C,False,30,True,Main Entry Reception,15
OPT-ME-004-01,ME-004,ME-004a,"Good - walls are painted in light colors that can enhance daylighting, and accent color is used to reduce monotony",1,SingleResponse,SR-ME-004-ME-004A,False,10,True,Main Entry Reception,17
OPT-ME-004-02,ME-004,ME-004a,"Fair - walls are painted in light colors that can enhance daylighting, but no accent color is used",0.5,SingleResponse,SR-ME-004-ME-004A,False,20,True,Main Entry Reception,18
OPT-ME-004-03,ME-004,ME-004a,Poor - walls are painted in dark or monotonous colors,0,SingleResponse,SR-ME-004-ME-004A,False,30,True,Main Entry Reception,19
OPT-ME-004-04,ME-004,ME-004a,Unable to assess (note reason),,SingleResponse,SR-ME-004-ME-004A,True,40,True,Main Entry Reception,20
OPT-ME-005-01,ME-005,ME-005a,A family restroom is directly adjacent to reception,1,SingleResponse,SR-ME-005-ME-005A,False,10,True,Main Entry Reception,23
OPT-ME-005-02,ME-005,ME-005b,The nurse / clinic space is directly adjacent to reception,1,SingleResponse,SR-ME-005-ME-005B,False,20,True,Main Entry Reception,24
OPT-ME-005-03,ME-005,ME-005c,Visibility is provided between the nurse / clinic space and reception,1,SingleResponse,SR-ME-005-ME-005C,False,30,True,Main Entry Reception,25
OPT-ME-006-01,ME-006,ME-006a,Yes,1,SingleResponse,SR-ME-006-ME-006A,False,10,True,Main Entry Reception,27
OPT-ME-006-02,ME-006,ME-006a,No,0,SingleResponse,SR-ME-006-ME-006A,False,20,True,Main Entry Reception,28
OPT-ME-006-03,ME-006,ME-006a,Unable to assess (note reason),,SingleResponse,SR-ME-006-ME-006A,True,30,True,Main Entry Reception,29
OPT-ME-007-01,ME-007,ME-007a,"Access to views of the outdoors (e.g., not solely a view of an exterior wall)",1,SingleResponse,SR-ME-007-ME-007A,False,10,True,Main Entry Reception,31
OPT-ME-007-02,ME-007,ME-007i,Only clerestory windows are provided,,Inventory,INV-ME-007-ME-007I,False,20,True,Main Entry Reception,32
OPT-ME-008-01,ME-008,ME-008a,Roller shades are provided,1,SingleResponse,SR-ME-008-ME-008A,False,10,True,Main Entry Reception,34
OPT-ME-008-02,ME-008,ME-008a,Mini-blinds are provided,,SingleResponse,SR-ME-008-ME-008A,False,20,True,Main Entry Reception,35
OPT-ME-008-03,ME-008,ME-008a,Other (please note),0,SingleResponse,SR-ME-008-ME-008A,False,30,True,Main Entry Reception,36
OPT-ME-008-04,ME-008,ME-008a,No window coverings are provided,0,SingleResponse,SR-ME-008-ME-008A,False,40,True,Main Entry Reception,37
OPT-ME-008-05,ME-008,ME-008a,Unable to assess (note reason),,SingleResponse,SR-ME-008-ME-008A,True,50,True,Main Entry Reception,38
OPT-ME-009-01,ME-009,ME-009a,Yes,1,SingleResponse,SR-ME-009-ME-009A,False,10,True,Main Entry Reception,40
OPT-ME-009-02,ME-009,ME-009a,No,0,SingleResponse,SR-ME-009-ME-009A,False,20,True,Main Entry Reception,41
OPT-ME-009-03,ME-009,ME-009a,Unable to assess (note reason),,SingleResponse,SR-ME-009-ME-009A,True,30,True,Main Entry Reception,42
OPT-ME-010-01,ME-010,ME-010i,Interior window,,Inventory,INV-ME-010-ME-010I,False,10,True,Main Entry Reception,44
OPT-ME-010-02,ME-010,ME-010i,Sidelight,,Inventory,INV-ME-010-ME-010I,False,20,True,Main Entry Reception,45
OPT-ME-010-03,ME-010,ME-010i,"Door panel (i.e., glass panel in the door)",,Inventory,INV-ME-010-ME-010I,False,30,True,Main Entry Reception,46
OPT-ME-011-01,ME-011,ME-011a,None,0,SingleResponse,SR-ME-011-ME-011A,False,10,True,Main Entry Reception,48
OPT-ME-011-02,ME-011,ME-011a,<4 linear feet,0.25,SingleResponse,SR-ME-011-ME-011A,False,20,True,Main Entry Reception,49
OPT-ME-011-03,ME-011,ME-011a,4 to <8 linear feet,0.5,SingleResponse,SR-ME-011-ME-011A,False,30,True,Main Entry Reception,50
OPT-ME-011-04,ME-011,ME-011a,8 to <12 linear feet,0.75,SingleResponse,SR-ME-011-ME-011A,False,40,True,Main Entry Reception,51
OPT-ME-011-05,ME-011,ME-011a,12+ linear feet,1,SingleResponse,SR-ME-011-ME-011A,False,50,True,Main Entry Reception,52
OPT-ME-011-06,ME-011,ME-011a,Unable to assess (note reason),,SingleResponse,SR-ME-011-ME-011A,True,60,True,Main Entry Reception,53
OPT-ME-012-01,ME-012,ME-012a,None,0,SingleResponse,SR-ME-012-ME-012A,False,10,True,Main Entry Reception,55
OPT-ME-012-02,ME-012,ME-012a,<4 linear feet,0.33,SingleResponse,SR-ME-012-ME-012A,False,20,True,Main Entry Reception,56
OPT-ME-012-03,ME-012,ME-012a,4 to <8 linear feet,0.66,SingleResponse,SR-ME-012-ME-012A,False,30,True,Main Entry Reception,57
OPT-ME-012-04,ME-012,ME-012a,8+ linear feet,1,SingleResponse,SR-ME-012-ME-012A,False,40,True,Main Entry Reception,58
OPT-ME-012-05,ME-012,ME-012a,Unable to assess (note reason),,SingleResponse,SR-ME-012-ME-012A,True,50,True,Main Entry Reception,59
OPT-ME-013-01,ME-013,ME-013a,A thermostat is provided that has adjustable temperature controls,1,SingleResponse,SR-ME-013-ME-013A,False,10,True,Main Entry Reception,61
OPT-ME-013-02,ME-013,ME-013a,A thermostat is provided that does not have adjustable temperature controls,0.5,SingleResponse,SR-ME-013-ME-013A,False,20,True,Main Entry Reception,62
OPT-ME-013-03,ME-013,ME-013a,Only a temperature sensor is provided,0,SingleResponse,SR-ME-013-ME-013A,False,30,True,Main Entry Reception,63
OPT-ME-013-04,ME-013,ME-013a,No thermostat or sensor is present in the space,0,SingleResponse,SR-ME-013-ME-013A,False,40,True,Main Entry Reception,64
OPT-ME-014-01,ME-014,ME-014a,Good - appears relatively new or has minimal wear,1,SingleResponse,SR-ME-014-ME-014A,False,10,True,Main Entry Reception,66
OPT-ME-014-02,ME-014,ME-014a,"Fair - some furniture is noticeably worn or aging, but all is functional",0.5,SingleResponse,SR-ME-014-ME-014A,False,20,True,Main Entry Reception,67
OPT-ME-014-03,ME-014,ME-014a,"Poor - some or all furniture is significantly worn, damaged, or not usable",0,SingleResponse,SR-ME-014-ME-014A,False,30,True,Main Entry Reception,68
OPT-ME-015-01,ME-015,ME-015a,An administrative reception desk with an ADA-accessible transaction counter is provided,1,SingleResponse,SR-ME-015-ME-015A,False,10,True,Main Entry Reception,70
OPT-ME-016-01,ME-016,ME-016a,1,0,SingleResponse,SR-ME-016-ME-016A,False,10,True,Main Entry Reception,72
OPT-ME-016-02,ME-016,ME-016a,2,0.5,SingleResponse,SR-ME-016-ME-016A,False,20,True,Main Entry Reception,73
OPT-ME-016-03,ME-016,ME-016a,3+,1,SingleResponse,SR-ME-016-ME-016A,False,30,True,Main Entry Reception,74
OPT-ME-017-01,ME-017,ME-017i,"Resilient flooring (e.g., vinyl, rubber)",,Inventory,INV-ME-017-ME-017I,False,10,True,Main Entry Reception,76
OPT-ME-017-02,ME-017,ME-017i,Terrazzo,,Inventory,INV-ME-017-ME-017I,False,20,True,Main Entry Reception,77
OPT-ME-017-03,ME-017,ME-017i,Polished concrete,,Inventory,INV-ME-017-ME-017I,False,30,True,Main Entry Reception,78
OPT-ME-017-04,ME-017,ME-017i,"Carpet (i.e., not a loose rug)",,Inventory,INV-ME-017-ME-017I,False,40,True,Main Entry Reception,79
OPT-ME-017-05,ME-017,ME-017i,Porcelain tile,,Inventory,INV-ME-017-ME-017I,False,50,True,Main Entry Reception,80
OPT-ME-017-06,ME-017,ME-017i,Unable to assess (note reason),,Inventory,INV-ME-017-ME-017I,True,60,True,Main Entry Reception,81
OPT-ME-018-01,ME-018,ME-018i,Walk-off mat or grille at the entry,,Inventory,INV-ME-018-ME-018I,False,10,True,Main Entry Reception,83
OPT-ME-018-02,ME-018,ME-018i,PA speaker,,Inventory,INV-ME-018-ME-018I,False,20,True,Main Entry Reception,84
OPT-ME-018-03,ME-018,ME-018i,Synchronous clock,,Inventory,INV-ME-018-ME-018I,False,30,True,Main Entry Reception,85
OPT-ME-018-04,ME-018,ME-018i,Security camera visible at the entry,,Inventory,INV-ME-018-ME-018I,False,40,True,Main Entry Reception,86
OPT-ME-018-05,ME-018,ME-018i,Copier accessible to reception staff,,Inventory,INV-ME-018-ME-018I,False,50,True,Main Entry Reception,87
OPT-SC-002-01,SC-002,SC-002a,Yes,1,SingleResponse,SR-SC-002-SC-002A,False,10,True,Science,7
OPT-SC-002-02,SC-002,SC-002a,No,0,SingleResponse,SR-SC-002-SC-002A,False,20,True,Science,8
OPT-SC-002-03,SC-002,SC-002a,Unable to assess (note reason),,SingleResponse,SR-SC-002-SC-002A,True,30,True,Science,9
OPT-SC-003-01,SC-003,SC-003a,Primary light fixtures are dimmable,1,SingleResponse,SR-SC-003-SC-003A,False,10,True,Science,11
OPT-SC-003-02,SC-003,SC-003b,Primary light fixtures are LED,1,SingleResponse,SR-SC-003-SC-003B,False,20,True,Science,12
OPT-SC-004-01,SC-004,SC-004a,"Good - walls are painted in light colors that can enhance daylighting, and accent color is used to reduce monotony",1,SingleResponse,SR-SC-004-SC-004A,False,10,True,Science,14
OPT-SC-004-02,SC-004,SC-004a,"Fair - walls are painted in light colors that can enhance daylighting, but no accent color is used",0.5,SingleResponse,SR-SC-004-SC-004A,False,20,True,Science,15
OPT-SC-004-03,SC-004,SC-004a,Poor - walls are painted in dark or monotonous colors,0,SingleResponse,SR-SC-004-SC-004A,False,30,True,Science,16
OPT-SC-004-04,SC-004,SC-004a,Unable to assess (note reason),,SingleResponse,SR-SC-004-SC-004A,True,40,True,Science,17
OPT-SC-005-01,SC-005,SC-005a,Yes,1,SingleResponse,SR-SC-005-SC-005A,False,10,True,Science,19
OPT-SC-005-02,SC-005,SC-005a,No,0,SingleResponse,SR-SC-005-SC-005A,False,20,True,Science,20
OPT-SC-005-03,SC-005,SC-005a,Unable to assess (note reason),,SingleResponse,SR-SC-005-SC-005A,True,30,True,Science,21
OPT-SC-006-01,SC-006,SC-006a,"Access to views of the outdoors (e.g., not solely a view of an exterior wall)",1,SingleResponse,SR-SC-006-SC-006A,False,10,True,Science,23
OPT-SC-006-02,SC-006,SC-006i,Only clerestory windows are provided,,Inventory,INV-SC-006-SC-006I,False,20,True,Science,24
OPT-SC-007-01,SC-007,SC-007a,Roller shades are provided,1,SingleResponse,SR-SC-007-SC-007A,False,10,True,Science,26
OPT-SC-007-02,SC-007,SC-007a,Mini-blinds are provided,0,SingleResponse,SR-SC-007-SC-007A,False,20,True,Science,27
OPT-SC-007-03,SC-007,SC-007a,Other (please note),0,SingleResponse,SR-SC-007-SC-007A,False,30,True,Science,28
OPT-SC-007-04,SC-007,SC-007a,No window coverings are provided,0,SingleResponse,SR-SC-007-SC-007A,False,40,True,Science,29
OPT-SC-007-05,SC-007,SC-007a,Unable to assess (note reason),,SingleResponse,SR-SC-007-SC-007A,True,50,True,Science,30
OPT-SC-008-01,SC-008,SC-008i,Perimeter built-in casework is provided,,Inventory,INV-SC-008-SC-008I,False,10,True,Science,32
OPT-SC-008-02,SC-008,SC-008i,Counter space is provided,,Inventory,INV-SC-008-SC-008I,False,20,True,Science,33
OPT-SC-008-03,SC-008,SC-008i,Ensuite storage closet is provided,,Inventory,INV-SC-008-SC-008I,False,30,True,Science,34
OPT-SC-008-04,SC-008,SC-008i,"Furniture-based storage is provided (i.e., shelving or cabinets)",,Inventory,INV-SC-008-SC-008I,False,40,True,Science,35
OPT-SC-008-05,SC-008,SC-008i,Some or all storage is lockable,,Inventory,INV-SC-008-SC-008I,False,50,True,Science,36
OPT-SC-009-01,SC-009,SC-009a,Good - storage appears sufficient; the space is organized with little visible clutter,1,SingleResponse,SR-SC-009-SC-009A,False,10,True,Science,38
OPT-SC-009-02,SC-009,SC-009a,Fair - storage appears mostly sufficient; some clutter or overflow is visible,0.5,SingleResponse,SR-SC-009-SC-009A,False,20,True,Science,39
OPT-SC-009-03,SC-009,SC-009a,Poor - storage appears insufficient; significant clutter or materials without a home,0,SingleResponse,SR-SC-009-SC-009A,False,30,True,Science,40
OPT-SC-009-04,SC-009,SC-009a,Unable to assess (note reason),,SingleResponse,SR-SC-009-SC-009A,True,40,True,Science,41
OPT-SC-010-01,SC-010,SC-010a,None,0,SingleResponse,SR-SC-010-SC-010A,False,10,True,Science,43
OPT-SC-010-02,SC-010,SC-010a,<4 linear feet,0.25,SingleResponse,SR-SC-010-SC-010A,False,20,True,Science,44
OPT-SC-010-03,SC-010,SC-010a,4 to <8 linear feet,0.25,SingleResponse,SR-SC-010-SC-010A,False,30,True,Science,45
OPT-SC-010-04,SC-010,SC-010a,8 to <12 linear feet,0.5,SingleResponse,SR-SC-010-SC-010A,False,40,True,Science,46
OPT-SC-010-05,SC-010,SC-010a,12 to <16 linear feet,0.75,SingleResponse,SR-SC-010-SC-010A,False,50,True,Science,47
OPT-SC-010-06,SC-010,SC-010a,16+ linear feet,1,SingleResponse,SR-SC-010-SC-010A,False,60,True,Science,48
OPT-SC-010-07,SC-010,SC-010a,Unable to assess (note reason),,SingleResponse,SR-SC-010-SC-010A,True,70,True,Science,49
OPT-SC-011-01,SC-011,SC-011i,Tackstrip,,Inventory,INV-SC-011-SC-011I,False,10,True,Science,51
OPT-SC-011-02,SC-011,SC-011i,Tackboard,,Inventory,INV-SC-011-SC-011I,False,20,True,Science,52
OPT-SC-011-03,SC-011,SC-011i,Tackwall,,Inventory,INV-SC-011-SC-011I,False,30,True,Science,53
OPT-SC-011-04,SC-011,SC-011i,Magnetic markerboard,,Inventory,INV-SC-011-SC-011I,False,40,True,Science,54
OPT-SC-012-01,SC-012,SC-012a,None,0,SingleResponse,SR-SC-012-SC-012A,False,10,True,Science,56
OPT-SC-012-02,SC-012,SC-012a,<4 linear feet,0.33,SingleResponse,SR-SC-012-SC-012A,False,20,True,Science,57
OPT-SC-012-03,SC-012,SC-012a,4 to <8 linear feet,0.66,SingleResponse,SR-SC-012-SC-012A,False,30,True,Science,58
OPT-SC-012-04,SC-012,SC-012a,8+ linear feet,1,SingleResponse,SR-SC-012-SC-012A,False,40,True,Science,59
OPT-SC-012-05,SC-012,SC-012a,Unable to assess (note reason),,SingleResponse,SR-SC-012-SC-012A,True,50,True,Science,60
OPT-SC-013-01,SC-013,SC-013a,0,0,SingleResponse,SR-SC-013-SC-013A,False,10,True,Science,62
OPT-SC-013-02,SC-013,SC-013a,1-2,0.25,SingleResponse,SR-SC-013-SC-013A,False,20,True,Science,63
OPT-SC-013-03,SC-013,SC-013a,3-4,0.5,SingleResponse,SR-SC-013-SC-013A,False,30,True,Science,64
OPT-SC-013-04,SC-013,SC-013a,5-7,0.75,SingleResponse,SR-SC-013-SC-013A,False,40,True,Science,65
OPT-SC-013-05,SC-013,SC-013a,8+,1,SingleResponse,SR-SC-013-SC-013A,False,50,True,Science,66
OPT-SC-014-01,SC-014,SC-014a,0,0,SingleResponse,SR-SC-014-SC-014A,False,10,True,Science,68
OPT-SC-014-02,SC-014,SC-014a,1,0.25,SingleResponse,SR-SC-014-SC-014A,False,20,True,Science,69
OPT-SC-014-03,SC-014,SC-014a,2,0.5,SingleResponse,SR-SC-014-SC-014A,False,30,True,Science,70
OPT-SC-014-04,SC-014,SC-014a,3,0.75,SingleResponse,SR-SC-014-SC-014A,False,40,True,Science,71
OPT-SC-014-05,SC-014,SC-014a,4,1,SingleResponse,SR-SC-014-SC-014A,False,50,True,Science,72
OPT-SC-015-01,SC-015,SC-015a,0,0,SingleResponse,SR-SC-015-SC-015A,False,10,True,Science,74
OPT-SC-015-02,SC-015,SC-015a,1,0.25,SingleResponse,SR-SC-015-SC-015A,False,20,True,Science,75
OPT-SC-015-03,SC-015,SC-015a,2,0.5,SingleResponse,SR-SC-015-SC-015A,False,30,True,Science,76
OPT-SC-015-04,SC-015,SC-015a,3,0.75,SingleResponse,SR-SC-015-SC-015A,False,40,True,Science,77
OPT-SC-015-05,SC-015,SC-015a,4,1,SingleResponse,SR-SC-015-SC-015A,False,50,True,Science,78
OPT-SC-016-01,SC-016,SC-016a,A thermostat is provided that has adjustable temperature controls,1,SingleResponse,SR-SC-016-SC-016A,False,10,True,Science,80
OPT-SC-016-02,SC-016,SC-016a,A thermostat is provided that does not have adjustable temperature controls,0.5,SingleResponse,SR-SC-016-SC-016A,False,20,True,Science,81
OPT-SC-016-03,SC-016,SC-016a,Only a temperature sensor is provided,0,SingleResponse,SR-SC-016-SC-016A,False,30,True,Science,82
OPT-SC-016-04,SC-016,SC-016a,No thermostat or sensor is present in the space,0,SingleResponse,SR-SC-016-SC-016A,False,40,True,Science,83
OPT-SC-017-01,SC-017,SC-017a,Yes,1,SingleResponse,SR-SC-017-SC-017A,False,10,True,Science,85
OPT-SC-017-02,SC-017,SC-017a,No,0,SingleResponse,SR-SC-017-SC-017A,False,20,True,Science,86
OPT-SC-017-03,SC-017,SC-017a,Unable to assess (note reason),,SingleResponse,SR-SC-017-SC-017A,True,30,True,Science,87
OPT-SC-018-01,SC-018,SC-018i,Interior window,,Inventory,INV-SC-018-SC-018I,False,10,True,Science,89
OPT-SC-018-02,SC-018,SC-018i,Sidelight,,Inventory,INV-SC-018-SC-018I,False,20,True,Science,90
OPT-SC-018-03,SC-018,SC-018i,"Door panel (i.e., glass panel in the door)",,Inventory,INV-SC-018-SC-018I,False,30,True,Science,91
OPT-SC-019-01,SC-019,SC-019a,Interior windows and doors with glass can be covered with a single movement,1,SingleResponse,SR-SC-019-SC-019A,False,10,True,Science,93
OPT-SC-019-02,SC-019,SC-019b,Exterior windows and doors with glass can be covered with a single movement,1,SingleResponse,SR-SC-019-SC-019B,False,20,True,Science,94
OPT-SC-019-03,SC-019,SC-019c,There is an area large enough for a full class to easily get out of sight to shelter-in-place (without needing to cover windows or doors with glass),1,SingleResponse,SR-SC-019-SC-019C,False,30,True,Science,95
OPT-SC-019-04,SC-019,SC-019d,Interior door hardware is lockable from inside the space with a push button or thumb turn lock,1,SingleResponse,SR-SC-019-SC-019D,False,40,True,Science,96
OPT-SC-020-01,SC-020,SC-020i,Mobile lab tables,,Inventory,INV-SC-020-SC-020I,False,10,True,Science,98
OPT-SC-020-02,SC-020,SC-020i,Stools with removable back support,,Inventory,INV-SC-020-SC-020I,False,20,True,Science,99
OPT-SC-020-03,SC-020,SC-020i,Individual student desks,,Inventory,INV-SC-020-SC-020I,False,30,True,Science,100
OPT-SC-020-04,SC-020,SC-020i,Tables that seat multiple students,,Inventory,INV-SC-020-SC-020I,False,40,True,Science,101
OPT-SC-020-05,SC-020,SC-020i,Height-adjustable student tables,,Inventory,INV-SC-020-SC-020I,False,50,True,Science,102
OPT-SC-020-06,SC-020,SC-020i,Standing-height student worksurfaces,,Inventory,INV-SC-020-SC-020I,False,60,True,Science,103
OPT-SC-020-07,SC-020,SC-020i,"Student desks with attached chair (i.e., combo units)",,Inventory,INV-SC-020-SC-020I,False,70,True,Science,104
OPT-SC-020-08,SC-020,SC-020i,"Hard seating (e.g., standard chairs, stools)",,Inventory,INV-SC-020-SC-020I,False,80,True,Science,105
OPT-SC-020-09,SC-020,SC-020i,"Active seating (e.g., wobble stools, rockers)",,Inventory,INV-SC-020-SC-020I,False,90,True,Science,106
OPT-SC-020-10,SC-020,SC-020i,"Soft seating (e.g., bean bags, floor cushions)",,Inventory,INV-SC-020-SC-020I,False,100,True,Science,107
OPT-SC-020-11,SC-020,SC-020i,"One or more mobile writing surfaces (i.e., mobile markerboards)",,Inventory,INV-SC-020-SC-020I,False,110,True,Science,108
OPT-SC-020-12,SC-020,SC-020i,One or more mobile tackboards,,Inventory,INV-SC-020-SC-020I,False,120,True,Science,109
OPT-SC-020-13,SC-020,SC-020i,One or more mobile monitors,,Inventory,INV-SC-020-SC-020I,False,130,True,Science,110
OPT-SC-021-01,SC-021,SC-021a,"Most furniture can be moved by students or a single teacher (e.g., casters, lightweight pieces)",1,SingleResponse,SR-SC-021-SC-021A,False,10,True,Science,112
OPT-SC-021-02,SC-021,SC-021a,"Some furniture is movable, some is heavy or fixed",0.5,SingleResponse,SR-SC-021-SC-021A,False,20,True,Science,113
OPT-SC-021-03,SC-021,SC-021a,"Most furniture is heavy, fixed, or impractical to move",0,SingleResponse,SR-SC-021-SC-021A,False,30,True,Science,114
OPT-SC-022-01,SC-022,SC-022a,Varied seating is provided for multiple students across multiple areas of the space,1,SingleResponse,SR-SC-022-SC-022A,False,10,True,Science,116
OPT-SC-022-02,SC-022,SC-022a,"Limited varied seating is provided (i.e., a single area or only a few students accommodated at a time)",0.5,SingleResponse,SR-SC-022-SC-022A,False,20,True,Science,117
OPT-SC-022-03,SC-022,SC-022a,No varied seating is provided,0,SingleResponse,SR-SC-022-SC-022A,False,30,True,Science,118
OPT-SC-022-04,SC-022,SC-022a,Unable to assess (note reason),,SingleResponse,SR-SC-022-SC-022A,True,40,True,Science,119
OPT-SC-023-01,SC-023,SC-023a,Good - appears relatively new or has minimal wear,1,SingleResponse,SR-SC-023-SC-023A,False,10,True,Science,121
OPT-SC-023-02,SC-023,SC-023a,"Fair - some furniture is noticeably worn or aging, but all is functional",0.5,SingleResponse,SR-SC-023-SC-023A,False,20,True,Science,122
OPT-SC-023-03,SC-023,SC-023a,"Poor - some or all furniture is significantly worn, damaged, or not usable",0,SingleResponse,SR-SC-023-SC-023A,False,30,True,Science,123
OPT-SC-024-01,SC-024,SC-024a,"Resilient flooring (e.g., vinyl, rubber)",,Inventory,INV-SC-024-SC-024A,False,10,True,Science,125
OPT-SC-024-02,SC-024,SC-024a,Terrazzo,,Inventory,INV-SC-024-SC-024A,False,20,True,Science,126
OPT-SC-024-03,SC-024,SC-024a,Polished concrete,,Inventory,INV-SC-024-SC-024A,False,30,True,Science,127
OPT-SC-024-04,SC-024,SC-024a,"Carpet (i.e., not a loose rug)",,Inventory,INV-SC-024-SC-024A,False,40,True,Science,128
OPT-SC-024-05,SC-024,SC-024a,Unable to assess (note reason),,Inventory,INV-SC-024-SC-024A,True,50,True,Science,129
OPT-SC-025-01,SC-025,SC-025a,Direct access to a collaboration space,1,SingleResponse,SR-SC-025-SC-025A,False,10,True,Science,131
OPT-SC-025-02,SC-025,SC-025a,Visibility into a collaboration space only,0.5,SingleResponse,SR-SC-025-SC-025A,False,20,True,Science,132
OPT-SC-025-03,SC-025,SC-025a,Neither access nor visibility,0,SingleResponse,SR-SC-025-SC-025A,False,30,True,Science,133
OPT-SC-025-04,SC-025,SC-025a,Unable to assess (note reason),,SingleResponse,SR-SC-025-SC-025A,True,40,True,Science,134
OPT-SC-026-01,SC-026,SC-026a,Direct access to a small group room,1,SingleResponse,SR-SC-026-SC-026A,False,10,True,Science,136
OPT-SC-026-02,SC-026,SC-026a,Visibility into a small group room only,0.5,SingleResponse,SR-SC-026-SC-026A,False,20,True,Science,137
OPT-SC-026-03,SC-026,SC-026a,Neither access nor visibility,0,SingleResponse,SR-SC-026-SC-026A,False,30,True,Science,138
OPT-SC-026-04,SC-026,SC-026a,Unable to assess (note reason),,SingleResponse,SR-SC-026-SC-026A,True,40,True,Science,139
OPT-SC-027-01,SC-027,SC-027a,Direct visibility into open collaboration space,1,SingleResponse,SR-SC-027-SC-027A,False,10,True,Science,141
OPT-SC-027-02,SC-027,SC-027b,Direct visibility into small group room(s),1,SingleResponse,SR-SC-027-SC-027B,False,20,True,Science,142
OPT-SC-028-01,SC-028,SC-028a,Exterior door within the space,1,SingleResponse,SR-SC-028-SC-028A,False,10,True,Science,144
OPT-SC-028-02,SC-028,SC-028a,Exterior door directly outside the space,0.5,SingleResponse,SR-SC-028-SC-028A,False,20,True,Science,145
OPT-SC-028-03,SC-028,SC-028a,Neither,0,SingleResponse,SR-SC-028-SC-028A,False,30,True,Science,146
OPT-SC-028-04,SC-028,SC-028a,Unable to assess (note reason),,SingleResponse,SR-SC-028-SC-028A,True,40,True,Science,147
OPT-SC-029-01,SC-029,SC-029i,Laptop storage or charging cart,,Inventory,INV-SC-029-SC-029I,False,10,True,Science,149
OPT-SC-030-01,SC-030,SC-030a,Yes,1,SingleResponse,SR-SC-030-SC-030A,False,10,True,Science,151
OPT-SC-030-02,SC-030,SC-030a,No,0,SingleResponse,SR-SC-030-SC-030A,False,20,True,Science,152
OPT-SC-030-03,SC-030,SC-030a,Unable to assess (note reason),,SingleResponse,SR-SC-030-SC-030A,True,30,True,Science,153
OPT-SC-031-01,SC-031,SC-031a,80-100% of lab stations,1,SingleResponse,SR-SC-031-SC-031A,False,10,True,Science,155
OPT-SC-031-02,SC-031,SC-031a,60-80% of lab stations,0.75,SingleResponse,SR-SC-031-SC-031A,False,20,True,Science,156
OPT-SC-031-03,SC-031,SC-031a,40-60% of lab stations,0.5,SingleResponse,SR-SC-031-SC-031A,False,30,True,Science,157
OPT-SC-031-04,SC-031,SC-031a,20-40% of lab stations,0.25,SingleResponse,SR-SC-031-SC-031A,False,40,True,Science,158
OPT-SC-031-05,SC-031,SC-031a,0-20% of lab stations,0,SingleResponse,SR-SC-031-SC-031A,False,50,True,Science,159
OPT-SC-031-06,SC-031,SC-031a,Unable to assess (note reason),,SingleResponse,SR-SC-031-SC-031A,True,60,True,Science,160
OPT-SC-032-01,SC-032,SC-032a,Water valve(s),1,SingleResponse,SR-SC-032-SC-032A,False,10,True,Science,162
OPT-SC-032-02,SC-032,SC-032b,Gas valve(s),1,SingleResponse,SR-SC-032-SC-032B,False,20,True,Science,163
OPT-SC-032-03,SC-032,SC-032c,Air valve(s),1,SingleResponse,SR-SC-032-SC-032C,False,30,True,Science,164
OPT-SC-032-04,SC-032,SC-032d,Floor drain,1,SingleResponse,SR-SC-032-SC-032D,False,40,True,Science,165
OPT-SC-032-05,SC-032,SC-032e,Emergency eye wash,1,SingleResponse,SR-SC-032-SC-032E,False,50,True,Science,166
OPT-SC-032-06,SC-032,SC-032f,Exhaust hood,1,SingleResponse,SR-SC-032-SC-032F,False,60,True,Science,167
OPT-SI-033-01,SI-033,SC-033a,A dedicated prep room for one classroom is directly connected,1,SingleResponse,SR-SI-033-SC-033A,False,10,True,Science,169
OPT-SI-033-02,SI-033,SC-033a,A jack-and-jill style prep room between two science classrooms is directly connected,1,SingleResponse,SR-SI-033-SC-033A,False,20,True,Science,170
OPT-SI-033-03,SI-033,SC-033a,A prep room is accessible indirectly (i.e. through a circulation space),0.5,SingleResponse,SR-SI-033-SC-033A,False,30,True,Science,171
OPT-SI-033-04,SI-033,SC-033a,No dedicated prep room exists but a portion of the classroom is functioning as a prep area,0,SingleResponse,SR-SI-033-SC-033A,False,40,True,Science,172
OPT-SI-033-05,SI-033,SC-033a,No prep room or area exists,0,SingleResponse,SR-SI-033-SC-033A,False,50,True,Science,173
OPT-SI-033-06,SI-033,SC-033a,Unable to assess (note reason),,SingleResponse,SR-SI-033-SC-033A,True,60,True,Science,174
OPT-SI-034-01,SI-034,SC-034a,None,0,SingleResponse,SR-SI-034-SC-034A,False,10,True,Science,176
OPT-SI-034-02,SI-034,SC-034a,<12 linear feet,0.5,SingleResponse,SR-SI-034-SC-034A,False,20,True,Science,177
OPT-SI-034-03,SI-034,SC-034a,12+ linear feet,1,SingleResponse,SR-SI-034-SC-034A,False,30,True,Science,178
OPT-SI-035-01,SI-035,SC-035a,None,0,SingleResponse,SR-SI-035-SC-035A,False,10,True,Science,180
OPT-SI-035-02,SI-035,SC-035a,<12 linear feet,0.5,SingleResponse,SR-SI-035-SC-035A,False,20,True,Science,181
OPT-SI-035-03,SI-035,SC-035a,12+ linear feet,1,SingleResponse,SR-SI-035-SC-035A,False,30,True,Science,182
OPT-SI-036-01,SI-036,SC-036a,Yes,1,SingleResponse,SR-SI-036-SC-036A,False,10,True,Science,184
OPT-SI-036-02,SI-036,SC-036a,No,0,SingleResponse,SR-SI-036-SC-036A,False,20,True,Science,185
OPT-SI-036-03,SI-036,SC-036a,Unable to assess (note reason),,SingleResponse,SR-SI-036-SC-036A,True,30,True,Science,186
OPT-SI-037-01,SI-037,SC-037a,Door vision panel,1,SingleResponse,SR-SI-037-SC-037A,False,10,True,Science,188
OPT-SI-037-02,SI-037,SC-037b,Door sidelite,1,SingleResponse,SR-SI-037-SC-037B,False,20,True,Science,189
OPT-SI-037-03,SI-037,SC-037c,Interior window,1,SingleResponse,SR-SI-037-SC-037C,False,30,True,Science,190
OPT-SI-038-01,SI-038,SC-038a,Power outlet is provided on at least one wall,1,SingleResponse,SR-SI-038-SC-038A,False,10,True,Science,192
OPT-SI-038-02,SI-038,SC-038b,Data outlet is provided on at least one wall,1,SingleResponse,SR-SI-038-SC-038B,False,20,True,Science,193
OPT-SI-039-01,SI-039,SC-039a,Flammable storage cabinet,1,Composite,CMP-SI-039-SC-039A,False,10,True,Science,195
OPT-SI-039-02,SI-039,SC-039a,Refrigerator,1,Composite,CMP-SI-039-SC-039A,False,20,True,Science,196
OPT-SI-039-03,SI-039,SC-039a,Dishwasher,1,Composite,CMP-SI-039-SC-039A,False,30,True,Science,197
OPT-SI-039-04,SI-039,SC-039a,Test tube drying racks,1,Composite,CMP-SI-039-SC-039A,False,40,True,Science,198
OPT-SI-039-05,SI-039,SC-039b,Pass-through fume hood between Science Lab and Science Prep (chemistry only),1,SingleResponse,SR-SI-039-SC-039B,False,50,True,Science,199
OPT-MA-001-01,MA-001,MA-001a,Workroom,1,SingleResponse,SR-MA-001-MA-001A,False,10,True,Main Admin Suite,3
OPT-MA-001-02,MA-001,MA-001b,Principal's office,1,SingleResponse,SR-MA-001-MA-001B,False,20,True,Main Admin Suite,4
OPT-MA-001-03,MA-001,MA-001d,Bookkeeper office,1,SingleResponse,SR-MA-001-MA-001D,False,30,True,Main Admin Suite,5
OPT-MA-001-04,MA-001,MA-001e,Conference room,1,SingleResponse,SR-MA-001-MA-001E,False,40,True,Main Admin Suite,6
OPT-MA-001-05,MA-001,MA-001f,Records storage room,1,SingleResponse,SR-MA-001-MA-001F,False,50,True,Main Admin Suite,7
OPT-MA-001-06,MA-001,MA-001i,Commuter shower,,Inventory,INV-MA-001-MA-001I,False,60,True,Main Admin Suite,8
OPT-MA-002-01,MA-002,MA-002a,Primary light fixtures are dimmable,1,SingleResponse,SR-MA-002-MA-002A,False,10,True,Main Admin Suite,10
OPT-MA-002-02,MA-002,MA-002b,Primary light fixtures are LED,1,SingleResponse,SR-MA-002-MA-002B,False,20,True,Main Admin Suite,11
OPT-MA-003-01,MA-003,MA-003a,"Good - walls are painted in light colors that can enhance daylighting, and accent color is used to reduce monotony",1,SingleResponse,SR-MA-003-MA-003A,False,10,True,Main Admin Suite,13
OPT-MA-003-02,MA-003,MA-003a,"Fair - walls are painted in light colors that can enhance daylighting, but no accent color is used",0.5,SingleResponse,SR-MA-003-MA-003A,False,20,True,Main Admin Suite,14
OPT-MA-003-03,MA-003,MA-003a,Poor - walls are painted in dark or monotonous colors,0,SingleResponse,SR-MA-003-MA-003A,False,30,True,Main Admin Suite,15
OPT-MA-003-04,MA-003,MA-003a,Unable to assess (note reason),,SingleResponse,SR-MA-003-MA-003A,True,40,True,Main Admin Suite,16
OPT-MA-004-01,MA-004,MA-004a,None,0,SingleResponse,SR-MA-004-MA-004A,False,10,True,Main Admin Suite,18
OPT-MA-004-02,MA-004,MA-004a,<12 linear feet,0.5,SingleResponse,SR-MA-004-MA-004A,False,20,True,Main Admin Suite,19
OPT-MA-004-03,MA-004,MA-004a,12+ linear feet,1,SingleResponse,SR-MA-004-MA-004A,False,30,True,Main Admin Suite,20
OPT-MA-005-01,MA-005,MA-005a,None,0,SingleResponse,SR-MA-005-MA-005A,False,10,True,Main Admin Suite,22
OPT-MA-005-02,MA-005,MA-005a,<6 linear feet,0.5,SingleResponse,SR-MA-005-MA-005A,False,20,True,Main Admin Suite,23
OPT-MA-005-03,MA-005,MA-005a,6+ linear feet,1,SingleResponse,SR-MA-005-MA-005A,False,30,True,Main Admin Suite,24
OPT-MA-006-01,MA-006,MA-006a,Copier or multifunction printer,1,SingleResponse,SR-MA-006-MA-006A,False,10,True,Main Admin Suite,26
OPT-MA-006-02,MA-006,MA-006b,Staff mailboxes,1,SingleResponse,SR-MA-006-MA-006B,False,20,True,Main Admin Suite,27
OPT-MA-006-03,MA-006,MA-006c,Sink,1,SingleResponse,SR-MA-006-MA-006C,False,30,True,Main Admin Suite,28
OPT-MA-006-04,MA-006,MA-006i,Writable surface,,Inventory,INV-MA-006-MA-006I,False,40,True,Main Admin Suite,29
OPT-MA-006-05,MA-006,MA-006i,Tackboard,,Inventory,INV-MA-006-MA-006I,False,50,True,Main Admin Suite,30
OPT-MA-006-06,MA-006,MA-006i,Refrigerator,,Inventory,INV-MA-006-MA-006I,False,60,True,Main Admin Suite,31
OPT-MA-006-07,MA-006,MA-006i,Microwave,,Inventory,INV-MA-006-MA-006I,False,70,True,Main Admin Suite,32
OPT-MA-007-01,MA-007,MA-007a,Yes,1,SingleResponse,SR-MA-007-MA-007A,False,10,True,Main Admin Suite,34
OPT-MA-007-02,MA-007,MA-007a,No,0,SingleResponse,SR-MA-007-MA-007A,False,20,True,Main Admin Suite,35
OPT-MA-007-03,MA-007,MA-007a,Unable to assess (note reason),,SingleResponse,SR-MA-007-MA-007A,True,30,True,Main Admin Suite,36
OPT-MA-008-01,MA-008,MA-008a,Interior window,1,SingleResponse,SR-MA-008-MA-008A,False,10,True,Main Admin Suite,38
OPT-MA-008-02,MA-008,MA-008b,Sidelight,1,SingleResponse,SR-MA-008-MA-008B,False,20,True,Main Admin Suite,39
OPT-MA-008-03,MA-008,MA-008c,"Door panel (i.e., glass panel in the door)",0,SingleResponse,SR-MA-008-MA-008C,False,30,True,Main Admin Suite,40
OPT-MA-009-01,MA-009,MA-009a,Interior windows and doors with glass can be covered with a single movement,1,SingleResponse,SR-MA-009-MA-009A,False,10,True,Main Admin Suite,42
OPT-MA-009-02,MA-009,MA-009b,Exterior windows and doors with glass can be covered with a single movement,1,SingleResponse,SR-MA-009-MA-009B,False,20,True,Main Admin Suite,43
OPT-MA-009-03,MA-009,MA-009c,Interior door hardware is lockable from inside the space,1,SingleResponse,SR-MA-009-MA-009C,False,30,True,Main Admin Suite,44
OPT-MA-010-01,MA-010,MA-010i,"Resilient flooring (e.g., vinyl, rubber)",,Inventory,INV-MA-010-MA-010I,False,10,True,Main Admin Suite,46
OPT-MA-010-02,MA-010,MA-010i,Terrazzo,,Inventory,INV-MA-010-MA-010I,False,20,True,Main Admin Suite,47
OPT-MA-010-03,MA-010,MA-010i,Polished concrete,,Inventory,INV-MA-010-MA-010I,False,30,True,Main Admin Suite,48
OPT-MA-010-04,MA-010,MA-010i,"Carpet (i.e., not a loose rug)",,Inventory,INV-MA-010-MA-010I,False,40,True,Main Admin Suite,49
OPT-MA-010-05,MA-010,MA-010i,Porcelain tile,,Inventory,INV-MA-010-MA-010I,False,50,True,Main Admin Suite,50
OPT-MA-010-06,MA-010,MA-010i,Unable to assess (note reason),,Inventory,INV-MA-010-MA-010I,True,60,True,Main Admin Suite,51
OPT-MA-011-01,MA-011,MA-011i,PA speaker,,Inventory,INV-MA-011-MA-011I,False,10,True,Main Admin Suite,53
OPT-MA-011-02,MA-011,MA-011i,Synchronous clock,,Inventory,INV-MA-011-MA-011I,False,20,True,Main Admin Suite,54
OPT-PK-002-01,PK-002,PK-002a,Yes,1,SingleResponse,SR-PK-002-PK-002A,False,10,True,PreK,7
OPT-PK-002-02,PK-002,PK-002a,No,0,SingleResponse,SR-PK-002-PK-002A,False,20,True,PreK,8
OPT-PK-002-03,PK-002,PK-002a,Unable to assess (note reason),,SingleResponse,SR-PK-002-PK-002A,True,30,True,PreK,9
OPT-PK-003-01,PK-003,PK-003a,Yes,1,SingleResponse,SR-PK-003-PK-003A,False,10,True,PreK,11
OPT-PK-003-02,PK-003,PK-003a,No,0,SingleResponse,SR-PK-003-PK-003A,False,20,True,PreK,12
OPT-PK-003-03,PK-003,PK-003a,Unable to assess (note reason),,SingleResponse,SR-PK-003-PK-003A,True,30,True,PreK,13
OPT-PK-004-01,PK-004,PK-004a,The studio layout allows students to work outside the primary instructional area,1,SingleResponse,SR-PK-004-PK-004A,False,10,True,PreK,15
OPT-PK-004-02,PK-004,PK-004b,The studio can support multiple learning activities of different group sizes simultaneously,1,SingleResponse,SR-PK-004-PK-004B,False,20,True,PreK,16
OPT-PK-005-01,PK-005,PK-005a,Primary light fixtures are dimmable,1,SingleResponse,SR-PK-005-PK-005A,False,10,True,PreK,18
OPT-PK-005-02,PK-005,PK-005b,Primary light fixtures are LED,1,SingleResponse,SR-PK-005-PK-005B,False,20,True,PreK,19
OPT-PK-006-01,PK-006,PK-006a,"Good - walls are painted in light colors that can enhance daylighting, and accent color is used to reduce monotony",1,SingleResponse,SR-PK-006-PK-006A,False,10,True,PreK,21
OPT-PK-006-02,PK-006,PK-006a,"Fair - walls are painted in light colors that can enhance daylighting, but no accent color is used",0.5,SingleResponse,SR-PK-006-PK-006A,False,20,True,PreK,22
OPT-PK-006-03,PK-006,PK-006a,Poor - walls are painted in dark or monotonous colors,0,SingleResponse,SR-PK-006-PK-006A,False,30,True,PreK,23
OPT-PK-006-04,PK-006,PK-006a,Unable to assess (note reason),,SingleResponse,SR-PK-006-PK-006A,True,40,True,PreK,24
OPT-PK-007-01,PK-007,PK-007a,Yes,1,SingleResponse,SR-PK-007-PK-007A,False,10,True,PreK,26
OPT-PK-007-02,PK-007,PK-007a,No,0,SingleResponse,SR-PK-007-PK-007A,False,20,True,PreK,27
OPT-PK-007-03,PK-007,PK-007a,Unable to assess (note reason),,SingleResponse,SR-PK-007-PK-007A,True,30,True,PreK,28
OPT-PK-008-01,PK-008,PK-008a,"Access to views of the outdoors (e.g., not solely a view of an exterior wall)",1,SingleResponse,SR-PK-008-PK-008A,False,10,True,PreK,30
OPT-PK-008-02,PK-008,PK-008i,Only clerestory windows are provided,,Inventory,INV-PK-008-PK-008I,False,20,True,PreK,31
OPT-PK-009-01,PK-009,PK-009a,Roller shades are provided,1,SingleResponse,SR-PK-009-PK-009A,False,10,True,PreK,33
OPT-PK-009-02,PK-009,PK-009a,Mini-blinds are provided,,SingleResponse,SR-PK-009-PK-009A,False,20,True,PreK,34
OPT-PK-009-03,PK-009,PK-009a,Other (please note),,SingleResponse,SR-PK-009-PK-009A,False,30,True,PreK,35
OPT-PK-009-04,PK-009,PK-009a,No window coverings are provided,,SingleResponse,SR-PK-009-PK-009A,False,40,True,PreK,36
OPT-PK-009-05,PK-009,PK-009a,Unable to assess (note reason),,SingleResponse,SR-PK-009-PK-009A,True,50,True,PreK,37
OPT-PK-010-01,PK-010,PK-010a,None,0,SingleResponse,SR-PK-010-PK-010A,False,10,True,PreK,39
OPT-PK-010-02,PK-010,PK-010a,<4 linear feet,0.25,SingleResponse,SR-PK-010-PK-010A,False,20,True,PreK,40
OPT-PK-010-03,PK-010,PK-010a,4 to <8 linear feet,0.5,SingleResponse,SR-PK-010-PK-010A,False,30,True,PreK,41
OPT-PK-010-04,PK-010,PK-010a,8 to <12 linear feet,0.75,SingleResponse,SR-PK-010-PK-010A,False,40,True,PreK,42
OPT-PK-010-05,PK-010,PK-010a,12+ linear feet,1,SingleResponse,SR-PK-010-PK-010A,False,50,True,PreK,43
OPT-PK-010-06,PK-010,PK-010a,Unable to assess (note reason),,SingleResponse,SR-PK-010-PK-010A,True,60,True,PreK,44
OPT-PK-011-01,PK-011,PK-011i,Tackstrip,,Inventory,INV-PK-011-PK-011I,False,10,True,PreK,46
OPT-PK-011-02,PK-011,PK-011i,Tackboard,,Inventory,INV-PK-011-PK-011I,False,20,True,PreK,47
OPT-PK-011-03,PK-011,PK-011i,Tackwall,,Inventory,INV-PK-011-PK-011I,False,30,True,PreK,48
OPT-PK-011-04,PK-011,PK-011i,Magnetic markerboard,,Inventory,INV-PK-011-PK-011I,False,40,True,PreK,49
OPT-PK-012-01,PK-012,PK-012a,None,0,SingleResponse,SR-PK-012-PK-012A,False,10,True,PreK,51
OPT-PK-012-02,PK-012,PK-012a,<4 linear feet,0.33,SingleResponse,SR-PK-012-PK-012A,False,20,True,PreK,52
OPT-PK-012-03,PK-012,PK-012a,4 to <8 linear feet,0.66,SingleResponse,SR-PK-012-PK-012A,False,30,True,PreK,53
OPT-PK-012-04,PK-012,PK-012a,8+ linear feet,1,SingleResponse,SR-PK-012-PK-012A,False,40,True,PreK,54
OPT-PK-012-05,PK-012,PK-012a,Unable to assess (note reason),,SingleResponse,SR-PK-012-PK-012A,True,50,True,PreK,55
OPT-PK-013-01,PK-013,PK-013a,None,0,SingleResponse,SR-PK-013-PK-013A,False,10,True,PreK,57
OPT-PK-013-02,PK-013,PK-013a,<10 linear feet,0.5,SingleResponse,SR-PK-013-PK-013A,False,20,True,PreK,58
OPT-PK-013-03,PK-013,PK-013a,10+ linear feet,1,SingleResponse,SR-PK-013-PK-013A,False,30,True,PreK,59
OPT-PK-014-01,PK-014,PK-014a,None,0,SingleResponse,SR-PK-014-PK-014A,False,10,True,PreK,61
OPT-PK-014-02,PK-014,PK-014a,<6 linear feet,0.5,SingleResponse,SR-PK-014-PK-014A,False,20,True,PreK,62
OPT-PK-014-03,PK-014,PK-014a,6+ linear feet,1,SingleResponse,SR-PK-014-PK-014A,False,30,True,PreK,63
OPT-PK-015-01,PK-015,PK-015i,Built-in casework is provided,,Inventory,INV-PK-015-PK-015I,False,10,True,PreK,65
OPT-PK-015-02,PK-015,PK-015i,Counter space is provided,,Inventory,INV-PK-015-PK-015I,False,20,True,PreK,66
OPT-PK-015-03,PK-015,PK-015i,Ensuite storage closet is provided,,Inventory,INV-PK-015-PK-015I,False,30,True,PreK,67
OPT-PK-015-04,PK-015,PK-015i,"Furniture-based storage is provided (i.e., shelving or cabinets)",,Inventory,INV-PK-015-PK-015I,False,40,True,PreK,68
OPT-PK-015-05,PK-015,PK-015i,Some or all storage is lockable,,Inventory,INV-PK-015-PK-015I,False,50,True,PreK,69
OPT-PK-016-01,PK-016,PK-016a,Good - storage appears sufficient; the space is organized with little visible clutter,1,SingleResponse,SR-PK-016-PK-016A,False,10,True,PreK,71
OPT-PK-016-02,PK-016,PK-016a,Fair - storage appears mostly sufficient; some clutter or overflow is visible,0.5,SingleResponse,SR-PK-016-PK-016A,False,20,True,PreK,72
OPT-PK-016-03,PK-016,PK-016a,Poor - storage appears insufficient; significant clutter or materials without a home,0,SingleResponse,SR-PK-016-PK-016A,False,30,True,PreK,73
OPT-PK-016-04,PK-016,PK-016a,Unable to assess (note reason),,SingleResponse,SR-PK-016-PK-016A,True,40,True,PreK,74
OPT-PK-017-01,PK-017,PK-017a,0,0,SingleResponse,SR-PK-017-PK-017A,False,10,True,PreK,76
OPT-PK-017-02,PK-017,PK-017a,1-2,0.25,SingleResponse,SR-PK-017-PK-017A,False,20,True,PreK,77
OPT-PK-017-03,PK-017,PK-017a,3-4,0.5,SingleResponse,SR-PK-017-PK-017A,False,30,True,PreK,78
OPT-PK-017-04,PK-017,PK-017a,5-7,0.75,SingleResponse,SR-PK-017-PK-017A,False,40,True,PreK,79
OPT-PK-017-05,PK-017,PK-017a,8+,1,SingleResponse,SR-PK-017-PK-017A,False,50,True,PreK,80
OPT-PK-018-01,PK-018,PK-018a,0,0,SingleResponse,SR-PK-018-PK-018A,False,10,True,PreK,82
OPT-PK-018-02,PK-018,PK-018a,1,0.25,SingleResponse,SR-PK-018-PK-018A,False,20,True,PreK,83
OPT-PK-018-03,PK-018,PK-018a,2,0.5,SingleResponse,SR-PK-018-PK-018A,False,30,True,PreK,84
OPT-PK-018-04,PK-018,PK-018a,3,0.75,SingleResponse,SR-PK-018-PK-018A,False,40,True,PreK,85
OPT-PK-018-05,PK-018,PK-018a,4,1,SingleResponse,SR-PK-018-PK-018A,False,50,True,PreK,86
OPT-PK-019-01,PK-019,PK-019a,0,0,SingleResponse,SR-PK-019-PK-019A,False,10,True,PreK,88
OPT-PK-019-02,PK-019,PK-019a,1,0.25,SingleResponse,SR-PK-019-PK-019A,False,20,True,PreK,89
OPT-PK-019-03,PK-019,PK-019a,2,0.5,SingleResponse,SR-PK-019-PK-019A,False,30,True,PreK,90
OPT-PK-019-04,PK-019,PK-019a,3,0.75,SingleResponse,SR-PK-019-PK-019A,False,40,True,PreK,91
OPT-PK-019-05,PK-019,PK-019a,4,1,SingleResponse,SR-PK-019-PK-019A,False,50,True,PreK,92
OPT-PK-020-01,PK-020,PK-020a,A thermostat is provided that has adjustable temperature controls,1,SingleResponse,SR-PK-020-PK-020A,False,10,True,PreK,94
OPT-PK-020-02,PK-020,PK-020a,A thermostat is provided that does not have adjustable temperature controls,0.5,SingleResponse,SR-PK-020-PK-020A,False,20,True,PreK,95
OPT-PK-020-03,PK-020,PK-020a,Only a temperature sensor is provided,0,SingleResponse,SR-PK-020-PK-020A,False,30,True,PreK,96
OPT-PK-020-04,PK-020,PK-020a,No thermostat or sensor is present in the space,0,SingleResponse,SR-PK-020-PK-020A,False,40,True,PreK,97
OPT-PK-021-01,PK-021,PK-021a,Yes,1,SingleResponse,SR-PK-021-PK-021A,False,10,True,PreK,99
OPT-PK-021-02,PK-021,PK-021a,No,0,SingleResponse,SR-PK-021-PK-021A,False,20,True,PreK,100
OPT-PK-021-03,PK-021,PK-021a,Unable to assess (note reason),,SingleResponse,SR-PK-021-PK-021A,True,30,True,PreK,101
OPT-PK-022-01,PK-022,PK-022i,Interior window,,Inventory,INV-PK-022-PK-022I,False,10,True,PreK,103
OPT-PK-022-02,PK-022,PK-022i,Sidelight,,Inventory,INV-PK-022-PK-022I,False,20,True,PreK,104
OPT-PK-022-03,PK-022,PK-022i,"Door panel (i.e., glass panel in the door)",,Inventory,INV-PK-022-PK-022I,False,30,True,PreK,105
OPT-PK-023-01,PK-023,PK-023a,Interior windows and doors with glass can be covered with a single movement,1,SingleResponse,SR-PK-023-PK-023A,False,10,True,PreK,107
OPT-PK-023-02,PK-023,PK-023b,Exterior windows and doors with glass can be covered with a single movement,1,SingleResponse,SR-PK-023-PK-023B,False,20,True,PreK,108
OPT-PK-023-03,PK-023,PK-023c,There is an area large enough for a full class to easily get out of sight to shelter-in-place (without needing to cover windows or doors with glass),1,SingleResponse,SR-PK-023-PK-023C,False,30,True,PreK,109
OPT-PK-023-04,PK-023,PK-023d,Interior door hardware is lockable from inside the space with a push button or thumb turn lock,1,SingleResponse,SR-PK-023-PK-023D,False,40,True,PreK,110
OPT-PK-024-01,PK-024,PK-024i,Individual student desks,,Inventory,INV-PK-024-PK-024I,False,10,True,PreK,112
OPT-PK-024-02,PK-024,PK-024i,Tables that seat multiple students,,Inventory,INV-PK-024-PK-024I,False,20,True,PreK,113
OPT-PK-024-03,PK-024,PK-024i,Height-adjustable student tables,,Inventory,INV-PK-024-PK-024I,False,30,True,PreK,114
OPT-PK-024-04,PK-024,PK-024i,Standing-height student worksurfaces,,Inventory,INV-PK-024-PK-024I,False,40,True,PreK,115
OPT-PK-024-05,PK-024,PK-024i,"Student desks with attached chair (i.e., combo units)",,Inventory,INV-PK-024-PK-024I,False,50,True,PreK,116
OPT-PK-024-06,PK-024,PK-024i,"Hard seating (e.g., standard chairs, stools)",,Inventory,INV-PK-024-PK-024I,False,60,True,PreK,117
OPT-PK-024-07,PK-024,PK-024i,"Active seating (e.g., wobble stools, rockers)",,Inventory,INV-PK-024-PK-024I,False,70,True,PreK,118
OPT-PK-024-08,PK-024,PK-024i,"Soft seating (e.g., bean bags, floor cushions)",,Inventory,INV-PK-024-PK-024I,False,80,True,PreK,119
OPT-PK-024-09,PK-024,PK-024i,"One or more mobile writing surfaces (i.e., mobile markerboards)",,Inventory,INV-PK-024-PK-024I,False,90,True,PreK,120
OPT-PK-024-10,PK-024,PK-024i,One or more mobile tackboards,,Inventory,INV-PK-024-PK-024I,False,100,True,PreK,121
OPT-PK-024-11,PK-024,PK-024i,One or more mobile monitors,,Inventory,INV-PK-024-PK-024I,False,110,True,PreK,122
OPT-PK-024-12,PK-024,PK-024i,Bookcases,,Inventory,INV-PK-024-PK-024I,False,120,True,PreK,123
OPT-PK-024-13,PK-024,PK-024i,Open cubbies for student belongings,,Inventory,INV-PK-024-PK-024I,False,130,True,PreK,124
OPT-PK-024-14,PK-024,PK-024i,Bin storage for center-based learning,,Inventory,INV-PK-024-PK-024I,False,140,True,PreK,125
OPT-PK-025-01,PK-025,PK-025a,"Most furniture can be moved by students or a single teacher (e.g., casters, lightweight pieces)",1,SingleResponse,SR-PK-025-PK-025A,False,10,True,PreK,127
OPT-PK-025-02,PK-025,PK-025a,"Some furniture is movable, some is heavy or fixed",0.5,SingleResponse,SR-PK-025-PK-025A,False,20,True,PreK,128
OPT-PK-025-03,PK-025,PK-025a,"Most furniture is heavy, fixed, or impractical to move",0,SingleResponse,SR-PK-025-PK-025A,False,30,True,PreK,129
OPT-PK-026-01,PK-026,PK-026a,Varied seating is provided for multiple students across multiple areas of the space,1,SingleResponse,SR-PK-026-PK-026A,False,10,True,PreK,131
OPT-PK-026-02,PK-026,PK-026a,"Limited varied seating is provided (i.e., a single area or only a few students accommodated at a time)",0.5,SingleResponse,SR-PK-026-PK-026A,False,20,True,PreK,132
OPT-PK-026-03,PK-026,PK-026a,No varied seating is provided,0,SingleResponse,SR-PK-026-PK-026A,False,30,True,PreK,133
OPT-PK-026-04,PK-026,PK-026a,Unable to assess (note reason),,SingleResponse,SR-PK-026-PK-026A,True,40,True,PreK,134
OPT-PK-027-01,PK-027,PK-027a,Good - appears relatively new or has minimal wear,1,SingleResponse,SR-PK-027-PK-027A,False,10,True,PreK,136
OPT-PK-027-02,PK-027,PK-027a,"Fair - some furniture is noticeably worn or aging, but all is functional",0.5,SingleResponse,SR-PK-027-PK-027A,False,20,True,PreK,137
OPT-PK-027-03,PK-027,PK-027a,"Poor - some or all furniture is significantly worn, damaged, or not usable",0,SingleResponse,SR-PK-027-PK-027A,False,30,True,PreK,138
OPT-PK-028-01,PK-028,PK-028i,"Resilient flooring (e.g., vinyl, rubber)",,Inventory,INV-PK-028-PK-028I,False,10,True,PreK,140
OPT-PK-028-02,PK-028,PK-028i,Terrazzo,,Inventory,INV-PK-028-PK-028I,False,20,True,PreK,141
OPT-PK-028-03,PK-028,PK-028i,Polished concrete,,Inventory,INV-PK-028-PK-028I,False,30,True,PreK,142
OPT-PK-028-04,PK-028,PK-028i,"Carpet (i.e., not a loose rug)",,Inventory,INV-PK-028-PK-028I,False,40,True,PreK,143
OPT-PK-028-05,PK-028,PK-028i,Unable to assess (note reason),,Inventory,INV-PK-028-PK-028I,True,50,True,PreK,144
OPT-PK-029-01,PK-029,PK-029a,Direct access to a collaboration space,1,SingleResponse,SR-PK-029-PK-029A,False,10,True,PreK,146
OPT-PK-029-02,PK-029,PK-029a,Visibility into a collaboration space only,0.5,SingleResponse,SR-PK-029-PK-029A,False,20,True,PreK,147
OPT-PK-029-03,PK-029,PK-029a,Neither access nor visibility,0,SingleResponse,SR-PK-029-PK-029A,False,30,True,PreK,148
OPT-PK-029-04,PK-029,PK-029a,Unable to assess (note reason),,SingleResponse,SR-PK-029-PK-029A,True,40,True,PreK,149
OPT-PK-030-01,PK-030,PK-030a,Direct access to a small group room,1,SingleResponse,SR-PK-030-PK-030A,False,10,True,PreK,151
OPT-PK-030-02,PK-030,PK-030a,Visibility into a small group room only,0.5,SingleResponse,SR-PK-030-PK-030A,False,20,True,PreK,152
OPT-PK-030-03,PK-030,PK-030a,Neither access nor visibility,0,SingleResponse,SR-PK-030-PK-030A,False,30,True,PreK,153
OPT-PK-030-04,PK-030,PK-030a,Unable to assess (note reason),,SingleResponse,SR-PK-030-PK-030A,True,40,True,PreK,154
OPT-PK-031-01,PK-031,PK-031a,Direct visibility into open collaboration space,1,SingleResponse,SR-PK-031-PK-031A,False,10,True,PreK,156
OPT-PK-031-02,PK-031,PK-031b,Direct visibility into small group room(s),1,SingleResponse,SR-PK-031-PK-031B,False,20,True,PreK,157
OPT-PK-032-01,PK-032,PK-032a,Exterior door within the space,1,SingleResponse,SR-PK-032-PK-032A,False,10,True,PreK,159
OPT-PK-032-02,PK-032,PK-032a,Exterior door directly outside the space,0.5,SingleResponse,SR-PK-032-PK-032A,False,20,True,PreK,160
OPT-PK-032-03,PK-032,PK-032a,Neither,0,SingleResponse,SR-PK-032-PK-032A,False,30,True,PreK,161
OPT-PK-032-04,PK-032,PK-032a,Unable to assess (note reason),,SingleResponse,SR-PK-032-PK-032A,True,40,True,PreK,162
OPT-PK-033-01,PK-033,PK-033a,Ensuite restroom with a Dutch door,1,SingleResponse,SR-PK-033-PK-033A,False,10,True,PreK,164
OPT-PK-033-02,PK-033,PK-033a,Ensuite restroom without a Dutch door,0.75,SingleResponse,SR-PK-033-PK-033A,False,20,True,PreK,165
OPT-PK-033-03,PK-033,PK-033a,Adjacent to the classroom with direct visibility,0.5,SingleResponse,SR-PK-033-PK-033A,False,30,True,PreK,166
OPT-PK-033-04,PK-033,PK-033a,Adjacent to the classroom without direct visibility,0.25,SingleResponse,SR-PK-033-PK-033A,False,40,True,PreK,167
OPT-PK-033-05,PK-033,PK-033a,None,0,SingleResponse,SR-PK-033-PK-033A,False,50,True,PreK,168
OPT-PK-034-01,PK-034,PK-034a,Yes,1,SingleResponse,SR-PK-034-PK-034A,False,10,True,PreK,170
OPT-PK-034-02,PK-034,PK-034a,No,0,SingleResponse,SR-PK-034-PK-034A,False,20,True,PreK,171
OPT-PK-034-03,PK-034,PK-034a,Unable to assess (note reason),,SingleResponse,SR-PK-034-PK-034A,True,30,True,PreK,172
OPT-PK-035-01,PK-035,PK-035i,Sink,,Inventory,INV-PK-035-PK-035I,False,10,True,PreK,174
OPT-PK-035-02,PK-035,PK-035i,PA speaker,,Inventory,INV-PK-035-PK-035I,False,20,True,PreK,175
OPT-PK-035-03,PK-035,PK-035i,Synchronous clock,,Inventory,INV-PK-035-PK-035I,False,30,True,PreK,176
OPT-PK-035-04,PK-035,PK-035i,Step stools,,Inventory,INV-PK-035-PK-035I,False,40,True,PreK,177
OPT-EC-002-01,EC-002,EC-002a,Yes,1,SingleResponse,SR-EC-002-EC-002A,False,10,True,ECSE,7
OPT-EC-002-02,EC-002,EC-002a,No,0,SingleResponse,SR-EC-002-EC-002A,False,20,True,ECSE,8
OPT-EC-002-03,EC-002,EC-002a,Unable to assess (note reason),,SingleResponse,SR-EC-002-EC-002A,True,30,True,ECSE,9
OPT-EC-003-01,EC-003,EC-003a,Yes,1,SingleResponse,SR-EC-003-EC-003A,False,10,True,ECSE,11
OPT-EC-003-02,EC-003,EC-003a,No,0,SingleResponse,SR-EC-003-EC-003A,False,20,True,ECSE,12
OPT-EC-003-03,EC-003,EC-003a,Unable to assess (note reason),,SingleResponse,SR-EC-003-EC-003A,True,30,True,ECSE,13
OPT-EC-004-01,EC-004,EC-004a,The studio layout allows students to work outside the primary instructional area,1,SingleResponse,SR-EC-004-EC-004A,False,10,True,ECSE,15
OPT-EC-004-02,EC-004,EC-004b,The studio can support multiple learning activities of different group sizes simultaneously,1,SingleResponse,SR-EC-004-EC-004B,False,20,True,ECSE,16
OPT-EC-005-01,EC-005,EC-005a,Primary light fixtures are dimmable,1,SingleResponse,SR-EC-005-EC-005A,False,10,True,ECSE,18
OPT-EC-005-02,EC-005,EC-005b,Primary light fixtures are LED,1,SingleResponse,SR-EC-005-EC-005B,False,20,True,ECSE,19
OPT-EC-006-01,EC-006,EC-006a,"Good - walls are painted in light colors that can enhance daylighting, and accent color is used to reduce monotony",1,SingleResponse,SR-EC-006-EC-006A,False,10,True,ECSE,21
OPT-EC-006-02,EC-006,EC-006a,"Fair - walls are painted in light colors that can enhance daylighting, but no accent color is used",0.5,SingleResponse,SR-EC-006-EC-006A,False,20,True,ECSE,22
OPT-EC-006-03,EC-006,EC-006a,Poor - walls are painted in dark or monotonous colors,0,SingleResponse,SR-EC-006-EC-006A,False,30,True,ECSE,23
OPT-EC-006-04,EC-006,EC-006a,Unable to assess (note reason),,SingleResponse,SR-EC-006-EC-006A,True,40,True,ECSE,24
OPT-EC-007-01,EC-007,EC-007a,Yes,1,SingleResponse,SR-EC-007-EC-007A,False,10,True,ECSE,26
OPT-EC-007-02,EC-007,EC-007a,No,0,SingleResponse,SR-EC-007-EC-007A,False,20,True,ECSE,27
OPT-EC-007-03,EC-007,EC-007a,Unable to assess (note reason),,SingleResponse,SR-EC-007-EC-007A,True,30,True,ECSE,28
OPT-EC-008-01,EC-008,EC-008a,"Access to views of the outdoors (e.g., not solely a view of an exterior wall)",1,SingleResponse,SR-EC-008-EC-008A,False,10,True,ECSE,30
OPT-EC-008-02,EC-008,EC-008i,Only clerestory windows are provided,,Inventory,INV-EC-008-EC-008I,False,20,True,ECSE,31
OPT-EC-009-01,EC-009,EC-009a,Roller shades are provided,1,SingleResponse,SR-EC-009-EC-009A,False,10,True,ECSE,33
OPT-EC-009-02,EC-009,EC-009a,Mini-blinds are provided,,SingleResponse,SR-EC-009-EC-009A,False,20,True,ECSE,34
OPT-EC-009-03,EC-009,EC-009a,Other (please note),,SingleResponse,SR-EC-009-EC-009A,False,30,True,ECSE,35
OPT-EC-009-04,EC-009,EC-009a,No window coverings are provided,,SingleResponse,SR-EC-009-EC-009A,False,40,True,ECSE,36
OPT-EC-009-05,EC-009,EC-009a,Unable to assess (note reason),,SingleResponse,SR-EC-009-EC-009A,True,50,True,ECSE,37
OPT-EC-010-01,EC-010,EC-010a,None,0,SingleResponse,SR-EC-010-EC-010A,False,10,True,ECSE,39
OPT-EC-010-02,EC-010,EC-010a,<4 linear feet,0.25,SingleResponse,SR-EC-010-EC-010A,False,20,True,ECSE,40
OPT-EC-010-03,EC-010,EC-010a,4 to <8 linear feet,0.5,SingleResponse,SR-EC-010-EC-010A,False,30,True,ECSE,41
OPT-EC-010-04,EC-010,EC-010a,8 to <12 linear feet,0.75,SingleResponse,SR-EC-010-EC-010A,False,40,True,ECSE,42
OPT-EC-010-05,EC-010,EC-010a,12+ linear feet,1,SingleResponse,SR-EC-010-EC-010A,False,50,True,ECSE,43
OPT-EC-010-06,EC-010,EC-010a,Unable to assess (note reason),,SingleResponse,SR-EC-010-EC-010A,True,60,True,ECSE,44
OPT-EC-011-01,EC-011,EC-011i,Tackstrip,,Inventory,INV-EC-011-EC-011I,False,10,True,ECSE,46
OPT-EC-011-02,EC-011,EC-011i,Tackboard,,Inventory,INV-EC-011-EC-011I,False,20,True,ECSE,47
OPT-EC-011-03,EC-011,EC-011i,Tackwall,,Inventory,INV-EC-011-EC-011I,False,30,True,ECSE,48
OPT-EC-011-04,EC-011,EC-011i,Magnetic markerboard,,Inventory,INV-EC-011-EC-011I,False,40,True,ECSE,49
OPT-EC-012-01,EC-012,EC-012a,None,0,SingleResponse,SR-EC-012-EC-012A,False,10,True,ECSE,51
OPT-EC-012-02,EC-012,EC-012a,<4 linear feet,0.33,SingleResponse,SR-EC-012-EC-012A,False,20,True,ECSE,52
OPT-EC-012-03,EC-012,EC-012a,4 to <8 linear feet,0.66,SingleResponse,SR-EC-012-EC-012A,False,30,True,ECSE,53
OPT-EC-012-04,EC-012,EC-012a,8+ linear feet,1,SingleResponse,SR-EC-012-EC-012A,False,40,True,ECSE,54
OPT-EC-012-05,EC-012,EC-012a,Unable to assess (note reason),,SingleResponse,SR-EC-012-EC-012A,True,50,True,ECSE,55
OPT-EC-013-01,EC-013,EC-013a,None,0,SingleResponse,SR-EC-013-EC-013A,False,10,True,ECSE,57
OPT-EC-013-02,EC-013,EC-013a,<10 linear feet,0.5,SingleResponse,SR-EC-013-EC-013A,False,20,True,ECSE,58
OPT-EC-013-03,EC-013,EC-013a,10+ linear feet,1,SingleResponse,SR-EC-013-EC-013A,False,30,True,ECSE,59
OPT-EC-014-01,EC-014,EC-014a,None,0,SingleResponse,SR-EC-014-EC-014A,False,10,True,ECSE,61
OPT-EC-014-02,EC-014,EC-014a,<6 linear feet,0.5,SingleResponse,SR-EC-014-EC-014A,False,20,True,ECSE,62
OPT-EC-014-03,EC-014,EC-014a,6+ linear feet,1,SingleResponse,SR-EC-014-EC-014A,False,30,True,ECSE,63
OPT-EC-015-01,EC-015,EC-015i,Built-in casework is provided,,Inventory,INV-EC-015-EC-015I,False,10,True,ECSE,65
OPT-EC-015-02,EC-015,EC-015i,Counter space is provided,,Inventory,INV-EC-015-EC-015I,False,20,True,ECSE,66
OPT-EC-015-03,EC-015,EC-015i,Ensuite storage closet is provided,,Inventory,INV-EC-015-EC-015I,False,30,True,ECSE,67
OPT-EC-015-04,EC-015,EC-015i,"Furniture-based storage is provided (i.e., shelving or cabinets)",,Inventory,INV-EC-015-EC-015I,False,40,True,ECSE,68
OPT-EC-015-05,EC-015,EC-015i,Some or all storage is lockable,,Inventory,INV-EC-015-EC-015I,False,50,True,ECSE,69
OPT-EC-016-01,EC-016,EC-016a,Good - storage appears sufficient; the space is organized with little visible clutter,1,SingleResponse,SR-EC-016-EC-016A,False,10,True,ECSE,71
OPT-EC-016-02,EC-016,EC-016a,Fair - storage appears mostly sufficient; some clutter or overflow is visible,0.5,SingleResponse,SR-EC-016-EC-016A,False,20,True,ECSE,72
OPT-EC-016-03,EC-016,EC-016a,Poor - storage appears insufficient; significant clutter or materials without a home,0,SingleResponse,SR-EC-016-EC-016A,False,30,True,ECSE,73
OPT-EC-016-04,EC-016,EC-016a,Unable to assess (note reason),,SingleResponse,SR-EC-016-EC-016A,True,40,True,ECSE,74
OPT-EC-017-01,EC-017,EC-017a,0,0,SingleResponse,SR-EC-017-EC-017A,False,10,True,ECSE,76
OPT-EC-017-02,EC-017,EC-017a,1-2,0.25,SingleResponse,SR-EC-017-EC-017A,False,20,True,ECSE,77
OPT-EC-017-03,EC-017,EC-017a,3-4,0.5,SingleResponse,SR-EC-017-EC-017A,False,30,True,ECSE,78
OPT-EC-017-04,EC-017,EC-017a,5-7,0.75,SingleResponse,SR-EC-017-EC-017A,False,40,True,ECSE,79
OPT-EC-017-05,EC-017,EC-017a,8+,1,SingleResponse,SR-EC-017-EC-017A,False,50,True,ECSE,80
OPT-EC-018-01,EC-018,EC-018a,0,0,SingleResponse,SR-EC-018-EC-018A,False,10,True,ECSE,82
OPT-EC-018-02,EC-018,EC-018a,1,0.25,SingleResponse,SR-EC-018-EC-018A,False,20,True,ECSE,83
OPT-EC-018-03,EC-018,EC-018a,2,0.5,SingleResponse,SR-EC-018-EC-018A,False,30,True,ECSE,84
OPT-EC-018-04,EC-018,EC-018a,3,0.75,SingleResponse,SR-EC-018-EC-018A,False,40,True,ECSE,85
OPT-EC-018-05,EC-018,EC-018a,4,1,SingleResponse,SR-EC-018-EC-018A,False,50,True,ECSE,86
OPT-EC-019-01,EC-019,EC-019a,0,0,SingleResponse,SR-EC-019-EC-019A,False,10,True,ECSE,88
OPT-EC-019-02,EC-019,EC-019a,1,0.25,SingleResponse,SR-EC-019-EC-019A,False,20,True,ECSE,89
OPT-EC-019-03,EC-019,EC-019a,2,0.5,SingleResponse,SR-EC-019-EC-019A,False,30,True,ECSE,90
OPT-EC-019-04,EC-019,EC-019a,3,0.75,SingleResponse,SR-EC-019-EC-019A,False,40,True,ECSE,91
OPT-EC-019-05,EC-019,EC-019a,4,1,SingleResponse,SR-EC-019-EC-019A,False,50,True,ECSE,92
OPT-EC-020-01,EC-020,EC-020a,A thermostat is provided that has adjustable temperature controls,1,SingleResponse,SR-EC-020-EC-020A,False,10,True,ECSE,94
OPT-EC-020-02,EC-020,EC-020a,A thermostat is provided that does not have adjustable temperature controls,0.5,SingleResponse,SR-EC-020-EC-020A,False,20,True,ECSE,95
OPT-EC-020-03,EC-020,EC-020a,Only a temperature sensor is provided,0,SingleResponse,SR-EC-020-EC-020A,False,30,True,ECSE,96
OPT-EC-020-04,EC-020,EC-020a,No thermostat or sensor is present in the space,0,SingleResponse,SR-EC-020-EC-020A,False,40,True,ECSE,97
OPT-EC-021-01,EC-021,EC-021a,Yes,1,SingleResponse,SR-EC-021-EC-021A,False,10,True,ECSE,99
OPT-EC-021-02,EC-021,EC-021a,No,0,SingleResponse,SR-EC-021-EC-021A,False,20,True,ECSE,100
OPT-EC-021-03,EC-021,EC-021a,Unable to assess (note reason),,SingleResponse,SR-EC-021-EC-021A,True,30,True,ECSE,101
OPT-EC-022-01,EC-022,EC-022i,Interior window,,Inventory,INV-EC-022-EC-022I,False,10,True,ECSE,103
OPT-EC-022-02,EC-022,EC-022i,Sidelight,,Inventory,INV-EC-022-EC-022I,False,20,True,ECSE,104
OPT-EC-022-03,EC-022,EC-022i,"Door panel (i.e., glass panel in the door)",,Inventory,INV-EC-022-EC-022I,False,30,True,ECSE,105
OPT-EC-023-01,EC-023,EC-023a,Interior windows and doors with glass can be covered with a single movement,1,SingleResponse,SR-EC-023-EC-023A,False,10,True,ECSE,107
OPT-EC-023-02,EC-023,EC-023b,Exterior windows and doors with glass can be covered with a single movement,1,SingleResponse,SR-EC-023-EC-023B,False,20,True,ECSE,108
OPT-EC-023-03,EC-023,EC-023c,There is an area large enough for a full class to easily get out of sight to shelter-in-place (without needing to cover windows or doors with glass),1,SingleResponse,SR-EC-023-EC-023C,False,30,True,ECSE,109
OPT-EC-023-04,EC-023,EC-023d,Interior door hardware is lockable from inside the space with a push button or thumb turn lock,1,SingleResponse,SR-EC-023-EC-023D,False,40,True,ECSE,110
OPT-EC-024-01,EC-024,EC-024i,Individual student desks,,Inventory,INV-EC-024-EC-024I,False,10,True,ECSE,112
OPT-EC-024-02,EC-024,EC-024i,Tables that seat multiple students,,Inventory,INV-EC-024-EC-024I,False,20,True,ECSE,113
OPT-EC-024-03,EC-024,EC-024i,Height-adjustable student tables,,Inventory,INV-EC-024-EC-024I,False,30,True,ECSE,114
OPT-EC-024-04,EC-024,EC-024i,Standing-height student worksurfaces,,Inventory,INV-EC-024-EC-024I,False,40,True,ECSE,115
OPT-EC-024-05,EC-024,EC-024i,"Student desks with attached chair (i.e., combo units)",,Inventory,INV-EC-024-EC-024I,False,50,True,ECSE,116
OPT-EC-024-06,EC-024,EC-024i,"Hard seating (e.g., standard chairs, stools)",,Inventory,INV-EC-024-EC-024I,False,60,True,ECSE,117
OPT-EC-024-07,EC-024,EC-024i,"Active seating (e.g., wobble stools, rockers)",,Inventory,INV-EC-024-EC-024I,False,70,True,ECSE,118
OPT-EC-024-08,EC-024,EC-024i,"Soft seating (e.g., bean bags, floor cushions)",,Inventory,INV-EC-024-EC-024I,False,80,True,ECSE,119
OPT-EC-024-09,EC-024,EC-024i,"One or more mobile writing surfaces (i.e., mobile markerboards)",,Inventory,INV-EC-024-EC-024I,False,90,True,ECSE,120
OPT-EC-024-10,EC-024,EC-024i,One or more mobile tackboards,,Inventory,INV-EC-024-EC-024I,False,100,True,ECSE,121
OPT-EC-024-11,EC-024,EC-024i,One or more mobile monitors,,Inventory,INV-EC-024-EC-024I,False,110,True,ECSE,122
OPT-EC-025-01,EC-025,EC-025a,"Most furniture can be moved by students or a single teacher (e.g., casters, lightweight pieces)",1,SingleResponse,SR-EC-025-EC-025A,False,10,True,ECSE,124
OPT-EC-025-02,EC-025,EC-025a,"Some furniture is movable, some is heavy or fixed",0.5,SingleResponse,SR-EC-025-EC-025A,False,20,True,ECSE,125
OPT-EC-025-03,EC-025,EC-025a,"Most furniture is heavy, fixed, or impractical to move",0,SingleResponse,SR-EC-025-EC-025A,False,30,True,ECSE,126
OPT-EC-026-01,EC-026,EC-026a,Varied seating is provided for multiple students across multiple areas of the space,1,SingleResponse,SR-EC-026-EC-026A,False,10,True,ECSE,128
OPT-EC-026-02,EC-026,EC-026a,"Limited varied seating is provided (i.e., a single area or only a few students accommodated at a time)",0.5,SingleResponse,SR-EC-026-EC-026A,False,20,True,ECSE,129
OPT-EC-026-03,EC-026,EC-026a,No varied seating is provided,0,SingleResponse,SR-EC-026-EC-026A,False,30,True,ECSE,130
OPT-EC-026-04,EC-026,EC-026a,Unable to assess (note reason),,SingleResponse,SR-EC-026-EC-026A,True,40,True,ECSE,131
OPT-EC-027-01,EC-027,EC-027a,Good - appears relatively new or has minimal wear,1,SingleResponse,SR-EC-027-EC-027A,False,10,True,ECSE,133
OPT-EC-027-02,EC-027,EC-027a,"Fair - some furniture is noticeably worn or aging, but all is functional",0.5,SingleResponse,SR-EC-027-EC-027A,False,20,True,ECSE,134
OPT-EC-027-03,EC-027,EC-027a,"Poor - some or all furniture is significantly worn, damaged, or not usable",0,SingleResponse,SR-EC-027-EC-027A,False,30,True,ECSE,135
OPT-EC-028-01,EC-028,EC-028i,"Resilient flooring (e.g., vinyl, rubber)",,Inventory,INV-EC-028-EC-028I,False,10,True,ECSE,137
OPT-EC-028-02,EC-028,EC-028i,Terrazzo,,Inventory,INV-EC-028-EC-028I,False,20,True,ECSE,138
OPT-EC-028-03,EC-028,EC-028i,Polished concrete,,Inventory,INV-EC-028-EC-028I,False,30,True,ECSE,139
OPT-EC-028-04,EC-028,EC-028i,"Carpet (i.e., not a loose rug)",,Inventory,INV-EC-028-EC-028I,False,40,True,ECSE,140
OPT-EC-028-05,EC-028,EC-028i,Unable to assess (note reason),,Inventory,INV-EC-028-EC-028I,True,50,True,ECSE,141
OPT-EC-029-01,EC-029,EC-029a,Direct access to a collaboration space,1,SingleResponse,SR-EC-029-EC-029A,False,10,True,ECSE,143
OPT-EC-029-02,EC-029,EC-029a,Visibility into a collaboration space only,0.5,SingleResponse,SR-EC-029-EC-029A,False,20,True,ECSE,144
OPT-EC-029-03,EC-029,EC-029a,Neither access nor visibility,0,SingleResponse,SR-EC-029-EC-029A,False,30,True,ECSE,145
OPT-EC-029-04,EC-029,EC-029a,Unable to assess (note reason),,SingleResponse,SR-EC-029-EC-029A,True,40,True,ECSE,146
OPT-EC-030-01,EC-030,EC-030a,Direct access to a small group room,1,SingleResponse,SR-EC-030-EC-030A,False,10,True,ECSE,148
OPT-EC-030-02,EC-030,EC-030a,Visibility into a small group room only,0.5,SingleResponse,SR-EC-030-EC-030A,False,20,True,ECSE,149
OPT-EC-030-03,EC-030,EC-030a,Neither access nor visibility,0,SingleResponse,SR-EC-030-EC-030A,False,30,True,ECSE,150
OPT-EC-030-04,EC-030,EC-030a,Unable to assess (note reason),,SingleResponse,SR-EC-030-EC-030A,True,40,True,ECSE,151
OPT-EC-031-01,EC-031,EC-031a,Direct visibility into open collaboration space,1,SingleResponse,SR-EC-031-EC-031A,False,10,True,ECSE,153
OPT-EC-031-02,EC-031,EC-031b,Direct visibility into small group room(s),1,SingleResponse,SR-EC-031-EC-031B,False,20,True,ECSE,154
OPT-EC-032-01,EC-032,EC-032a,Exterior door within the space,1,SingleResponse,SR-EC-032-EC-032A,False,10,True,ECSE,156
OPT-EC-032-02,EC-032,EC-032a,Exterior door directly outside the space,0.5,SingleResponse,SR-EC-032-EC-032A,False,20,True,ECSE,157
OPT-EC-032-03,EC-032,EC-032a,Neither,0,SingleResponse,SR-EC-032-EC-032A,False,30,True,ECSE,158
OPT-EC-032-04,EC-032,EC-032a,Unable to assess (note reason),,SingleResponse,SR-EC-032-EC-032A,True,40,True,ECSE,159
OPT-EC-033-01,EC-033,EC-033a,Yes,1,SingleResponse,SR-EC-033-EC-033A,False,10,True,ECSE,161
OPT-EC-033-02,EC-033,EC-033a,No,0,SingleResponse,SR-EC-033-EC-033A,False,20,True,ECSE,162
OPT-EC-033-03,EC-033,EC-033a,Unable to assess (note reason),,SingleResponse,SR-EC-033-EC-033A,True,30,True,ECSE,163
OPT-EC-034-01,EC-034,EC-034a,Ensuite restroom,1,SingleResponse,SR-EC-034-EC-034A,False,10,True,ECSE,165
OPT-EC-034-02,EC-034,EC-034a,Adjacent to the classroom with direct visibility,0.66,SingleResponse,SR-EC-034-EC-034A,False,20,True,ECSE,166
OPT-EC-034-03,EC-034,EC-034a,Adjacent to the classroom without direct visibility,0.33,SingleResponse,SR-EC-034-EC-034A,False,30,True,ECSE,167
OPT-EC-034-04,EC-034,EC-034a,None,0,SingleResponse,SR-EC-034-EC-034A,False,40,True,ECSE,168
OPT-EC-035-01,EC-035,EC-035a,Yes,1,SingleResponse,SR-EC-035-EC-035A,False,10,True,ECSE,170
OPT-EC-035-02,EC-035,EC-035a,No,0,SingleResponse,SR-EC-035-EC-035A,False,20,True,ECSE,171
OPT-EC-035-03,EC-035,EC-035a,Unable to assess (note reason),,SingleResponse,SR-EC-035-EC-035A,True,30,True,ECSE,172
OPT-EC-036-01,EC-036,EC-036a,Sink,1,SingleResponse,SR-EC-036-EC-036A,False,10,True,ECSE,174
OPT-EC-036-02,EC-036,EC-036b,Refrigerator,1,SingleResponse,SR-EC-036-EC-036B,False,20,True,ECSE,175
OPT-EC-037-01,EC-037,EC-037i,Laptop storage or charging cart,,Inventory,INV-EC-037-EC-037I,False,10,True,ECSE,177
OPT-EC-037-02,EC-037,EC-037i,PA speaker,,Inventory,INV-EC-037-EC-037I,False,20,True,ECSE,178
OPT-EC-037-03,EC-037,EC-037i,Synchronous clock,,Inventory,INV-EC-037-EC-037I,False,30,True,ECSE,179
OPT-MS-003-01,MS-003,MS-003a,Yes,1,SingleResponse,SR-MS-003-MS-003A,False,10,True,Maker Space,17
OPT-MS-003-02,MS-003,MS-003a,No,0,SingleResponse,SR-MS-003-MS-003A,False,20,True,Maker Space,18
OPT-MS-003-03,MS-003,MS-003a,Unable to assess (note reason),,SingleResponse,SR-MS-003-MS-003A,True,30,True,Maker Space,19
OPT-MS-004-01,MS-004,MS-004a,Primary light fixtures are dimmable,1,SingleResponse,SR-MS-004-MS-004A,False,10,True,Maker Space,21
OPT-MS-004-02,MS-004,MS-004b,Primary light fixtures are LED,1,SingleResponse,SR-MS-004-MS-004B,False,20,True,Maker Space,22
OPT-MS-005-01,MS-005,MS-005a,"Good - walls are painted in light colors that can enhance daylighting, and accent color is used to reduce monotony",1,SingleResponse,SR-MS-005-MS-005A,False,10,True,Maker Space,24
OPT-MS-005-02,MS-005,MS-005a,"Fair - walls are painted in light colors that can enhance daylighting, but no accent color is used",0.5,SingleResponse,SR-MS-005-MS-005A,False,20,True,Maker Space,25
OPT-MS-005-03,MS-005,MS-005a,Poor - walls are painted in dark or monotonous colors,0,SingleResponse,SR-MS-005-MS-005A,False,30,True,Maker Space,26
OPT-MS-005-04,MS-005,MS-005a,Unable to assess (note reason),,SingleResponse,SR-MS-005-MS-005A,True,40,True,Maker Space,27
OPT-MS-006-01,MS-006,MS-006a,Yes,1,SingleResponse,SR-MS-006-MS-006A,False,10,True,Maker Space,29
OPT-MS-006-02,MS-006,MS-006a,No,0,SingleResponse,SR-MS-006-MS-006A,False,20,True,Maker Space,30
OPT-MS-006-03,MS-006,MS-006a,Unable to assess (note reason),,SingleResponse,SR-MS-006-MS-006A,True,30,True,Maker Space,31
OPT-MS-007-01,MS-007,MS-007a,"Access to views of the outdoors (e.g., not solely a view of an exterior wall)",1,SingleResponse,SR-MS-007-MS-007A,False,10,True,Maker Space,33
OPT-MS-007-02,MS-007,MS-007i,Only clerestory windows are provided,,Inventory,INV-MS-007-MS-007I,False,20,True,Maker Space,34
OPT-MS-008-01,MS-008,MS-008a,Roller shades are provided,1,SingleResponse,SR-MS-008-MS-008A,False,10,True,Maker Space,36
OPT-MS-008-02,MS-008,MS-008a,Mini-blinds are provided,0,SingleResponse,SR-MS-008-MS-008A,False,20,True,Maker Space,37
OPT-MS-008-03,MS-008,MS-008a,Other (please note),0,SingleResponse,SR-MS-008-MS-008A,False,30,True,Maker Space,38
OPT-MS-008-04,MS-008,MS-008a,No window coverings are provided,0,SingleResponse,SR-MS-008-MS-008A,False,40,True,Maker Space,39
OPT-MS-008-05,MS-008,MS-008a,Unable to assess (note reason),,SingleResponse,SR-MS-008-MS-008A,True,50,True,Maker Space,40
OPT-MS-009-01,MS-009,MS-009a,None,0,SingleResponse,SR-MS-009-MS-009A,False,10,True,Maker Space,42
OPT-MS-009-02,MS-009,MS-009a,<4 linear feet,0.25,SingleResponse,SR-MS-009-MS-009A,False,20,True,Maker Space,43
OPT-MS-009-03,MS-009,MS-009a,4 to <8 linear feet,0.5,SingleResponse,SR-MS-009-MS-009A,False,30,True,Maker Space,44
OPT-MS-009-04,MS-009,MS-009a,12+ linear feet,1,SingleResponse,SR-MS-009-MS-009A,False,40,True,Maker Space,45
OPT-MS-009-05,MS-009,MS-009a,Unable to assess (note reason),,SingleResponse,SR-MS-009-MS-009A,True,50,True,Maker Space,46
OPT-MS-010-01,MS-010,MS-010a,None,0,SingleResponse,SR-MS-010-MS-010A,False,10,True,Maker Space,48
OPT-MS-010-02,MS-010,MS-010a,<4 linear feet,0.2,SingleResponse,SR-MS-010-MS-010A,False,20,True,Maker Space,49
OPT-MS-010-03,MS-010,MS-010a,4 to <8 linear feet,0.4,SingleResponse,SR-MS-010-MS-010A,False,30,True,Maker Space,50
OPT-MS-010-04,MS-010,MS-010a,8 to <12 linear feet,0.6,SingleResponse,SR-MS-010-MS-010A,False,40,True,Maker Space,51
OPT-MS-010-05,MS-010,MS-010a,12 to <16 linear feet,0.8,SingleResponse,SR-MS-010-MS-010A,False,50,True,Maker Space,52
OPT-MS-010-06,MS-010,MS-010a,16+ linear feet,1,SingleResponse,SR-MS-010-MS-010A,False,60,True,Maker Space,53
OPT-MS-010-07,MS-010,MS-010a,Unable to assess (note reason),,SingleResponse,SR-MS-010-MS-010A,True,70,True,Maker Space,54
OPT-MS-011-01,MS-011,MS-011i,Tackstrip,,Inventory,INV-MS-011-MS-011I,False,10,True,Maker Space,56
OPT-MS-011-02,MS-011,MS-011i,Tackboard,,Inventory,INV-MS-011-MS-011I,False,20,True,Maker Space,57
OPT-MS-011-03,MS-011,MS-011i,Tackwall,,Inventory,INV-MS-011-MS-011I,False,30,True,Maker Space,58
OPT-MS-011-04,MS-011,MS-011i,Magnetic markerboard,,Inventory,INV-MS-011-MS-011I,False,40,True,Maker Space,59
OPT-MS-012-01,MS-012,MS-012a,None,0,SingleResponse,SR-MS-012-MS-012A,False,10,True,Maker Space,61
OPT-MS-012-02,MS-012,MS-012a,<4 linear feet,0.33,SingleResponse,SR-MS-012-MS-012A,False,20,True,Maker Space,62
OPT-MS-012-03,MS-012,MS-012a,4 to <8 linear feet,0.66,SingleResponse,SR-MS-012-MS-012A,False,30,True,Maker Space,63
OPT-MS-012-04,MS-012,MS-012a,8+ linear feet,1,SingleResponse,SR-MS-012-MS-012A,False,40,True,Maker Space,64
OPT-MS-012-05,MS-012,MS-012a,Unable to assess (note reason),,SingleResponse,SR-MS-012-MS-012A,True,50,True,Maker Space,65
OPT-MS-013-01,MS-013,MS-013a,None,0,SingleResponse,SR-MS-013-MS-013A,False,10,True,Maker Space,67
OPT-MS-013-02,MS-013,MS-013a,<10 linear feet,0.5,SingleResponse,SR-MS-013-MS-013A,False,20,True,Maker Space,68
OPT-MS-013-03,MS-013,MS-013a,10+ linear feet,1,SingleResponse,SR-MS-013-MS-013A,False,30,True,Maker Space,69
OPT-MS-014-01,MS-014,MS-014a,None,0,SingleResponse,SR-MS-014-MS-014A,False,10,True,Maker Space,71
OPT-MS-014-02,MS-014,MS-014a,<6 linear feet,0.5,SingleResponse,SR-MS-014-MS-014A,False,20,True,Maker Space,72
OPT-MS-014-03,MS-014,MS-014a,6+ linear feet,1,SingleResponse,SR-MS-014-MS-014A,False,30,True,Maker Space,73
OPT-MS-015-01,MS-015,MS-015a,None,0,SingleResponse,SR-MS-015-MS-015A,False,10,True,Maker Space,75
OPT-MS-015-02,MS-015,MS-015a,<8 linear feet,0.5,SingleResponse,SR-MS-015-MS-015A,False,20,True,Maker Space,76
OPT-MS-015-03,MS-015,MS-015a,8+ linear feet,1,SingleResponse,SR-MS-015-MS-015A,False,30,True,Maker Space,77
OPT-MS-016-01,MS-016,MS-016a,Built-in casework is provided,1,SingleResponse,SR-MS-016-MS-016A,False,10,True,Maker Space,79
OPT-MS-016-02,MS-016,MS-016i,Counter space is provided,,Inventory,INV-MS-016-MS-016I,False,20,True,Maker Space,80
OPT-MS-016-03,MS-016,MS-016i,Ensuite storage closet is provided,,Inventory,INV-MS-016-MS-016I,False,30,True,Maker Space,81
OPT-MS-016-04,MS-016,MS-016b,"Furniture-based storage is provided (i.e., shelving or cabinets)",1,SingleResponse,SR-MS-016-MS-016B,False,40,True,Maker Space,82
OPT-MS-016-05,MS-016,MS-016c,Storage on wheels,1,SingleResponse,SR-MS-016-MS-016C,False,50,True,Maker Space,83
OPT-MS-016-06,MS-016,MS-016i,Some or all storage is lockable,,Inventory,INV-MS-016-MS-016I,False,60,True,Maker Space,84
OPT-MS-016-07,MS-016,MS-016d,Pegboard or equivelent storage for equipment and tools,1,SingleResponse,SR-MS-016-MS-016D,False,70,True,Maker Space,85
OPT-MS-017-01,MS-017,MS-017a,Good - storage appears sufficient; the space is organized with little visible clutter,1,SingleResponse,SR-MS-017-MS-017A,False,10,True,Maker Space,87
OPT-MS-017-02,MS-017,MS-017a,Fair - storage appears mostly sufficient; some clutter or overflow is visible,0.5,SingleResponse,SR-MS-017-MS-017A,False,20,True,Maker Space,88
OPT-MS-017-03,MS-017,MS-017a,Poor - storage appears insufficient; significant clutter or materials without a home,0,SingleResponse,SR-MS-017-MS-017A,False,30,True,Maker Space,89
OPT-MS-017-04,MS-017,MS-017a,Unable to assess (note reason),,SingleResponse,SR-MS-017-MS-017A,True,40,True,Maker Space,90
OPT-MS-018-01,MS-018,MS-018a,0,0,SingleResponse,SR-MS-018-MS-018A,False,10,True,Maker Space,92
OPT-MS-018-02,MS-018,MS-018a,1-2,0.25,SingleResponse,SR-MS-018-MS-018A,False,20,True,Maker Space,93
OPT-MS-018-03,MS-018,MS-018a,3-4,0.5,SingleResponse,SR-MS-018-MS-018A,False,30,True,Maker Space,94
OPT-MS-018-04,MS-018,MS-018a,5-7,0.75,SingleResponse,SR-MS-018-MS-018A,False,40,True,Maker Space,95
OPT-MS-018-05,MS-018,MS-018a,8+,1,SingleResponse,SR-MS-018-MS-018A,False,50,True,Maker Space,96
OPT-MS-019-01,MS-019,MS-019a,0,0,SingleResponse,SR-MS-019-MS-019A,False,10,True,Maker Space,98
OPT-MS-019-02,MS-019,MS-019a,1,0.25,SingleResponse,SR-MS-019-MS-019A,False,20,True,Maker Space,99
OPT-MS-019-03,MS-019,MS-019a,2,0.5,SingleResponse,SR-MS-019-MS-019A,False,30,True,Maker Space,100
OPT-MS-019-04,MS-019,MS-019a,3,0.75,SingleResponse,SR-MS-019-MS-019A,False,40,True,Maker Space,101
OPT-MS-019-05,MS-019,MS-019a,4,1,SingleResponse,SR-MS-019-MS-019A,False,50,True,Maker Space,102
OPT-MS-020-01,MS-020,MS-020a,0,,SingleResponse,SR-MS-020-MS-020A,False,10,True,Maker Space,104
OPT-MS-020-02,MS-020,MS-020a,1,0.25,SingleResponse,SR-MS-020-MS-020A,False,20,True,Maker Space,105
OPT-MS-020-03,MS-020,MS-020a,2,0.5,SingleResponse,SR-MS-020-MS-020A,False,30,True,Maker Space,106
OPT-MS-020-04,MS-020,MS-020a,3,0.75,SingleResponse,SR-MS-020-MS-020A,False,40,True,Maker Space,107
OPT-MS-020-05,MS-020,MS-020a,4,1,SingleResponse,SR-MS-020-MS-020A,False,50,True,Maker Space,108
OPT-MS-021-01,MS-021,MS-021a,A thermostat is provided that has adjustable temperature controls,1,SingleResponse,SR-MS-021-MS-021A,False,10,True,Maker Space,110
OPT-MS-021-02,MS-021,MS-021a,A thermostat is provided that does not have adjustable temperature controls,0.5,SingleResponse,SR-MS-021-MS-021A,False,20,True,Maker Space,111
OPT-MS-021-03,MS-021,MS-021a,Only a temperature sensor is provided,0,SingleResponse,SR-MS-021-MS-021A,False,30,True,Maker Space,112
OPT-MS-021-04,MS-021,MS-021a,No thermostat or sensor is present in the space,0,SingleResponse,SR-MS-021-MS-021A,False,40,True,Maker Space,113
OPT-MS-022-01,MS-022,MS-022a,Yes,1,SingleResponse,SR-MS-022-MS-022A,False,10,True,Maker Space,115
OPT-MS-022-02,MS-022,MS-022a,No,0,SingleResponse,SR-MS-022-MS-022A,False,20,True,Maker Space,116
OPT-MS-022-03,MS-022,MS-022a,Unable to assess (note reason),,SingleResponse,SR-MS-022-MS-022A,True,30,True,Maker Space,117
OPT-MS-023-01,MS-023,MS-023i,Interior window,,Inventory,INV-MS-023-MS-023I,False,10,True,Maker Space,119
OPT-MS-023-02,MS-023,MS-023i,Sidelight,,Inventory,INV-MS-023-MS-023I,False,20,True,Maker Space,120
OPT-MS-023-03,MS-023,MS-023i,"Door panel (i.e., glass panel in the door)",,Inventory,INV-MS-023-MS-023I,False,30,True,Maker Space,121
OPT-MS-024-01,MS-024,MS-024a,Interior windows and doors with glass can be covered with a single movement,1,SingleResponse,SR-MS-024-MS-024A,False,10,True,Maker Space,123
OPT-MS-024-02,MS-024,MS-024b,Exterior windows and doors with glass can be covered with a single movement,1,SingleResponse,SR-MS-024-MS-024B,False,20,True,Maker Space,124
OPT-MS-024-03,MS-024,MS-024c,There is an area large enough for a full class to easily get out of sight to shelter-in-place (without needing to cover windows or doors with glass),1,SingleResponse,SR-MS-024-MS-024C,False,30,True,Maker Space,125
OPT-MS-024-04,MS-024,MS-024d,Interior door hardware is lockable from inside the space with a push button or thumb turn lock,1,SingleResponse,SR-MS-024-MS-024D,False,40,True,Maker Space,126
OPT-MS-025-01,MS-025,MS-025i,Individual student desks,,Inventory,INV-MS-025-MS-025I,False,10,True,Maker Space,128
OPT-MS-025-02,MS-025,MS-025i,Tables that seat multiple students,,Inventory,INV-MS-025-MS-025I,False,20,True,Maker Space,129
OPT-MS-025-03,MS-025,MS-025i,Height-adjustable student tables,,Inventory,INV-MS-025-MS-025I,False,30,True,Maker Space,130
OPT-MS-025-04,MS-025,MS-025i,Standing-height student worksurfaces,,Inventory,INV-MS-025-MS-025I,False,40,True,Maker Space,131
OPT-MS-025-05,MS-025,MS-025i,"Student desks with attached chair (i.e., combo units)",,Inventory,INV-MS-025-MS-025I,False,50,True,Maker Space,132
OPT-MS-025-06,MS-025,MS-025i,"Hard seating (e.g., standard chairs, stools)",,Inventory,INV-MS-025-MS-025I,False,60,True,Maker Space,133
OPT-MS-025-07,MS-025,MS-025i,"Active seating (e.g., wobble stools, rockers)",,Inventory,INV-MS-025-MS-025I,False,70,True,Maker Space,134
OPT-MS-025-08,MS-025,MS-025i,"Soft seating (e.g., bean bags, floor cushions)",,Inventory,INV-MS-025-MS-025I,False,80,True,Maker Space,135
OPT-MS-025-09,MS-025,MS-025i,"One or more mobile writing surfaces (i.e., mobile markerboards)",,Inventory,INV-MS-025-MS-025I,False,90,True,Maker Space,136
OPT-MS-025-10,MS-025,MS-025i,One or more mobile tackboards,,Inventory,INV-MS-025-MS-025I,False,100,True,Maker Space,137
OPT-MS-025-11,MS-025,MS-025i,One or more mobile monitors,,Inventory,INV-MS-025-MS-025I,False,110,True,Maker Space,138
OPT-MS-026-01,MS-026,MS-026a,"Most furniture can be moved by students or a single teacher (e.g., casters, lightweight pieces)",1,SingleResponse,SR-MS-026-MS-026A,False,10,True,Maker Space,140
OPT-MS-026-02,MS-026,MS-026a,"Some furniture is movable, some is heavy or fixed",0.5,SingleResponse,SR-MS-026-MS-026A,False,20,True,Maker Space,141
OPT-MS-026-03,MS-026,MS-026a,"Most furniture is heavy, fixed, or impractical to move",0,SingleResponse,SR-MS-026-MS-026A,False,30,True,Maker Space,142
OPT-MS-027-01,MS-027,MS-027a,Good - appears relatively new or has minimal wear,1,SingleResponse,SR-MS-027-MS-027A,False,10,True,Maker Space,144
OPT-MS-027-02,MS-027,MS-027a,"Fair - some furniture is noticeably worn or aging, but all is functional",0.5,SingleResponse,SR-MS-027-MS-027A,False,20,True,Maker Space,145
OPT-MS-027-03,MS-027,MS-027a,"Poor - some or all furniture is significantly worn, damaged, or not usable",0,SingleResponse,SR-MS-027-MS-027A,False,30,True,Maker Space,146
OPT-MS-028-01,MS-028,MS-028a,"Resilient flooring (e.g., vinyl, rubber)",1,SingleResponse,SR-MS-028-MS-028A,False,10,True,Maker Space,148
OPT-MS-028-02,MS-028,MS-028a,Terrazzo,0,SingleResponse,SR-MS-028-MS-028A,False,20,True,Maker Space,149
OPT-MS-028-03,MS-028,MS-028a,Polished concrete,1,SingleResponse,SR-MS-028-MS-028A,False,30,True,Maker Space,150
OPT-MS-028-04,MS-028,MS-028a,Epoxy,1,SingleResponse,SR-MS-028-MS-028A,False,40,True,Maker Space,151
OPT-MS-028-05,MS-028,MS-028a,Polished concrete,1,SingleResponse,SR-MS-028-MS-028A,False,50,True,Maker Space,152
OPT-MS-028-06,MS-028,MS-028a,"Carpet (i.e., not a loose rug)",0,SingleResponse,SR-MS-028-MS-028A,False,60,True,Maker Space,153
OPT-MS-028-07,MS-028,MS-028a,Unable to assess (note reason),,SingleResponse,SR-MS-028-MS-028A,True,70,True,Maker Space,154
OPT-MS-029-01,MS-029,MS-029a,Direct access to a collaboration space,1,SingleResponse,SR-MS-029-MS-029A,False,10,True,Maker Space,156
OPT-MS-029-02,MS-029,MS-029a,Visibility into a collaboration space only,0.5,SingleResponse,SR-MS-029-MS-029A,False,20,True,Maker Space,157
OPT-MS-029-03,MS-029,MS-029a,Neither access nor visibility,0,SingleResponse,SR-MS-029-MS-029A,False,30,True,Maker Space,158
OPT-MS-029-04,MS-029,MS-029a,Unable to assess (note reason),,SingleResponse,SR-MS-029-MS-029A,True,40,True,Maker Space,159
OPT-MS-030-01,MS-030,MS-030a,"Extra wide opening >42"" (i.e. large single door, garage door, double door)",1,SingleResponse,SR-MS-030-MS-030A,False,10,True,Maker Space,161
OPT-MS-030-02,MS-030,MS-030a,Exterior door within the space,1,SingleResponse,SR-MS-030-MS-030A,False,20,True,Maker Space,162
OPT-MS-030-03,MS-030,MS-030a,Exterior door directly outside the space,0.5,SingleResponse,SR-MS-030-MS-030A,False,30,True,Maker Space,163
OPT-MS-030-04,MS-030,MS-030a,No exterior access,0,SingleResponse,SR-MS-030-MS-030A,False,40,True,Maker Space,164
OPT-MS-030-05,MS-030,MS-030a,Unable to assess (note reason),,SingleResponse,SR-MS-030-MS-030A,True,50,True,Maker Space,165
OPT-MS-031-01,MS-031,MS-031a,"Extra wide opening >42"" (i.e. large single door, garage door, double door)",1,SingleResponse,SR-MS-031-MS-031A,False,10,True,Maker Space,167
OPT-MS-031-02,MS-031,MS-031a,Exterior door within the space,0.66,SingleResponse,SR-MS-031-MS-031A,False,20,True,Maker Space,168
OPT-MS-031-03,MS-031,MS-031a,Exterior door directly outside the space,0.33,SingleResponse,SR-MS-031-MS-031A,False,30,True,Maker Space,169
OPT-MS-031-04,MS-031,MS-031a,No exterior access,0,SingleResponse,SR-MS-031-MS-031A,False,40,True,Maker Space,170
OPT-MS-031-05,MS-031,MS-031a,Unable to assess (note reason),,SingleResponse,SR-MS-031-MS-031A,True,50,True,Maker Space,171
OPT-MS-032-01,MS-032,MS-032i,Laptop storage or charging cart,,Inventory,INV-MS-032-MS-032I,False,10,True,Maker Space,173
OPT-MS-032-02,MS-032,MS-032i,Sink,,Inventory,INV-MS-032-MS-032I,False,20,True,Maker Space,174
OPT-MS-032-03,MS-032,MS-032i,PA speaker,,Inventory,INV-MS-032-MS-032I,False,30,True,Maker Space,175
OPT-MS-033-01,MS-033,MS-033a,Sink,1,SingleResponse,SR-MS-033-MS-033A,False,10,True,Maker Space,177
OPT-MS-033-02,MS-033,MS-033b,Floor Drain,1,SingleResponse,SR-MS-033-MS-033B,False,20,True,Maker Space,178
OPT-MS-033-03,MS-033,MS-033c,Emergency Eye Wash,1,SingleResponse,SR-MS-033-MS-033C,False,30,True,Maker Space,179
OPT-MS-034-01,MS-034,MS-034a,Exterior door within the space,1,SingleResponse,SR-MS-034-MS-034A,False,10,True,Maker Space,181
OPT-MS-034-02,MS-034,MS-034a,Exterior door directly outside the space,0.5,SingleResponse,SR-MS-034-MS-034A,False,20,True,Maker Space,182
OPT-MS-034-03,MS-034,MS-034a,Neither,0,SingleResponse,SR-MS-034-MS-034A,False,30,True,Maker Space,183
OPT-MS-034-04,MS-034,MS-034a,Unable to assess (note reason),,SingleResponse,SR-MS-034-MS-034A,True,40,True,Maker Space,184
OPT-SE-001-01,SE-001,SE-001a,Sensory Motor Lab,1,SingleResponse,SR-SE-001-SE-001A,False,10,True,Special Education,3
OPT-SE-001-02,SE-001,SE-001b,Speech room,1,SingleResponse,SR-SE-001-SE-001B,False,20,True,Special Education,4
OPT-SE-001-03,SE-001,SE-001c,Diagnostician room,1,SingleResponse,SR-SE-001-SE-001C,False,30,True,Special Education,5
OPT-SE-001-04,SE-001,SE-001d,Academic Intervention room,1,SingleResponse,SR-SE-001-SE-001D,False,40,True,Special Education,6
OPT-SE-001-05,SE-001,SE-001e,Conference room,1,SingleResponse,SR-SE-001-SE-001E,False,50,True,Special Education,7
OPT-SE-001-06,SE-001,SE-001f,Washer/dryer,1,SingleResponse,SR-SE-001-SE-001F,False,60,True,Special Education,8
OPT-SE-001-07,SE-001,SE-001g,Equipment storage,1,SingleResponse,SR-SE-001-SE-001G,False,70,True,Special Education,9
OPT-SE-002-01,SE-002,SE-002a,Sensory Motor Lab,1,SingleResponse,SR-SE-002-SE-002A,False,10,True,Special Education,11
OPT-SE-002-02,SE-002,SE-002b,Vocational Lab,1,SingleResponse,SR-SE-002-SE-002B,False,20,True,Special Education,12
OPT-SE-002-03,SE-002,SE-002c,Life Skills Studio,1,SingleResponse,SR-SE-002-SE-002C,False,30,True,Special Education,13
OPT-SE-002-04,SE-002,SE-002d,Speech room,1,SingleResponse,SR-SE-002-SE-002D,False,40,True,Special Education,14
OPT-SE-002-05,SE-002,SE-002e,Diagnostician room,1,SingleResponse,SR-SE-002-SE-002E,False,50,True,Special Education,15
OPT-SE-002-06,SE-002,SE-002f,Academic Intervention room,1,SingleResponse,SR-SE-002-SE-002F,False,60,True,Special Education,16
OPT-SE-002-07,SE-002,SE-002g,Conference room,1,SingleResponse,SR-SE-002-SE-002G,False,70,True,Special Education,17
OPT-SE-002-08,SE-002,SE-002h,Washer/dryer,1,SingleResponse,SR-SE-002-SE-002H,False,80,True,Special Education,18
OPT-SE-002-09,SE-002,SE-002i,Equipment storage,,Inventory,INV-SE-002-SE-002I,False,90,True,Special Education,19
OPT-SE-003-01,SE-003,SE-003a,Sensory Motor Lab,1,SingleResponse,SR-SE-003-SE-003A,False,10,True,Special Education,21
OPT-SE-003-02,SE-003,SE-003b,Vocational Lab,1,SingleResponse,SR-SE-003-SE-003B,False,20,True,Special Education,22
OPT-SE-003-03,SE-003,SE-003c,Life Skills Studio,1,SingleResponse,SR-SE-003-SE-003C,False,30,True,Special Education,23
OPT-SE-003-04,SE-003,SE-003d,Speech room,1,SingleResponse,SR-SE-003-SE-003D,False,40,True,Special Education,24
OPT-SE-003-05,SE-003,SE-003e,Diagnostician room,1,SingleResponse,SR-SE-003-SE-003E,False,50,True,Special Education,25
OPT-SE-003-06,SE-003,SE-003f,Academic Intervention room,1,SingleResponse,SR-SE-003-SE-003F,False,60,True,Special Education,26
OPT-SE-003-07,SE-003,SE-003g,Conference room,1,SingleResponse,SR-SE-003-SE-003G,False,70,True,Special Education,27
OPT-SE-003-08,SE-003,SE-003h,Washer/dryer,1,SingleResponse,SR-SE-003-SE-003H,False,80,True,Special Education,28
OPT-SE-003-09,SE-003,SE-003i,Equipment storage,,Inventory,INV-SE-003-SE-003I,False,90,True,Special Education,29
OPT-SE-003-10,SE-003,SE-003j,Testing room,1,SingleResponse,SR-SE-003-SE-003J,False,100,True,Special Education,30
OPT-SE-004-01,SE-004,SE-004a,Sensory Motor Lab,1,SingleResponse,SR-SE-004-SE-004A,False,10,True,Special Education,32
OPT-SE-004-02,SE-004,SE-004b,Speech room,1,SingleResponse,SR-SE-004-SE-004B,False,20,True,Special Education,33
OPT-SE-004-03,SE-004,SE-004c,Diagnostician room,1,SingleResponse,SR-SE-004-SE-004C,False,30,True,Special Education,34
OPT-SE-004-04,SE-004,SE-004d,Academic Intervention room,1,SingleResponse,SR-SE-004-SE-004D,False,40,True,Special Education,35
OPT-SE-004-05,SE-004,SE-004e,Conference room,1,SingleResponse,SR-SE-004-SE-004E,False,50,True,Special Education,36
OPT-SE-005-01,SE-005,SE-005a,Sensory Motor Lab,1,SingleResponse,SR-SE-005-SE-005A,False,10,True,Special Education,38
OPT-SE-005-02,SE-005,SE-005b,Vocational Lab,1,SingleResponse,SR-SE-005-SE-005B,False,20,True,Special Education,39
OPT-SE-005-03,SE-005,SE-005c,Life Skills Studio,1,SingleResponse,SR-SE-005-SE-005C,False,30,True,Special Education,40
OPT-SE-005-04,SE-005,SE-005d,Speech room,1,SingleResponse,SR-SE-005-SE-005D,False,40,True,Special Education,41
OPT-SE-005-05,SE-005,SE-005e,Diagnostician room,1,SingleResponse,SR-SE-005-SE-005E,False,50,True,Special Education,42
OPT-SE-005-06,SE-005,SE-005f,Academic Intervention room,1,SingleResponse,SR-SE-005-SE-005F,False,60,True,Special Education,43
OPT-SE-005-07,SE-005,SE-005g,Conference room,1,SingleResponse,SR-SE-005-SE-005G,False,70,True,Special Education,44
OPT-SE-006-01,SE-006,SE-006a,Speech room,1,SingleResponse,SR-SE-006-SE-006A,False,10,True,Special Education,46
OPT-SE-006-02,SE-006,SE-006b,Diagnostician room,1,SingleResponse,SR-SE-006-SE-006B,False,20,True,Special Education,47
OPT-SE-006-03,SE-006,SE-006c,Academic Intervention room,1,SingleResponse,SR-SE-006-SE-006C,False,30,True,Special Education,48
OPT-SE-006-04,SE-006,SE-006d,Conference room,1,SingleResponse,SR-SE-006-SE-006D,False,40,True,Special Education,49
OPT-SE-007-01,SE-007,SE-007a,Speech room,1,SingleResponse,SR-SE-007-SE-007A,False,10,True,Special Education,51
OPT-SE-007-02,SE-007,SE-007b,Diagnostician room,1,SingleResponse,SR-SE-007-SE-007B,False,20,True,Special Education,52
OPT-SE-007-03,SE-007,SE-007c,Academic Intervention room,1,SingleResponse,SR-SE-007-SE-007C,False,30,True,Special Education,53
OPT-SE-007-04,SE-007,SE-007d,Conference room,1,SingleResponse,SR-SE-007-SE-007D,False,40,True,Special Education,54
OPT-SN-001-01,SN-001,SN-001a,Yes,1,SingleResponse,SR-SN-001-SN-001A,False,10,True,Special Education,56
OPT-SN-001-02,SN-001,SN-001a,No,0,SingleResponse,SR-SN-001-SN-001A,False,20,True,Special Education,57
OPT-SN-001-03,SN-001,SN-001a,Unable to assess (note reason),,SingleResponse,SR-SN-001-SN-001A,True,30,True,Special Education,58
OPT-SN-002-01,SN-002,SN-002a,Primary light fixtures are dimmable,1,SingleResponse,SR-SN-002-SN-002A,False,10,True,Special Education,60
OPT-SN-002-02,SN-002,SN-002b,Primary light fixtures are LED,1,SingleResponse,SR-SN-002-SN-002B,False,20,True,Special Education,61
OPT-SN-003-01,SN-003,SN-003a,"Good - walls are painted in light colors that can enhance daylighting, and accent color is used to reduce monotony",1,SingleResponse,SR-SN-003-SN-003A,False,10,True,Special Education,63
OPT-SN-003-02,SN-003,SN-003a,"Fair - walls are painted in light colors that can enhance daylighting, but no accent color is used",0.5,SingleResponse,SR-SN-003-SN-003A,False,20,True,Special Education,64
OPT-SN-003-03,SN-003,SN-003a,Poor - walls are painted in dark or monotonous colors,0,SingleResponse,SR-SN-003-SN-003A,False,30,True,Special Education,65
OPT-SN-003-04,SN-003,SN-003a,Unable to assess (note reason),,SingleResponse,SR-SN-003-SN-003A,True,40,True,Special Education,66
OPT-SN-004-01,SN-004,SN-004a,Yes,1,SingleResponse,SR-SN-004-SN-004A,False,10,True,Special Education,68
OPT-SN-004-02,SN-004,SN-004a,No,0,SingleResponse,SR-SN-004-SN-004A,False,20,True,Special Education,69
OPT-SN-004-03,SN-004,SN-004a,Unable to assess (note reason),,SingleResponse,SR-SN-004-SN-004A,True,30,True,Special Education,70
OPT-SN-005-01,SN-005,SN-005a,"Access to views of the outdoors (e.g., not solely an exterior wall)",1,SingleResponse,SR-SN-005-SN-005A,False,10,True,Special Education,72
OPT-SN-005-02,SN-005,SN-005i,Only clerestory windows are provided,,Inventory,INV-SN-005-SN-005I,False,20,True,Special Education,73
OPT-SN-006-01,SN-006,SN-006a,Roller shades are provided,1,SingleResponse,SR-SN-006-SN-006A,False,10,True,Special Education,75
OPT-SN-006-02,SN-006,SN-006a,Mini-blinds are provided,0,SingleResponse,SR-SN-006-SN-006A,False,20,True,Special Education,76
OPT-SN-006-03,SN-006,SN-006a,Other (please note),0,SingleResponse,SR-SN-006-SN-006A,False,30,True,Special Education,77
OPT-SN-006-04,SN-006,SN-006a,No window coverings are provided,0,SingleResponse,SR-SN-006-SN-006A,False,40,True,Special Education,78
OPT-SN-006-05,SN-006,SN-006a,Unable to assess (note reason),,SingleResponse,SR-SN-006-SN-006A,True,50,True,Special Education,79
OPT-SN-007-01,SN-007,SN-007i,Ensuite storage closet is provided,,Inventory,INV-SN-007-SN-007I,False,10,True,Special Education,81
OPT-SN-007-02,SN-007,SN-007i,Adjacent storage closet is provided,,Inventory,INV-SN-007-SN-007I,False,20,True,Special Education,82
OPT-SN-007-03,SN-007,SN-007i,"Furniture-based storage is provided (i.e., shelving or cabinets)",,Inventory,INV-SN-007-SN-007I,False,30,True,Special Education,83
OPT-SN-007-04,SN-007,SN-007i,Some or all storage is lockable,,Inventory,INV-SN-007-SN-007I,False,40,True,Special Education,84
OPT-SN-008-01,SN-008,SN-008a,Good - storage appears sufficient; the space is organized with little visible clutter,1,SingleResponse,SR-SN-008-SN-008A,False,10,True,Special Education,86
OPT-SN-008-02,SN-008,SN-008a,Fair - storage appears mostly sufficient; some clutter or overflow is visible,0.5,SingleResponse,SR-SN-008-SN-008A,False,20,True,Special Education,87
OPT-SN-008-03,SN-008,SN-008a,Poor - storage appears insufficient; significant clutter or materials without a home,0,SingleResponse,SR-SN-008-SN-008A,False,30,True,Special Education,88
OPT-SN-008-04,SN-008,SN-008a,Unable to assess (note reason),,SingleResponse,SR-SN-008-SN-008A,True,40,True,Special Education,89
OPT-SN-009-01,SN-009,SN-009a,0,0,SingleResponse,SR-SN-009-SN-009A,False,10,True,Special Education,91
OPT-SN-009-02,SN-009,SN-009a,1-2,0.25,SingleResponse,SR-SN-009-SN-009A,False,20,True,Special Education,92
OPT-SN-009-03,SN-009,SN-009a,3-4,0.5,SingleResponse,SR-SN-009-SN-009A,False,30,True,Special Education,93
OPT-SN-009-04,SN-009,SN-009a,5-7,0.75,SingleResponse,SR-SN-009-SN-009A,False,40,True,Special Education,94
OPT-SN-009-05,SN-009,SN-009a,8+,1,SingleResponse,SR-SN-009-SN-009A,False,50,True,Special Education,95
OPT-SN-010-01,SN-010,SN-010a,0,0,SingleResponse,SR-SN-010-SN-010A,False,10,True,Special Education,97
OPT-SN-010-02,SN-010,SN-010a,1,0.25,SingleResponse,SR-SN-010-SN-010A,False,20,True,Special Education,98
OPT-SN-010-03,SN-010,SN-010a,2,0.5,SingleResponse,SR-SN-010-SN-010A,False,30,True,Special Education,99
OPT-SN-010-04,SN-010,SN-010a,3,0.75,SingleResponse,SR-SN-010-SN-010A,False,40,True,Special Education,100
OPT-SN-010-05,SN-010,SN-010a,4,1,SingleResponse,SR-SN-010-SN-010A,False,50,True,Special Education,101
OPT-SN-011-01,SN-011,SN-011a,A thermostat is provided that has adjustable temperature controls,1,SingleResponse,SR-SN-011-SN-011A,False,10,True,Special Education,103
OPT-SN-011-02,SN-011,SN-011a,A thermostat is provided that does not have adjustable temperature controls,0.5,SingleResponse,SR-SN-011-SN-011A,False,20,True,Special Education,104
OPT-SN-011-03,SN-011,SN-011a,Only a temperature sensor is provided,0,SingleResponse,SR-SN-011-SN-011A,False,30,True,Special Education,105
OPT-SN-011-04,SN-011,SN-011a,No thermostat or sensor is present in the space,0,SingleResponse,SR-SN-011-SN-011A,False,40,True,Special Education,106
OPT-SN-012-01,SN-012,SN-012a,Yes,1,SingleResponse,SR-SN-012-SN-012A,False,10,True,Special Education,108
OPT-SN-012-02,SN-012,SN-012a,No,0,SingleResponse,SR-SN-012-SN-012A,False,20,True,Special Education,109
OPT-SN-012-03,SN-012,SN-012a,Unable to assess (note reason),,SingleResponse,SR-SN-012-SN-012A,True,30,True,Special Education,110
OPT-SN-013-01,SN-013,SN-013i,Interior window,,Inventory,INV-SN-013-SN-013I,False,10,True,Special Education,112
OPT-SN-013-02,SN-013,SN-013i,Sidelight,,Inventory,INV-SN-013-SN-013I,False,20,True,Special Education,113
OPT-SN-013-03,SN-013,SN-013i,"Door panel (i.e., glass panel in the door)",,Inventory,INV-SN-013-SN-013I,False,30,True,Special Education,114
OPT-SN-014-01,SN-014,SN-014a,Interior windows and doors with glass can be covered with a single movement,1,SingleResponse,SR-SN-014-SN-014A,False,10,True,Special Education,116
OPT-SN-014-02,SN-014,SN-014b,Exterior windows and doors with glass can be covered with a single movement,1,SingleResponse,SR-SN-014-SN-014B,False,20,True,Special Education,117
OPT-SN-014-03,SN-014,SN-014c,There is an area large enough for a full class to easily get out of sight to shelter-in-place (without needing to cover windows or doors with glass),1,SingleResponse,SR-SN-014-SN-014C,False,30,True,Special Education,118
OPT-SN-014-04,SN-014,SN-014d,Interior door hardware is lockable from inside the space with a push button or thumb turn lock,1,SingleResponse,SR-SN-014-SN-014D,False,40,True,Special Education,119
OPT-SN-015-01,SN-015,SN-015i,Light and sound based multimedia equipment,,Inventory,INV-SN-015-SN-015I,False,10,True,Special Education,121
OPT-SN-015-02,SN-015,SN-015i,Mats,,Inventory,INV-SN-015-SN-015I,False,20,True,Special Education,122
OPT-SN-015-03,SN-015,SN-015i,Foam play equipment,,Inventory,INV-SN-015-SN-015I,False,30,True,Special Education,123
OPT-SN-015-04,SN-015,SN-015i,Sensory swings,,Inventory,INV-SN-015-SN-015I,False,40,True,Special Education,124
OPT-SN-015-05,SN-015,SN-015i,Busy boards,,Inventory,INV-SN-015-SN-015I,False,50,True,Special Education,125
OPT-SN-015-06,SN-015,SN-015i,Tricycles,,Inventory,INV-SN-015-SN-015I,False,60,True,Special Education,126
OPT-SN-015-07,SN-015,SN-015i,Balance bars,,Inventory,INV-SN-015-SN-015I,False,70,True,Special Education,127
OPT-SN-016-01,SN-016,SN-016a,Acoustic panel ceiling (ACT),1,SingleResponse,SR-SN-016-SN-016A,False,10,True,Special Education,129
OPT-SN-016-02,SN-016,SN-016b,Acoustic wall panels,1,SingleResponse,SR-SN-016-SN-016B,False,20,True,Special Education,130
OPT-SN-016-03,SN-016,SN-016c,"Floor coverings (e.g., rugs)",1,SingleResponse,SR-SN-016-SN-016C,False,30,True,Special Education,131
OPT-SN-016-04,SN-016,SN-016d,Exposed structure,0,SingleResponse,SR-SN-016-SN-016D,False,40,True,Special Education,132
OPT-SN-017-01,SN-017,SN-017a,"Resilient flooring (e.g., vinyl, rubber)",1,SingleResponse,SR-SN-017-SN-017A,False,10,True,Special Education,134
OPT-SN-017-02,SN-017,SN-017a,Terrazzo,1,SingleResponse,SR-SN-017-SN-017A,False,20,True,Special Education,135
OPT-SN-017-03,SN-017,SN-017a,Polished concrete,1,SingleResponse,SR-SN-017-SN-017A,False,30,True,Special Education,136
OPT-SN-017-04,SN-017,SN-017a,"Carpet (i.e., not a loose rug)",1,SingleResponse,SR-SN-017-SN-017A,False,40,True,Special Education,137
OPT-SN-017-05,SN-017,SN-017a,Other (please note),0,SingleResponse,SR-SN-017-SN-017A,False,50,True,Special Education,138
OPT-SN-017-06,SN-017,SN-017a,Unable to assess (note reason),0,SingleResponse,SR-SN-017-SN-017A,True,60,True,Special Education,139
OPT-SN-018-01,SN-018,SN-018a,Exterior door within the space,1,SingleResponse,SR-SN-018-SN-018A,False,10,True,Special Education,141
OPT-SN-018-02,SN-018,SN-018a,Exterior door directly outside the space,0.5,SingleResponse,SR-SN-018-SN-018A,False,20,True,Special Education,142
OPT-SN-018-03,SN-018,SN-018a,Neither,0,SingleResponse,SR-SN-018-SN-018A,False,30,True,Special Education,143
OPT-SN-018-04,SN-018,SN-018a,Unable to assess (note reason),,SingleResponse,SR-SN-018-SN-018A,True,40,True,Special Education,144
OPT-SN-019-01,SN-019,SN-019a,Yes,1,SingleResponse,SR-SN-019-SN-019A,False,10,True,Special Education,146
OPT-SN-019-02,SN-019,SN-019a,No,0,SingleResponse,SR-SN-019-SN-019A,False,20,True,Special Education,147
OPT-SN-019-03,SN-019,SN-019a,Unable to assess (note reason),,SingleResponse,SR-SN-019-SN-019A,True,30,True,Special Education,148
OPT-LS-001-01,LS-001,LS-001a,Yes,1,SingleResponse,SR-LS-001-LS-001A,False,10,True,Special Education,150
OPT-LS-001-02,LS-001,LS-001a,No,0,SingleResponse,SR-LS-001-LS-001A,False,20,True,Special Education,151
OPT-LS-001-03,LS-001,LS-001a,Unable to assess (note reason),,SingleResponse,SR-LS-001-LS-001A,True,30,True,Special Education,152
OPT-LS-002-01,LS-002,LS-002a,Primary light fixtures are dimmable,1,SingleResponse,SR-LS-002-LS-002A,False,10,True,Special Education,154
OPT-LS-002-02,LS-002,LS-002b,Primary light fixtures are LED,1,SingleResponse,SR-LS-002-LS-002B,False,20,True,Special Education,155
OPT-LS-003-01,LS-003,LS-003a,"Good - walls are painted in light colors that can enhance daylighting, and accent color is used to reduce monotony",1,SingleResponse,SR-LS-003-LS-003A,False,10,True,Special Education,157
OPT-LS-003-02,LS-003,LS-003a,Poor - walls are painted in dark or monotonous colors,0,SingleResponse,SR-LS-003-LS-003A,False,20,True,Special Education,158
OPT-LS-003-03,LS-003,LS-003i,Unable to assess (note reason),,Inventory,INV-LS-003-LS-003I,True,30,True,Special Education,159
OPT-LS-004-01,LS-004,LS-004a,Yes,1,SingleResponse,SR-LS-004-LS-004A,False,10,True,Special Education,161
OPT-LS-004-02,LS-004,LS-004a,No,0,SingleResponse,SR-LS-004-LS-004A,False,20,True,Special Education,162
OPT-LS-004-03,LS-004,LS-004a,Unable to assess (note reason),,SingleResponse,SR-LS-004-LS-004A,True,30,True,Special Education,163
OPT-LS-005-01,LS-005,LS-005a,"Access to views of the outdoors (e.g., not solely an exterior wall)",1,SingleResponse,SR-LS-005-LS-005A,False,10,True,Special Education,165
OPT-LS-005-02,LS-005,LS-005i,Only clerestory windows are provided,,Inventory,INV-LS-005-LS-005I,False,20,True,Special Education,166
OPT-LS-006-01,LS-006,LS-006a,Roller shades are provided,1,SingleResponse,SR-LS-006-LS-006A,False,10,True,Special Education,168
OPT-LS-006-02,LS-006,LS-006a,Mini-blinds are provided,0,SingleResponse,SR-LS-006-LS-006A,False,20,True,Special Education,169
OPT-LS-006-03,LS-006,LS-006a,Other (please note),0,SingleResponse,SR-LS-006-LS-006A,False,30,True,Special Education,170
OPT-LS-006-04,LS-006,LS-006a,No window coverings are provided,0,SingleResponse,SR-LS-006-LS-006A,False,40,True,Special Education,171
OPT-LS-006-05,LS-006,LS-006a,Unable to assess (note reason),,SingleResponse,SR-LS-006-LS-006A,True,50,True,Special Education,172
OPT-LS-007-01,LS-007,LS-007i,Ensuite storage closet is provided,,Inventory,INV-LS-007-LS-007I,False,10,True,Special Education,174
OPT-LS-007-02,LS-007,LS-007i,"Furniture-based storage is provided (i.e., shelving or cabinets)",,Inventory,INV-LS-007-LS-007I,False,20,True,Special Education,175
OPT-LS-007-03,LS-007,LS-007i,Some or all storage is lockable,,Inventory,INV-LS-007-LS-007I,False,30,True,Special Education,176
OPT-LS-008-01,LS-008,LS-008a,Good - storage appears sufficient; the space is organized with little visible clutter,1,SingleResponse,SR-LS-008-LS-008A,False,10,True,Special Education,178
OPT-LS-008-02,LS-008,LS-008a,Fair - storage appears mostly sufficient; some clutter or overflow is visible,0.5,SingleResponse,SR-LS-008-LS-008A,False,20,True,Special Education,179
OPT-LS-008-03,LS-008,LS-008a,Poor - storage appears insufficient; significant clutter or materials without a home,0,SingleResponse,SR-LS-008-LS-008A,False,30,True,Special Education,180
OPT-LS-008-04,LS-008,LS-008a,Unable to assess (note reason),,SingleResponse,SR-LS-008-LS-008A,True,40,True,Special Education,181
OPT-LS-009-01,LS-009,LS-009a,0,0,SingleResponse,SR-LS-009-LS-009A,False,10,True,Special Education,183
OPT-LS-009-02,LS-009,LS-009a,1-2,0.25,SingleResponse,SR-LS-009-LS-009A,False,20,True,Special Education,184
OPT-LS-009-03,LS-009,LS-009a,3-4,0.5,SingleResponse,SR-LS-009-LS-009A,False,30,True,Special Education,185
OPT-LS-009-04,LS-009,LS-009a,5-7,0.75,SingleResponse,SR-LS-009-LS-009A,False,40,True,Special Education,186
OPT-LS-009-05,LS-009,LS-009a,8+,1,SingleResponse,SR-LS-009-LS-009A,False,50,True,Special Education,187
OPT-LS-010-01,LS-010,LS-010a,0,0,SingleResponse,SR-LS-010-LS-010A,False,10,True,Special Education,189
OPT-LS-010-02,LS-010,LS-010a,1,0.25,SingleResponse,SR-LS-010-LS-010A,False,20,True,Special Education,190
OPT-LS-010-03,LS-010,LS-010a,2,0.5,SingleResponse,SR-LS-010-LS-010A,False,30,True,Special Education,191
OPT-LS-010-04,LS-010,LS-010a,3,0.75,SingleResponse,SR-LS-010-LS-010A,False,40,True,Special Education,192
OPT-LS-010-05,LS-010,LS-010a,4,1,SingleResponse,SR-LS-010-LS-010A,False,50,True,Special Education,193
OPT-LS-011-01,LS-011,LS-011a,A thermostat is provided that has adjustable temperature controls,1,SingleResponse,SR-LS-011-LS-011A,False,10,True,Special Education,195
OPT-LS-011-02,LS-011,LS-011a,A thermostat is provided that does not have adjustable temperature controls,0.5,SingleResponse,SR-LS-011-LS-011A,False,20,True,Special Education,196
OPT-LS-011-03,LS-011,LS-011a,Only a temperature sensor is provided,0,SingleResponse,SR-LS-011-LS-011A,False,30,True,Special Education,197
OPT-LS-011-04,LS-011,LS-011a,No thermostat or sensor is present in the space,0,SingleResponse,SR-LS-011-LS-011A,False,40,True,Special Education,198
OPT-LS-012-01,LS-012,LS-012a,Yes,1,SingleResponse,SR-LS-012-LS-012A,False,10,True,Special Education,200
OPT-LS-012-02,LS-012,LS-012a,No,0,SingleResponse,SR-LS-012-LS-012A,False,20,True,Special Education,201
OPT-LS-012-03,LS-012,LS-012a,Unable to assess (note reason),,SingleResponse,SR-LS-012-LS-012A,True,30,True,Special Education,202
OPT-LS-013-01,LS-013,LS-013i,Interior window,,Inventory,INV-LS-013-LS-013I,False,10,True,Special Education,204
OPT-LS-013-02,LS-013,LS-013i,Sidelight,,Inventory,INV-LS-013-LS-013I,False,20,True,Special Education,205
OPT-LS-013-03,LS-013,LS-013i,"Door panel (i.e., glass panel in the door)",,Inventory,INV-LS-013-LS-013I,False,30,True,Special Education,206
OPT-LS-014-01,LS-014,LS-014a,Interior windows and doors with glass can be covered with a single movement,1,SingleResponse,SR-LS-014-LS-014A,False,10,True,Special Education,208
OPT-LS-014-02,LS-014,LS-014b,Exterior windows and doors with glass can be covered with a single movement,1,SingleResponse,SR-LS-014-LS-014B,False,20,True,Special Education,209
OPT-LS-014-03,LS-014,LS-014c,There is an area large enough for a full class to easily get out of sight to shelter-in-place (without needing to cover windows or doors with glass),1,SingleResponse,SR-LS-014-LS-014C,False,30,True,Special Education,210
OPT-LS-014-04,LS-014,LS-014d,Interior door hardware is lockable from inside the space with a push button or thumb turn lock,1,SingleResponse,SR-LS-014-LS-014D,False,40,True,Special Education,211
OPT-LS-015-01,LS-015,LS-015i,Refrigerator,,Inventory,INV-LS-015-LS-015I,False,10,True,Special Education,213
OPT-LS-015-02,LS-015,LS-015i,Microwave,,Inventory,INV-LS-015-LS-015I,False,20,True,Special Education,214
OPT-LS-015-03,LS-015,LS-015i,Oven/Range/Exhaust Hood,,Inventory,INV-LS-015-LS-015I,False,30,True,Special Education,215
OPT-LS-015-04,LS-015,LS-015i,Washer/Dryer,,Inventory,INV-LS-015-LS-015I,False,40,True,Special Education,216
OPT-LS-015-05,LS-015,LS-015i,Modular Island Work Surface,,Inventory,INV-LS-015-LS-015I,False,50,True,Special Education,217
OPT-LS-015-06,LS-015,LS-015i,Sink,,Inventory,INV-LS-015-LS-015I,False,60,True,Special Education,218
OPT-LS-015-07,LS-015,LS-015i,Floor Drain,,Inventory,INV-LS-015-LS-015I,False,70,True,Special Education,219
OPT-LS-016-01,LS-016,LS-016i,Individual student desks,,Inventory,INV-LS-016-LS-016I,False,10,True,Special Education,221
OPT-LS-016-02,LS-016,LS-016i,Tables that seat multiple students,,Inventory,INV-LS-016-LS-016I,False,20,True,Special Education,222
OPT-LS-016-03,LS-016,LS-016i,Height-adjustable student tables,,Inventory,INV-LS-016-LS-016I,False,30,True,Special Education,223
OPT-LS-016-04,LS-016,LS-016i,Standing-height student worksurfaces,,Inventory,INV-LS-016-LS-016I,False,40,True,Special Education,224
OPT-LS-016-05,LS-016,LS-016i,"Hard seating (e.g., standard chairs, stools)",,Inventory,INV-LS-016-LS-016I,False,50,True,Special Education,225
OPT-LS-016-06,LS-016,LS-016i,"Active seating (e.g., wobble stools, rockers)",,Inventory,INV-LS-016-LS-016I,False,60,True,Special Education,226
OPT-LS-016-07,LS-016,LS-016i,"Soft seating (e.g., bean bags, floor cushions)",,Inventory,INV-LS-016-LS-016I,False,70,True,Special Education,227
OPT-LS-016-08,LS-016,LS-016i,"One or more mobile writing surfaces (i.e., mobile markerboards)",,Inventory,INV-LS-016-LS-016I,False,80,True,Special Education,228
OPT-LS-016-09,LS-016,LS-016i,One or more mobile tackboards,,Inventory,INV-LS-016-LS-016I,False,90,True,Special Education,229
OPT-LS-016-10,LS-016,LS-016i,One or more mobile monitors,,Inventory,INV-LS-016-LS-016I,False,100,True,Special Education,230
OPT-LS-017-01,LS-017,LS-017a,"Most furniture can be moved by students or a single teacher (e.g., casters, lightweight pieces)",1,SingleResponse,SR-LS-017-LS-017A,False,10,True,Special Education,232
OPT-LS-017-02,LS-017,LS-017a,"Some furniture is movable, some is heavy or fixed",0.5,SingleResponse,SR-LS-017-LS-017A,False,20,True,Special Education,233
OPT-LS-017-03,LS-017,LS-017a,"Most furniture is heavy, fixed, or impractical to move",0,SingleResponse,SR-LS-017-LS-017A,False,30,True,Special Education,234
OPT-LS-018-01,LS-018,LS-018a,Varied seating is provided for multiple students across multiple areas of the space,1,SingleResponse,SR-LS-018-LS-018A,False,10,True,Special Education,236
OPT-LS-018-02,LS-018,LS-018a,"Limited varied seating is provided (i.e., a single area or only a few students accommodated at a time)",0.5,SingleResponse,SR-LS-018-LS-018A,False,20,True,Special Education,237
OPT-LS-018-03,LS-018,LS-018a,No varied seating is provided,0,SingleResponse,SR-LS-018-LS-018A,False,30,True,Special Education,238
OPT-LS-018-04,LS-018,LS-018a,Unable to assess (note reason),,SingleResponse,SR-LS-018-LS-018A,True,40,True,Special Education,239
OPT-LS-019-01,LS-019,LS-019a,Good - appears relatively new or has minimal wear,1,SingleResponse,SR-LS-019-LS-019A,False,10,True,Special Education,241
OPT-LS-019-02,LS-019,LS-019a,"Fair - some furniture is noticeably worn or aging, but all is functional",0.5,SingleResponse,SR-LS-019-LS-019A,False,20,True,Special Education,242
OPT-LS-019-03,LS-019,LS-019a,"Poor - some or all furniture is significantly worn, damaged, or not usable",0,SingleResponse,SR-LS-019-LS-019A,False,30,True,Special Education,243
OPT-LS-020-01,LS-020,LS-020i,"Resilient flooring (e.g., vinyl, rubber)",,Inventory,INV-LS-020-LS-020I,False,10,True,Special Education,245
OPT-LS-020-02,LS-020,LS-020i,Terrazzo,,Inventory,INV-LS-020-LS-020I,False,20,True,Special Education,246
OPT-LS-020-03,LS-020,LS-020i,Polished concrete,,Inventory,INV-LS-020-LS-020I,False,30,True,Special Education,247
OPT-LS-020-04,LS-020,LS-020i,"Carpet (i.e., not a loose rug)",,Inventory,INV-LS-020-LS-020I,False,40,True,Special Education,248
OPT-LS-020-05,LS-020,LS-020i,Other (please note),,Inventory,INV-LS-020-LS-020I,False,50,True,Special Education,249
OPT-LS-020-06,LS-020,LS-020i,Unable to assess (note reason),,Inventory,INV-LS-020-LS-020I,True,60,True,Special Education,250
OPT-LS-021-01,LS-021,LS-021a,Exterior door within the space,1,SingleResponse,SR-LS-021-LS-021A,False,10,True,Special Education,252
OPT-LS-021-02,LS-021,LS-021a,Exterior door directly outside the space,0.5,SingleResponse,SR-LS-021-LS-021A,False,20,True,Special Education,253
OPT-LS-021-03,LS-021,LS-021a,Neither,0,SingleResponse,SR-LS-021-LS-021A,False,30,True,Special Education,254
OPT-LS-021-04,LS-021,LS-021a,Unable to assess (note reason),,SingleResponse,SR-LS-021-LS-021A,True,40,True,Special Education,255
OPT-LS-022-01,LS-022,LS-022a,Acoustic panel ceiling (ACT),1,SingleResponse,SR-LS-022-LS-022A,False,10,True,Special Education,257
OPT-LS-022-02,LS-022,LS-022b,Acoustic wall panels,1,SingleResponse,SR-LS-022-LS-022B,False,20,True,Special Education,258
OPT-LS-022-03,LS-022,LS-022c,"Floor coverings (e.g., rugs)",1,SingleResponse,SR-LS-022-LS-022C,False,30,True,Special Education,259
OPT-LS-022-04,LS-022,LS-022d,Exposed structure,1,SingleResponse,SR-LS-022-LS-022D,False,40,True,Special Education,260
OPT-LS-023-01,LS-023,LS-023a,None,0,SingleResponse,SR-LS-023-LS-023A,False,10,True,Special Education,262
OPT-LS-023-02,LS-023,LS-023a,<4 linear feet,0.2,SingleResponse,SR-LS-023-LS-023A,False,20,True,Special Education,263
OPT-LS-023-03,LS-023,LS-023a,4 to <8 linear feet,0.4,SingleResponse,SR-LS-023-LS-023A,False,30,True,Special Education,264
OPT-LS-023-04,LS-023,LS-023a,8 to <12 linear feet,0.6,SingleResponse,SR-LS-023-LS-023A,False,40,True,Special Education,265
OPT-LS-023-05,LS-023,LS-023a,12 to <16 linear feet,0.8,SingleResponse,SR-LS-023-LS-023A,False,50,True,Special Education,266
OPT-LS-023-06,LS-023,LS-023a,16+ linear feet,1,SingleResponse,SR-LS-023-LS-023A,False,60,True,Special Education,267
OPT-LS-023-07,LS-023,LS-023a,Unable to assess (note reason),,SingleResponse,SR-LS-023-LS-023A,True,70,True,Special Education,268
OPT-LS-024-01,LS-024,LS-024a,None,0,SingleResponse,SR-LS-024-LS-024A,False,10,True,Special Education,270
OPT-LS-024-02,LS-024,LS-024a,<10 linear feet,0.5,SingleResponse,SR-LS-024-LS-024A,False,20,True,Special Education,271
OPT-LS-024-03,LS-024,LS-024a,10+ linear feet,1,SingleResponse,SR-LS-024-LS-024A,False,30,True,Special Education,272
OPT-LS-025-01,LS-025,LS-025a,None,0,SingleResponse,SR-LS-025-LS-025A,False,10,True,Special Education,274
OPT-LS-025-02,LS-025,LS-025a,<6 linear feet,0.5,SingleResponse,SR-LS-025-LS-025A,False,20,True,Special Education,275
OPT-LS-025-03,LS-025,LS-025a,6+ linear feet,1,SingleResponse,SR-LS-025-LS-025A,False,30,True,Special Education,276
OPT-LS-026-01,LS-026,LS-026a,Yes,1,SingleResponse,SR-LS-026-LS-026A,False,10,True,Special Education,278
OPT-LS-026-02,LS-026,LS-026a,No,0,SingleResponse,SR-LS-026-LS-026A,False,20,True,Special Education,279
OPT-LS-026-03,LS-026,LS-026a,Unable to assess (note reason),,SingleResponse,SR-LS-026-LS-026A,True,30,True,Special Education,280
OPT-LS-027-01,LS-027,LS-027a,Yes,1,SingleResponse,SR-LS-027-LS-027A,False,10,True,Special Education,282
OPT-LS-027-02,LS-027,LS-027a,No,0,SingleResponse,SR-LS-027-LS-027A,False,20,True,Special Education,283
OPT-LS-027-03,LS-027,LS-027a,Unable to assess (note reason),,SingleResponse,SR-LS-027-LS-027A,True,30,True,Special Education,284
OPT-VO-001-01,VO-001,VO-001a,Yes,1,SingleResponse,SR-VO-001-VO-001A,False,10,True,Special Education,286
OPT-VO-001-02,VO-001,VO-001a,No,0,SingleResponse,SR-VO-001-VO-001A,False,20,True,Special Education,287
OPT-VO-001-03,VO-001,VO-001a,Unable to assess (note reason),,SingleResponse,SR-VO-001-VO-001A,True,30,True,Special Education,288
OPT-VO-002-01,VO-002,VO-002a,Primary light fixtures are dimmable,1,SingleResponse,SR-VO-002-VO-002A,False,10,True,Special Education,290
OPT-VO-002-02,VO-002,VO-002b,Primary light fixtures are LED,1,SingleResponse,SR-VO-002-VO-002B,False,20,True,Special Education,291
OPT-VO-003-01,VO-003,VO-003a,"Good - walls are painted in light colors that can enhance daylighting, and accent color is used to reduce monotony",1,SingleResponse,SR-VO-003-VO-003A,False,10,True,Special Education,293
OPT-VO-003-02,VO-003,VO-003a,Poor - walls are painted in dark or monotonous colors,0,SingleResponse,SR-VO-003-VO-003A,False,20,True,Special Education,294
OPT-VO-003-03,VO-003,VO-003i,Unable to assess (note reason),,Inventory,INV-VO-003-VO-003I,True,30,True,Special Education,295
OPT-VO-004-01,VO-004,VO-004a,Yes,1,SingleResponse,SR-VO-004-VO-004A,False,10,True,Special Education,297
OPT-VO-004-02,VO-004,VO-004a,No,0,SingleResponse,SR-VO-004-VO-004A,False,20,True,Special Education,298
OPT-VO-004-03,VO-004,VO-004a,Unable to assess (note reason),,SingleResponse,SR-VO-004-VO-004A,True,30,True,Special Education,299
OPT-VO-005-01,VO-005,VO-005a,"Access to views of the outdoors (e.g., not solely an exterior wall)",1,SingleResponse,SR-VO-005-VO-005A,False,10,True,Special Education,301
OPT-VO-005-02,VO-005,VO-005i,Only clerestory windows are provided,,Inventory,INV-VO-005-VO-005I,False,20,True,Special Education,302
OPT-VO-006-01,VO-006,VO-006a,Roller shades are provided,1,SingleResponse,SR-VO-006-VO-006A,False,10,True,Special Education,304
OPT-VO-006-02,VO-006,VO-006a,Mini-blinds are provided,0,SingleResponse,SR-VO-006-VO-006A,False,20,True,Special Education,305
OPT-VO-006-03,VO-006,VO-006a,Other (please note),0,SingleResponse,SR-VO-006-VO-006A,False,30,True,Special Education,306
OPT-VO-006-04,VO-006,VO-006a,No window coverings are provided,0,SingleResponse,SR-VO-006-VO-006A,False,40,True,Special Education,307
OPT-VO-006-05,VO-006,VO-006a,Unable to assess (note reason),,SingleResponse,SR-VO-006-VO-006A,True,50,True,Special Education,308
OPT-VO-007-01,VO-007,VO-007i,Built-in casework is provided,,Inventory,INV-VO-007-VO-007I,False,10,True,Special Education,310
OPT-VO-007-02,VO-007,VO-007i,Counter space is provided,,Inventory,INV-VO-007-VO-007I,False,20,True,Special Education,311
OPT-VO-007-03,VO-007,VO-007i,Ensuite storage closet is provided,,Inventory,INV-VO-007-VO-007I,False,30,True,Special Education,312
OPT-VO-007-04,VO-007,VO-007i,"Furniture-based storage is provided (i.e., shelving or cabinets)",,Inventory,INV-VO-007-VO-007I,False,40,True,Special Education,313
OPT-VO-007-05,VO-007,VO-007i,Some or all storage is lockable,,Inventory,INV-VO-007-VO-007I,False,50,True,Special Education,314
OPT-VO-008-01,VO-008,VO-008a,Good - storage appears sufficient; the space is organized with little visible clutter,1,SingleResponse,SR-VO-008-VO-008A,False,10,True,Special Education,316
OPT-VO-008-02,VO-008,VO-008a,Fair - storage appears mostly sufficient; some clutter or overflow is visible,0.5,SingleResponse,SR-VO-008-VO-008A,False,20,True,Special Education,317
OPT-VO-008-03,VO-008,VO-008a,Poor - storage appears insufficient; significant clutter or materials without a home,0,SingleResponse,SR-VO-008-VO-008A,False,30,True,Special Education,318
OPT-VO-008-04,VO-008,VO-008a,Unable to assess (note reason),,SingleResponse,SR-VO-008-VO-008A,True,40,True,Special Education,319
OPT-VO-009-01,VO-009,VO-009a,0,0,SingleResponse,SR-VO-009-VO-009A,False,10,True,Special Education,321
OPT-VO-009-02,VO-009,VO-009a,1-2,0.25,SingleResponse,SR-VO-009-VO-009A,False,20,True,Special Education,322
OPT-VO-009-03,VO-009,VO-009a,3-4,0.5,SingleResponse,SR-VO-009-VO-009A,False,30,True,Special Education,323
OPT-VO-009-04,VO-009,VO-009a,5-7,0.75,SingleResponse,SR-VO-009-VO-009A,False,40,True,Special Education,324
OPT-VO-009-05,VO-009,VO-009a,8+,1,SingleResponse,SR-VO-009-VO-009A,False,50,True,Special Education,325
OPT-VO-010-01,VO-010,VO-010a,0,0,SingleResponse,SR-VO-010-VO-010A,False,10,True,Special Education,327
OPT-VO-010-02,VO-010,VO-010a,1,0.25,SingleResponse,SR-VO-010-VO-010A,False,20,True,Special Education,328
OPT-VO-010-03,VO-010,VO-010a,2,0.5,SingleResponse,SR-VO-010-VO-010A,False,30,True,Special Education,329
OPT-VO-010-04,VO-010,VO-010a,3,0.75,SingleResponse,SR-VO-010-VO-010A,False,40,True,Special Education,330
OPT-VO-010-05,VO-010,VO-010a,4,1,SingleResponse,SR-VO-010-VO-010A,False,50,True,Special Education,331
OPT-VO-011-01,VO-011,VO-011a,A thermostat is provided that has adjustable temperature controls,1,SingleResponse,SR-VO-011-VO-011A,False,10,True,Special Education,333
OPT-VO-011-02,VO-011,VO-011a,A thermostat is provided that does not have adjustable temperature controls,0.5,SingleResponse,SR-VO-011-VO-011A,False,20,True,Special Education,334
OPT-VO-011-03,VO-011,VO-011a,Only a temperature sensor is provided,0,SingleResponse,SR-VO-011-VO-011A,False,30,True,Special Education,335
OPT-VO-011-04,VO-011,VO-011a,No thermostat or sensor is present in the space,0,SingleResponse,SR-VO-011-VO-011A,False,40,True,Special Education,336
OPT-VO-012-01,VO-012,VO-012a,Yes,1,SingleResponse,SR-VO-012-VO-012A,False,10,True,Special Education,338
OPT-VO-012-02,VO-012,VO-012a,No,0,SingleResponse,SR-VO-012-VO-012A,False,20,True,Special Education,339
OPT-VO-012-03,VO-012,VO-012a,Unable to assess (note reason),,SingleResponse,SR-VO-012-VO-012A,True,30,True,Special Education,340
OPT-VO-013-01,VO-013,VO-013i,Interior window,,Inventory,INV-VO-013-VO-013I,False,10,True,Special Education,342
OPT-VO-013-02,VO-013,VO-013i,Sidelight,,Inventory,INV-VO-013-VO-013I,False,20,True,Special Education,343
OPT-VO-013-03,VO-013,VO-013i,"Door panel (i.e., glass panel in the door)",,Inventory,INV-VO-013-VO-013I,False,30,True,Special Education,344
OPT-VO-014-01,VO-014,VO-014a,Interior windows and doors with glass can be covered with a single movement,1,SingleResponse,SR-VO-014-VO-014A,False,10,True,Special Education,346
OPT-VO-014-02,VO-014,VO-014b,Exterior windows and doors with glass can be covered with a single movement,1,SingleResponse,SR-VO-014-VO-014B,False,20,True,Special Education,347
OPT-VO-014-03,VO-014,VO-014c,There is an area large enough for a full class to easily get out of sight to shelter-in-place (without needing to cover windows or doors with glass),1,SingleResponse,SR-VO-014-VO-014C,False,30,True,Special Education,348
OPT-VO-014-04,VO-014,VO-014d,Interior door hardware is lockable from inside the space with a push button or thumb turn lock,1,SingleResponse,SR-VO-014-VO-014D,False,40,True,Special Education,349
OPT-VO-015-01,VO-015,VO-015i,Refrigerator,,Inventory,INV-VO-015-VO-015I,False,10,True,Special Education,351
OPT-VO-015-02,VO-015,VO-015i,Microwave,,Inventory,INV-VO-015-VO-015I,False,20,True,Special Education,352
OPT-VO-015-03,VO-015,VO-015i,Oven/Range/Exhaust Hood,,Inventory,INV-VO-015-VO-015I,False,30,True,Special Education,353
OPT-VO-015-04,VO-015,VO-015i,Washer/Dryer,,Inventory,INV-VO-015-VO-015I,False,40,True,Special Education,354
OPT-VO-015-05,VO-015,VO-015i,Sink,,Inventory,INV-VO-015-VO-015I,False,50,True,Special Education,355
OPT-VO-015-06,VO-015,VO-015i,Floor Drain,,Inventory,INV-VO-015-VO-015I,False,60,True,Special Education,356
OPT-VO-015-07,VO-015,VO-015i,Utility Sink,,Inventory,INV-VO-015-VO-015I,False,70,True,Special Education,357
OPT-VO-015-08,VO-015,VO-015i,Public Address speaker,,Inventory,INV-VO-015-VO-015I,False,80,True,Special Education,358
OPT-VO-015-09,VO-015,VO-015i,Clock,,Inventory,INV-VO-015-VO-015I,False,90,True,Special Education,359
OPT-VO-015-10,VO-015,VO-015i,Modular Island Work Surface,,Inventory,INV-VO-015-VO-015I,False,100,True,Special Education,360
OPT-VO-015-11,VO-015,VO-015i,2+ cooking stations,,Inventory,INV-VO-015-VO-015I,False,110,True,Special Education,361
OPT-VO-016-01,VO-016,VO-016i,Individual student desks,,Inventory,INV-VO-016-VO-016I,False,10,True,Special Education,363
OPT-VO-016-02,VO-016,VO-016i,Tables that seat multiple students,,Inventory,INV-VO-016-VO-016I,False,20,True,Special Education,364
OPT-VO-016-03,VO-016,VO-016i,Height-adjustable student tables,,Inventory,INV-VO-016-VO-016I,False,30,True,Special Education,365
OPT-VO-016-04,VO-016,VO-016i,"Student desks with attached chair (i.e., combo units)",,Inventory,INV-VO-016-VO-016I,False,40,True,Special Education,366
OPT-VO-016-05,VO-016,VO-016i,"Hard seating (e.g., standard chairs, stools)",,Inventory,INV-VO-016-VO-016I,False,50,True,Special Education,367
OPT-VO-016-06,VO-016,VO-016i,"Active seating (e.g., wobble stools, rockers)",,Inventory,INV-VO-016-VO-016I,False,60,True,Special Education,368
OPT-VO-016-07,VO-016,VO-016i,"Soft seating (e.g., bean bags, floor cushions)",,Inventory,INV-VO-016-VO-016I,False,70,True,Special Education,369
OPT-VO-016-08,VO-016,VO-016i,"One or more mobile writing surfaces (i.e., mobile markerboards)",,Inventory,INV-VO-016-VO-016I,False,80,True,Special Education,370
OPT-VO-016-09,VO-016,VO-016i,One or more mobile tackboards,,Inventory,INV-VO-016-VO-016I,False,90,True,Special Education,371
OPT-VO-016-10,VO-016,VO-016i,One or more mobile monitors,,Inventory,INV-VO-016-VO-016I,False,100,True,Special Education,372
OPT-VO-017-01,VO-017,VO-017a,"Most furniture can be moved by students or a single teacher (e.g., casters, lightweight pieces)",1,SingleResponse,SR-VO-017-VO-017A,False,10,True,Special Education,374
OPT-VO-017-02,VO-017,VO-017a,"Some furniture is movable, some is heavy or fixed",0.5,SingleResponse,SR-VO-017-VO-017A,False,20,True,Special Education,375
OPT-VO-017-03,VO-017,VO-017a,"Most furniture is heavy, fixed, or impractical to move",0,SingleResponse,SR-VO-017-VO-017A,False,30,True,Special Education,376
OPT-VO-018-01,VO-018,VO-018a,Varied seating is provided for multiple students across multiple areas of the space,1,SingleResponse,SR-VO-018-VO-018A,False,10,True,Special Education,378
OPT-VO-018-02,VO-018,VO-018a,"Limited varied seating is provided (i.e., a single area or only a few students accommodated at a time)",0.5,SingleResponse,SR-VO-018-VO-018A,False,20,True,Special Education,379
OPT-VO-018-03,VO-018,VO-018a,No varied seating is provided,0,SingleResponse,SR-VO-018-VO-018A,False,30,True,Special Education,380
OPT-VO-018-04,VO-018,VO-018a,Unable to assess (note reason),,SingleResponse,SR-VO-018-VO-018A,True,40,True,Special Education,381
OPT-VO-019-01,VO-019,VO-019a,Good - appears relatively new or has minimal wear,1,SingleResponse,SR-VO-019-VO-019A,False,10,True,Special Education,383
OPT-VO-019-02,VO-019,VO-019a,"Fair - some furniture is noticeably worn or aging, but all is functional",0.5,SingleResponse,SR-VO-019-VO-019A,False,20,True,Special Education,384
OPT-VO-019-03,VO-019,VO-019a,"Poor - some or all furniture is significantly worn, damaged, or not usable",0,SingleResponse,SR-VO-019-VO-019A,False,30,True,Special Education,385
OPT-VO-020-01,VO-020,VO-020i,"Resilient flooring (e.g., vinyl, rubber)",,Inventory,INV-VO-020-VO-020I,False,10,True,Special Education,387
OPT-VO-020-02,VO-020,VO-020i,Porcelain tile,,Inventory,INV-VO-020-VO-020I,False,20,True,Special Education,388
OPT-VO-020-03,VO-020,VO-020i,Terrazzo,,Inventory,INV-VO-020-VO-020I,False,30,True,Special Education,389
OPT-VO-020-04,VO-020,VO-020i,Polished concrete,,Inventory,INV-VO-020-VO-020I,False,40,True,Special Education,390
OPT-VO-020-05,VO-020,VO-020i,"Carpet (i.e., not a loose rug)",,Inventory,INV-VO-020-VO-020I,False,50,True,Special Education,391
OPT-VO-020-06,VO-020,VO-020i,Epoxy,,Inventory,INV-VO-020-VO-020I,False,60,True,Special Education,392
OPT-VO-020-07,VO-020,VO-020i,Unable to assess (note reason),,Inventory,INV-VO-020-VO-020I,True,70,True,Special Education,393
OPT-VO-021-01,VO-021,VO-021a,Exterior door within the space,1,SingleResponse,SR-VO-021-VO-021A,False,10,True,Special Education,395
OPT-VO-021-02,VO-021,VO-021a,Exterior door directly outside the space,0.5,SingleResponse,SR-VO-021-VO-021A,False,20,True,Special Education,396
OPT-VO-021-03,VO-021,VO-021a,Neither,0,SingleResponse,SR-VO-021-VO-021A,False,30,True,Special Education,397
OPT-VO-021-04,VO-021,VO-021a,Unable to assess (note reason),,SingleResponse,SR-VO-021-VO-021A,True,40,True,Special Education,398
OPT-VO-022-01,VO-022,VO-022a,Acoustic panel ceiling (ACT),1,SingleResponse,SR-VO-022-VO-022A,False,10,True,Special Education,400
OPT-VO-022-02,VO-022,VO-022b,Acoustic wall panels,1,SingleResponse,SR-VO-022-VO-022B,False,20,True,Special Education,401
OPT-VO-022-03,VO-022,VO-022c,"Floor coverings (e.g., rugs)",1,SingleResponse,SR-VO-022-VO-022C,False,30,True,Special Education,402
OPT-VO-022-04,VO-022,VO-022d,Exposed structure,1,SingleResponse,SR-VO-022-VO-022D,False,40,True,Special Education,403
OPT-VO-023-01,VO-023,VO-023a,None,0,SingleResponse,SR-VO-023-VO-023A,False,10,True,Special Education,405
OPT-VO-023-02,VO-023,VO-023a,<4 linear feet,0.2,SingleResponse,SR-VO-023-VO-023A,False,20,True,Special Education,406
OPT-VO-023-03,VO-023,VO-023a,4 to <8 linear feet,0.4,SingleResponse,SR-VO-023-VO-023A,False,30,True,Special Education,407
OPT-VO-023-04,VO-023,VO-023a,8 to <12 linear feet,0.6,SingleResponse,SR-VO-023-VO-023A,False,40,True,Special Education,408
OPT-VO-023-05,VO-023,VO-023a,12 to <16 linear feet,0.8,SingleResponse,SR-VO-023-VO-023A,False,50,True,Special Education,409
OPT-VO-023-06,VO-023,VO-023a,16+ linear feet,1,SingleResponse,SR-VO-023-VO-023A,False,60,True,Special Education,410
OPT-VO-023-07,VO-023,VO-023a,Unable to assess (note reason),,SingleResponse,SR-VO-023-VO-023A,True,70,True,Special Education,411
OPT-VO-024-01,VO-024,VO-024a,None,0,SingleResponse,SR-VO-024-VO-024A,False,10,True,Special Education,413
OPT-VO-024-02,VO-024,VO-024a,<4 linear feet,0.33,SingleResponse,SR-VO-024-VO-024A,False,20,True,Special Education,414
OPT-VO-024-03,VO-024,VO-024a,4 to <8 linear feet,0.66,SingleResponse,SR-VO-024-VO-024A,False,30,True,Special Education,415
OPT-VO-024-04,VO-024,VO-024a,8+ linear feet,1,SingleResponse,SR-VO-024-VO-024A,False,40,True,Special Education,416
OPT-VO-024-05,VO-024,VO-024a,Unable to assess (note reason),,SingleResponse,SR-VO-024-VO-024A,True,50,True,Special Education,417
OPT-VO-025-01,VO-025,VO-025a,Life Skills Studio is within close proximity,1,SingleResponse,SR-VO-025-VO-025A,False,10,True,Special Education,419
OPT-VO-025-02,VO-025,VO-025b,SPED Flex Studio is within close proximity,1,SingleResponse,SR-VO-025-VO-025B,False,20,True,Special Education,420
OPT-SP-002-01,SP-002,SP-002a,Yes,1,SingleResponse,SR-SP-002-SP-002A,False,10,True,Special Education,426
OPT-SP-002-02,SP-002,SP-002a,No,0,SingleResponse,SR-SP-002-SP-002A,False,20,True,Special Education,427
OPT-SP-002-03,SP-002,SP-002a,Unable to assess (note reason),,SingleResponse,SR-SP-002-SP-002A,True,30,True,Special Education,428
OPT-SP-003-01,SP-003,SP-003a,Primary light fixtures are dimmable,1,SingleResponse,SR-SP-003-SP-003A,False,10,True,Special Education,430
OPT-SP-003-02,SP-003,SP-003b,Primary light fixtures are LED,1,SingleResponse,SR-SP-003-SP-003B,False,20,True,Special Education,431
OPT-SP-004-01,SP-004,SP-004a,"Good - walls are painted in light colors that can enhance daylighting, and accent color is used to reduce monotony",1,SingleResponse,SR-SP-004-SP-004A,False,10,True,Special Education,433
OPT-SP-004-02,SP-004,SP-004a,Poor - walls are painted in dark or monotonous colors,0,SingleResponse,SR-SP-004-SP-004A,False,20,True,Special Education,434
OPT-SP-004-03,SP-004,SP-004i,Unable to assess (note reason),,Inventory,INV-SP-004-SP-004I,True,30,True,Special Education,435
OPT-SP-005-01,SP-005,SP-005a,Yes,1,SingleResponse,SR-SP-005-SP-005A,False,10,True,Special Education,437
OPT-SP-005-02,SP-005,SP-005a,No,0,SingleResponse,SR-SP-005-SP-005A,False,20,True,Special Education,438
OPT-SP-005-03,SP-005,SP-005a,Unable to assess (note reason),,SingleResponse,SR-SP-005-SP-005A,True,30,True,Special Education,439
OPT-SP-006-01,SP-006,SP-006a,"Access to views of the outdoors (e.g., not solely an exterior wall)",1,SingleResponse,SR-SP-006-SP-006A,False,10,True,Special Education,441
OPT-SP-006-02,SP-006,SP-006i,Only clerestory windows are provided,,Inventory,INV-SP-006-SP-006I,False,20,True,Special Education,442
OPT-SP-007-01,SP-007,SP-007a,Roller shades are provided,1,SingleResponse,SR-SP-007-SP-007A,False,10,True,Special Education,444
OPT-SP-007-02,SP-007,SP-007a,Mini-blinds are provided,0,SingleResponse,SR-SP-007-SP-007A,False,20,True,Special Education,445
OPT-SP-007-03,SP-007,SP-007a,Other (please note),0,SingleResponse,SR-SP-007-SP-007A,False,30,True,Special Education,446
OPT-SP-007-04,SP-007,SP-007a,No window coverings are provided,0,SingleResponse,SR-SP-007-SP-007A,False,40,True,Special Education,447
OPT-SP-007-05,SP-007,SP-007a,Unable to assess (note reason),,SingleResponse,SR-SP-007-SP-007A,True,50,True,Special Education,448
OPT-SP-008-01,SP-008,SP-008i,Ensuite storage closet is provided,,Inventory,INV-SP-008-SP-008I,False,10,True,Special Education,450
OPT-SP-008-02,SP-008,SP-008i,"Furniture-based storage is provided (i.e., shelving or cabinets)",,Inventory,INV-SP-008-SP-008I,False,20,True,Special Education,451
OPT-SP-008-03,SP-008,SP-008i,Some or all storage is lockable,,Inventory,INV-SP-008-SP-008I,False,30,True,Special Education,452
OPT-SP-009-01,SP-009,SP-009a,Good - storage appears sufficient; the space is organized with little visible clutter,1,SingleResponse,SR-SP-009-SP-009A,False,10,True,Special Education,454
OPT-SP-009-02,SP-009,SP-009a,Fair - storage appears mostly sufficient; some clutter or overflow is visible,0.5,SingleResponse,SR-SP-009-SP-009A,False,20,True,Special Education,455
OPT-SP-009-03,SP-009,SP-009a,Poor - storage appears insufficient; significant clutter or materials without a home,0,SingleResponse,SR-SP-009-SP-009A,False,30,True,Special Education,456
OPT-SP-009-04,SP-009,SP-009a,Unable to assess (note reason),,SingleResponse,SR-SP-009-SP-009A,True,40,True,Special Education,457
OPT-SP-010-01,SP-010,SP-010a,0,0,SingleResponse,SR-SP-010-SP-010A,False,10,True,Special Education,459
OPT-SP-010-02,SP-010,SP-010a,1-2,0.25,SingleResponse,SR-SP-010-SP-010A,False,20,True,Special Education,460
OPT-SP-010-03,SP-010,SP-010a,3-4,0.5,SingleResponse,SR-SP-010-SP-010A,False,30,True,Special Education,461
OPT-SP-010-04,SP-010,SP-010a,5-7,0.75,SingleResponse,SR-SP-010-SP-010A,False,40,True,Special Education,462
OPT-SP-010-05,SP-010,SP-010a,8+,1,SingleResponse,SR-SP-010-SP-010A,False,50,True,Special Education,463
OPT-SP-011-01,SP-011,SP-011a,0,0,SingleResponse,SR-SP-011-SP-011A,False,10,True,Special Education,465
OPT-SP-011-02,SP-011,SP-011a,1,0.25,SingleResponse,SR-SP-011-SP-011A,False,20,True,Special Education,466
OPT-SP-011-03,SP-011,SP-011a,2,0.5,SingleResponse,SR-SP-011-SP-011A,False,30,True,Special Education,467
OPT-SP-011-04,SP-011,SP-011a,3,0.75,SingleResponse,SR-SP-011-SP-011A,False,40,True,Special Education,468
OPT-SP-011-05,SP-011,SP-011a,4,1,SingleResponse,SR-SP-011-SP-011A,False,50,True,Special Education,469
OPT-SP-012-01,SP-012,SP-012a,A thermostat is provided that has adjustable temperature controls,1,SingleResponse,SR-SP-012-SP-012A,False,10,True,Special Education,471
OPT-SP-012-02,SP-012,SP-012a,A thermostat is provided that does not have adjustable temperature controls,0.5,SingleResponse,SR-SP-012-SP-012A,False,20,True,Special Education,472
OPT-SP-012-03,SP-012,SP-012a,Only a temperature sensor is provided,0,SingleResponse,SR-SP-012-SP-012A,False,30,True,Special Education,473
OPT-SP-012-04,SP-012,SP-012a,No thermostat or sensor is present in the space,0,SingleResponse,SR-SP-012-SP-012A,False,40,True,Special Education,474
OPT-SP-013-01,SP-013,SP-013a,Yes,1,SingleResponse,SR-SP-013-SP-013A,False,10,True,Special Education,476
OPT-SP-013-02,SP-013,SP-013a,No,0,SingleResponse,SR-SP-013-SP-013A,False,20,True,Special Education,477
OPT-SP-013-03,SP-013,SP-013a,Unable to assess (note reason),,SingleResponse,SR-SP-013-SP-013A,True,30,True,Special Education,478
OPT-SP-014-01,SP-014,SP-014i,Interior window,,Inventory,INV-SP-014-SP-014I,False,10,True,Special Education,480
OPT-SP-014-02,SP-014,SP-014i,Sidelight,,Inventory,INV-SP-014-SP-014I,False,20,True,Special Education,481
OPT-SP-014-03,SP-014,SP-014i,"Door panel (i.e., glass panel in the door)",,Inventory,INV-SP-014-SP-014I,False,30,True,Special Education,482
OPT-SP-015-01,SP-015,SP-015a,Interior windows and doors with glass can be covered with a single movement,1,SingleResponse,SR-SP-015-SP-015A,False,10,True,Special Education,484
OPT-SP-015-02,SP-015,SP-015b,Exterior windows and doors with glass can be covered with a single movement,1,SingleResponse,SR-SP-015-SP-015B,False,20,True,Special Education,485
OPT-SP-015-03,SP-015,SP-015c,There is an area large enough for a full class to easily get out of sight to shelter-in-place (without needing to cover windows or doors with glass),1,SingleResponse,SR-SP-015-SP-015C,False,30,True,Special Education,486
OPT-SP-015-04,SP-015,SP-015d,Interior door hardware is lockable from inside the space with a push button or thumb turn lock,1,SingleResponse,SR-SP-015-SP-015D,False,40,True,Special Education,487
OPT-SP-016-01,SP-016,SP-016i,Individual student desks,,Inventory,INV-SP-016-SP-016I,False,10,True,Special Education,489
OPT-SP-016-02,SP-016,SP-016i,Tables that seat multiple students,,Inventory,INV-SP-016-SP-016I,False,20,True,Special Education,490
OPT-SP-016-03,SP-016,SP-016i,Height-adjustable student tables,,Inventory,INV-SP-016-SP-016I,False,30,True,Special Education,491
OPT-SP-016-04,SP-016,SP-016i,"Student desks with attached chair (i.e., combo units)",,Inventory,INV-SP-016-SP-016I,False,40,True,Special Education,492
OPT-SP-016-05,SP-016,SP-016i,"Hard seating (e.g., standard chairs, stools)",,Inventory,INV-SP-016-SP-016I,False,50,True,Special Education,493
OPT-SP-016-06,SP-016,SP-016i,"Active seating (e.g., wobble stools, rockers)",,Inventory,INV-SP-016-SP-016I,False,60,True,Special Education,494
OPT-SP-016-07,SP-016,SP-016i,"Soft seating (e.g., bean bags, floor cushions)",,Inventory,INV-SP-016-SP-016I,False,70,True,Special Education,495
OPT-SP-016-08,SP-016,SP-016i,"One or more mobile writing surfaces (i.e., mobile markerboards)",,Inventory,INV-SP-016-SP-016I,False,80,True,Special Education,496
OPT-SP-016-09,SP-016,SP-016i,One or more mobile tackboards,,Inventory,INV-SP-016-SP-016I,False,90,True,Special Education,497
OPT-SP-016-10,SP-016,SP-016i,One or more mobile monitors,,Inventory,INV-SP-016-SP-016I,False,100,True,Special Education,498
OPT-SP-017-01,SP-017,SP-017a,"Most furniture can be moved by students or a single teacher (e.g., casters, lightweight pieces)",1,SingleResponse,SR-SP-017-SP-017A,False,10,True,Special Education,500
OPT-SP-017-02,SP-017,SP-017a,"Some furniture is movable, some is heavy or fixed",0.5,SingleResponse,SR-SP-017-SP-017A,False,20,True,Special Education,501
OPT-SP-017-03,SP-017,SP-017a,"Most furniture is heavy, fixed, or impractical to move",0,SingleResponse,SR-SP-017-SP-017A,False,30,True,Special Education,502
OPT-SP-018-01,SP-018,SP-018a,Varied seating is provided for multiple students across multiple areas of the space,1,SingleResponse,SR-SP-018-SP-018A,False,10,True,Special Education,504
OPT-SP-018-02,SP-018,SP-018a,"Limited varied seating is provided (i.e., a single area or only a few students accommodated at a time)",0.5,SingleResponse,SR-SP-018-SP-018A,False,20,True,Special Education,505
OPT-SP-018-03,SP-018,SP-018a,No varied seating is provided,0,SingleResponse,SR-SP-018-SP-018A,False,30,True,Special Education,506
OPT-SP-018-04,SP-018,SP-018a,Unable to assess (note reason),,SingleResponse,SR-SP-018-SP-018A,True,40,True,Special Education,507
OPT-SP-019-01,SP-019,SP-019a,Good - appears relatively new or has minimal wear,1,SingleResponse,SR-SP-019-SP-019A,False,10,True,Special Education,509
OPT-SP-019-02,SP-019,SP-019a,"Fair - some furniture is noticeably worn or aging, but all is functional",0.5,SingleResponse,SR-SP-019-SP-019A,False,20,True,Special Education,510
OPT-SP-019-03,SP-019,SP-019a,"Poor - some or all furniture is significantly worn, damaged, or not usable",0,SingleResponse,SR-SP-019-SP-019A,False,30,True,Special Education,511
OPT-SP-020-01,SP-020,SP-020i,"Resilient flooring (e.g., vinyl, rubber)",,Inventory,INV-SP-020-SP-020I,False,10,True,Special Education,513
OPT-SP-020-02,SP-020,SP-020i,Porcelain tile,,Inventory,INV-SP-020-SP-020I,False,20,True,Special Education,514
OPT-SP-020-03,SP-020,SP-020i,Terrazzo,,Inventory,INV-SP-020-SP-020I,False,30,True,Special Education,515
OPT-SP-020-04,SP-020,SP-020i,Polished concrete,,Inventory,INV-SP-020-SP-020I,False,40,True,Special Education,516
OPT-SP-020-05,SP-020,SP-020i,"Carpet (i.e., not a loose rug)",,Inventory,INV-SP-020-SP-020I,False,50,True,Special Education,517
OPT-SP-020-06,SP-020,SP-020i,Epoxy,,Inventory,INV-SP-020-SP-020I,False,60,True,Special Education,518
OPT-SP-020-07,SP-020,SP-020i,Unable to assess (note reason),,Inventory,INV-SP-020-SP-020I,True,70,True,Special Education,519
OPT-SP-021-01,SP-021,SP-021a,Exterior door within the space,1,SingleResponse,SR-SP-021-SP-021A,False,10,True,Special Education,521
OPT-SP-021-02,SP-021,SP-021a,Exterior door directly outside the space,0.5,SingleResponse,SR-SP-021-SP-021A,False,20,True,Special Education,522
OPT-SP-021-03,SP-021,SP-021a,Neither,0,SingleResponse,SR-SP-021-SP-021A,False,30,True,Special Education,523
OPT-SP-021-04,SP-021,SP-021a,Unable to assess (note reason),,SingleResponse,SR-SP-021-SP-021A,True,40,True,Special Education,524
OPT-SP-022-01,SP-022,SP-022a,Sink,1,SingleResponse,SR-SP-022-SP-022A,False,10,True,Special Education,526
OPT-SP-022-02,SP-022,SP-022b,Hot and cold water access,1,SingleResponse,SR-SP-022-SP-022B,False,20,True,Special Education,527
OPT-SP-023-01,SP-023,SP-023a,Acoustic panel ceiling (ACT),1,SingleResponse,SR-SP-023-SP-023A,False,10,True,Special Education,529
OPT-SP-023-02,SP-023,SP-023b,Acoustic wall panels,1,SingleResponse,SR-SP-023-SP-023B,False,20,True,Special Education,530
OPT-SP-023-03,SP-023,SP-023c,"Floor coverings (e.g., rugs)",1,SingleResponse,SR-SP-023-SP-023C,False,30,True,Special Education,531
OPT-SP-023-04,SP-023,SP-023d,Exposed structure,1,SingleResponse,SR-SP-023-SP-023D,False,40,True,Special Education,532
OPT-SP-024-01,SP-024,SP-024a,None,0,SingleResponse,SR-SP-024-SP-024A,False,10,True,Special Education,534
OPT-SP-024-02,SP-024,SP-024a,<4 linear feet,0.2,SingleResponse,SR-SP-024-SP-024A,False,20,True,Special Education,535
OPT-SP-024-03,SP-024,SP-024a,4 to <8 linear feet,0.4,SingleResponse,SR-SP-024-SP-024A,False,30,True,Special Education,536
OPT-SP-024-04,SP-024,SP-024a,8 to <12 linear feet,0.6,SingleResponse,SR-SP-024-SP-024A,False,40,True,Special Education,537
OPT-SP-024-05,SP-024,SP-024a,12 to <16 linear feet,0.8,SingleResponse,SR-SP-024-SP-024A,False,50,True,Special Education,538
OPT-SP-024-06,SP-024,SP-024a,16+ linear feet,1,SingleResponse,SR-SP-024-SP-024A,False,60,True,Special Education,539
OPT-SP-024-07,SP-024,SP-024a,Unable to assess (note reason),,SingleResponse,SR-SP-024-SP-024A,True,70,True,Special Education,540
OPT-SP-025-01,SP-025,SP-025a,None,0,SingleResponse,SR-SP-025-SP-025A,False,10,True,Special Education,542
OPT-SP-025-02,SP-025,SP-025a,<4 linear feet,0.25,SingleResponse,SR-SP-025-SP-025A,False,20,True,Special Education,543
OPT-SP-025-03,SP-025,SP-025a,4 to <8 linear feet,0.5,SingleResponse,SR-SP-025-SP-025A,False,30,True,Special Education,544
OPT-SP-025-04,SP-025,SP-025a,8 to <12 linear feet,0.75,SingleResponse,SR-SP-025-SP-025A,False,40,True,Special Education,545
OPT-SP-025-05,SP-025,SP-025a,12+ linear feet,1,SingleResponse,SR-SP-025-SP-025A,False,50,True,Special Education,546
OPT-SP-025-06,SP-025,SP-025a,Unable to assess (note reason),,SingleResponse,SR-SP-025-SP-025A,True,60,True,Special Education,547
OPT-SP-026-01,SP-026,SP-026a,Ensuite restroom,1,SingleResponse,SR-SP-026-SP-026A,False,10,True,Special Education,549
OPT-SP-026-02,SP-026,SP-026a,Adjacent to the suite with direct visibility,0.66,SingleResponse,SR-SP-026-SP-026A,False,20,True,Special Education,550
OPT-SP-026-03,SP-026,SP-026a,Adjacent to the suite without direct visibility,0.33,SingleResponse,SR-SP-026-SP-026A,False,30,True,Special Education,551
OPT-SP-026-04,SP-026,SP-026a,None,0,SingleResponse,SR-SP-026-SP-026A,False,40,True,Special Education,552
OPT-SP-027-01,SP-027,SP-027a,Yes,1,SingleResponse,SR-SP-027-SP-027A,False,10,True,Special Education,554
OPT-SP-027-02,SP-027,SP-027a,No,0,SingleResponse,SR-SP-027-SP-027A,False,20,True,Special Education,555
OPT-SP-027-03,SP-027,SP-027a,Unable to assess (note reason),,SingleResponse,SR-SP-027-SP-027A,True,30,True,Special Education,556
OPT-MC-002-01,MC-002,MC-002a,The space is centrally located among all learning neighborhoods,1,SingleResponse,SR-MC-002-MC-002A,False,10,True,Library Media Center,7
OPT-MC-002-02,MC-002,MC-002b,Signage clearly identifies the space,1,SingleResponse,SR-MC-002-MC-002B,False,20,True,Library Media Center,8
OPT-MC-002-03,MC-002,MC-002c,The space is easily accessible from primary circulation,1,SingleResponse,SR-MC-002-MC-002C,False,30,True,Library Media Center,9
OPT-MC-003-01,MC-003,MC-003a,Reading room,1,SingleResponse,SR-MC-003-MC-003A,False,10,True,Library Media Center,11
OPT-MC-003-02,MC-003,MC-003b,Office,1,SingleResponse,SR-MC-003-MC-003B,False,20,True,Library Media Center,12
OPT-MC-003-03,MC-003,MC-003c,Workroom,1,SingleResponse,SR-MC-003-MC-003C,False,30,True,Library Media Center,13
OPT-MC-003-04,MC-003,MC-003d,Literacy library / book storage,1,SingleResponse,SR-MC-003-MC-003D,False,40,True,Library Media Center,14
OPT-MC-003-05,MC-003,MC-003e,Literacy office,1,SingleResponse,SR-MC-003-MC-003E,False,50,True,Library Media Center,15
OPT-MC-004-01,MC-004,MC-004a,Reading room / teaching area,1,SingleResponse,SR-MC-004-MC-004A,False,10,True,Library Media Center,17
OPT-MC-004-02,MC-004,MC-004b,Circulation area,1,SingleResponse,SR-MC-004-MC-004B,False,20,True,Library Media Center,18
OPT-MC-004-03,MC-004,MC-004c,Workroom,1,SingleResponse,SR-MC-004-MC-004C,False,30,True,Library Media Center,19
OPT-MC-004-04,MC-004,MC-004d,Storage room,1,SingleResponse,SR-MC-004-MC-004D,False,40,True,Library Media Center,20
OPT-MC-004-05,MC-004,MC-004e,Presentation room,1,SingleResponse,SR-MC-004-MC-004E,False,50,True,Library Media Center,21
OPT-MC-004-06,MC-004,MC-004f,Office(s),1,SingleResponse,SR-MC-004-MC-004F,False,60,True,Library Media Center,22
OPT-MC-004-07,MC-004,MC-004g,Group room(s),1,SingleResponse,SR-MC-004-MC-004G,False,70,True,Library Media Center,23
OPT-MC-005-01,MC-005,MC-005a,0,0,SingleResponse,SR-MC-005-MC-005A,False,10,True,Library Media Center,25
OPT-MC-005-02,MC-005,MC-005a,1,0.5,SingleResponse,SR-MC-005-MC-005A,False,20,True,Library Media Center,26
OPT-MC-005-03,MC-005,MC-005a,2+,1,SingleResponse,SR-MC-005-MC-005A,False,30,True,Library Media Center,27
OPT-MC-006-01,MC-006,MC-006a,0,0,SingleResponse,SR-MC-006-MC-006A,False,10,True,Library Media Center,29
OPT-MC-006-02,MC-006,MC-006a,1,0.5,SingleResponse,SR-MC-006-MC-006A,False,20,True,Library Media Center,30
OPT-MC-006-03,MC-006,MC-006a,2+,1,SingleResponse,SR-MC-006-MC-006A,False,30,True,Library Media Center,31
OPT-MC-007-01,MC-007,MC-007a,Quiet reading,1,SingleResponse,SR-MC-007-MC-007A,False,10,True,Library Media Center,33
OPT-MC-007-02,MC-007,MC-007b,Individual/group research,1,SingleResponse,SR-MC-007-MC-007B,False,20,True,Library Media Center,34
OPT-MC-007-03,MC-007,MC-007c,Small group collaboration,1,SingleResponse,SR-MC-007-MC-007C,False,30,True,Library Media Center,35
OPT-MC-007-04,MC-007,MC-007d,Large group presentations,1,SingleResponse,SR-MC-007-MC-007D,False,40,True,Library Media Center,36
OPT-MC-008-01,MC-008,MC-008a,Primary light fixtures are dimmable,1,SingleResponse,SR-MC-008-MC-008A,False,10,True,Library Media Center,38
OPT-MC-008-02,MC-008,MC-008b,Primary light fixtures are LED,1,SingleResponse,SR-MC-008-MC-008B,False,20,True,Library Media Center,39
OPT-MC-009-01,MC-009,MC-009a,"Good - walls are painted in light colors that can enhance daylighting, and accent color is used to reduce monotony",1,SingleResponse,SR-MC-009-MC-009A,False,10,True,Library Media Center,41
OPT-MC-009-02,MC-009,MC-009a,"Fair - walls are painted in light colors that can enhance daylighting, but no accent color is used",0.5,SingleResponse,SR-MC-009-MC-009A,False,20,True,Library Media Center,42
OPT-MC-009-03,MC-009,MC-009a,Poor - walls are painted in dark or monotonous colors,0,SingleResponse,SR-MC-009-MC-009A,False,30,True,Library Media Center,43
OPT-MC-009-04,MC-009,MC-009a,Unable to assess (note reason),,SingleResponse,SR-MC-009-MC-009A,True,40,True,Library Media Center,44
OPT-MC-010-01,MC-010,MC-010a,Yes,1,SingleResponse,SR-MC-010-MC-010A,False,10,True,Library Media Center,46
OPT-MC-010-02,MC-010,MC-010a,No,0,SingleResponse,SR-MC-010-MC-010A,False,20,True,Library Media Center,47
OPT-MC-010-03,MC-010,MC-010a,Unable to assess (note reason),,SingleResponse,SR-MC-010-MC-010A,True,30,True,Library Media Center,48
OPT-MC-011-01,MC-011,MC-011a,"Access to views of the outdoors (e.g., not solely a view of an exterior wall)",1,SingleResponse,SR-MC-011-MC-011A,False,10,True,Library Media Center,50
OPT-MC-011-02,MC-011,MC-011b,Views are not obstructed by tall shelving along the perimeter,1,SingleResponse,SR-MC-011-MC-011B,False,20,True,Library Media Center,51
OPT-MC-011-03,MC-011,MC-011i,Only clerestory windows are provided,,Inventory,INV-MC-011-MC-011I,False,30,True,Library Media Center,52
OPT-MC-012-01,MC-012,MC-012a,Roller shades are provided,1,SingleResponse,SR-MC-012-MC-012A,False,10,True,Library Media Center,54
OPT-MC-012-02,MC-012,MC-012a,Mini-blinds are provided,,SingleResponse,SR-MC-012-MC-012A,False,20,True,Library Media Center,55
OPT-MC-012-03,MC-012,MC-012a,Other (please note),0,SingleResponse,SR-MC-012-MC-012A,False,30,True,Library Media Center,56
OPT-MC-012-04,MC-012,MC-012a,No window coverings are provided,0,SingleResponse,SR-MC-012-MC-012A,False,40,True,Library Media Center,57
OPT-MC-012-05,MC-012,MC-012a,Unable to assess (note reason),,SingleResponse,SR-MC-012-MC-012A,True,50,True,Library Media Center,58
OPT-MC-013-01,MC-013,MC-013i,Built-in casework is provided,,Inventory,INV-MC-013-MC-013I,False,10,True,Library Media Center,60
OPT-MC-013-02,MC-013,MC-013i,Counter space is provided,,Inventory,INV-MC-013-MC-013I,False,20,True,Library Media Center,61
OPT-MC-013-03,MC-013,MC-013i,Ensuite storage closet is provided,,Inventory,INV-MC-013-MC-013I,False,30,True,Library Media Center,62
OPT-MC-013-04,MC-013,MC-013i,"Furniture-based storage is provided (i.e., shelving or cabinets)",,Inventory,INV-MC-013-MC-013I,False,40,True,Library Media Center,63
OPT-MC-013-05,MC-013,MC-013i,Some or all storage is lockable,,Inventory,INV-MC-013-MC-013I,False,50,True,Library Media Center,64
OPT-MC-014-01,MC-014,MC-014a,Good - storage appears sufficient; the space is organized with little visible clutter,1,SingleResponse,SR-MC-014-MC-014A,False,10,True,Library Media Center,66
OPT-MC-014-02,MC-014,MC-014a,Fair - storage appears mostly sufficient; some clutter or overflow is visible,0.5,SingleResponse,SR-MC-014-MC-014A,False,20,True,Library Media Center,67
OPT-MC-014-03,MC-014,MC-014a,Poor - storage appears insufficient; significant clutter or materials without a home,0,SingleResponse,SR-MC-014-MC-014A,False,30,True,Library Media Center,68
OPT-MC-014-04,MC-014,MC-014a,Unable to assess (note reason),,SingleResponse,SR-MC-014-MC-014A,True,40,True,Library Media Center,69
OPT-MC-015-01,MC-015,MC-015a,None,0,SingleResponse,SR-MC-015-MC-015A,False,10,True,Library Media Center,71
OPT-MC-015-02,MC-015,MC-015a,<12 linear feet,0.5,SingleResponse,SR-MC-015-MC-015A,False,20,True,Library Media Center,72
OPT-MC-015-03,MC-015,MC-015a,12+ linear feet,1,SingleResponse,SR-MC-015-MC-015A,False,30,True,Library Media Center,73
OPT-MC-016-01,MC-016,MC-016a,None,0,SingleResponse,SR-MC-016-MC-016A,False,10,True,Library Media Center,75
OPT-MC-016-02,MC-016,MC-016a,<16 linear feet,0.5,SingleResponse,SR-MC-016-MC-016A,False,20,True,Library Media Center,76
OPT-MC-016-03,MC-016,MC-016a,16+ linear feet,1,SingleResponse,SR-MC-016-MC-016A,False,30,True,Library Media Center,77
OPT-MC-017-01,MC-017,MC-017a,None,0,SingleResponse,SR-MC-017-MC-017A,False,10,True,Library Media Center,79
OPT-MC-017-02,MC-017,MC-017a,<10 linear feet,0.5,SingleResponse,SR-MC-017-MC-017A,False,20,True,Library Media Center,80
OPT-MC-017-03,MC-017,MC-017a,10+ linear feet,1,SingleResponse,SR-MC-017-MC-017A,False,30,True,Library Media Center,81
OPT-MC-018-01,MC-018,MC-018a,None,0,SingleResponse,SR-MC-018-MC-018A,False,10,True,Library Media Center,83
OPT-MC-018-02,MC-018,MC-018a,<12 linear feet,0.5,SingleResponse,SR-MC-018-MC-018A,False,20,True,Library Media Center,84
OPT-MC-018-03,MC-018,MC-018a,12+ linear feet,1,SingleResponse,SR-MC-018-MC-018A,False,30,True,Library Media Center,85
OPT-MC-019-01,MC-019,MC-019a,None,0,SingleResponse,SR-MC-019-MC-019A,False,10,True,Library Media Center,87
OPT-MC-019-02,MC-019,MC-019a,<6 linear feet,0.5,SingleResponse,SR-MC-019-MC-019A,False,20,True,Library Media Center,88
OPT-MC-019-03,MC-019,MC-019a,6+ linear feet,1,SingleResponse,SR-MC-019-MC-019A,False,30,True,Library Media Center,89
OPT-MC-020-01,MC-020,MC-020a,None,0,SingleResponse,SR-MC-020-MC-020A,False,10,True,Library Media Center,91
OPT-MC-020-02,MC-020,MC-020a,<4 linear feet,0.2,SingleResponse,SR-MC-020-MC-020A,False,20,True,Library Media Center,92
OPT-MC-020-03,MC-020,MC-020a,4 to <8 linear feet,0.4,SingleResponse,SR-MC-020-MC-020A,False,30,True,Library Media Center,93
OPT-MC-020-04,MC-020,MC-020a,8 to <12 linear feet,0.6,SingleResponse,SR-MC-020-MC-020A,False,40,True,Library Media Center,94
OPT-MC-020-05,MC-020,MC-020a,12 to <16 linear feet,0.8,SingleResponse,SR-MC-020-MC-020A,False,50,True,Library Media Center,95
OPT-MC-020-06,MC-020,MC-020a,16+ linear feet,1,SingleResponse,SR-MC-020-MC-020A,False,60,True,Library Media Center,96
OPT-MC-020-07,MC-020,MC-020a,Unable to assess (note reason),,SingleResponse,SR-MC-020-MC-020A,True,70,True,Library Media Center,97
OPT-MC-021-01,MC-021,MC-021a,None,0,SingleResponse,SR-MC-021-MC-021A,False,10,True,Library Media Center,99
OPT-MC-021-02,MC-021,MC-021a,<4 linear feet,0.33,SingleResponse,SR-MC-021-MC-021A,False,20,True,Library Media Center,100
OPT-MC-021-03,MC-021,MC-021a,4 to <8 linear feet,0.66,SingleResponse,SR-MC-021-MC-021A,False,30,True,Library Media Center,101
OPT-MC-021-04,MC-021,MC-021a,8+ linear feet,1,SingleResponse,SR-MC-021-MC-021A,False,40,True,Library Media Center,102
OPT-MC-021-05,MC-021,MC-021a,Unable to assess (note reason),,SingleResponse,SR-MC-021-MC-021A,True,50,True,Library Media Center,103
OPT-MC-022-01,MC-022,MC-022a,None,0,SingleResponse,SR-MC-022-MC-022A,False,10,True,Library Media Center,105
OPT-MC-022-02,MC-022,MC-022a,<4 linear feet,0.33,SingleResponse,SR-MC-022-MC-022A,False,20,True,Library Media Center,106
OPT-MC-022-03,MC-022,MC-022a,4 to <8 linear feet,0.66,SingleResponse,SR-MC-022-MC-022A,False,30,True,Library Media Center,107
OPT-MC-022-04,MC-022,MC-022a,8+ linear feet,1,SingleResponse,SR-MC-022-MC-022A,False,40,True,Library Media Center,108
OPT-MC-022-05,MC-022,MC-022a,Unable to assess (note reason),,SingleResponse,SR-MC-022-MC-022A,True,50,True,Library Media Center,109
OPT-MC-023-01,MC-023,MC-023a,0,0,SingleResponse,SR-MC-023-MC-023A,False,10,True,Library Media Center,111
OPT-MC-023-02,MC-023,MC-023a,1,0.25,SingleResponse,SR-MC-023-MC-023A,False,20,True,Library Media Center,112
OPT-MC-023-03,MC-023,MC-023a,2,0.5,SingleResponse,SR-MC-023-MC-023A,False,30,True,Library Media Center,113
OPT-MC-023-04,MC-023,MC-023a,3,0.75,SingleResponse,SR-MC-023-MC-023A,False,40,True,Library Media Center,114
OPT-MC-023-05,MC-023,MC-023a,4+,1,SingleResponse,SR-MC-023-MC-023A,False,50,True,Library Media Center,115
OPT-MC-023-06,MC-023,MC-023a,Unable to assess (note reason),,SingleResponse,SR-MC-023-MC-023A,True,60,True,Library Media Center,116
OPT-MC-024-01,MC-024,MC-024a,0,0,SingleResponse,SR-MC-024-MC-024A,False,10,True,Library Media Center,118
OPT-MC-024-02,MC-024,MC-024a,1,0.25,SingleResponse,SR-MC-024-MC-024A,False,20,True,Library Media Center,119
OPT-MC-024-03,MC-024,MC-024a,2,0.5,SingleResponse,SR-MC-024-MC-024A,False,30,True,Library Media Center,120
OPT-MC-024-04,MC-024,MC-024a,3,0.75,SingleResponse,SR-MC-024-MC-024A,False,40,True,Library Media Center,121
OPT-MC-024-05,MC-024,MC-024a,4,1,SingleResponse,SR-MC-024-MC-024A,False,50,True,Library Media Center,122
OPT-MC-025-01,MC-025,MC-025a,0,0,SingleResponse,SR-MC-025-MC-025A,False,10,True,Library Media Center,124
OPT-MC-025-02,MC-025,MC-025a,1,0.25,SingleResponse,SR-MC-025-MC-025A,False,20,True,Library Media Center,125
OPT-MC-025-03,MC-025,MC-025a,2,0.5,SingleResponse,SR-MC-025-MC-025A,False,30,True,Library Media Center,126
OPT-MC-025-04,MC-025,MC-025a,3,0.75,SingleResponse,SR-MC-025-MC-025A,False,40,True,Library Media Center,127
OPT-MC-025-05,MC-025,MC-025a,4,1,SingleResponse,SR-MC-025-MC-025A,False,50,True,Library Media Center,128
OPT-MC-026-01,MC-026,MC-026a,A thermostat is provided that has adjustable temperature controls,1,SingleResponse,SR-MC-026-MC-026A,False,10,True,Library Media Center,130
OPT-MC-026-02,MC-026,MC-026a,A thermostat is provided that does not have adjustable temperature controls,0.5,SingleResponse,SR-MC-026-MC-026A,False,20,True,Library Media Center,131
OPT-MC-026-03,MC-026,MC-026a,Only a temperature sensor is provided,0,SingleResponse,SR-MC-026-MC-026A,False,30,True,Library Media Center,132
OPT-MC-026-04,MC-026,MC-026a,No thermostat or sensor is present in the space,0,SingleResponse,SR-MC-026-MC-026A,False,40,True,Library Media Center,133
OPT-MC-027-01,MC-027,MC-027a,Yes,1,SingleResponse,SR-MC-027-MC-027A,False,10,True,Library Media Center,135
OPT-MC-027-02,MC-027,MC-027a,No,0,SingleResponse,SR-MC-027-MC-027A,False,20,True,Library Media Center,136
OPT-MC-027-03,MC-027,MC-027a,Unable to assess (note reason),,SingleResponse,SR-MC-027-MC-027A,True,30,True,Library Media Center,137
OPT-MC-028-01,MC-028,MC-028i,Interior window,,Inventory,INV-MC-028-MC-028I,False,10,True,Library Media Center,139
OPT-MC-028-02,MC-028,MC-028i,Sidelight,,Inventory,INV-MC-028-MC-028I,False,20,True,Library Media Center,140
OPT-MC-028-03,MC-028,MC-028i,"Door panel (i.e., glass panel in the door)",,Inventory,INV-MC-028-MC-028I,False,30,True,Library Media Center,141
OPT-MC-029-01,MC-029,MC-029a,Sightline from Office to Reading Room,1,SingleResponse,SR-MC-029-MC-029A,False,10,True,Library Media Center,143
OPT-MC-029-02,MC-029,MC-029b,Sightline from Workroom to Reading Room,1,SingleResponse,SR-MC-029-MC-029B,False,20,True,Library Media Center,144
OPT-MC-030-01,MC-030,MC-030a,Yes,1,SingleResponse,SR-MC-030-MC-030A,False,10,True,Library Media Center,146
OPT-MC-030-02,MC-030,MC-030a,No,0,SingleResponse,SR-MC-030-MC-030A,False,20,True,Library Media Center,147
OPT-MC-030-03,MC-030,MC-030a,Unable to assess (note reason),,SingleResponse,SR-MC-030-MC-030A,True,30,True,Library Media Center,148
OPT-MC-031-01,MC-031,MC-031a,Interior windows and doors with glass can be covered with a single movement,1,SingleResponse,SR-MC-031-MC-031A,False,10,True,Library Media Center,150
OPT-MC-031-02,MC-031,MC-031b,Exterior windows and doors with glass can be covered with a single movement,1,SingleResponse,SR-MC-031-MC-031B,False,20,True,Library Media Center,151
OPT-MC-031-03,MC-031,MC-031c,Interior door hardware is lockable from inside the space with a push button or thumb turn lock,1,SingleResponse,SR-MC-031-MC-031C,False,30,True,Library Media Center,152
OPT-MC-032-01,MC-032,MC-032a,Stackable formal seating is provided,1,SingleResponse,SR-MC-032-MC-032A,False,10,True,Library Media Center,154
OPT-MC-032-02,MC-032,MC-032b,Lounge or reading-nook informal seating is provided,1,SingleResponse,SR-MC-032-MC-032B,False,20,True,Library Media Center,155
OPT-MC-032-03,MC-032,MC-032c,Multiple seating heights or height-adjustable furniture is provided,1,SingleResponse,SR-MC-032-MC-032C,False,30,True,Library Media Center,156
OPT-MC-032-04,MC-032,MC-032d,A variety of worksurface sizes and types is provided,1,SingleResponse,SR-MC-032-MC-032D,False,40,True,Library Media Center,157
OPT-MC-032-05,MC-032,MC-032e,Large or heavy informal furniture pieces have lockable casters,1,SingleResponse,SR-MC-032-MC-032E,False,50,True,Library Media Center,158
OPT-MC-032-06,MC-032,MC-032i,"Hard seating (e.g., standard chairs, stools)",,Inventory,INV-MC-032-MC-032I,False,60,True,Library Media Center,159
OPT-MC-032-07,MC-032,MC-032i,"Soft seating (e.g., bean bags, floor cushions)",,Inventory,INV-MC-032-MC-032I,False,70,True,Library Media Center,160
OPT-MC-032-08,MC-032,MC-032i,"One or more mobile writing surfaces (i.e., mobile markerboards)",,Inventory,INV-MC-032-MC-032I,False,80,True,Library Media Center,161
OPT-MC-033-01,MC-033,MC-033a,Yes,1,SingleResponse,SR-MC-033-MC-033A,False,10,True,Library Media Center,163
OPT-MC-033-02,MC-033,MC-033a,No,0,SingleResponse,SR-MC-033-MC-033A,False,20,True,Library Media Center,164
OPT-MC-033-03,MC-033,MC-033a,Unable to assess (note reason),,SingleResponse,SR-MC-033-MC-033A,True,30,True,Library Media Center,165
OPT-MC-034-01,MC-034,MC-034a,"Most furniture can be moved by students or a single teacher (e.g., casters, lightweight pieces)",1,SingleResponse,SR-MC-034-MC-034A,False,10,True,Library Media Center,167
OPT-MC-034-02,MC-034,MC-034a,"Some furniture is movable, some is heavy or fixed",0.5,SingleResponse,SR-MC-034-MC-034A,False,20,True,Library Media Center,168
OPT-MC-034-03,MC-034,MC-034a,"Most furniture is heavy, fixed, or impractical to move",0,SingleResponse,SR-MC-034-MC-034A,False,30,True,Library Media Center,169
OPT-MC-035-01,MC-035,MC-035a,Good - appears relatively new or has minimal wear,1,SingleResponse,SR-MC-035-MC-035A,False,10,True,Library Media Center,171
OPT-MC-035-02,MC-035,MC-035a,"Fair - some furniture is noticeably worn or aging, but all is functional",0.5,SingleResponse,SR-MC-035-MC-035A,False,20,True,Library Media Center,172
OPT-MC-035-03,MC-035,MC-035a,"Poor - some or all furniture is significantly worn, damaged, or not usable",0,SingleResponse,SR-MC-035-MC-035A,False,30,True,Library Media Center,173
OPT-MC-036-01,MC-036,MC-036a,Lockable casters,1,SingleResponse,SR-MC-036-MC-036A,False,10,True,Library Media Center,175
OPT-MC-036-02,MC-036,MC-036b,At least 9 linear feet of workspace,1,SingleResponse,SR-MC-036-MC-036B,False,20,True,Library Media Center,176
OPT-MC-036-03,MC-036,MC-036c,Solid surface countertop (not plastic laminate),1,SingleResponse,SR-MC-036-MC-036C,False,30,True,Library Media Center,177
OPT-MC-036-04,MC-036,MC-036d,Book cart with a depressible bin for returned books,1,SingleResponse,SR-MC-036-MC-036D,False,40,True,Library Media Center,178
OPT-MC-036-05,MC-036,MC-036e,Lockable mobile storage,1,SingleResponse,SR-MC-036-MC-036E,False,50,True,Library Media Center,179
OPT-MC-036-06,MC-036,MC-036f,Integrated power,1,SingleResponse,SR-MC-036-MC-036F,False,60,True,Library Media Center,180
OPT-MC-036-07,MC-036,MC-036g,Grommets for cord management,1,SingleResponse,SR-MC-036-MC-036G,False,70,True,Library Media Center,181
OPT-MC-037-01,MC-037,MC-037i,"Resilient flooring (e.g., vinyl, rubber)",,Inventory,INV-MC-037-MC-037I,False,10,True,Library Media Center,183
OPT-MC-037-02,MC-037,MC-037i,Terrazzo,,Inventory,INV-MC-037-MC-037I,False,20,True,Library Media Center,184
OPT-MC-037-03,MC-037,MC-037i,Polished concrete,,Inventory,INV-MC-037-MC-037I,False,30,True,Library Media Center,185
OPT-MC-037-04,MC-037,MC-037i,"Carpet (i.e., not a loose rug)",,Inventory,INV-MC-037-MC-037I,False,40,True,Library Media Center,186
OPT-MC-037-05,MC-037,MC-037i,Unable to assess (note reason),,Inventory,INV-MC-037-MC-037I,True,50,True,Library Media Center,187
OPT-MC-038-01,MC-038,MC-038a,Ensuite family restroom is provided,1,SingleResponse,SR-MC-038-MC-038A,False,10,True,Library Media Center,189
OPT-MC-038-02,MC-038,MC-038b,Single-user restroom is adjacent to the space,1,SingleResponse,SR-MC-038-MC-038B,False,20,True,Library Media Center,190
OPT-MC-038-03,MC-038,MC-038c,All-user restroom is adjacent to the space,1,SingleResponse,SR-MC-038-MC-038C,False,30,True,Library Media Center,191
OPT-MC-038-04,MC-038,MC-038d,No restroom is adjacent to the space,0,SingleResponse,SR-MC-038-MC-038D,False,40,True,Library Media Center,192
OPT-MC-039-01,MC-039,MC-039i,PA speaker,,Inventory,INV-MC-039-MC-039I,False,10,True,Library Media Center,194
OPT-MC-039-02,MC-039,MC-039i,Synchronous clock,,Inventory,INV-MC-039-MC-039I,False,20,True,Library Media Center,195
OPT-CG-002-01,CG-002,CG-002a,Yes,1,SingleResponse,SR-CG-002-CG-002A,False,10,True,Athletics,7
OPT-CG-002-02,CG-002,CG-002a,No,0,SingleResponse,SR-CG-002-CG-002A,False,20,True,Athletics,8
OPT-CG-002-03,CG-002,CG-002a,Unable to assess (note reason),,SingleResponse,SR-CG-002-CG-002A,True,30,True,Athletics,9
OPT-CG-003-01,CG-003,CG-003a,Yes,1,SingleResponse,SR-CG-003-CG-003A,False,10,True,Athletics,11
OPT-CG-003-02,CG-003,CG-003a,No,0,SingleResponse,SR-CG-003-CG-003A,False,20,True,Athletics,12
OPT-CG-003-03,CG-003,CG-003a,Unable to assess (note reason),,SingleResponse,SR-CG-003-CG-003A,True,30,True,Athletics,13
OPT-CG-004-01,CG-004,CG-004a,Yes,1,SingleResponse,SR-CG-004-CG-004A,False,10,True,Athletics,15
OPT-CG-004-02,CG-004,CG-004a,No,0,SingleResponse,SR-CG-004-CG-004A,False,20,True,Athletics,16
OPT-CG-004-03,CG-004,CG-004a,Unable to assess (note reason),,SingleResponse,SR-CG-004-CG-004A,True,30,True,Athletics,17
OPT-CG-005-01,CG-005,CG-005a,Yes,1,SingleResponse,SR-CG-005-CG-005A,False,10,True,Athletics,19
OPT-CG-005-02,CG-005,CG-005a,No,0,SingleResponse,SR-CG-005-CG-005A,False,20,True,Athletics,20
OPT-CG-005-03,CG-005,CG-005a,Unable to assess (note reason),,SingleResponse,SR-CG-005-CG-005A,True,30,True,Athletics,21
OPT-CG-006-01,CG-006,CG-006a,"Main court bleachers accommodate approx. 1,800 spectators",1,SingleResponse,SR-CG-006-CG-006A,False,10,True,Athletics,23
OPT-CG-006-02,CG-006,CG-006b,Cross court bleachers accommodate approx. 950 spectators (combined),1,SingleResponse,SR-CG-006-CG-006B,False,20,True,Athletics,24
OPT-CG-007-01,CG-007,CG-007a,Yes,1,SingleResponse,SR-CG-007-CG-007A,False,10,True,Athletics,26
OPT-CG-007-02,CG-007,CG-007a,No,0,SingleResponse,SR-CG-007-CG-007A,False,20,True,Athletics,27
OPT-CG-007-03,CG-007,CG-007a,Unable to assess (note reason),,SingleResponse,SR-CG-007-CG-007A,True,30,True,Athletics,28
OPT-CG-008-01,CG-008,CG-008a,12'+ on home sideline,1,SingleResponse,SR-CG-008-CG-008A,False,10,True,Athletics,30
OPT-CG-008-02,CG-008,CG-008b,10'+ on visitor sideline,1,SingleResponse,SR-CG-008-CG-008B,False,20,True,Athletics,31
OPT-CG-008-03,CG-008,CG-008c,12'+ on baselines,1,SingleResponse,SR-CG-008-CG-008C,False,30,True,Athletics,32
OPT-CG-009-01,CG-009,CG-009a,3'+ on sidelines,1,SingleResponse,SR-CG-009-CG-009A,False,10,True,Athletics,34
OPT-CG-009-02,CG-009,CG-009b,6'+ on baselines,1,SingleResponse,SR-CG-009-CG-009B,False,20,True,Athletics,35
OPT-CG-010-01,CG-010,CG-010a,None,0,SingleResponse,SR-CG-010-CG-010A,False,10,True,Athletics,37
OPT-CG-010-02,CG-010,CG-010a,<6 linear feet,0.2,SingleResponse,SR-CG-010-CG-010A,False,20,True,Athletics,38
OPT-CG-010-03,CG-010,CG-010a,6 to <12 linear feet,0.4,SingleResponse,SR-CG-010-CG-010A,False,30,True,Athletics,39
OPT-CG-010-04,CG-010,CG-010a,12 to <18 linear feet,0.6,SingleResponse,SR-CG-010-CG-010A,False,40,True,Athletics,40
OPT-CG-010-05,CG-010,CG-010a,18 to <24 linear feet,0.8,SingleResponse,SR-CG-010-CG-010A,False,50,True,Athletics,41
OPT-CG-010-06,CG-010,CG-010a,24+ linear feet,1,SingleResponse,SR-CG-010-CG-010A,False,60,True,Athletics,42
OPT-CG-010-07,CG-010,CG-010a,Unable to assess (note reason),,SingleResponse,SR-CG-010-CG-010A,True,70,True,Athletics,43
OPT-CG-011-01,CG-011,CG-011a,0,0,SingleResponse,SR-CG-011-CG-011A,False,10,True,Athletics,45
OPT-CG-011-02,CG-011,CG-011a,1,0.25,SingleResponse,SR-CG-011-CG-011A,False,20,True,Athletics,46
OPT-CG-011-03,CG-011,CG-011a,2,0.5,SingleResponse,SR-CG-011-CG-011A,False,30,True,Athletics,47
OPT-CG-011-04,CG-011,CG-011a,3,0.75,SingleResponse,SR-CG-011-CG-011A,False,40,True,Athletics,48
OPT-CG-011-05,CG-011,CG-011a,4,1,SingleResponse,SR-CG-011-CG-011A,False,50,True,Athletics,49
OPT-CG-012-01,CG-012,CG-012a,0,0,SingleResponse,SR-CG-012-CG-012A,False,10,True,Athletics,51
OPT-CG-012-02,CG-012,CG-012a,1-2,0.25,SingleResponse,SR-CG-012-CG-012A,False,20,True,Athletics,52
OPT-CG-012-03,CG-012,CG-012a,3-5,0.5,SingleResponse,SR-CG-012-CG-012A,False,30,True,Athletics,53
OPT-CG-012-04,CG-012,CG-012a,6-7,0.75,SingleResponse,SR-CG-012-CG-012A,False,40,True,Athletics,54
OPT-CG-012-05,CG-012,CG-012a,8+,1,SingleResponse,SR-CG-012-CG-012A,False,50,True,Athletics,55
OPT-CG-013-01,CG-013,CG-013a,Motorized projection screen,1,SingleResponse,SR-CG-013-CG-013A,False,10,True,Athletics,57
OPT-CG-013-02,CG-013,CG-013b,Ceiling or wall mounted projector,1,SingleResponse,SR-CG-013-CG-013B,False,20,True,Athletics,58
OPT-CG-014-01,CG-014,CG-014a,0,0,SingleResponse,SR-CG-014-CG-014A,False,10,True,Athletics,60
OPT-CG-014-02,CG-014,CG-014a,1 pair (2 hoops),0.33,SingleResponse,SR-CG-014-CG-014A,False,20,True,Athletics,61
OPT-CG-014-03,CG-014,CG-014a,2 pair (4 hoops),0.66,SingleResponse,SR-CG-014-CG-014A,False,30,True,Athletics,62
OPT-CG-014-04,CG-014,CG-014a,3+ pair (6+ hoops),1,SingleResponse,SR-CG-014-CG-014A,False,40,True,Athletics,63
OPT-CG-015-01,CG-015,CG-015a,0,0,SingleResponse,SR-CG-015-CG-015A,False,10,True,Athletics,65
OPT-CG-015-02,CG-015,CG-015a,1,0.25,SingleResponse,SR-CG-015-CG-015A,False,20,True,Athletics,66
OPT-CG-015-03,CG-015,CG-015a,2,0.5,SingleResponse,SR-CG-015-CG-015A,False,30,True,Athletics,67
OPT-CG-015-04,CG-015,CG-015a,3,0.75,SingleResponse,SR-CG-015-CG-015A,False,40,True,Athletics,68
OPT-CG-015-05,CG-015,CG-015a,4+,1,SingleResponse,SR-CG-015-CG-015A,False,50,True,Athletics,69
OPT-CG-016-01,CG-016,CG-016a,Yes,1,SingleResponse,SR-CG-016-CG-016A,False,10,True,Athletics,71
OPT-CG-016-02,CG-016,CG-016a,No,0,SingleResponse,SR-CG-016-CG-016A,False,20,True,Athletics,72
OPT-CG-016-03,CG-016,CG-016a,Unable to assess (note reason),,SingleResponse,SR-CG-016-CG-016A,True,30,True,Athletics,73
OPT-CG-017-01,CG-017,CG-017a,Yes,1,SingleResponse,SR-CG-017-CG-017A,False,10,True,Athletics,75
OPT-CG-017-02,CG-017,CG-017a,No,0,SingleResponse,SR-CG-017-CG-017A,False,20,True,Athletics,76
OPT-CG-017-03,CG-017,CG-017a,Unable to assess (note reason),,SingleResponse,SR-CG-017-CG-017A,True,30,True,Athletics,77
OPT-CG-018-01,CG-018,CG-018a,Floor box with electrical and data is provided,1,SingleResponse,SR-CG-018-CG-018A,False,10,True,Athletics,79
OPT-CG-018-02,CG-018,CG-018b,"Floor box is located outside the gym striping, on the home team side",1,SingleResponse,SR-CG-018-CG-018B,False,20,True,Athletics,80
OPT-MG-002-01,MG-002,MG-002a,Yes,1,SingleResponse,SR-MG-002-MG-002A,False,10,True,Athletics,86
OPT-MG-002-02,MG-002,MG-002a,No,0,SingleResponse,SR-MG-002-MG-002A,False,20,True,Athletics,87
OPT-MG-002-03,MG-002,MG-002a,Unable to assess (note reason),,SingleResponse,SR-MG-002-MG-002A,True,30,True,Athletics,88
OPT-MG-003-01,MG-003,MG-003a,Yes,1,SingleResponse,SR-MG-003-MG-003A,False,10,True,Athletics,90
OPT-MG-003-02,MG-003,MG-003a,No,0,SingleResponse,SR-MG-003-MG-003A,False,20,True,Athletics,91
OPT-MG-003-03,MG-003,MG-003a,Unable to assess (note reason),,SingleResponse,SR-MG-003-MG-003A,True,30,True,Athletics,92
OPT-MG-004-01,MG-004,MG-004a,Yes,1,SingleResponse,SR-MG-004-MG-004A,False,10,True,Athletics,94
OPT-MG-004-02,MG-004,MG-004a,No,0,SingleResponse,SR-MG-004-MG-004A,False,20,True,Athletics,95
OPT-MG-004-03,MG-004,MG-004a,Unable to assess (note reason),,SingleResponse,SR-MG-004-MG-004A,True,30,True,Athletics,96
OPT-MG-005-01,MG-005,MG-005a,Main court bleachers accommodate approx. 700 spectators,1,SingleResponse,SR-MG-005-MG-005A,False,10,True,Athletics,98
OPT-MG-005-02,MG-005,MG-005b,Cross court bleachers accommodate approx. 180 spectators (combined),1,SingleResponse,SR-MG-005-MG-005B,False,20,True,Athletics,99
OPT-MG-006-01,MG-006,MG-006a,Yes,1,SingleResponse,SR-MG-006-MG-006A,False,10,True,Athletics,101
OPT-MG-006-02,MG-006,MG-006a,No,0,SingleResponse,SR-MG-006-MG-006A,False,20,True,Athletics,102
OPT-MG-006-03,MG-006,MG-006a,Unable to assess (note reason),,SingleResponse,SR-MG-006-MG-006A,True,30,True,Athletics,103
OPT-MG-007-01,MG-007,MG-007a,3'+ on sidelines,1,SingleResponse,SR-MG-007-MG-007A,False,10,True,Athletics,105
OPT-MG-007-02,MG-007,MG-007b,6'+ on baselines,1,SingleResponse,SR-MG-007-MG-007B,False,20,True,Athletics,106
OPT-MG-008-01,MG-008,MG-008a,3'+ on sidelines,1,SingleResponse,SR-MG-008-MG-008A,False,10,True,Athletics,108
OPT-MG-008-02,MG-008,MG-008b,6'+ on baselines,1,SingleResponse,SR-MG-008-MG-008B,False,20,True,Athletics,109
OPT-MG-009-01,MG-009,MG-009a,None,0,SingleResponse,SR-MG-009-MG-009A,False,10,True,Athletics,111
OPT-MG-009-02,MG-009,MG-009a,<4 linear feet,0.2,SingleResponse,SR-MG-009-MG-009A,False,20,True,Athletics,112
OPT-MG-009-03,MG-009,MG-009a,4 to <8 linear feet,0.4,SingleResponse,SR-MG-009-MG-009A,False,30,True,Athletics,113
OPT-MG-009-04,MG-009,MG-009a,8 to <12 linear feet,0.6,SingleResponse,SR-MG-009-MG-009A,False,40,True,Athletics,114
OPT-MG-009-05,MG-009,MG-009a,12 to <16 linear feet,0.8,SingleResponse,SR-MG-009-MG-009A,False,50,True,Athletics,115
OPT-MG-009-06,MG-009,MG-009a,16+ linear feet,1,SingleResponse,SR-MG-009-MG-009A,False,60,True,Athletics,116
OPT-MG-009-07,MG-009,MG-009a,Unable to assess (note reason),,SingleResponse,SR-MG-009-MG-009A,True,70,True,Athletics,117
OPT-MG-010-01,MG-010,MG-010a,0,0,SingleResponse,SR-MG-010-MG-010A,False,10,True,Athletics,119
OPT-MG-010-02,MG-010,MG-010a,1,0.25,SingleResponse,SR-MG-010-MG-010A,False,20,True,Athletics,120
OPT-MG-010-03,MG-010,MG-010a,2,0.5,SingleResponse,SR-MG-010-MG-010A,False,30,True,Athletics,121
OPT-MG-010-04,MG-010,MG-010a,3,0.75,SingleResponse,SR-MG-010-MG-010A,False,40,True,Athletics,122
OPT-MG-010-05,MG-010,MG-010a,4,1,SingleResponse,SR-MG-010-MG-010A,False,50,True,Athletics,123
OPT-MG-011-01,MG-011,MG-011a,0,0,SingleResponse,SR-MG-011-MG-011A,False,10,True,Athletics,125
OPT-MG-011-02,MG-011,MG-011a,1-2,0.25,SingleResponse,SR-MG-011-MG-011A,False,20,True,Athletics,126
OPT-MG-011-03,MG-011,MG-011a,3-5,0.5,SingleResponse,SR-MG-011-MG-011A,False,30,True,Athletics,127
OPT-MG-011-04,MG-011,MG-011a,6-7,0.75,SingleResponse,SR-MG-011-MG-011A,False,40,True,Athletics,128
OPT-MG-011-05,MG-011,MG-011a,8+,1,SingleResponse,SR-MG-011-MG-011A,False,50,True,Athletics,129
OPT-MG-012-01,MG-012,MG-012a,Motorized projection screen,1,SingleResponse,SR-MG-012-MG-012A,False,10,True,Athletics,131
OPT-MG-012-02,MG-012,MG-012b,Ceiling or wall mounted projector,1,SingleResponse,SR-MG-012-MG-012B,False,20,True,Athletics,132
OPT-MG-013-01,MG-013,MG-013a,0,0,SingleResponse,SR-MG-013-MG-013A,False,10,True,Athletics,134
OPT-MG-013-02,MG-013,MG-013a,1 pair (2 hoops),0.33,SingleResponse,SR-MG-013-MG-013A,False,20,True,Athletics,135
OPT-MG-013-03,MG-013,MG-013a,2 pair (4 hoops),0.66,SingleResponse,SR-MG-013-MG-013A,False,30,True,Athletics,136
OPT-MG-013-04,MG-013,MG-013a,3+ pair (6+ hoops),1,SingleResponse,SR-MG-013-MG-013A,False,40,True,Athletics,137
OPT-MG-014-01,MG-014,MG-014a,0,0,SingleResponse,SR-MG-014-MG-014A,False,10,True,Athletics,139
OPT-MG-014-02,MG-014,MG-014a,1,0.5,SingleResponse,SR-MG-014-MG-014A,False,20,True,Athletics,140
OPT-MG-014-03,MG-014,MG-014a,2+,1,SingleResponse,SR-MG-014-MG-014A,False,30,True,Athletics,141
OPT-MG-015-01,MG-015,MG-015a,Yes,1,SingleResponse,SR-MG-015-MG-015A,False,10,True,Athletics,143
OPT-MG-015-02,MG-015,MG-015a,No,0,SingleResponse,SR-MG-015-MG-015A,False,20,True,Athletics,144
OPT-MG-015-03,MG-015,MG-015a,Unable to assess (note reason),,SingleResponse,SR-MG-015-MG-015A,True,30,True,Athletics,145
OPT-MG-016-01,MG-016,MG-016a,Yes,1,SingleResponse,SR-MG-016-MG-016A,False,10,True,Athletics,147
OPT-MG-016-02,MG-016,MG-016a,No,0,SingleResponse,SR-MG-016-MG-016A,False,20,True,Athletics,148
OPT-MG-016-03,MG-016,MG-016a,Unable to assess (note reason),,SingleResponse,SR-MG-016-MG-016A,True,30,True,Athletics,149
OPT-MG-017-01,MG-017,MG-017a,Floor box with electrical outlets and data drops is provided,1,SingleResponse,SR-MG-017-MG-017A,False,10,True,Athletics,151
OPT-MG-017-02,MG-017,MG-017b,"Floor box is located outside the gym striping, on the home team side",1,SingleResponse,SR-MG-017-MG-017B,False,20,True,Athletics,152
OPT-PG-002-01,PG-002,PG-002a,Yes,1,SingleResponse,SR-PG-002-PG-002A,False,10,True,Athletics,158
OPT-PG-002-02,PG-002,PG-002a,No,0,SingleResponse,SR-PG-002-PG-002A,False,20,True,Athletics,159
OPT-PG-002-03,PG-002,PG-002a,Unable to assess (note reason),,SingleResponse,SR-PG-002-PG-002A,True,30,True,Athletics,160
OPT-PG-003-01,PG-003,PG-003a,Yes,1,SingleResponse,SR-PG-003-PG-003A,False,10,True,Athletics,162
OPT-PG-003-02,PG-003,PG-003a,No,0,SingleResponse,SR-PG-003-PG-003A,False,20,True,Athletics,163
OPT-PG-003-03,PG-003,PG-003a,Unable to assess (note reason),,SingleResponse,SR-PG-003-PG-003A,True,30,True,Athletics,164
OPT-PG-004-01,PG-004,PG-004a,Yes,1,SingleResponse,SR-PG-004-PG-004A,False,10,True,Athletics,166
OPT-PG-004-02,PG-004,PG-004a,No,0,SingleResponse,SR-PG-004-PG-004A,False,20,True,Athletics,167
OPT-PG-004-03,PG-004,PG-004a,Unable to assess (note reason),,SingleResponse,SR-PG-004-PG-004A,True,30,True,Athletics,168
OPT-PG-005-01,PG-005,PG-005a,Main court bleachers accommodate approx. 700 spectators,1,SingleResponse,SR-PG-005-PG-005A,False,10,True,Athletics,170
OPT-PG-005-02,PG-005,PG-005b,Cross court bleachers accommodate approx. 180 spectators (combined),1,SingleResponse,SR-PG-005-PG-005B,False,20,True,Athletics,171
OPT-PG-006-01,PG-006,PG-006a,Yes,1,SingleResponse,SR-PG-006-PG-006A,False,10,True,Athletics,173
OPT-PG-006-02,PG-006,PG-006a,No,0,SingleResponse,SR-PG-006-PG-006A,False,20,True,Athletics,174
OPT-PG-006-03,PG-006,PG-006a,Unable to assess (note reason),,SingleResponse,SR-PG-006-PG-006A,True,30,True,Athletics,175
OPT-PG-007-01,PG-007,PG-007a,3'+ on sidelines,1,SingleResponse,SR-PG-007-PG-007A,False,10,True,Athletics,177
OPT-PG-007-02,PG-007,PG-007b,6'+ on baselines,1,SingleResponse,SR-PG-007-PG-007B,False,20,True,Athletics,178
OPT-PG-008-01,PG-008,PG-008a,None,0,SingleResponse,SR-PG-008-PG-008A,False,10,True,Athletics,180
OPT-PG-008-02,PG-008,PG-008a,<4 linear feet,0.2,SingleResponse,SR-PG-008-PG-008A,False,20,True,Athletics,181
OPT-PG-008-03,PG-008,PG-008a,4 to <8 linear feet,0.4,SingleResponse,SR-PG-008-PG-008A,False,30,True,Athletics,182
OPT-PG-008-04,PG-008,PG-008a,8 to <12 linear feet,0.6,SingleResponse,SR-PG-008-PG-008A,False,40,True,Athletics,183
OPT-PG-008-05,PG-008,PG-008a,12 to <16 linear feet,0.8,SingleResponse,SR-PG-008-PG-008A,False,50,True,Athletics,184
OPT-PG-008-06,PG-008,PG-008a,16+ linear feet,1,SingleResponse,SR-PG-008-PG-008A,False,60,True,Athletics,185
OPT-PG-008-07,PG-008,PG-008a,Unable to assess (note reason),,SingleResponse,SR-PG-008-PG-008A,True,70,True,Athletics,186
OPT-PG-009-01,PG-009,PG-009a,0,0,SingleResponse,SR-PG-009-PG-009A,False,10,True,Athletics,188
OPT-PG-009-02,PG-009,PG-009a,1,0.25,SingleResponse,SR-PG-009-PG-009A,False,20,True,Athletics,189
OPT-PG-009-03,PG-009,PG-009a,2,0.5,SingleResponse,SR-PG-009-PG-009A,False,30,True,Athletics,190
OPT-PG-009-04,PG-009,PG-009a,3,0.75,SingleResponse,SR-PG-009-PG-009A,False,40,True,Athletics,191
OPT-PG-009-05,PG-009,PG-009a,4,1,SingleResponse,SR-PG-009-PG-009A,False,50,True,Athletics,192
OPT-PG-010-01,PG-010,PG-010a,0,0,SingleResponse,SR-PG-010-PG-010A,False,10,True,Athletics,194
OPT-PG-010-02,PG-010,PG-010a,1-2,0.25,SingleResponse,SR-PG-010-PG-010A,False,20,True,Athletics,195
OPT-PG-010-03,PG-010,PG-010a,3-5,0.5,SingleResponse,SR-PG-010-PG-010A,False,30,True,Athletics,196
OPT-PG-010-04,PG-010,PG-010a,6-7,0.75,SingleResponse,SR-PG-010-PG-010A,False,40,True,Athletics,197
OPT-PG-010-05,PG-010,PG-010a,8+,1,SingleResponse,SR-PG-010-PG-010A,False,50,True,Athletics,198
OPT-PG-011-01,PG-011,PG-011a,Yes,1,SingleResponse,SR-PG-011-PG-011A,False,10,True,Athletics,200
OPT-PG-011-02,PG-011,PG-011a,No,0,SingleResponse,SR-PG-011-PG-011A,False,20,True,Athletics,201
OPT-PG-011-03,PG-011,PG-011a,Unable to assess (note reason),,SingleResponse,SR-PG-011-PG-011A,True,30,True,Athletics,202
OPT-PG-012-01,PG-012,PG-012a,Yes,1,SingleResponse,SR-PG-012-PG-012A,False,10,True,Athletics,204
OPT-PG-012-02,PG-012,PG-012a,No,0,SingleResponse,SR-PG-012-PG-012A,False,20,True,Athletics,205
OPT-PG-012-03,PG-012,PG-012a,Unable to assess (note reason),,SingleResponse,SR-PG-012-PG-012A,True,30,True,Athletics,206
OPT-PG-013-01,PG-013,PG-013a,Floor box with electrical outlets and data drops is provided,1,SingleResponse,SR-PG-013-PG-013A,False,10,True,Athletics,208
OPT-PG-013-02,PG-013,PG-013b,"Floor box is located outside the gym striping, on the home team side",1,SingleResponse,SR-PG-013-PG-013B,False,20,True,Athletics,209
OPT-WE-002-01,WE-002,WE-002a,Storage room,1,SingleResponse,SR-WE-002-WE-002A,False,10,True,Athletics,215
OPT-WE-002-02,WE-002,WE-002b,A/V control room,1,SingleResponse,SR-WE-002-WE-002B,False,20,True,Athletics,216
OPT-WE-003-01,WE-003,WE-003a,Yes,1,SingleResponse,SR-WE-003-WE-003A,False,10,True,Athletics,218
OPT-WE-003-02,WE-003,WE-003a,No,0,SingleResponse,SR-WE-003-WE-003A,False,20,True,Athletics,219
OPT-WE-003-03,WE-003,WE-003a,Unable to assess (note reason),,SingleResponse,SR-WE-003-WE-003A,True,30,True,Athletics,220
OPT-WE-004-01,WE-004,WE-004a,Power rack,1,SingleResponse,SR-WE-004-WE-004A,False,10,True,Athletics,222
OPT-WE-004-02,WE-004,WE-004b,Free weights,1,SingleResponse,SR-WE-004-WE-004B,False,20,True,Athletics,223
OPT-WE-004-03,WE-004,WE-004c,Bars,1,SingleResponse,SR-WE-004-WE-004C,False,30,True,Athletics,224
OPT-WE-004-04,WE-004,WE-004d,Incline bench press,1,SingleResponse,SR-WE-004-WE-004D,False,40,True,Athletics,225
OPT-WE-004-05,WE-004,WE-004e,Exercise machines,1,SingleResponse,SR-WE-004-WE-004E,False,50,True,Athletics,226
OPT-WE-004-06,WE-004,WE-004f,Weight machines,1,SingleResponse,SR-WE-004-WE-004F,False,60,True,Athletics,227
OPT-WE-004-07,WE-004,WE-004g,Exercise mats,1,SingleResponse,SR-WE-004-WE-004G,False,70,True,Athletics,228
OPT-WE-005-01,WE-005,WE-005a,Yes,1,SingleResponse,SR-WE-005-WE-005A,False,10,True,Athletics,230
OPT-WE-005-02,WE-005,WE-005a,No,0,SingleResponse,SR-WE-005-WE-005A,False,20,True,Athletics,231
OPT-WE-005-03,WE-005,WE-005a,Unable to assess (note reason),,SingleResponse,SR-WE-005-WE-005A,True,30,True,Athletics,232
OPT-WE-006-01,WE-006,WE-006a,Yes,1,SingleResponse,SR-WE-006-WE-006A,False,10,True,Athletics,234
OPT-WE-006-02,WE-006,WE-006a,No,0,SingleResponse,SR-WE-006-WE-006A,False,20,True,Athletics,235
OPT-WE-006-03,WE-006,WE-006a,Unable to assess (note reason),,SingleResponse,SR-WE-006-WE-006A,True,30,True,Athletics,236
OPT-WE-007-01,WE-007,WE-007a,Yes,1,SingleResponse,SR-WE-007-WE-007A,False,10,True,Athletics,238
OPT-WE-007-02,WE-007,WE-007a,No,0,SingleResponse,SR-WE-007-WE-007A,False,20,True,Athletics,239
OPT-WE-007-03,WE-007,WE-007a,Unable to assess (note reason),,SingleResponse,SR-WE-007-WE-007A,True,30,True,Athletics,240
OPT-WE-008-01,WE-008,WE-008a,0,0,SingleResponse,SR-WE-008-WE-008A,False,10,True,Athletics,242
OPT-WE-008-02,WE-008,WE-008a,1,0.25,SingleResponse,SR-WE-008-WE-008A,False,20,True,Athletics,243
OPT-WE-008-03,WE-008,WE-008a,2,0.5,SingleResponse,SR-WE-008-WE-008A,False,30,True,Athletics,244
OPT-WE-008-04,WE-008,WE-008a,3,0.75,SingleResponse,SR-WE-008-WE-008A,False,40,True,Athletics,245
OPT-WE-008-05,WE-008,WE-008a,4,1,SingleResponse,SR-WE-008-WE-008A,False,50,True,Athletics,246
OPT-WE-009-01,WE-009,WE-009a,0,0,SingleResponse,SR-WE-009-WE-009A,False,10,True,Athletics,248
OPT-WE-009-02,WE-009,WE-009a,1-2,0.25,SingleResponse,SR-WE-009-WE-009A,False,20,True,Athletics,249
OPT-WE-009-03,WE-009,WE-009a,3-5,0.5,SingleResponse,SR-WE-009-WE-009A,False,30,True,Athletics,250
OPT-WE-009-04,WE-009,WE-009a,6-7,0.75,SingleResponse,SR-WE-009-WE-009A,False,40,True,Athletics,251
OPT-WE-009-05,WE-009,WE-009a,8+,1,SingleResponse,SR-WE-009-WE-009A,False,50,True,Athletics,252
OPT-WE-010-01,WE-010,WE-010a,Water fountain,1,SingleResponse,SR-WE-010-WE-010A,False,10,True,Athletics,254
OPT-WE-010-02,WE-010,WE-010b,Bottle filler,1,SingleResponse,SR-WE-010-WE-010B,False,20,True,Athletics,255
OPT-WR-002-01,WR-002,WR-002a,Yes,1,SingleResponse,SR-WR-002-WR-002A,False,10,True,Athletics,261
OPT-WR-002-02,WR-002,WR-002a,No,0,SingleResponse,SR-WR-002-WR-002A,False,20,True,Athletics,262
OPT-WR-002-03,WR-002,WR-002a,Unable to assess (note reason),,SingleResponse,SR-WR-002-WR-002A,True,30,True,Athletics,263
OPT-WR-003-01,WR-003,WR-003a,5' clearance is provided from mat edges to walls,1,SingleResponse,SR-WR-003-WR-003A,False,10,True,Athletics,265
OPT-WR-003-02,WR-003,WR-003b,5' clearance is provided between mats,1,SingleResponse,SR-WR-003-WR-003B,False,20,True,Athletics,266
OPT-WR-004-01,WR-004,WR-004a,Yes,1,SingleResponse,SR-WR-004-WR-004A,False,10,True,Athletics,268
OPT-WR-004-02,WR-004,WR-004a,No,0,SingleResponse,SR-WR-004-WR-004A,False,20,True,Athletics,269
OPT-WR-004-03,WR-004,WR-004a,Unable to assess (note reason),,SingleResponse,SR-WR-004-WR-004A,True,30,True,Athletics,270
OPT-WR-005-01,WR-005,WR-005a,Yes,1,SingleResponse,SR-WR-005-WR-005A,False,10,True,Athletics,272
OPT-WR-005-02,WR-005,WR-005a,No,0,SingleResponse,SR-WR-005-WR-005A,False,20,True,Athletics,273
OPT-WR-005-03,WR-005,WR-005a,Unable to assess (note reason),,SingleResponse,SR-WR-005-WR-005A,True,30,True,Athletics,274
OPT-WR-006-01,WR-006,WR-006a,Yes,1,SingleResponse,SR-WR-006-WR-006A,False,10,True,Athletics,276
OPT-WR-006-02,WR-006,WR-006a,No,0,SingleResponse,SR-WR-006-WR-006A,False,20,True,Athletics,277
OPT-WR-006-03,WR-006,WR-006a,Unable to assess (note reason),,SingleResponse,SR-WR-006-WR-006A,True,30,True,Athletics,278
OPT-WR-007-01,WR-007,WR-007a,None,0,SingleResponse,SR-WR-007-WR-007A,False,10,True,Athletics,280
OPT-WR-007-02,WR-007,WR-007a,4+ linear feet,1,SingleResponse,SR-WR-007-WR-007A,False,20,True,Athletics,281
OPT-WR-007-03,WR-007,WR-007a,Unable to assess (note reason),,SingleResponse,SR-WR-007-WR-007A,True,30,True,Athletics,282
OPT-WR-008-01,WR-008,WR-008a,0,0,SingleResponse,SR-WR-008-WR-008A,False,10,True,Athletics,284
OPT-WR-008-02,WR-008,WR-008a,1,0.25,SingleResponse,SR-WR-008-WR-008A,False,20,True,Athletics,285
OPT-WR-008-03,WR-008,WR-008a,2,0.5,SingleResponse,SR-WR-008-WR-008A,False,30,True,Athletics,286
OPT-WR-008-04,WR-008,WR-008a,3,0.75,SingleResponse,SR-WR-008-WR-008A,False,40,True,Athletics,287
OPT-WR-008-05,WR-008,WR-008a,4,1,SingleResponse,SR-WR-008-WR-008A,False,50,True,Athletics,288
OPT-WR-009-01,WR-009,WR-009a,0,0,SingleResponse,SR-WR-009-WR-009A,False,10,True,Athletics,290
OPT-WR-009-02,WR-009,WR-009a,1-2,0.25,SingleResponse,SR-WR-009-WR-009A,False,20,True,Athletics,291
OPT-WR-009-03,WR-009,WR-009a,3-5,0.5,SingleResponse,SR-WR-009-WR-009A,False,30,True,Athletics,292
OPT-WR-009-04,WR-009,WR-009a,6-7,0.75,SingleResponse,SR-WR-009-WR-009A,False,40,True,Athletics,293
OPT-WR-009-05,WR-009,WR-009a,8+,1,SingleResponse,SR-WR-009-WR-009A,False,50,True,Athletics,294
OPT-WR-010-01,WR-010,WR-010a,Water fountain,1,SingleResponse,SR-WR-010-WR-010A,False,10,True,Athletics,296
OPT-WR-010-02,WR-010,WR-010b,Bottle filler,1,SingleResponse,SR-WR-010-WR-010B,False,20,True,Athletics,297
OPT-LR-002-01,LR-002,LR-002a,Athletics locker room (boys),1,SingleResponse,SR-LR-002-LR-002A,False,10,True,Athletics,303
OPT-LR-002-02,LR-002,LR-002b,Athletics locker room (girls),1,SingleResponse,SR-LR-002-LR-002B,False,20,True,Athletics,304
OPT-LR-002-03,LR-002,LR-002c,PE locker room (boys),1,SingleResponse,SR-LR-002-LR-002C,False,30,True,Athletics,305
OPT-LR-002-04,LR-002,LR-002d,PE locker room (girls),1,SingleResponse,SR-LR-002-LR-002D,False,40,True,Athletics,306
OPT-LR-002-05,LR-002,LR-002e,All-learners locker room,1,SingleResponse,SR-LR-002-LR-002E,False,50,True,Athletics,307
OPT-LR-002-06,LR-002,LR-002f,Adult lockers/dressing,1,SingleResponse,SR-LR-002-LR-002F,False,60,True,Athletics,308
OPT-LR-002-07,LR-002,LR-002g,Official's lockers/dressing,1,SingleResponse,SR-LR-002-LR-002G,False,70,True,Athletics,309
OPT-LR-003-01,LR-003,LR-003a,Yes,1,SingleResponse,SR-LR-003-LR-003A,False,10,True,Athletics,311
OPT-LR-003-02,LR-003,LR-003a,No,0,SingleResponse,SR-LR-003-LR-003A,False,20,True,Athletics,312
OPT-LR-003-03,LR-003,LR-003a,Unable to assess (note reason),,SingleResponse,SR-LR-003-LR-003A,True,30,True,Athletics,313
OPT-LR-004-01,LR-004,LR-004a,The locker rooms are easily accessible from the gymnasium and other athletics facilities,1,SingleResponse,SR-LR-004-LR-004A,False,10,True,Athletics,315
OPT-LR-004-02,LR-004,LR-004b,The locker rooms are directly accessible from the outdoor athletics area,1,SingleResponse,SR-LR-004-LR-004B,False,20,True,Athletics,316
OPT-LR-004-03,LR-004,LR-004c,The all-learners locker room is directly accessible from the locker room vestibule,1,SingleResponse,SR-LR-004-LR-004C,False,30,True,Athletics,317
OPT-LR-005-01,LR-005,LR-005a,Floor drain(s),1,SingleResponse,SR-LR-005-LR-005A,False,10,True,Athletics,319
OPT-LR-005-02,LR-005,LR-005b,Shower(s),1,SingleResponse,SR-LR-005-LR-005B,False,20,True,Athletics,320
OPT-LR-005-03,LR-005,LR-005c,Hose bib(s),1,SingleResponse,SR-LR-005-LR-005C,False,30,True,Athletics,321
OPT-LR-006-01,LR-006,LR-006a,Coaches PLC,1,SingleResponse,SR-LR-006-LR-006A,False,10,True,Athletics,323
OPT-LR-006-02,LR-006,LR-006b,Equipment storage,1,SingleResponse,SR-LR-006-LR-006B,False,20,True,Athletics,324
OPT-LR-006-03,LR-006,LR-006c,Health studio,1,SingleResponse,SR-LR-006-LR-006C,False,30,True,Athletics,325
OPT-LR-006-04,LR-006,LR-006d,Laundry,1,SingleResponse,SR-LR-006-LR-006D,False,40,True,Athletics,326
OPT-PF-002-01,PF-002,PF-002a,Yes,1,SingleResponse,SR-PF-002-PF-002A,False,10,True,Athletics,332
OPT-PF-002-02,PF-002,PF-002a,No,0,SingleResponse,SR-PF-002-PF-002A,False,20,True,Athletics,333
OPT-PF-002-03,PF-002,PF-002a,Unable to assess (note reason),,SingleResponse,SR-PF-002-PF-002A,True,30,True,Athletics,334
OPT-PF-003-01,PF-003,PF-003a,None,0,SingleResponse,SR-PF-003-PF-003A,False,10,True,Athletics,336
OPT-PF-003-02,PF-003,PF-003a,<8 linear feet,0.5,SingleResponse,SR-PF-003-PF-003A,False,20,True,Athletics,337
OPT-PF-003-03,PF-003,PF-003a,8+ linear feet,1,SingleResponse,SR-PF-003-PF-003A,False,30,True,Athletics,338
OPT-PF-003-04,PF-003,PF-003a,Unable to assess (note reason),,SingleResponse,SR-PF-003-PF-003A,True,40,True,Athletics,339
OPT-PF-004-01,PF-004,PF-004a,None,0,SingleResponse,SR-PF-004-PF-004A,False,10,True,Athletics,341
OPT-PF-004-02,PF-004,PF-004a,<4 linear feet,0.5,SingleResponse,SR-PF-004-PF-004A,False,20,True,Athletics,342
OPT-PF-004-03,PF-004,PF-004a,4+ linear feet,1,SingleResponse,SR-PF-004-PF-004A,False,30,True,Athletics,343
OPT-PF-004-04,PF-004,PF-004a,Unable to assess (note reason),,SingleResponse,SR-PF-004-PF-004A,True,40,True,Athletics,344
OPT-PF-005-01,PF-005,PF-005a,0,0,SingleResponse,SR-PF-005-PF-005A,False,10,True,Athletics,346
OPT-PF-005-02,PF-005,PF-005a,1,0.25,SingleResponse,SR-PF-005-PF-005A,False,20,True,Athletics,347
OPT-PF-005-03,PF-005,PF-005a,2,0.5,SingleResponse,SR-PF-005-PF-005A,False,30,True,Athletics,348
OPT-PF-005-04,PF-005,PF-005a,3,0.75,SingleResponse,SR-PF-005-PF-005A,False,40,True,Athletics,349
OPT-PF-005-05,PF-005,PF-005a,4,1,SingleResponse,SR-PF-005-PF-005A,False,50,True,Athletics,350
OPT-PF-006-01,PF-006,PF-006a,0,0,SingleResponse,SR-PF-006-PF-006A,False,10,True,Athletics,352
OPT-PF-006-02,PF-006,PF-006a,1-2,0.25,SingleResponse,SR-PF-006-PF-006A,False,20,True,Athletics,353
OPT-PF-006-03,PF-006,PF-006a,3-5,0.5,SingleResponse,SR-PF-006-PF-006A,False,30,True,Athletics,354
OPT-PF-006-04,PF-006,PF-006a,6-7,0.75,SingleResponse,SR-PF-006-PF-006A,False,40,True,Athletics,355
OPT-PF-006-05,PF-006,PF-006a,8+,1,SingleResponse,SR-PF-006-PF-006A,False,50,True,Athletics,356
OPT-PF-007-01,PF-007,PF-007a,Water fountain,1,SingleResponse,SR-PF-007-PF-007A,False,10,True,Athletics,358
OPT-PF-007-02,PF-007,PF-007b,Bottle filler,1,SingleResponse,SR-PF-007-PF-007B,False,20,True,Athletics,359
OPT-PF-008-01,PF-008,PF-008a,Mirrors extend the full length of at least one wall,1,SingleResponse,SR-PF-008-PF-008A,False,10,True,Athletics,361
OPT-PF-008-02,PF-008,PF-008b,Mirrors are at least 7' high,1,SingleResponse,SR-PF-008-PF-008B,False,20,True,Athletics,362
OPT-PF-009-01,PF-009,PF-009a,Weight racks,1,SingleResponse,SR-PF-009-PF-009A,False,10,True,Athletics,364
OPT-PF-009-02,PF-009,PF-009b,Free weights,1,SingleResponse,SR-PF-009-PF-009B,False,20,True,Athletics,365
OPT-PF-009-03,PF-009,PF-009c,Cardio machines,1,SingleResponse,SR-PF-009-PF-009C,False,30,True,Athletics,366
OPT-PF-009-04,PF-009,PF-009d,Exercise mats,1,SingleResponse,SR-PF-009-PF-009D,False,40,True,Athletics,367
OPT-AT-001-01,AT-001,AT-001a,The gym lobby serves as a dedicated after-hours entry point,1,SingleResponse,SR-AT-001-AT-001A,False,10,True,Athletics,369
OPT-AT-001-02,AT-001,AT-001b,The athletics wing can be accessed before and after school hours while restricting access to the rest of campus,1,SingleResponse,SR-AT-001-AT-001B,False,20,True,Athletics,370
OPT-AT-002-01,AT-002,AT-002a,Yes,1,SingleResponse,SR-AT-002-AT-002A,False,10,True,Athletics,372
OPT-AT-002-02,AT-002,AT-002a,No,0,SingleResponse,SR-AT-002-AT-002A,False,20,True,Athletics,373
OPT-AT-002-03,AT-002,AT-002a,Unable to assess (note reason),,SingleResponse,SR-AT-002-AT-002A,True,30,True,Athletics,374
OPT-AT-003-01,AT-003,AT-003a,Gym lobby,1,SingleResponse,SR-AT-003-AT-003A,False,10,True,Athletics,376
OPT-AT-003-02,AT-003,AT-003b,Concession,1,SingleResponse,SR-AT-003-AT-003B,False,20,True,Athletics,377
OPT-AT-003-03,AT-003,AT-003c,Restrooms (public/gymnasium),1,SingleResponse,SR-AT-003-AT-003C,False,30,True,Athletics,378
OPT-AT-003-04,AT-003,AT-003d,Family restroom,1,SingleResponse,SR-AT-003-AT-003D,False,40,True,Athletics,379
OPT-AT-003-05,AT-003,AT-003e,Laundry,1,SingleResponse,SR-AT-003-AT-003E,False,50,True,Athletics,380
OPT-AT-003-06,AT-003,AT-003f,Storage rooms,1,SingleResponse,SR-AT-003-AT-003F,False,60,True,Athletics,381
OPT-AT-003-07,AT-003,AT-003g,Coaches PLC,1,SingleResponse,SR-AT-003-AT-003G,False,70,True,Athletics,382
OPT-AT-004-01,AT-004,AT-004a,Athletics Coordinator's office,1,SingleResponse,SR-AT-004-AT-004A,False,10,True,Athletics,384
OPT-AT-004-02,AT-004,AT-004b,Athletics Trainer's office,1,SingleResponse,SR-AT-004-AT-004B,False,20,True,Athletics,385
OPT-AT-004-03,AT-004,AT-004d,Athletics training room,1,SingleResponse,SR-AT-004-AT-004D,False,30,True,Athletics,386
OPT-AT-004-04,AT-004,AT-004e,Health studio/team meeting,1,SingleResponse,SR-AT-004-AT-004E,False,40,True,Athletics,387
OPT-AT-004-05,AT-004,AT-004f,Table and chair storage,1,SingleResponse,SR-AT-004-AT-004F,False,50,True,Athletics,388
OPT-AT-004-06,AT-004,AT-004g,Group rooms (small),1,SingleResponse,SR-AT-004-AT-004G,False,60,True,Athletics,389
OPT-AT-005-01,AT-005,AT-005a,0,0,SingleResponse,SR-AT-005-AT-005A,False,10,True,Athletics,391
OPT-AT-005-02,AT-005,AT-005a,1-2,0.33,SingleResponse,SR-AT-005-AT-005A,False,20,True,Athletics,392
OPT-AT-005-03,AT-005,AT-005a,3-4,0.66,SingleResponse,SR-AT-005-AT-005A,False,30,True,Athletics,393
OPT-AT-005-04,AT-005,AT-005a,5+,1,SingleResponse,SR-AT-005-AT-005A,False,40,True,Athletics,394
OPT-AT-006-01,AT-006,AT-006a,0,0,SingleResponse,SR-AT-006-AT-006A,False,10,True,Athletics,396
OPT-AT-006-02,AT-006,AT-006a,1-2,0.33,SingleResponse,SR-AT-006-AT-006A,False,20,True,Athletics,397
OPT-AT-006-03,AT-006,AT-006a,3,0.66,SingleResponse,SR-AT-006-AT-006A,False,30,True,Athletics,398
OPT-AT-006-04,AT-006,AT-006a,4+,1,SingleResponse,SR-AT-006-AT-006A,False,40,True,Athletics,399
OPT-AT-007-01,AT-007,AT-007a,0,0,SingleResponse,SR-AT-007-AT-007A,False,10,True,Athletics,401
OPT-AT-007-02,AT-007,AT-007a,1,0.5,SingleResponse,SR-AT-007-AT-007A,False,20,True,Athletics,402
OPT-AT-007-03,AT-007,AT-007a,2+,1,SingleResponse,SR-AT-007-AT-007A,False,30,True,Athletics,403
OPT-OA-001-01,OA-001,OA-001a,Football/soccer field,1,SingleResponse,SR-OA-001-OA-001A,False,10,True,Athletics,405
OPT-OA-001-02,OA-001,OA-001b,Track,1,SingleResponse,SR-OA-001-OA-001B,False,20,True,Athletics,406
OPT-OA-001-03,OA-001,OA-001c,Tennis courts,1,SingleResponse,SR-OA-001-OA-001C,False,30,True,Athletics,407
OPT-OA-001-04,OA-001,OA-001d,Flat grass playfield (separate from football/soccer field),1,SingleResponse,SR-OA-001-OA-001D,False,40,True,Athletics,408
OPT-OA-001-05,OA-001,OA-001e,Hard play slab,1,SingleResponse,SR-OA-001-OA-001E,False,50,True,Athletics,409
OPT-OA-001-06,OA-001,OA-001f,Shot put circle,1,SingleResponse,SR-OA-001-OA-001F,False,60,True,Athletics,410
OPT-OA-001-07,OA-001,OA-001g,Discus throw circle,1,SingleResponse,SR-OA-001-OA-001G,False,70,True,Athletics,411
OPT-OA-001-08,OA-001,OA-001h,High jump and landing mat,1,SingleResponse,SR-OA-001-OA-001H,False,80,True,Athletics,412
OPT-OA-001-09,OA-001,OA-001i,Long jump and landing pit,,Inventory,INV-OA-001-OA-001I,False,90,True,Athletics,413
OPT-OA-001-10,OA-001,OA-001j,Triple jump and landing pit,1,SingleResponse,SR-OA-001-OA-001J,False,100,True,Athletics,414
OPT-OA-002-01,OA-002,OA-002a,Football/soccer field (synthetic turf),1,SingleResponse,SR-OA-002-OA-002A,False,10,True,Athletics,416
OPT-OA-002-02,OA-002,OA-002b,Track,1,SingleResponse,SR-OA-002-OA-002B,False,20,True,Athletics,417
OPT-OA-002-03,OA-002,OA-002c,Tennis courts,1,SingleResponse,SR-OA-002-OA-002C,False,30,True,Athletics,418
OPT-OA-002-04,OA-002,OA-002d,Football/soccer practice field (natural grass),1,SingleResponse,SR-OA-002-OA-002D,False,40,True,Athletics,419
OPT-OA-002-05,OA-002,OA-002e,Shot put circle,1,SingleResponse,SR-OA-002-OA-002E,False,50,True,Athletics,420
OPT-OA-002-06,OA-002,OA-002f,Discus throw circle,1,SingleResponse,SR-OA-002-OA-002F,False,60,True,Athletics,421
OPT-OA-002-07,OA-002,OA-002g,High jump and landing mat,1,SingleResponse,SR-OA-002-OA-002G,False,70,True,Athletics,422
OPT-OA-002-08,OA-002,OA-002h,Long jump and landing pit,1,SingleResponse,SR-OA-002-OA-002H,False,80,True,Athletics,423
OPT-OA-002-09,OA-002,OA-002i,Triple jump and landing pit,,Inventory,INV-OA-002-OA-002I,False,90,True,Athletics,424
OPT-OA-002-10,OA-002,OA-002j,Pole vault and landing mat,1,SingleResponse,SR-OA-002-OA-002J,False,100,True,Athletics,425
OPT-OA-002-11,OA-002,OA-002k,Baseball field,1,SingleResponse,SR-OA-002-OA-002K,False,110,True,Athletics,426
OPT-OA-002-12,OA-002,OA-002l,Softball field,1,SingleResponse,SR-OA-002-OA-002L,False,120,True,Athletics,427
OPT-OA-002-13,OA-002,OA-002m,"Football field press box (coaches, timer, score keeper, announcer)",1,SingleResponse,SR-OA-002-OA-002M,False,130,True,Athletics,428
OPT-OA-003-01,OA-003,OA-003a,No track,0,SingleResponse,SR-OA-003-OA-003A,False,10,True,Athletics,430
OPT-OA-003-02,OA-003,OA-003a,4,0.5,SingleResponse,SR-OA-003-OA-003A,False,20,True,Athletics,431
OPT-OA-003-03,OA-003,OA-003a,6,1,SingleResponse,SR-OA-003-OA-003A,False,30,True,Athletics,432
OPT-OA-003-04,OA-003,OA-003a,8,1,SingleResponse,SR-OA-003-OA-003A,False,40,True,Athletics,433
OPT-OA-003-05,OA-003,OA-003a,Other (please note),,SingleResponse,SR-OA-003-OA-003A,False,50,True,Athletics,434
OPT-OA-004-01,OA-004,OA-004a,No track,0,SingleResponse,SR-OA-004-OA-004A,False,10,True,Athletics,436
OPT-OA-004-02,OA-004,OA-004a,4,0.33,SingleResponse,SR-OA-004-OA-004A,False,20,True,Athletics,437
OPT-OA-004-03,OA-004,OA-004a,6,0.66,SingleResponse,SR-OA-004-OA-004A,False,30,True,Athletics,438
OPT-OA-004-04,OA-004,OA-004a,8,1,SingleResponse,SR-OA-004-OA-004A,False,40,True,Athletics,439
OPT-OA-004-05,OA-004,OA-004a,Other (please note),,SingleResponse,SR-OA-004-OA-004A,False,50,True,Athletics,440
OPT-OA-005-01,OA-005,OA-005a,0,0,SingleResponse,SR-OA-005-OA-005A,False,10,True,Athletics,442
OPT-OA-005-02,OA-005,OA-005a,2,0.5,SingleResponse,SR-OA-005-OA-005A,False,20,True,Athletics,443
OPT-OA-005-03,OA-005,OA-005a,4+,1,SingleResponse,SR-OA-005-OA-005A,False,30,True,Athletics,444
OPT-OA-006-01,OA-006,OA-006a,0,0,SingleResponse,SR-OA-006-OA-006A,False,10,True,Athletics,446
OPT-OA-006-02,OA-006,OA-006a,2,0.25,SingleResponse,SR-OA-006-OA-006A,False,20,True,Athletics,447
OPT-OA-006-03,OA-006,OA-006a,4,0.5,SingleResponse,SR-OA-006-OA-006A,False,30,True,Athletics,448
OPT-OA-006-04,OA-006,OA-006a,6,0.75,SingleResponse,SR-OA-006-OA-006A,False,40,True,Athletics,449
OPT-OA-006-05,OA-006,OA-006a,8+,1,SingleResponse,SR-OA-006-OA-006A,False,50,True,Athletics,450
OPT-OA-007-01,OA-007,OA-007a,Football/soccer field with track,1,SingleResponse,SR-OA-007-OA-007A,False,10,True,Athletics,452
OPT-OA-007-02,OA-007,OA-007c,Tennis courts,1,SingleResponse,SR-OA-007-OA-007C,False,20,True,Athletics,453
OPT-OA-007-03,OA-007,OA-007d,Restrooms,1,SingleResponse,SR-OA-007-OA-007D,False,30,True,Athletics,454
OPT-OA-008-01,OA-008,OA-008a,Football/soccer field with track,1,SingleResponse,SR-OA-008-OA-008A,False,10,True,Athletics,456
OPT-OA-008-02,OA-008,OA-008c,Tennis courts,1,SingleResponse,SR-OA-008-OA-008C,False,20,True,Athletics,457
OPT-OA-008-03,OA-008,OA-008d,Baseball field,1,SingleResponse,SR-OA-008-OA-008D,False,30,True,Athletics,458
OPT-OA-008-04,OA-008,OA-008e,Softball field,1,SingleResponse,SR-OA-008-OA-008E,False,40,True,Athletics,459
OPT-OA-008-05,OA-008,OA-008f,Restrooms,1,SingleResponse,SR-OA-008-OA-008F,False,50,True,Athletics,460
OPT-OA-009-01,OA-009,OA-009a,Football/soccer field with track,1,SingleResponse,SR-OA-009-OA-009A,False,10,True,Athletics,462
OPT-OA-009-02,OA-009,OA-009c,Tennis courts,1,SingleResponse,SR-OA-009-OA-009C,False,20,True,Athletics,463
OPT-OA-010-01,OA-010,OA-010a,Football/soccer field with track,1,SingleResponse,SR-OA-010-OA-010A,False,10,True,Athletics,465
OPT-OA-010-02,OA-010,OA-010c,Tennis courts,1,SingleResponse,SR-OA-010-OA-010C,False,20,True,Athletics,466
OPT-OA-010-03,OA-010,OA-010d,Baseball field,1,SingleResponse,SR-OA-010-OA-010D,False,30,True,Athletics,467
OPT-OA-010-04,OA-010,OA-010e,Softball field,1,SingleResponse,SR-OA-010-OA-010E,False,40,True,Athletics,468
OPT-OA-011-01,OA-011,OA-011a,Good - storage appears sufficient; the space is organized with little visible clutter,1,SingleResponse,SR-OA-011-OA-011A,False,10,True,Athletics,470
OPT-OA-011-02,OA-011,OA-011a,Fair - storage appears mostly sufficient; some clutter or overflow is visible,0.5,SingleResponse,SR-OA-011-OA-011A,False,20,True,Athletics,471
OPT-OA-011-03,OA-011,OA-011a,Poor - storage appears insufficient; significant clutter or materials without a home,0,SingleResponse,SR-OA-011-OA-011A,False,30,True,Athletics,472
OPT-OA-011-04,OA-011,OA-011a,Unable to assess (note reason),,SingleResponse,SR-OA-011-OA-011A,True,40,True,Athletics,473
OPT-OA-012-01,OA-012,OA-012a,Football/soccer field with track,1,SingleResponse,SR-OA-012-OA-012A,False,10,True,Athletics,475
OPT-OA-012-02,OA-012,OA-012b,Baseball field,1,SingleResponse,SR-OA-012-OA-012B,False,20,True,Athletics,476
OPT-OA-012-03,OA-012,OA-012c,Softball field,1,SingleResponse,SR-OA-012-OA-012C,False,30,True,Athletics,477
OPT-OA-012-04,OA-012,OA-012d,Tennis courts,1,SingleResponse,SR-OA-012-OA-012D,False,40,True,Athletics,478
OPT-OA-013-01,OA-013,OA-013a,Football/soccer field with track,1,SingleResponse,SR-OA-013-OA-013A,False,10,True,Athletics,480
OPT-OA-013-02,OA-013,OA-013b,Baseball field,1,SingleResponse,SR-OA-013-OA-013B,False,20,True,Athletics,481
OPT-OA-013-03,OA-013,OA-013c,Softball field,1,SingleResponse,SR-OA-013-OA-013C,False,30,True,Athletics,482
OPT-OA-013-04,OA-013,OA-013d,Tennis courts,1,SingleResponse,SR-OA-013-OA-013D,False,40,True,Athletics,483
OPT-EA-002-01,EA-002,EA-002a,Yes,1,SingleResponse,SR-EA-002-EA-002A,False,10,True,Visual Arts,7
OPT-EA-002-02,EA-002,EA-002a,No,0,SingleResponse,SR-EA-002-EA-002A,False,20,True,Visual Arts,8
OPT-EA-002-03,EA-002,EA-002a,Unable to assess (note reason),,SingleResponse,SR-EA-002-EA-002A,True,30,True,Visual Arts,9
OPT-EA-003-01,EA-003,EA-003a,Primary light fixtures are dimmable,1,SingleResponse,SR-EA-003-EA-003A,False,10,True,Visual Arts,11
OPT-EA-003-02,EA-003,EA-003b,Primary light fixtures are LED,1,SingleResponse,SR-EA-003-EA-003B,False,20,True,Visual Arts,12
OPT-EA-004-01,EA-004,EA-004a,Kiln,1,SingleResponse,SR-EA-004-EA-004A,False,10,True,Visual Arts,14
OPT-EA-004-02,EA-004,EA-004b,Dedicated storage closet,1,SingleResponse,SR-EA-004-EA-004B,False,20,True,Visual Arts,15
OPT-EA-005-01,EA-005,EA-005a,"Good - walls are painted in light colors that can enhance daylighting, and accent color is used to reduce monotony",1,SingleResponse,SR-EA-005-EA-005A,False,10,True,Visual Arts,17
OPT-EA-005-02,EA-005,EA-005a,"Fair - walls are painted in light colors that can enhance daylighting, but no accent color is used",0.5,SingleResponse,SR-EA-005-EA-005A,False,20,True,Visual Arts,18
OPT-EA-005-03,EA-005,EA-005a,Poor - walls are painted in dark or monotonous colors,0,SingleResponse,SR-EA-005-EA-005A,False,30,True,Visual Arts,19
OPT-EA-005-04,EA-005,EA-005a,Unable to assess (note reason),,SingleResponse,SR-EA-005-EA-005A,True,40,True,Visual Arts,20
OPT-EA-006-01,EA-006,EA-006a,Yes,1,SingleResponse,SR-EA-006-EA-006A,False,10,True,Visual Arts,22
OPT-EA-006-02,EA-006,EA-006a,No,0,SingleResponse,SR-EA-006-EA-006A,False,20,True,Visual Arts,23
OPT-EA-006-03,EA-006,EA-006a,Unable to assess (note reason),,SingleResponse,SR-EA-006-EA-006A,True,30,True,Visual Arts,24
OPT-EA-007-01,EA-007,EA-007a,"Access to views of the outdoors (e.g., not solely a view of an exterior wall)",1,SingleResponse,SR-EA-007-EA-007A,False,10,True,Visual Arts,26
OPT-EA-007-02,EA-007,EA-007i,Only clerestory windows are provided,,Inventory,INV-EA-007-EA-007I,False,20,True,Visual Arts,27
OPT-EA-008-01,EA-008,EA-008a,Roller shades are provided,1,SingleResponse,SR-EA-008-EA-008A,False,10,True,Visual Arts,29
OPT-EA-008-02,EA-008,EA-008a,Mini-blinds are provided,0,SingleResponse,SR-EA-008-EA-008A,False,20,True,Visual Arts,30
OPT-EA-008-03,EA-008,EA-008a,Other (please note),0,SingleResponse,SR-EA-008-EA-008A,False,30,True,Visual Arts,31
OPT-EA-008-04,EA-008,EA-008a,No window coverings are provided,0,SingleResponse,SR-EA-008-EA-008A,False,40,True,Visual Arts,32
OPT-EA-008-05,EA-008,EA-008a,Unable to assess (note reason),,SingleResponse,SR-EA-008-EA-008A,True,50,True,Visual Arts,33
OPT-EA-009-01,EA-009,EA-009i,Built-in casework is provided,,Inventory,INV-EA-009-EA-009I,False,10,True,Visual Arts,35
OPT-EA-009-02,EA-009,EA-009i,Counter space is provided,,Inventory,INV-EA-009-EA-009I,False,20,True,Visual Arts,36
OPT-EA-009-03,EA-009,EA-009i,"Furniture-based storage is provided (i.e., shelving or cabinets)",,Inventory,INV-EA-009-EA-009I,False,30,True,Visual Arts,37
OPT-EA-009-04,EA-009,EA-009i,Some or all storage is lockable,,Inventory,INV-EA-009-EA-009I,False,40,True,Visual Arts,38
OPT-EA-010-01,EA-010,EA-010a,Good - storage appears sufficient; the space is organized with little visible clutter,1,SingleResponse,SR-EA-010-EA-010A,False,10,True,Visual Arts,40
OPT-EA-010-02,EA-010,EA-010a,Fair - storage appears mostly sufficient; some clutter or overflow is visible,0.5,SingleResponse,SR-EA-010-EA-010A,False,20,True,Visual Arts,41
OPT-EA-010-03,EA-010,EA-010a,Poor - storage appears insufficient; significant clutter or materials without a home,0,SingleResponse,SR-EA-010-EA-010A,False,30,True,Visual Arts,42
OPT-EA-010-04,EA-010,EA-010a,Unable to assess (note reason),,SingleResponse,SR-EA-010-EA-010A,True,40,True,Visual Arts,43
OPT-EA-011-01,EA-011,EA-011a,None,0,SingleResponse,SR-EA-011-EA-011A,False,10,True,Visual Arts,45
OPT-EA-011-02,EA-011,EA-011a,<8 linear feet,0.25,SingleResponse,SR-EA-011-EA-011A,False,20,True,Visual Arts,46
OPT-EA-011-03,EA-011,EA-011a,8 to <16 linear feet,0.5,SingleResponse,SR-EA-011-EA-011A,False,30,True,Visual Arts,47
OPT-EA-011-04,EA-011,EA-011a,16 to <22 linear feet,0.75,SingleResponse,SR-EA-011-EA-011A,False,40,True,Visual Arts,48
OPT-EA-011-05,EA-011,EA-011a,22+ linear feet,1,SingleResponse,SR-EA-011-EA-011A,False,50,True,Visual Arts,49
OPT-EA-011-06,EA-011,EA-011a,Unable to assess (note reason),,SingleResponse,SR-EA-011-EA-011A,True,60,True,Visual Arts,50
OPT-EA-012-01,EA-012,EA-012a,None,0,SingleResponse,SR-EA-012-EA-012A,False,10,True,Visual Arts,52
OPT-EA-012-02,EA-012,EA-012a,<6 linear feet,0.33,SingleResponse,SR-EA-012-EA-012A,False,20,True,Visual Arts,53
OPT-EA-012-03,EA-012,EA-012a,6 to <10 linear feet,0.66,SingleResponse,SR-EA-012-EA-012A,False,30,True,Visual Arts,54
OPT-EA-012-04,EA-012,EA-012a,10+ linear feet,1,SingleResponse,SR-EA-012-EA-012A,False,40,True,Visual Arts,55
OPT-EA-012-05,EA-012,EA-012a,Unable to assess (note reason),,SingleResponse,SR-EA-012-EA-012A,True,50,True,Visual Arts,56
OPT-EA-013-01,EA-013,EA-013a,None,0,SingleResponse,SR-EA-013-EA-013A,False,10,True,Visual Arts,58
OPT-EA-013-02,EA-013,EA-013a,<4 linear feet,0.25,SingleResponse,SR-EA-013-EA-013A,False,20,True,Visual Arts,59
OPT-EA-013-03,EA-013,EA-013a,4 to <8 linear feet,0.5,SingleResponse,SR-EA-013-EA-013A,False,30,True,Visual Arts,60
OPT-EA-013-04,EA-013,EA-013a,8 to <12 linear feet,0.75,SingleResponse,SR-EA-013-EA-013A,False,40,True,Visual Arts,61
OPT-EA-013-05,EA-013,EA-013a,12+ linear feet,1,SingleResponse,SR-EA-013-EA-013A,False,50,True,Visual Arts,62
OPT-EA-013-06,EA-013,EA-013a,Unable to assess (note reason),,SingleResponse,SR-EA-013-EA-013A,True,60,True,Visual Arts,63
OPT-EA-014-01,EA-014,EA-014i,Tackstrip,,Inventory,INV-EA-014-EA-014I,False,10,True,Visual Arts,65
OPT-EA-014-02,EA-014,EA-014i,Tackboard,,Inventory,INV-EA-014-EA-014I,False,20,True,Visual Arts,66
OPT-EA-014-03,EA-014,EA-014i,Tackwall,,Inventory,INV-EA-014-EA-014I,False,30,True,Visual Arts,67
OPT-EA-014-04,EA-014,EA-014i,Magnetic markerboard,,Inventory,INV-EA-014-EA-014I,False,40,True,Visual Arts,68
OPT-EA-014-05,EA-014,EA-014i,Display case,,Inventory,INV-EA-014-EA-014I,False,50,True,Visual Arts,69
OPT-EA-015-01,EA-015,EA-015a,None,0,SingleResponse,SR-EA-015-EA-015A,False,10,True,Visual Arts,71
OPT-EA-015-02,EA-015,EA-015a,<4 linear feet,0.25,SingleResponse,SR-EA-015-EA-015A,False,20,True,Visual Arts,72
OPT-EA-015-03,EA-015,EA-015a,4 to <8 linear feet,0.5,SingleResponse,SR-EA-015-EA-015A,False,30,True,Visual Arts,73
OPT-EA-015-04,EA-015,EA-015a,8 to <12 linear feet,0.75,SingleResponse,SR-EA-015-EA-015A,False,40,True,Visual Arts,74
OPT-EA-015-05,EA-015,EA-015a,12+ linear feet,1,SingleResponse,SR-EA-015-EA-015A,False,50,True,Visual Arts,75
OPT-EA-015-06,EA-015,EA-015a,Unable to assess (note reason),,SingleResponse,SR-EA-015-EA-015A,True,60,True,Visual Arts,76
OPT-EA-016-01,EA-016,EA-016a,None,0,SingleResponse,SR-EA-016-EA-016A,False,10,True,Visual Arts,78
OPT-EA-016-02,EA-016,EA-016a,<4 linear feet,0.33,SingleResponse,SR-EA-016-EA-016A,False,20,True,Visual Arts,79
OPT-EA-016-03,EA-016,EA-016a,4 to <8 linear feet,0.66,SingleResponse,SR-EA-016-EA-016A,False,30,True,Visual Arts,80
OPT-EA-016-04,EA-016,EA-016a,8+ linear feet,1,SingleResponse,SR-EA-016-EA-016A,False,40,True,Visual Arts,81
OPT-EA-016-05,EA-016,EA-016a,Unable to assess (note reason),,SingleResponse,SR-EA-016-EA-016A,True,50,True,Visual Arts,82
OPT-EA-017-01,EA-017,EA-017a,0,0,SingleResponse,SR-EA-017-EA-017A,False,10,True,Visual Arts,84
OPT-EA-017-02,EA-017,EA-017a,1-2,0.25,SingleResponse,SR-EA-017-EA-017A,False,20,True,Visual Arts,85
OPT-EA-017-03,EA-017,EA-017a,3-4,0.5,SingleResponse,SR-EA-017-EA-017A,False,30,True,Visual Arts,86
OPT-EA-017-04,EA-017,EA-017a,5-7,0.75,SingleResponse,SR-EA-017-EA-017A,False,40,True,Visual Arts,87
OPT-EA-017-05,EA-017,EA-017a,8+,1,SingleResponse,SR-EA-017-EA-017A,False,50,True,Visual Arts,88
OPT-EA-018-01,EA-018,EA-018a,0,0,SingleResponse,SR-EA-018-EA-018A,False,10,True,Visual Arts,90
OPT-EA-018-02,EA-018,EA-018a,1,0.25,SingleResponse,SR-EA-018-EA-018A,False,20,True,Visual Arts,91
OPT-EA-018-03,EA-018,EA-018a,2,0.5,SingleResponse,SR-EA-018-EA-018A,False,30,True,Visual Arts,92
OPT-EA-018-04,EA-018,EA-018a,3,0.75,SingleResponse,SR-EA-018-EA-018A,False,40,True,Visual Arts,93
OPT-EA-018-05,EA-018,EA-018a,4,1,SingleResponse,SR-EA-018-EA-018A,False,50,True,Visual Arts,94
OPT-EA-019-01,EA-019,EA-019a,A thermostat is provided that has adjustable temperature controls,1,SingleResponse,SR-EA-019-EA-019A,False,10,True,Visual Arts,96
OPT-EA-019-02,EA-019,EA-019a,A thermostat is provided that does not have adjustable temperature controls,0.5,SingleResponse,SR-EA-019-EA-019A,False,20,True,Visual Arts,97
OPT-EA-019-03,EA-019,EA-019a,Only a temperature sensor is provided,0,SingleResponse,SR-EA-019-EA-019A,False,30,True,Visual Arts,98
OPT-EA-019-04,EA-019,EA-019a,No thermostat or sensor is present in the space,0,SingleResponse,SR-EA-019-EA-019A,False,40,True,Visual Arts,99
OPT-EA-020-01,EA-020,EA-020a,Yes,1,SingleResponse,SR-EA-020-EA-020A,False,10,True,Visual Arts,101
OPT-EA-020-02,EA-020,EA-020a,No,0,SingleResponse,SR-EA-020-EA-020A,False,20,True,Visual Arts,102
OPT-EA-020-03,EA-020,EA-020a,Unable to assess (note reason),,SingleResponse,SR-EA-020-EA-020A,True,30,True,Visual Arts,103
OPT-EA-021-01,EA-021,EA-021i,Interior window,,Inventory,INV-EA-021-EA-021I,False,10,True,Visual Arts,105
OPT-EA-021-02,EA-021,EA-021i,Sidelight,,Inventory,INV-EA-021-EA-021I,False,20,True,Visual Arts,106
OPT-EA-021-03,EA-021,EA-021i,"Door panel (i.e., glass panel in the door)",,Inventory,INV-EA-021-EA-021I,False,30,True,Visual Arts,107
OPT-EA-022-01,EA-022,EA-022a,Interior windows and doors with glass can be covered with a single movement,1,SingleResponse,SR-EA-022-EA-022A,False,10,True,Visual Arts,109
OPT-EA-022-02,EA-022,EA-022b,Exterior windows and doors with glass can be covered with a single movement,1,SingleResponse,SR-EA-022-EA-022B,False,20,True,Visual Arts,110
OPT-EA-022-03,EA-022,EA-022c,There is an area large enough for a full class to easily get out of sight to shelter-in-place (without needing to cover windows or doors with glass),1,SingleResponse,SR-EA-022-EA-022C,False,30,True,Visual Arts,111
OPT-EA-022-04,EA-022,EA-022d,Interior door hardware is lockable from inside the space with a push button or thumb turn lock,1,SingleResponse,SR-EA-022-EA-022D,False,40,True,Visual Arts,112
OPT-EA-023-01,EA-023,EA-023a,"Most furniture can be moved by students or a single teacher (e.g., casters, lightweight pieces)",1,SingleResponse,SR-EA-023-EA-023A,False,10,True,Visual Arts,114
OPT-EA-023-02,EA-023,EA-023a,"Some furniture is movable, some is heavy or fixed",0.5,SingleResponse,SR-EA-023-EA-023A,False,20,True,Visual Arts,115
OPT-EA-023-03,EA-023,EA-023a,"Most furniture is heavy, fixed, or impractical to move",0,SingleResponse,SR-EA-023-EA-023A,False,30,True,Visual Arts,116
OPT-EA-024-01,EA-024,EA-024a,Varied seating is provided for multiple students across multiple areas of the space,1,SingleResponse,SR-EA-024-EA-024A,False,10,True,Visual Arts,118
OPT-EA-024-02,EA-024,EA-024a,"Limited varied seating is provided (i.e., a single area or only a few students accommodated at a time)",0.5,SingleResponse,SR-EA-024-EA-024A,False,20,True,Visual Arts,119
OPT-EA-024-03,EA-024,EA-024a,No varied seating is provided,0,SingleResponse,SR-EA-024-EA-024A,False,30,True,Visual Arts,120
OPT-EA-024-04,EA-024,EA-024a,Unable to assess (note reason),,SingleResponse,SR-EA-024-EA-024A,True,40,True,Visual Arts,121
OPT-EA-025-01,EA-025,EA-025i,Individual student desks,,Inventory,INV-EA-025-EA-025I,False,10,True,Visual Arts,123
OPT-EA-025-02,EA-025,EA-025i,Tables that seat multiple students,,Inventory,INV-EA-025-EA-025I,False,20,True,Visual Arts,124
OPT-EA-025-03,EA-025,EA-025i,Height-adjustable student tables,,Inventory,INV-EA-025-EA-025I,False,30,True,Visual Arts,125
OPT-EA-025-04,EA-025,EA-025i,Standing-height student worksurfaces,,Inventory,INV-EA-025-EA-025I,False,40,True,Visual Arts,126
OPT-EA-025-05,EA-025,EA-025i,"Hard seating (e.g., standard chairs, stools)",,Inventory,INV-EA-025-EA-025I,False,50,True,Visual Arts,127
OPT-EA-025-06,EA-025,EA-025i,"Active seating (e.g., wobble stools, rockers)",,Inventory,INV-EA-025-EA-025I,False,60,True,Visual Arts,128
OPT-EA-025-07,EA-025,EA-025i,"One or more mobile writing surfaces (i.e., mobile markerboards)",,Inventory,INV-EA-025-EA-025I,False,70,True,Visual Arts,129
OPT-EA-025-08,EA-025,EA-025i,One or more mobile tackboards,,Inventory,INV-EA-025-EA-025I,False,80,True,Visual Arts,130
OPT-EA-025-09,EA-025,EA-025i,One or more mobile monitors,,Inventory,INV-EA-025-EA-025I,False,90,True,Visual Arts,131
OPT-EA-025-10,EA-025,EA-025i,Other (please note),,Inventory,INV-EA-025-EA-025I,False,100,True,Visual Arts,132
OPT-EA-026-01,EA-026,EA-026a,Good - appears relatively new or has minimal wear,1,SingleResponse,SR-EA-026-EA-026A,False,10,True,Visual Arts,134
OPT-EA-026-02,EA-026,EA-026a,"Fair - some furniture is noticeably worn or aging, but all is functional",0.5,SingleResponse,SR-EA-026-EA-026A,False,20,True,Visual Arts,135
OPT-EA-026-03,EA-026,EA-026a,"Poor - some or all furniture is significantly worn, damaged, or not usable",0,SingleResponse,SR-EA-026-EA-026A,False,30,True,Visual Arts,136
OPT-EA-027-01,EA-027,EA-027a,"Resilient flooring (e.g., vinyl, rubber)",1,SingleResponse,SR-EA-027-EA-027A,False,10,True,Visual Arts,138
OPT-EA-027-02,EA-027,EA-027a,Terrazzo,1,SingleResponse,SR-EA-027-EA-027A,False,20,True,Visual Arts,139
OPT-EA-027-03,EA-027,EA-027a,Polished concrete,1,SingleResponse,SR-EA-027-EA-027A,False,30,True,Visual Arts,140
OPT-EA-027-04,EA-027,EA-027a,"Carpet (i.e., not a loose rug)",0,SingleResponse,SR-EA-027-EA-027A,False,40,True,Visual Arts,141
OPT-EA-027-05,EA-027,EA-027a,Other (please note),0,SingleResponse,SR-EA-027-EA-027A,False,50,True,Visual Arts,142
OPT-EA-027-06,EA-027,EA-027a,Unable to assess (note reason),,SingleResponse,SR-EA-027-EA-027A,True,60,True,Visual Arts,143
OPT-EA-028-01,EA-028,EA-028a,Exterior door within the space,1,SingleResponse,SR-EA-028-EA-028A,False,10,True,Visual Arts,145
OPT-EA-028-02,EA-028,EA-028a,Exterior door directly outside the space,0.5,SingleResponse,SR-EA-028-EA-028A,False,20,True,Visual Arts,146
OPT-EA-028-03,EA-028,EA-028a,Neither,0,SingleResponse,SR-EA-028-EA-028A,False,30,True,Visual Arts,147
OPT-EA-028-04,EA-028,EA-028a,Unable to assess (note reason),,SingleResponse,SR-EA-028-EA-028A,True,40,True,Visual Arts,148
OPT-EA-029-01,EA-029,EA-029a,Yes,1,SingleResponse,SR-EA-029-EA-029A,False,10,True,Visual Arts,150
OPT-EA-029-02,EA-029,EA-029a,No,0,SingleResponse,SR-EA-029-EA-029A,False,20,True,Visual Arts,151
OPT-EA-029-03,EA-029,EA-029a,Unable to assess (note reason),,SingleResponse,SR-EA-029-EA-029A,True,30,True,Visual Arts,152
OPT-EA-030-01,EA-030,EA-030i,Sink,,Inventory,INV-EA-030-EA-030I,False,10,True,Visual Arts,154
OPT-EA-030-02,EA-030,EA-030i,Utility sink,,Inventory,INV-EA-030-EA-030I,False,20,True,Visual Arts,155
OPT-EA-030-03,EA-030,EA-030i,Floor drain,,Inventory,INV-EA-030-EA-030I,False,30,True,Visual Arts,156
OPT-EA-030-04,EA-030,EA-030i,Clay trap,,Inventory,INV-EA-030-EA-030I,False,40,True,Visual Arts,157
OPT-EA-031-01,EA-031,EA-031a,Yes,1,SingleResponse,SR-EA-031-EA-031A,False,10,True,Visual Arts,159
OPT-EA-031-02,EA-031,EA-031a,No,0,SingleResponse,SR-EA-031-EA-031A,False,20,True,Visual Arts,160
OPT-EA-031-03,EA-031,EA-031a,Unable to assess (note reason),,SingleResponse,SR-EA-031-EA-031A,True,30,True,Visual Arts,161
OPT-TW-002-01,TW-002,TW-002a,Yes,1,SingleResponse,SR-TW-002-TW-002A,False,10,True,Visual Arts,167
OPT-TW-002-02,TW-002,TW-002a,No,0,SingleResponse,SR-TW-002-TW-002A,False,20,True,Visual Arts,168
OPT-TW-002-03,TW-002,TW-002a,Unable to assess (note reason),,SingleResponse,SR-TW-002-TW-002A,True,30,True,Visual Arts,169
OPT-TW-003-01,TW-003,TW-003a,Primary light fixtures are dimmable,1,SingleResponse,SR-TW-003-TW-003A,False,10,True,Visual Arts,171
OPT-TW-003-02,TW-003,TW-003b,Primary light fixtures are LED,1,SingleResponse,SR-TW-003-TW-003B,False,20,True,Visual Arts,172
OPT-TW-004-01,TW-004,TW-004a,"Good - walls are painted in light colors that can enhance daylighting, and accent color is used to reduce monotony",1,SingleResponse,SR-TW-004-TW-004A,False,10,True,Visual Arts,174
OPT-TW-004-02,TW-004,TW-004a,"Fair - walls are painted in light colors that can enhance daylighting, but no accent color is used",0.5,SingleResponse,SR-TW-004-TW-004A,False,20,True,Visual Arts,175
OPT-TW-004-03,TW-004,TW-004a,Poor - walls are painted in dark or monotonous colors,0,SingleResponse,SR-TW-004-TW-004A,False,30,True,Visual Arts,176
OPT-TW-004-04,TW-004,TW-004a,Unable to assess (note reason),,SingleResponse,SR-TW-004-TW-004A,True,40,True,Visual Arts,177
OPT-TW-005-01,TW-005,TW-005a,Yes,1,SingleResponse,SR-TW-005-TW-005A,False,10,True,Visual Arts,179
OPT-TW-005-02,TW-005,TW-005a,No,0,SingleResponse,SR-TW-005-TW-005A,False,20,True,Visual Arts,180
OPT-TW-005-03,TW-005,TW-005a,Unable to assess (note reason),,SingleResponse,SR-TW-005-TW-005A,True,30,True,Visual Arts,181
OPT-TW-006-01,TW-006,TW-006a,"Access to views of the outdoors (e.g., not solely a view of an exterior wall)",1,SingleResponse,SR-TW-006-TW-006A,False,10,True,Visual Arts,183
OPT-TW-006-02,TW-006,TW-006i,Only clerestory windows are provided,,Inventory,INV-TW-006-TW-006I,False,20,True,Visual Arts,184
OPT-TW-007-01,TW-007,TW-007a,Roller shades are provided,1,SingleResponse,SR-TW-007-TW-007A,False,10,True,Visual Arts,186
OPT-TW-007-02,TW-007,TW-007a,Mini-blinds are provided,0,SingleResponse,SR-TW-007-TW-007A,False,20,True,Visual Arts,187
OPT-TW-007-03,TW-007,TW-007a,Other (please note),0,SingleResponse,SR-TW-007-TW-007A,False,30,True,Visual Arts,188
OPT-TW-007-04,TW-007,TW-007a,No window coverings are provided,0,SingleResponse,SR-TW-007-TW-007A,False,40,True,Visual Arts,189
OPT-TW-007-05,TW-007,TW-007a,Unable to assess (note reason),,SingleResponse,SR-TW-007-TW-007A,True,50,True,Visual Arts,190
OPT-TW-008-01,TW-008,TW-008i,Built-in casework is provided,,Inventory,INV-TW-008-TW-008I,False,10,True,Visual Arts,192
OPT-TW-008-02,TW-008,TW-008i,Counter space is provided,,Inventory,INV-TW-008-TW-008I,False,20,True,Visual Arts,193
OPT-TW-008-03,TW-008,TW-008i,"Furniture-based storage is provided (i.e., shelving or cabinets)",,Inventory,INV-TW-008-TW-008I,False,30,True,Visual Arts,194
OPT-TW-008-04,TW-008,TW-008i,Some or all storage is lockable,,Inventory,INV-TW-008-TW-008I,False,40,True,Visual Arts,195
OPT-TW-009-01,TW-009,TW-009a,Good - storage appears sufficient; the space is organized with little visible clutter,1,SingleResponse,SR-TW-009-TW-009A,False,10,True,Visual Arts,197
OPT-TW-009-02,TW-009,TW-009a,Fair - storage appears mostly sufficient; some clutter or overflow is visible,0.5,SingleResponse,SR-TW-009-TW-009A,False,20,True,Visual Arts,198
OPT-TW-009-03,TW-009,TW-009a,Poor - storage appears insufficient; significant clutter or materials without a home,0,SingleResponse,SR-TW-009-TW-009A,False,30,True,Visual Arts,199
OPT-TW-009-04,TW-009,TW-009a,Unable to assess (note reason),,SingleResponse,SR-TW-009-TW-009A,True,40,True,Visual Arts,200
OPT-TW-010-01,TW-010,TW-010a,None,0,SingleResponse,SR-TW-010-TW-010A,False,10,True,Visual Arts,202
OPT-TW-010-02,TW-010,TW-010a,<10 linear feet,0.25,SingleResponse,SR-TW-010-TW-010A,False,20,True,Visual Arts,203
OPT-TW-010-03,TW-010,TW-010a,10 to <20 linear feet,0.5,SingleResponse,SR-TW-010-TW-010A,False,30,True,Visual Arts,204
OPT-TW-010-04,TW-010,TW-010a,20 to <30 linear feet,0.75,SingleResponse,SR-TW-010-TW-010A,False,40,True,Visual Arts,205
OPT-TW-010-05,TW-010,TW-010a,30+ linear feet,1,SingleResponse,SR-TW-010-TW-010A,False,50,True,Visual Arts,206
OPT-TW-010-06,TW-010,TW-010a,Unable to assess (note reason),,SingleResponse,SR-TW-010-TW-010A,True,60,True,Visual Arts,207
OPT-TW-011-01,TW-011,TW-011a,None,0,SingleResponse,SR-TW-011-TW-011A,False,10,True,Visual Arts,209
OPT-TW-011-02,TW-011,TW-011a,<10 linear feet,0.33,SingleResponse,SR-TW-011-TW-011A,False,20,True,Visual Arts,210
OPT-TW-011-03,TW-011,TW-011a,10 to <20 linear feet,0.66,SingleResponse,SR-TW-011-TW-011A,False,30,True,Visual Arts,211
OPT-TW-011-04,TW-011,TW-011a,20+ linear feet,1,SingleResponse,SR-TW-011-TW-011A,False,40,True,Visual Arts,212
OPT-TW-011-05,TW-011,TW-011a,Unable to assess (note reason),,SingleResponse,SR-TW-011-TW-011A,True,50,True,Visual Arts,213
OPT-TW-012-01,TW-012,TW-012a,None,0,SingleResponse,SR-TW-012-TW-012A,False,10,True,Visual Arts,215
OPT-TW-012-02,TW-012,TW-012a,<6 linear feet,0.2,SingleResponse,SR-TW-012-TW-012A,False,20,True,Visual Arts,216
OPT-TW-012-03,TW-012,TW-012a,6 to <12 linear feet,0.4,SingleResponse,SR-TW-012-TW-012A,False,30,True,Visual Arts,217
OPT-TW-012-04,TW-012,TW-012a,12 to <16 linear feet,0.6,SingleResponse,SR-TW-012-TW-012A,False,40,True,Visual Arts,218
OPT-TW-012-05,TW-012,TW-012a,16+ linear feet,1,SingleResponse,SR-TW-012-TW-012A,False,50,True,Visual Arts,219
OPT-TW-012-06,TW-012,TW-012a,Unable to assess (note reason),,SingleResponse,SR-TW-012-TW-012A,True,60,True,Visual Arts,220
OPT-TW-013-01,TW-013,TW-013i,Tackstrip,,Inventory,INV-TW-013-TW-013I,False,10,True,Visual Arts,222
OPT-TW-013-02,TW-013,TW-013i,Tackboard,,Inventory,INV-TW-013-TW-013I,False,20,True,Visual Arts,223
OPT-TW-013-03,TW-013,TW-013i,Tackwall,,Inventory,INV-TW-013-TW-013I,False,30,True,Visual Arts,224
OPT-TW-013-04,TW-013,TW-013i,Magnetic markerboard,,Inventory,INV-TW-013-TW-013I,False,40,True,Visual Arts,225
OPT-TW-013-05,TW-013,TW-013i,Display case,,Inventory,INV-TW-013-TW-013I,False,50,True,Visual Arts,226
OPT-TW-014-01,TW-014,TW-014a,None,0,SingleResponse,SR-TW-014-TW-014A,False,10,True,Visual Arts,228
OPT-TW-014-02,TW-014,TW-014a,<6 linear feet,0.2,SingleResponse,SR-TW-014-TW-014A,False,20,True,Visual Arts,229
OPT-TW-014-03,TW-014,TW-014a,6 to <12 linear feet,0.4,SingleResponse,SR-TW-014-TW-014A,False,30,True,Visual Arts,230
OPT-TW-014-04,TW-014,TW-014a,12 to <16 linear feet,0.6,SingleResponse,SR-TW-014-TW-014A,False,40,True,Visual Arts,231
OPT-TW-014-05,TW-014,TW-014a,16+ linear feet,1,SingleResponse,SR-TW-014-TW-014A,False,50,True,Visual Arts,232
OPT-TW-014-06,TW-014,TW-014a,Unable to assess (note reason),,SingleResponse,SR-TW-014-TW-014A,True,60,True,Visual Arts,233
OPT-TW-015-01,TW-015,TW-015a,None,0,SingleResponse,SR-TW-015-TW-015A,False,10,True,Visual Arts,235
OPT-TW-015-02,TW-015,TW-015a,<4 linear feet,0.33,SingleResponse,SR-TW-015-TW-015A,False,20,True,Visual Arts,236
OPT-TW-015-03,TW-015,TW-015a,4 to <8 linear feet,0.66,SingleResponse,SR-TW-015-TW-015A,False,30,True,Visual Arts,237
OPT-TW-015-04,TW-015,TW-015a,8+ linear feet,1,SingleResponse,SR-TW-015-TW-015A,False,40,True,Visual Arts,238
OPT-TW-015-05,TW-015,TW-015a,Unable to assess (note reason),,SingleResponse,SR-TW-015-TW-015A,True,50,True,Visual Arts,239
OPT-TW-016-01,TW-016,TW-016a,0,0,SingleResponse,SR-TW-016-TW-016A,False,10,True,Visual Arts,241
OPT-TW-016-02,TW-016,TW-016a,1-2,0.25,SingleResponse,SR-TW-016-TW-016A,False,20,True,Visual Arts,242
OPT-TW-016-03,TW-016,TW-016a,3-4,0.5,SingleResponse,SR-TW-016-TW-016A,False,30,True,Visual Arts,243
OPT-TW-016-04,TW-016,TW-016a,5-7,0.75,SingleResponse,SR-TW-016-TW-016A,False,40,True,Visual Arts,244
OPT-TW-016-05,TW-016,TW-016a,8+,1,SingleResponse,SR-TW-016-TW-016A,False,50,True,Visual Arts,245
OPT-TW-017-01,TW-017,TW-017a,0,0,SingleResponse,SR-TW-017-TW-017A,False,10,True,Visual Arts,247
OPT-TW-017-02,TW-017,TW-017a,1,0.25,SingleResponse,SR-TW-017-TW-017A,False,20,True,Visual Arts,248
OPT-TW-017-03,TW-017,TW-017a,2,0.5,SingleResponse,SR-TW-017-TW-017A,False,30,True,Visual Arts,249
OPT-TW-017-04,TW-017,TW-017a,3,0.75,SingleResponse,SR-TW-017-TW-017A,False,40,True,Visual Arts,250
OPT-TW-017-05,TW-017,TW-017a,4,1,SingleResponse,SR-TW-017-TW-017A,False,50,True,Visual Arts,251
OPT-TW-018-01,TW-018,TW-018a,A thermostat is provided that has adjustable temperature controls,1,SingleResponse,SR-TW-018-TW-018A,False,10,True,Visual Arts,253
OPT-TW-018-02,TW-018,TW-018a,A thermostat is provided that does not have adjustable temperature controls,0.5,SingleResponse,SR-TW-018-TW-018A,False,20,True,Visual Arts,254
OPT-TW-018-03,TW-018,TW-018a,Only a temperature sensor is provided,0,SingleResponse,SR-TW-018-TW-018A,False,30,True,Visual Arts,255
OPT-TW-018-04,TW-018,TW-018a,No thermostat or sensor is present in the space,0,SingleResponse,SR-TW-018-TW-018A,False,40,True,Visual Arts,256
OPT-TW-019-01,TW-019,TW-019a,Yes,1,SingleResponse,SR-TW-019-TW-019A,False,10,True,Visual Arts,258
OPT-TW-019-02,TW-019,TW-019a,No,0,SingleResponse,SR-TW-019-TW-019A,False,20,True,Visual Arts,259
OPT-TW-019-03,TW-019,TW-019a,Unable to assess (note reason),,SingleResponse,SR-TW-019-TW-019A,True,30,True,Visual Arts,260
OPT-TW-020-01,TW-020,TW-020i,Interior window,,Inventory,INV-TW-020-TW-020I,False,10,True,Visual Arts,262
OPT-TW-020-02,TW-020,TW-020i,Sidelight,,Inventory,INV-TW-020-TW-020I,False,20,True,Visual Arts,263
OPT-TW-020-03,TW-020,TW-020i,"Door panel (i.e., glass panel in the door)",,Inventory,INV-TW-020-TW-020I,False,30,True,Visual Arts,264
OPT-TW-021-01,TW-021,TW-021a,Interior windows and doors with glass can be covered with a single movement,1,SingleResponse,SR-TW-021-TW-021A,False,10,True,Visual Arts,266
OPT-TW-021-02,TW-021,TW-021b,Exterior windows and doors with glass can be covered with a single movement,1,SingleResponse,SR-TW-021-TW-021B,False,20,True,Visual Arts,267
OPT-TW-021-03,TW-021,TW-021c,There is an area large enough for a full class to easily get out of sight to shelter-in-place (without needing to cover windows or doors with glass),1,SingleResponse,SR-TW-021-TW-021C,False,30,True,Visual Arts,268
OPT-TW-021-04,TW-021,TW-021d,Interior door hardware is lockable from inside the space with a push button or thumb turn lock,1,SingleResponse,SR-TW-021-TW-021D,False,40,True,Visual Arts,269
OPT-TW-022-01,TW-022,TW-022a,"Most furniture can be moved by students or a single teacher (e.g., casters, lightweight pieces)",1,SingleResponse,SR-TW-022-TW-022A,False,10,True,Visual Arts,271
OPT-TW-022-02,TW-022,TW-022a,"Some furniture is movable, some is heavy or fixed",0.5,SingleResponse,SR-TW-022-TW-022A,False,20,True,Visual Arts,272
OPT-TW-022-03,TW-022,TW-022a,"Most furniture is heavy, fixed, or impractical to move",0,SingleResponse,SR-TW-022-TW-022A,False,30,True,Visual Arts,273
OPT-TW-023-01,TW-023,TW-023a,Varied seating is provided for multiple students across multiple areas of the space,1,SingleResponse,SR-TW-023-TW-023A,False,10,True,Visual Arts,275
OPT-TW-023-02,TW-023,TW-023a,"Limited varied seating is provided (i.e., a single area or only a few students accommodated at a time)",0.5,SingleResponse,SR-TW-023-TW-023A,False,20,True,Visual Arts,276
OPT-TW-023-03,TW-023,TW-023a,No varied seating is provided,0,SingleResponse,SR-TW-023-TW-023A,False,30,True,Visual Arts,277
OPT-TW-023-04,TW-023,TW-023a,Unable to assess (note reason),,SingleResponse,SR-TW-023-TW-023A,True,40,True,Visual Arts,278
OPT-TW-024-01,TW-024,TW-024i,Individual student desks,,Inventory,INV-TW-024-TW-024I,False,10,True,Visual Arts,280
OPT-TW-024-02,TW-024,TW-024i,Tables that seat multiple students,,Inventory,INV-TW-024-TW-024I,False,20,True,Visual Arts,281
OPT-TW-024-03,TW-024,TW-024i,Height-adjustable student tables,,Inventory,INV-TW-024-TW-024I,False,30,True,Visual Arts,282
OPT-TW-024-04,TW-024,TW-024i,Standing-height student worksurfaces,,Inventory,INV-TW-024-TW-024I,False,40,True,Visual Arts,283
OPT-TW-024-05,TW-024,TW-024i,"Hard seating (e.g., standard chairs, stools)",,Inventory,INV-TW-024-TW-024I,False,50,True,Visual Arts,284
OPT-TW-024-06,TW-024,TW-024i,"Active seating (e.g., wobble stools, rockers)",,Inventory,INV-TW-024-TW-024I,False,60,True,Visual Arts,285
OPT-TW-024-07,TW-024,TW-024i,"One or more mobile writing surfaces (i.e., mobile markerboards)",,Inventory,INV-TW-024-TW-024I,False,70,True,Visual Arts,286
OPT-TW-024-08,TW-024,TW-024i,One or more mobile tackboards,,Inventory,INV-TW-024-TW-024I,False,80,True,Visual Arts,287
OPT-TW-024-09,TW-024,TW-024i,One or more mobile monitors,,Inventory,INV-TW-024-TW-024I,False,90,True,Visual Arts,288
OPT-TW-024-10,TW-024,TW-024i,Other (please note),,Inventory,INV-TW-024-TW-024I,False,100,True,Visual Arts,289
OPT-TW-025-01,TW-025,TW-025a,Good - appears relatively new or has minimal wear,1,SingleResponse,SR-TW-025-TW-025A,False,10,True,Visual Arts,291
OPT-TW-025-02,TW-025,TW-025a,"Fair - some furniture is noticeably worn or aging, but all is functional",0.5,SingleResponse,SR-TW-025-TW-025A,False,20,True,Visual Arts,292
OPT-TW-025-03,TW-025,TW-025a,"Poor - some or all furniture is significantly worn, damaged, or not usable",0,SingleResponse,SR-TW-025-TW-025A,False,30,True,Visual Arts,293
OPT-TW-026-01,TW-026,TW-026a,"Resilient flooring (e.g., vinyl, rubber)",1,SingleResponse,SR-TW-026-TW-026A,False,10,True,Visual Arts,295
OPT-TW-026-02,TW-026,TW-026a,Terrazzo,1,SingleResponse,SR-TW-026-TW-026A,False,20,True,Visual Arts,296
OPT-TW-026-03,TW-026,TW-026a,Porcelain tile,1,SingleResponse,SR-TW-026-TW-026A,False,30,True,Visual Arts,297
OPT-TW-026-04,TW-026,TW-026a,Polished concrete,1,SingleResponse,SR-TW-026-TW-026A,False,40,True,Visual Arts,298
OPT-TW-026-05,TW-026,TW-026a,"Carpet (i.e., not a loose rug)",0,SingleResponse,SR-TW-026-TW-026A,False,50,True,Visual Arts,299
OPT-TW-026-06,TW-026,TW-026a,Other (please note),0,SingleResponse,SR-TW-026-TW-026A,False,60,True,Visual Arts,300
OPT-TW-026-07,TW-026,TW-026a,Unable to assess (note reason),,SingleResponse,SR-TW-026-TW-026A,True,70,True,Visual Arts,301
OPT-TW-027-01,TW-027,TW-027a,Exterior door within the space,1,SingleResponse,SR-TW-027-TW-027A,False,10,True,Visual Arts,303
OPT-TW-027-02,TW-027,TW-027a,Exterior door directly outside the space,0.5,SingleResponse,SR-TW-027-TW-027A,False,20,True,Visual Arts,304
OPT-TW-027-03,TW-027,TW-027a,Neither,0,SingleResponse,SR-TW-027-TW-027A,False,30,True,Visual Arts,305
OPT-TW-027-04,TW-027,TW-027a,Unable to assess (note reason),,SingleResponse,SR-TW-027-TW-027A,True,40,True,Visual Arts,306
OPT-TW-028-01,TW-028,TW-028a,Yes,1,SingleResponse,SR-TW-028-TW-028A,False,10,True,Visual Arts,308
OPT-TW-028-02,TW-028,TW-028a,No,0,SingleResponse,SR-TW-028-TW-028A,False,20,True,Visual Arts,309
OPT-TW-028-03,TW-028,TW-028a,Unable to assess (note reason),,SingleResponse,SR-TW-028-TW-028A,True,30,True,Visual Arts,310
OPT-TW-029-01,TW-029,TW-029i,Sink,,Inventory,INV-TW-029-TW-029I,False,10,True,Visual Arts,312
OPT-TW-029-02,TW-029,TW-029i,Utility sink,,Inventory,INV-TW-029-TW-029I,False,20,True,Visual Arts,313
OPT-TW-029-03,TW-029,TW-029i,Floor drain,,Inventory,INV-TW-029-TW-029I,False,30,True,Visual Arts,314
OPT-TW-030-01,TW-030,TW-030a,None seen,0,SingleResponse,SR-TW-030-TW-030A,False,10,True,Visual Arts,316
OPT-TW-030-02,TW-030,TW-030a,Single art gallery area identified,0.5,SingleResponse,SR-TW-030-TW-030A,False,20,True,Visual Arts,317
OPT-TW-030-03,TW-030,TW-030a,Multiple art gallery areas identified,1,SingleResponse,SR-TW-030-TW-030A,False,30,True,Visual Arts,318
OPT-TW-031-01,TW-031,TW-031a,Yes,1,SingleResponse,SR-TW-031-TW-031A,False,10,True,Visual Arts,320
OPT-TW-031-02,TW-031,TW-031a,No,0,SingleResponse,SR-TW-031-TW-031A,False,20,True,Visual Arts,321
OPT-TW-031-03,TW-031,TW-031a,Unable to assess (note reason),,SingleResponse,SR-TW-031-TW-031A,True,30,True,Visual Arts,322
OPT-TH-002-01,TH-002,TH-002a,Yes,1,SingleResponse,SR-TH-002-TH-002A,False,10,True,Visual Arts,329
OPT-TH-002-02,TH-002,TH-002a,No,0,SingleResponse,SR-TH-002-TH-002A,False,20,True,Visual Arts,330
OPT-TH-002-03,TH-002,TH-002a,Unable to assess (note reason),,SingleResponse,SR-TH-002-TH-002A,True,30,True,Visual Arts,331
OPT-TH-003-01,TH-003,TH-003a,Primary light fixtures are dimmable,1,SingleResponse,SR-TH-003-TH-003A,False,10,True,Visual Arts,333
OPT-TH-003-02,TH-003,TH-003b,Primary light fixtures are LED,1,SingleResponse,SR-TH-003-TH-003B,False,20,True,Visual Arts,334
OPT-TH-004-01,TH-004,TH-004a,Kiln,1,SingleResponse,SR-TH-004-TH-004A,False,10,True,Visual Arts,336
OPT-TH-004-02,TH-004,TH-004b,Dedicated storage closet,1,SingleResponse,SR-TH-004-TH-004B,False,20,True,Visual Arts,337
OPT-TH-005-01,TH-005,TH-005a,"Good - walls are painted in light colors that can enhance daylighting, and accent color is used to reduce monotony",1,SingleResponse,SR-TH-005-TH-005A,False,10,True,Visual Arts,339
OPT-TH-005-02,TH-005,TH-005a,"Fair - walls are painted in light colors that can enhance daylighting, but no accent color is used",0.5,SingleResponse,SR-TH-005-TH-005A,False,20,True,Visual Arts,340
OPT-TH-005-03,TH-005,TH-005a,Poor - walls are painted in dark or monotonous colors,0,SingleResponse,SR-TH-005-TH-005A,False,30,True,Visual Arts,341
OPT-TH-005-04,TH-005,TH-005a,Unable to assess (note reason),,SingleResponse,SR-TH-005-TH-005A,True,40,True,Visual Arts,342
OPT-TH-006-01,TH-006,TH-006a,Yes,1,SingleResponse,SR-TH-006-TH-006A,False,10,True,Visual Arts,344
OPT-TH-006-02,TH-006,TH-006a,No,0,SingleResponse,SR-TH-006-TH-006A,False,20,True,Visual Arts,345
OPT-TH-006-03,TH-006,TH-006a,Unable to assess (note reason),,SingleResponse,SR-TH-006-TH-006A,True,30,True,Visual Arts,346
OPT-TH-007-01,TH-007,TH-007a,"Access to views of the outdoors (e.g., not solely a view of an exterior wall)",1,SingleResponse,SR-TH-007-TH-007A,False,10,True,Visual Arts,348
OPT-TH-007-02,TH-007,TH-007i,Only clerestory windows are provided,,Inventory,INV-TH-007-TH-007I,False,20,True,Visual Arts,349
OPT-TH-008-01,TH-008,TH-008a,Roller shades are provided,1,SingleResponse,SR-TH-008-TH-008A,False,10,True,Visual Arts,351
OPT-TH-008-02,TH-008,TH-008a,Mini-blinds are provided,0,SingleResponse,SR-TH-008-TH-008A,False,20,True,Visual Arts,352
OPT-TH-008-03,TH-008,TH-008a,Other (please note),0,SingleResponse,SR-TH-008-TH-008A,False,30,True,Visual Arts,353
OPT-TH-008-04,TH-008,TH-008a,No window coverings are provided,0,SingleResponse,SR-TH-008-TH-008A,False,40,True,Visual Arts,354
OPT-TH-008-05,TH-008,TH-008a,Unable to assess (note reason),,SingleResponse,SR-TH-008-TH-008A,True,50,True,Visual Arts,355
OPT-TH-009-01,TH-009,TH-009i,Built-in casework is provided,,Inventory,INV-TH-009-TH-009I,False,10,True,Visual Arts,357
OPT-TH-009-02,TH-009,TH-009i,Counter space is provided,,Inventory,INV-TH-009-TH-009I,False,20,True,Visual Arts,358
OPT-TH-009-03,TH-009,TH-009i,"Furniture-based storage is provided (i.e., shelving or cabinets)",,Inventory,INV-TH-009-TH-009I,False,30,True,Visual Arts,359
OPT-TH-009-04,TH-009,TH-009i,Some or all storage is lockable,,Inventory,INV-TH-009-TH-009I,False,40,True,Visual Arts,360
OPT-TH-010-01,TH-010,TH-010a,Good - storage appears sufficient; the space is organized with little visible clutter,1,SingleResponse,SR-TH-010-TH-010A,False,10,True,Visual Arts,362
OPT-TH-010-02,TH-010,TH-010a,Fair - storage appears mostly sufficient; some clutter or overflow is visible,0.5,SingleResponse,SR-TH-010-TH-010A,False,20,True,Visual Arts,363
OPT-TH-010-03,TH-010,TH-010a,Poor - storage appears insufficient; significant clutter or materials without a home,0,SingleResponse,SR-TH-010-TH-010A,False,30,True,Visual Arts,364
OPT-TH-010-04,TH-010,TH-010a,Unable to assess (note reason),,SingleResponse,SR-TH-010-TH-010A,True,40,True,Visual Arts,365
OPT-TH-011-01,TH-011,TH-011a,None,0,SingleResponse,SR-TH-011-TH-011A,False,10,True,Visual Arts,367
OPT-TH-011-02,TH-011,TH-011a,<10 linear feet,0.25,SingleResponse,SR-TH-011-TH-011A,False,20,True,Visual Arts,368
OPT-TH-011-03,TH-011,TH-011a,10 to <20 linear feet,0.5,SingleResponse,SR-TH-011-TH-011A,False,30,True,Visual Arts,369
OPT-TH-011-04,TH-011,TH-011a,20 to <30 linear feet,0.75,SingleResponse,SR-TH-011-TH-011A,False,40,True,Visual Arts,370
OPT-TH-011-05,TH-011,TH-011a,30+ linear feet,1,SingleResponse,SR-TH-011-TH-011A,False,50,True,Visual Arts,371
OPT-TH-011-06,TH-011,TH-011a,Unable to assess (note reason),,SingleResponse,SR-TH-011-TH-011A,True,60,True,Visual Arts,372
OPT-TH-012-01,TH-012,TH-012a,None,0,SingleResponse,SR-TH-012-TH-012A,False,10,True,Visual Arts,374
OPT-TH-012-02,TH-012,TH-012a,<10 linear feet,0.33,SingleResponse,SR-TH-012-TH-012A,False,20,True,Visual Arts,375
OPT-TH-012-03,TH-012,TH-012a,10 to <20 linear feet,0.66,SingleResponse,SR-TH-012-TH-012A,False,30,True,Visual Arts,376
OPT-TH-012-04,TH-012,TH-012a,20+ linear feet,1,SingleResponse,SR-TH-012-TH-012A,False,40,True,Visual Arts,377
OPT-TH-012-05,TH-012,TH-012a,Unable to assess (note reason),,SingleResponse,SR-TH-012-TH-012A,True,50,True,Visual Arts,378
OPT-TH-013-01,TH-013,TH-013a,None,0,SingleResponse,SR-TH-013-TH-013A,False,10,True,Visual Arts,380
OPT-TH-013-02,TH-013,TH-013a,<6 linear feet,0.2,SingleResponse,SR-TH-013-TH-013A,False,20,True,Visual Arts,381
OPT-TH-013-03,TH-013,TH-013a,6 to <12 linear feet,0.4,SingleResponse,SR-TH-013-TH-013A,False,30,True,Visual Arts,382
OPT-TH-013-04,TH-013,TH-013a,12 to <16 linear feet,0.6,SingleResponse,SR-TH-013-TH-013A,False,40,True,Visual Arts,383
OPT-TH-013-05,TH-013,TH-013a,16+ linear feet,1,SingleResponse,SR-TH-013-TH-013A,False,50,True,Visual Arts,384
OPT-TH-013-06,TH-013,TH-013a,Unable to assess (note reason),,SingleResponse,SR-TH-013-TH-013A,True,60,True,Visual Arts,385
OPT-TH-014-01,TH-014,TH-014i,Tackstrip,,Inventory,INV-TH-014-TH-014I,False,10,True,Visual Arts,387
OPT-TH-014-02,TH-014,TH-014i,Tackboard,,Inventory,INV-TH-014-TH-014I,False,20,True,Visual Arts,388
OPT-TH-014-03,TH-014,TH-014i,Tackwall,,Inventory,INV-TH-014-TH-014I,False,30,True,Visual Arts,389
OPT-TH-014-04,TH-014,TH-014i,Magnetic markerboard,,Inventory,INV-TH-014-TH-014I,False,40,True,Visual Arts,390
OPT-TH-014-05,TH-014,TH-014i,Display case,,Inventory,INV-TH-014-TH-014I,False,50,True,Visual Arts,391
OPT-TH-015-01,TH-015,TH-015a,None,0,SingleResponse,SR-TH-015-TH-015A,False,10,True,Visual Arts,393
OPT-TH-015-02,TH-015,TH-015a,<6 linear feet,0.2,SingleResponse,SR-TH-015-TH-015A,False,20,True,Visual Arts,394
OPT-TH-015-03,TH-015,TH-015a,6 to <12 linear feet,0.4,SingleResponse,SR-TH-015-TH-015A,False,30,True,Visual Arts,395
OPT-TH-015-04,TH-015,TH-015a,12 to <16 linear feet,0.6,SingleResponse,SR-TH-015-TH-015A,False,40,True,Visual Arts,396
OPT-TH-015-05,TH-015,TH-015a,16+ linear feet,1,SingleResponse,SR-TH-015-TH-015A,False,50,True,Visual Arts,397
OPT-TH-015-06,TH-015,TH-015a,Unable to assess (note reason),,SingleResponse,SR-TH-015-TH-015A,True,60,True,Visual Arts,398
OPT-TH-016-01,TH-016,TH-016a,None,0,SingleResponse,SR-TH-016-TH-016A,False,10,True,Visual Arts,400
OPT-TH-016-02,TH-016,TH-016a,<4 linear feet,0.33,SingleResponse,SR-TH-016-TH-016A,False,20,True,Visual Arts,401
OPT-TH-016-03,TH-016,TH-016a,4 to <8 linear feet,0.66,SingleResponse,SR-TH-016-TH-016A,False,30,True,Visual Arts,402
OPT-TH-016-04,TH-016,TH-016a,8+ linear feet,1,SingleResponse,SR-TH-016-TH-016A,False,40,True,Visual Arts,403
OPT-TH-016-05,TH-016,TH-016a,Unable to assess (note reason),,SingleResponse,SR-TH-016-TH-016A,True,50,True,Visual Arts,404
OPT-TH-017-01,TH-017,TH-017a,0,0,SingleResponse,SR-TH-017-TH-017A,False,10,True,Visual Arts,406
OPT-TH-017-02,TH-017,TH-017a,1-2,0.25,SingleResponse,SR-TH-017-TH-017A,False,20,True,Visual Arts,407
OPT-TH-017-03,TH-017,TH-017a,3-4,0.5,SingleResponse,SR-TH-017-TH-017A,False,30,True,Visual Arts,408
OPT-TH-017-04,TH-017,TH-017a,5-7,0.75,SingleResponse,SR-TH-017-TH-017A,False,40,True,Visual Arts,409
OPT-TH-017-05,TH-017,TH-017a,8+,1,SingleResponse,SR-TH-017-TH-017A,False,50,True,Visual Arts,410
OPT-TH-018-01,TH-018,TH-018a,0,0,SingleResponse,SR-TH-018-TH-018A,False,10,True,Visual Arts,412
OPT-TH-018-02,TH-018,TH-018a,1,0.25,SingleResponse,SR-TH-018-TH-018A,False,20,True,Visual Arts,413
OPT-TH-018-03,TH-018,TH-018a,2,0.5,SingleResponse,SR-TH-018-TH-018A,False,30,True,Visual Arts,414
OPT-TH-018-04,TH-018,TH-018a,3,0.75,SingleResponse,SR-TH-018-TH-018A,False,40,True,Visual Arts,415
OPT-TH-018-05,TH-018,TH-018a,4,1,SingleResponse,SR-TH-018-TH-018A,False,50,True,Visual Arts,416
OPT-TH-019-01,TH-019,TH-019a,A thermostat is provided that has adjustable temperature controls,1,SingleResponse,SR-TH-019-TH-019A,False,10,True,Visual Arts,418
OPT-TH-019-02,TH-019,TH-019a,A thermostat is provided that does not have adjustable temperature controls,0.5,SingleResponse,SR-TH-019-TH-019A,False,20,True,Visual Arts,419
OPT-TH-019-03,TH-019,TH-019a,Only a temperature sensor is provided,0,SingleResponse,SR-TH-019-TH-019A,False,30,True,Visual Arts,420
OPT-TH-019-04,TH-019,TH-019a,No thermostat or sensor is present in the space,0,SingleResponse,SR-TH-019-TH-019A,False,40,True,Visual Arts,421
OPT-TH-020-01,TH-020,TH-020a,Yes,1,SingleResponse,SR-TH-020-TH-020A,False,10,True,Visual Arts,423
OPT-TH-020-02,TH-020,TH-020a,No,0,SingleResponse,SR-TH-020-TH-020A,False,20,True,Visual Arts,424
OPT-TH-020-03,TH-020,TH-020a,Unable to assess (note reason),,SingleResponse,SR-TH-020-TH-020A,True,30,True,Visual Arts,425
OPT-TH-021-01,TH-021,TH-021i,Interior window,,Inventory,INV-TH-021-TH-021I,False,10,True,Visual Arts,427
OPT-TH-021-02,TH-021,TH-021i,Sidelight,,Inventory,INV-TH-021-TH-021I,False,20,True,Visual Arts,428
OPT-TH-021-03,TH-021,TH-021i,"Door panel (i.e., glass panel in the door)",,Inventory,INV-TH-021-TH-021I,False,30,True,Visual Arts,429
OPT-TH-022-01,TH-022,TH-022a,Interior windows and doors with glass can be covered with a single movement,1,SingleResponse,SR-TH-022-TH-022A,False,10,True,Visual Arts,431
OPT-TH-022-02,TH-022,TH-022b,Exterior windows and doors with glass can be covered with a single movement,1,SingleResponse,SR-TH-022-TH-022B,False,20,True,Visual Arts,432
OPT-TH-022-03,TH-022,TH-022c,There is an area large enough for a full class to easily get out of sight to shelter-in-place (without needing to cover windows or doors with glass),1,SingleResponse,SR-TH-022-TH-022C,False,30,True,Visual Arts,433
OPT-TH-022-04,TH-022,TH-022d,Interior door hardware is lockable from inside the space with a push button or thumb turn lock,1,SingleResponse,SR-TH-022-TH-022D,False,40,True,Visual Arts,434
OPT-TH-023-01,TH-023,TH-023a,"Most furniture can be moved by students or a single teacher (e.g., casters, lightweight pieces)",1,SingleResponse,SR-TH-023-TH-023A,False,10,True,Visual Arts,436
OPT-TH-023-02,TH-023,TH-023a,"Some furniture is movable, some is heavy or fixed",0.5,SingleResponse,SR-TH-023-TH-023A,False,20,True,Visual Arts,437
OPT-TH-023-03,TH-023,TH-023a,"Most furniture is heavy, fixed, or impractical to move",0,SingleResponse,SR-TH-023-TH-023A,False,30,True,Visual Arts,438
OPT-TH-024-01,TH-024,TH-024a,Varied seating is provided for multiple students across multiple areas of the space,1,SingleResponse,SR-TH-024-TH-024A,False,10,True,Visual Arts,440
OPT-TH-024-02,TH-024,TH-024a,"Limited varied seating is provided (i.e., a single area or only a few students accommodated at a time)",0.5,SingleResponse,SR-TH-024-TH-024A,False,20,True,Visual Arts,441
OPT-TH-024-03,TH-024,TH-024a,No varied seating is provided,0,SingleResponse,SR-TH-024-TH-024A,False,30,True,Visual Arts,442
OPT-TH-024-04,TH-024,TH-024a,Unable to assess (note reason),,SingleResponse,SR-TH-024-TH-024A,True,40,True,Visual Arts,443
OPT-TH-025-01,TH-025,TH-025i,Individual student desks,,Inventory,INV-TH-025-TH-025I,False,10,True,Visual Arts,445
OPT-TH-025-02,TH-025,TH-025i,Tables that seat multiple students,,Inventory,INV-TH-025-TH-025I,False,20,True,Visual Arts,446
OPT-TH-025-03,TH-025,TH-025i,Height-adjustable student tables,,Inventory,INV-TH-025-TH-025I,False,30,True,Visual Arts,447
OPT-TH-025-04,TH-025,TH-025i,Standing-height student worksurfaces,,Inventory,INV-TH-025-TH-025I,False,40,True,Visual Arts,448
OPT-TH-025-05,TH-025,TH-025i,"Hard seating (e.g., standard chairs, stools)",,Inventory,INV-TH-025-TH-025I,False,50,True,Visual Arts,449
OPT-TH-025-06,TH-025,TH-025i,"Active seating (e.g., wobble stools, rockers)",,Inventory,INV-TH-025-TH-025I,False,60,True,Visual Arts,450
OPT-TH-025-07,TH-025,TH-025i,"One or more mobile writing surfaces (i.e., mobile markerboards)",,Inventory,INV-TH-025-TH-025I,False,70,True,Visual Arts,451
OPT-TH-025-08,TH-025,TH-025i,One or more mobile tackboards,,Inventory,INV-TH-025-TH-025I,False,80,True,Visual Arts,452
OPT-TH-025-09,TH-025,TH-025i,One or more mobile monitors,,Inventory,INV-TH-025-TH-025I,False,90,True,Visual Arts,453
OPT-TH-025-10,TH-025,TH-025i,Other (please note),,Inventory,INV-TH-025-TH-025I,False,100,True,Visual Arts,454
OPT-TH-026-01,TH-026,TH-026a,Good - appears relatively new or has minimal wear,1,SingleResponse,SR-TH-026-TH-026A,False,10,True,Visual Arts,456
OPT-TH-026-02,TH-026,TH-026a,"Fair - some furniture is noticeably worn or aging, but all is functional",0.5,SingleResponse,SR-TH-026-TH-026A,False,20,True,Visual Arts,457
OPT-TH-026-03,TH-026,TH-026a,"Poor - some or all furniture is significantly worn, damaged, or not usable",0,SingleResponse,SR-TH-026-TH-026A,False,30,True,Visual Arts,458
OPT-TH-027-01,TH-027,TH-027a,"Resilient flooring (e.g., vinyl, rubber)",1,SingleResponse,SR-TH-027-TH-027A,False,10,True,Visual Arts,460
OPT-TH-027-02,TH-027,TH-027a,Polished concrete,1,SingleResponse,SR-TH-027-TH-027A,False,20,True,Visual Arts,461
OPT-TH-027-03,TH-027,TH-027a,Sealed concrete,1,SingleResponse,SR-TH-027-TH-027A,False,30,True,Visual Arts,462
OPT-TH-027-04,TH-027,TH-027a,Resinous flooring (epoxy),1,SingleResponse,SR-TH-027-TH-027A,False,40,True,Visual Arts,463
OPT-TH-027-05,TH-027,TH-027a,Terrazzo,0,SingleResponse,SR-TH-027-TH-027A,False,50,True,Visual Arts,464
OPT-TH-027-06,TH-027,TH-027a,Porcelain tile,0,SingleResponse,SR-TH-027-TH-027A,False,60,True,Visual Arts,465
OPT-TH-027-07,TH-027,TH-027a,"Carpet (i.e., not a loose rug)",0,SingleResponse,SR-TH-027-TH-027A,False,70,True,Visual Arts,466
OPT-TH-027-08,TH-027,TH-027a,Other (please note),0,SingleResponse,SR-TH-027-TH-027A,False,80,True,Visual Arts,467
OPT-TH-027-09,TH-027,TH-027a,Unable to assess (note reason),,SingleResponse,SR-TH-027-TH-027A,True,90,True,Visual Arts,468
OPT-TH-028-01,TH-028,TH-028a,Exterior door within the space,1,SingleResponse,SR-TH-028-TH-028A,False,10,True,Visual Arts,470
OPT-TH-028-02,TH-028,TH-028a,Exterior door directly outside the space,0.5,SingleResponse,SR-TH-028-TH-028A,False,20,True,Visual Arts,471
OPT-TH-028-03,TH-028,TH-028a,Neither,0,SingleResponse,SR-TH-028-TH-028A,False,30,True,Visual Arts,472
OPT-TH-028-04,TH-028,TH-028a,Unable to assess (note reason),,SingleResponse,SR-TH-028-TH-028A,True,40,True,Visual Arts,473
OPT-TH-029-01,TH-029,TH-029a,Yes,1,SingleResponse,SR-TH-029-TH-029A,False,10,True,Visual Arts,475
OPT-TH-029-02,TH-029,TH-029a,No,0,SingleResponse,SR-TH-029-TH-029A,False,20,True,Visual Arts,476
OPT-TH-029-03,TH-029,TH-029a,Unable to assess (note reason),,SingleResponse,SR-TH-029-TH-029A,True,30,True,Visual Arts,477
OPT-TH-030-01,TH-030,TH-030i,Sink,,Inventory,INV-TH-030-TH-030I,False,10,True,Visual Arts,479
OPT-TH-030-02,TH-030,TH-030i,Utility sink,,Inventory,INV-TH-030-TH-030I,False,20,True,Visual Arts,480
OPT-TH-030-03,TH-030,TH-030i,Floor drain,,Inventory,INV-TH-030-TH-030I,False,30,True,Visual Arts,481
OPT-TH-030-04,TH-030,TH-030i,Clay trap,,Inventory,INV-TH-030-TH-030I,False,40,True,Visual Arts,482
OPT-TH-031-01,TH-031,TH-031a,Yes,1,SingleResponse,SR-TH-031-TH-031A,False,10,True,Visual Arts,484
OPT-TH-031-02,TH-031,TH-031a,No,0,SingleResponse,SR-TH-031-TH-031A,False,20,True,Visual Arts,485
OPT-TH-031-03,TH-031,TH-031a,Unable to assess (note reason),,SingleResponse,SR-TH-031-TH-031A,True,30,True,Visual Arts,486
OPT-DA-002-01,DA-002,DA-002a,Yes,1,SingleResponse,SR-DA-002-DA-002A,False,10,True,Visual Arts,493
OPT-DA-002-02,DA-002,DA-002a,No,0,SingleResponse,SR-DA-002-DA-002A,False,20,True,Visual Arts,494
OPT-DA-002-03,DA-002,DA-002a,Unable to assess (note reason),,SingleResponse,SR-DA-002-DA-002A,True,30,True,Visual Arts,495
OPT-DA-003-01,DA-003,DA-003a,Primary light fixtures are dimmable,1,SingleResponse,SR-DA-003-DA-003A,False,10,True,Visual Arts,497
OPT-DA-003-02,DA-003,DA-003b,Primary light fixtures are LED,1,SingleResponse,SR-DA-003-DA-003B,False,20,True,Visual Arts,498
OPT-DA-004-01,DA-004,DA-004a,"Good - walls are painted in light colors that can enhance daylighting, and accent color is used to reduce monotony",1,SingleResponse,SR-DA-004-DA-004A,False,10,True,Visual Arts,500
OPT-DA-004-02,DA-004,DA-004a,"Fair - walls are painted in light colors that can enhance daylighting, but no accent color is used",0.5,SingleResponse,SR-DA-004-DA-004A,False,20,True,Visual Arts,501
OPT-DA-004-03,DA-004,DA-004a,Poor - walls are painted in dark or monotonous colors,0,SingleResponse,SR-DA-004-DA-004A,False,30,True,Visual Arts,502
OPT-DA-004-04,DA-004,DA-004a,Unable to assess (note reason),,SingleResponse,SR-DA-004-DA-004A,True,40,True,Visual Arts,503
OPT-DA-005-01,DA-005,DA-005a,Yes,1,SingleResponse,SR-DA-005-DA-005A,False,10,True,Visual Arts,505
OPT-DA-005-02,DA-005,DA-005a,No,0,SingleResponse,SR-DA-005-DA-005A,False,20,True,Visual Arts,506
OPT-DA-005-03,DA-005,DA-005a,Unable to assess (note reason),,SingleResponse,SR-DA-005-DA-005A,True,30,True,Visual Arts,507
OPT-DA-006-01,DA-006,DA-006a,"Access to views of the outdoors (e.g., not solely a view of an exterior wall)",1,SingleResponse,SR-DA-006-DA-006A,False,10,True,Visual Arts,509
OPT-DA-006-02,DA-006,DA-006i,Only clerestory windows are provided,,Inventory,INV-DA-006-DA-006I,False,20,True,Visual Arts,510
OPT-DA-007-01,DA-007,DA-007a,Roller shades are provided,1,SingleResponse,SR-DA-007-DA-007A,False,10,True,Visual Arts,512
OPT-DA-007-02,DA-007,DA-007a,Mini-blinds are provided,0,SingleResponse,SR-DA-007-DA-007A,False,20,True,Visual Arts,513
OPT-DA-007-03,DA-007,DA-007a,Other (please note),0,SingleResponse,SR-DA-007-DA-007A,False,30,True,Visual Arts,514
OPT-DA-007-04,DA-007,DA-007a,No window coverings are provided,0,SingleResponse,SR-DA-007-DA-007A,False,40,True,Visual Arts,515
OPT-DA-007-05,DA-007,DA-007a,Unable to assess (note reason),,SingleResponse,SR-DA-007-DA-007A,True,50,True,Visual Arts,516
OPT-DA-008-01,DA-008,DA-008i,Built-in casework is provided,,Inventory,INV-DA-008-DA-008I,False,10,True,Visual Arts,518
OPT-DA-008-02,DA-008,DA-008i,Counter space is provided,,Inventory,INV-DA-008-DA-008I,False,20,True,Visual Arts,519
OPT-DA-008-03,DA-008,DA-008i,"Furniture-based storage is provided (i.e., shelving or cabinets)",,Inventory,INV-DA-008-DA-008I,False,30,True,Visual Arts,520
OPT-DA-008-04,DA-008,DA-008i,Some or all storage is lockable,,Inventory,INV-DA-008-DA-008I,False,40,True,Visual Arts,521
OPT-DA-009-01,DA-009,DA-009a,Good - storage appears sufficient; the space is organized with little visible clutter,1,SingleResponse,SR-DA-009-DA-009A,False,10,True,Visual Arts,523
OPT-DA-009-02,DA-009,DA-009a,Fair - storage appears mostly sufficient; some clutter or overflow is visible,0.5,SingleResponse,SR-DA-009-DA-009A,False,20,True,Visual Arts,524
OPT-DA-009-03,DA-009,DA-009a,Poor - storage appears insufficient; significant clutter or materials without a home,0,SingleResponse,SR-DA-009-DA-009A,False,30,True,Visual Arts,525
OPT-DA-009-04,DA-009,DA-009a,Unable to assess (note reason),,SingleResponse,SR-DA-009-DA-009A,True,40,True,Visual Arts,526
OPT-DA-010-01,DA-010,DA-010a,None,0,SingleResponse,SR-DA-010-DA-010A,False,10,True,Visual Arts,528
OPT-DA-010-02,DA-010,DA-010a,<6 linear feet,0.2,SingleResponse,SR-DA-010-DA-010A,False,20,True,Visual Arts,529
OPT-DA-010-03,DA-010,DA-010a,6 to <12 linear feet,0.4,SingleResponse,SR-DA-010-DA-010A,False,30,True,Visual Arts,530
OPT-DA-010-04,DA-010,DA-010a,12 to <16 linear feet,0.6,SingleResponse,SR-DA-010-DA-010A,False,40,True,Visual Arts,531
OPT-DA-010-05,DA-010,DA-010a,16+ linear feet,1,SingleResponse,SR-DA-010-DA-010A,False,50,True,Visual Arts,532
OPT-DA-010-06,DA-010,DA-010a,Unable to assess (note reason),,SingleResponse,SR-DA-010-DA-010A,True,60,True,Visual Arts,533
OPT-DA-011-01,DA-011,DA-011i,Tackstrip,,Inventory,INV-DA-011-DA-011I,False,10,True,Visual Arts,535
OPT-DA-011-02,DA-011,DA-011i,Tackboard,,Inventory,INV-DA-011-DA-011I,False,20,True,Visual Arts,536
OPT-DA-011-03,DA-011,DA-011i,Tackwall,,Inventory,INV-DA-011-DA-011I,False,30,True,Visual Arts,537
OPT-DA-011-04,DA-011,DA-011i,Magnetic markerboard,,Inventory,INV-DA-011-DA-011I,False,40,True,Visual Arts,538
OPT-DA-011-05,DA-011,DA-011i,Display case,,Inventory,INV-DA-011-DA-011I,False,50,True,Visual Arts,539
OPT-DA-012-01,DA-012,DA-012a,0,0,SingleResponse,SR-DA-012-DA-012A,False,10,True,Visual Arts,541
OPT-DA-012-02,DA-012,DA-012a,1-2,0.25,SingleResponse,SR-DA-012-DA-012A,False,20,True,Visual Arts,542
OPT-DA-012-03,DA-012,DA-012a,3-4,0.5,SingleResponse,SR-DA-012-DA-012A,False,30,True,Visual Arts,543
OPT-DA-012-04,DA-012,DA-012a,5-7,0.75,SingleResponse,SR-DA-012-DA-012A,False,40,True,Visual Arts,544
OPT-DA-012-05,DA-012,DA-012a,8+,1,SingleResponse,SR-DA-012-DA-012A,False,50,True,Visual Arts,545
OPT-DA-013-01,DA-013,DA-013a,0,0,SingleResponse,SR-DA-013-DA-013A,False,10,True,Visual Arts,547
OPT-DA-013-02,DA-013,DA-013a,1,0.25,SingleResponse,SR-DA-013-DA-013A,False,20,True,Visual Arts,548
OPT-DA-013-03,DA-013,DA-013a,2,0.5,SingleResponse,SR-DA-013-DA-013A,False,30,True,Visual Arts,549
OPT-DA-013-04,DA-013,DA-013a,3,0.75,SingleResponse,SR-DA-013-DA-013A,False,40,True,Visual Arts,550
OPT-DA-013-05,DA-013,DA-013a,4,1,SingleResponse,SR-DA-013-DA-013A,False,50,True,Visual Arts,551
OPT-DA-014-01,DA-014,DA-014a,A thermostat is provided that has adjustable temperature controls,1,SingleResponse,SR-DA-014-DA-014A,False,10,True,Visual Arts,553
OPT-DA-014-02,DA-014,DA-014a,A thermostat is provided that does not have adjustable temperature controls,0.5,SingleResponse,SR-DA-014-DA-014A,False,20,True,Visual Arts,554
OPT-DA-014-03,DA-014,DA-014a,Only a temperature sensor is provided,0,SingleResponse,SR-DA-014-DA-014A,False,30,True,Visual Arts,555
OPT-DA-014-04,DA-014,DA-014a,No thermostat or sensor is present in the space,0,SingleResponse,SR-DA-014-DA-014A,False,40,True,Visual Arts,556
OPT-DA-015-01,DA-015,DA-015a,Yes,1,SingleResponse,SR-DA-015-DA-015A,False,10,True,Visual Arts,558
OPT-DA-015-02,DA-015,DA-015a,No,0,SingleResponse,SR-DA-015-DA-015A,False,20,True,Visual Arts,559
OPT-DA-015-03,DA-015,DA-015a,Unable to assess (note reason),,SingleResponse,SR-DA-015-DA-015A,True,30,True,Visual Arts,560
OPT-DA-016-01,DA-016,DA-016i,Interior window,,Inventory,INV-DA-016-DA-016I,False,10,True,Visual Arts,562
OPT-DA-016-02,DA-016,DA-016i,Sidelight,,Inventory,INV-DA-016-DA-016I,False,20,True,Visual Arts,563
OPT-DA-016-03,DA-016,DA-016i,"Door panel (i.e., glass panel in the door)",,Inventory,INV-DA-016-DA-016I,False,30,True,Visual Arts,564
OPT-DA-017-01,DA-017,DA-017a,Interior windows and doors with glass can be covered with a single movement,1,SingleResponse,SR-DA-017-DA-017A,False,10,True,Visual Arts,566
OPT-DA-017-02,DA-017,DA-017b,Exterior windows and doors with glass can be covered with a single movement,1,SingleResponse,SR-DA-017-DA-017B,False,20,True,Visual Arts,567
OPT-DA-017-03,DA-017,DA-017c,There is an area large enough for a full class to easily get out of sight to shelter-in-place (without needing to cover windows or doors with glass),1,SingleResponse,SR-DA-017-DA-017C,False,30,True,Visual Arts,568
OPT-DA-017-04,DA-017,DA-017d,Interior door hardware is lockable from inside the space with a push button or thumb turn lock,1,SingleResponse,SR-DA-017-DA-017D,False,40,True,Visual Arts,569
OPT-DA-018-01,DA-018,DA-018a,"Most furniture can be moved by students or a single teacher (e.g., casters, lightweight pieces)",1,SingleResponse,SR-DA-018-DA-018A,False,10,True,Visual Arts,571
OPT-DA-018-02,DA-018,DA-018a,"Some furniture is movable, some is heavy or fixed",0.5,SingleResponse,SR-DA-018-DA-018A,False,20,True,Visual Arts,572
OPT-DA-018-03,DA-018,DA-018a,"Most furniture is heavy, fixed, or impractical to move",0,SingleResponse,SR-DA-018-DA-018A,False,30,True,Visual Arts,573
OPT-DA-019-01,DA-019,DA-019a,Varied seating is provided for multiple students across multiple areas of the space,1,SingleResponse,SR-DA-019-DA-019A,False,10,True,Visual Arts,575
OPT-DA-019-02,DA-019,DA-019a,"Limited varied seating is provided (i.e., a single area or only a few students accommodated at a time)",0.5,SingleResponse,SR-DA-019-DA-019A,False,20,True,Visual Arts,576
OPT-DA-019-03,DA-019,DA-019a,No varied seating is provided,0,SingleResponse,SR-DA-019-DA-019A,False,30,True,Visual Arts,577
OPT-DA-019-04,DA-019,DA-019a,Unable to assess (note reason),,SingleResponse,SR-DA-019-DA-019A,True,40,True,Visual Arts,578
OPT-DA-020-01,DA-020,DA-020i,Individual student desks,,Inventory,INV-DA-020-DA-020I,False,10,True,Visual Arts,580
OPT-DA-020-02,DA-020,DA-020i,Tables that seat multiple students,,Inventory,INV-DA-020-DA-020I,False,20,True,Visual Arts,581
OPT-DA-020-03,DA-020,DA-020i,Height-adjustable student tables,,Inventory,INV-DA-020-DA-020I,False,30,True,Visual Arts,582
OPT-DA-020-04,DA-020,DA-020i,"Hard seating (e.g., standard chairs, stools)",,Inventory,INV-DA-020-DA-020I,False,40,True,Visual Arts,583
OPT-DA-020-05,DA-020,DA-020i,"Active seating (e.g., wobble stools, rockers)",,Inventory,INV-DA-020-DA-020I,False,50,True,Visual Arts,584
OPT-DA-020-06,DA-020,DA-020i,"One or more mobile writing surfaces (i.e., mobile markerboards)",,Inventory,INV-DA-020-DA-020I,False,60,True,Visual Arts,585
OPT-DA-020-07,DA-020,DA-020i,One or more mobile monitors,,Inventory,INV-DA-020-DA-020I,False,70,True,Visual Arts,586
OPT-DA-020-08,DA-020,DA-020i,Other (please note),,Inventory,INV-DA-020-DA-020I,False,80,True,Visual Arts,587
OPT-DA-021-01,DA-021,DA-021a,Good - appears relatively new or has minimal wear,1,SingleResponse,SR-DA-021-DA-021A,False,10,True,Visual Arts,589
OPT-DA-021-02,DA-021,DA-021a,"Fair - some furniture is noticeably worn or aging, but all is functional",0.5,SingleResponse,SR-DA-021-DA-021A,False,20,True,Visual Arts,590
OPT-DA-021-03,DA-021,DA-021a,"Poor - some or all furniture is significantly worn, damaged, or not usable",0,SingleResponse,SR-DA-021-DA-021A,False,30,True,Visual Arts,591
OPT-DA-022-01,DA-022,DA-022a,"Resilient flooring (e.g., vinyl, rubber)",1,SingleResponse,SR-DA-022-DA-022A,False,10,True,Visual Arts,593
OPT-DA-022-02,DA-022,DA-022a,Terrazzo,1,SingleResponse,SR-DA-022-DA-022A,False,20,True,Visual Arts,594
OPT-DA-022-03,DA-022,DA-022a,Porcelain tile,1,SingleResponse,SR-DA-022-DA-022A,False,30,True,Visual Arts,595
OPT-DA-022-04,DA-022,DA-022a,Polished concrete,1,SingleResponse,SR-DA-022-DA-022A,False,40,True,Visual Arts,596
OPT-DA-022-05,DA-022,DA-022a,"Carpet (i.e., not a loose rug)",0,SingleResponse,SR-DA-022-DA-022A,False,50,True,Visual Arts,597
OPT-DA-022-06,DA-022,DA-022a,Other (please note),0,SingleResponse,SR-DA-022-DA-022A,False,60,True,Visual Arts,598
OPT-DA-022-07,DA-022,DA-022a,Unable to assess (note reason),,SingleResponse,SR-DA-022-DA-022A,True,70,True,Visual Arts,599
OPT-DA-023-01,DA-023,DA-023a,Exterior door within the space,1,SingleResponse,SR-DA-023-DA-023A,False,10,True,Visual Arts,601
OPT-DA-023-02,DA-023,DA-023a,Exterior door directly outside the space,0.5,SingleResponse,SR-DA-023-DA-023A,False,20,True,Visual Arts,602
OPT-DA-023-03,DA-023,DA-023a,Neither,0,SingleResponse,SR-DA-023-DA-023A,False,30,True,Visual Arts,603
OPT-DA-023-04,DA-023,DA-023a,Unable to assess (note reason),,SingleResponse,SR-DA-023-DA-023A,True,40,True,Visual Arts,604
OPT-DA-024-01,DA-024,DA-024a,Yes,1,SingleResponse,SR-DA-024-DA-024A,False,10,True,Visual Arts,606
OPT-DA-024-02,DA-024,DA-024a,No,0,SingleResponse,SR-DA-024-DA-024A,False,20,True,Visual Arts,607
OPT-DA-024-03,DA-024,DA-024a,Unable to assess (note reason),,SingleResponse,SR-DA-024-DA-024A,True,30,True,Visual Arts,608
OPT-DA-025-01,DA-025,DA-025a,None seen,0,SingleResponse,SR-DA-025-DA-025A,False,10,True,Visual Arts,610
OPT-DA-025-02,DA-025,DA-025a,Single art gallery area identified,0.5,SingleResponse,SR-DA-025-DA-025A,False,20,True,Visual Arts,611
OPT-DA-025-03,DA-025,DA-025a,Multiple art gallery areas identified,1,SingleResponse,SR-DA-025-DA-025A,False,30,True,Visual Arts,612
OPT-DA-026-01,DA-026,DA-026a,Yes,1,SingleResponse,SR-DA-026-DA-026A,False,10,True,Visual Arts,614
OPT-DA-026-02,DA-026,DA-026a,No,0,SingleResponse,SR-DA-026-DA-026A,False,20,True,Visual Arts,615
OPT-DA-026-03,DA-026,DA-026a,Unable to assess (note reason),,SingleResponse,SR-DA-026-DA-026A,True,30,True,Visual Arts,616
OPT-TA-001-01,TA-001,TA-001a,Yes,1,SingleResponse,SR-TA-001-TA-001A,False,10,True,Performing Arts,4
OPT-TA-001-02,TA-001,TA-001a,No,0,SingleResponse,SR-TA-001-TA-001A,False,20,True,Performing Arts,5
OPT-TA-001-03,TA-001,TA-001a,Unable to assess (note reason),,SingleResponse,SR-TA-001-TA-001A,True,30,True,Performing Arts,6
OPT-TA-002-01,TA-002,TA-002a,Direct access to a stage,1,SingleResponse,SR-TA-002-TA-002A,False,10,True,Performing Arts,8
OPT-TA-002-02,TA-002,TA-002a,Visibility into a stage only,0.5,SingleResponse,SR-TA-002-TA-002A,False,20,True,Performing Arts,9
OPT-TA-002-03,TA-002,TA-002a,Neither access nor visibility,0,SingleResponse,SR-TA-002-TA-002A,False,30,True,Performing Arts,10
OPT-TA-002-04,TA-002,TA-002a,Unable to assess (note reason),,SingleResponse,SR-TA-002-TA-002A,True,40,True,Performing Arts,11
OPT-TA-003-01,TA-003,TA-003a,0,0,SingleResponse,SR-TA-003-TA-003A,False,10,True,Performing Arts,13
OPT-TA-003-02,TA-003,TA-003a,1,0.5,SingleResponse,SR-TA-003-TA-003A,False,20,True,Performing Arts,14
OPT-TA-003-03,TA-003,TA-003a,2+,1,SingleResponse,SR-TA-003-TA-003A,False,30,True,Performing Arts,15
OPT-TA-004-01,TA-004,TA-004a,0,0,SingleResponse,SR-TA-004-TA-004A,False,10,True,Performing Arts,17
OPT-TA-004-02,TA-004,TA-004a,1+,1,SingleResponse,SR-TA-004-TA-004A,False,20,True,Performing Arts,18
OPT-TA-005-01,TA-005,TA-005a,Primary light fixtures are dimmable,1,SingleResponse,SR-TA-005-TA-005A,False,10,True,Performing Arts,20
OPT-TA-005-02,TA-005,TA-005b,Primary light fixtures are LED,1,SingleResponse,SR-TA-005-TA-005B,False,20,True,Performing Arts,21
OPT-TA-005-03,TA-005,TA-005i,"Theatrical lighting eg., Cyclorama lights, dimmer racks, wide angle general use lighting",,Inventory,INV-TA-005-TA-005I,False,30,True,Performing Arts,22
OPT-TA-006-01,TA-006,TA-006i,Built-in casework is provided,,Inventory,INV-TA-006-TA-006I,False,10,True,Performing Arts,24
OPT-TA-006-02,TA-006,TA-006i,Counter space is provided,,Inventory,INV-TA-006-TA-006I,False,20,True,Performing Arts,25
OPT-TA-006-03,TA-006,TA-006i,Ensuite storage closet is provided,,Inventory,INV-TA-006-TA-006I,False,30,True,Performing Arts,26
OPT-TA-006-04,TA-006,TA-006i,"Furniture-based storage is provided (i.e., shelving or cabinets)",,Inventory,INV-TA-006-TA-006I,False,40,True,Performing Arts,27
OPT-TA-006-05,TA-006,TA-006i,Some or all storage is lockable,,Inventory,INV-TA-006-TA-006I,False,50,True,Performing Arts,28
OPT-TA-007-01,TA-007,TA-007a,Good - storage appears sufficient; the space is organized with little visible clutter,1,SingleResponse,SR-TA-007-TA-007A,False,10,True,Performing Arts,30
OPT-TA-007-02,TA-007,TA-007a,Fair - storage appears mostly sufficient; some clutter or overflow is visible,0.5,SingleResponse,SR-TA-007-TA-007A,False,20,True,Performing Arts,31
OPT-TA-007-03,TA-007,TA-007a,Poor - storage appears insufficient; significant clutter or materials without a home,0,SingleResponse,SR-TA-007-TA-007A,False,30,True,Performing Arts,32
OPT-TA-007-04,TA-007,TA-007a,Unable to assess (note reason),,SingleResponse,SR-TA-007-TA-007A,True,40,True,Performing Arts,33
OPT-TA-008-01,TA-008,TA-008a,None,0,SingleResponse,SR-TA-008-TA-008A,False,10,True,Performing Arts,35
OPT-TA-008-02,TA-008,TA-008a,<4 linear feet,,SingleResponse,SR-TA-008-TA-008A,False,20,True,Performing Arts,36
OPT-TA-008-03,TA-008,TA-008a,4 to <8 linear feet,0.25,SingleResponse,SR-TA-008-TA-008A,False,30,True,Performing Arts,37
OPT-TA-008-04,TA-008,TA-008a,8 to <12 linear feet,0.5,SingleResponse,SR-TA-008-TA-008A,False,40,True,Performing Arts,38
OPT-TA-008-05,TA-008,TA-008a,12 to <16 linear feet,0.75,SingleResponse,SR-TA-008-TA-008A,False,50,True,Performing Arts,39
OPT-TA-008-06,TA-008,TA-008a,16+ linear feet,1,SingleResponse,SR-TA-008-TA-008A,False,60,True,Performing Arts,40
OPT-TA-008-07,TA-008,TA-008a,Unable to assess (note reason),,SingleResponse,SR-TA-008-TA-008A,True,70,True,Performing Arts,41
OPT-TA-009-01,TA-009,TA-009i,Tackstrip,,Inventory,INV-TA-009-TA-009I,False,10,True,Performing Arts,43
OPT-TA-009-02,TA-009,TA-009i,Tackboard,,Inventory,INV-TA-009-TA-009I,False,20,True,Performing Arts,44
OPT-TA-009-03,TA-009,TA-009i,Tackwall,,Inventory,INV-TA-009-TA-009I,False,30,True,Performing Arts,45
OPT-TA-009-04,TA-009,TA-009i,Magnetic markerboard,,Inventory,INV-TA-009-TA-009I,False,40,True,Performing Arts,46
OPT-TA-009-05,TA-009,TA-009i,Display Case,,Inventory,INV-TA-009-TA-009I,False,50,True,Performing Arts,47
OPT-TA-010-01,TA-010,TA-010a,None,0,SingleResponse,SR-TA-010-TA-010A,False,10,True,Performing Arts,49
OPT-TA-010-02,TA-010,TA-010a,<4 linear feet,0.33,SingleResponse,SR-TA-010-TA-010A,False,20,True,Performing Arts,50
OPT-TA-010-03,TA-010,TA-010a,4 to <8 linear feet,0.66,SingleResponse,SR-TA-010-TA-010A,False,30,True,Performing Arts,51
OPT-TA-010-04,TA-010,TA-010a,8+ linear feet,1,SingleResponse,SR-TA-010-TA-010A,False,40,True,Performing Arts,52
OPT-TA-010-05,TA-010,TA-010a,Unable to assess (note reason),,SingleResponse,SR-TA-010-TA-010A,True,50,True,Performing Arts,53
OPT-TA-011-01,TA-011,TA-011a,0,0,SingleResponse,SR-TA-011-TA-011A,False,10,True,Performing Arts,55
OPT-TA-011-02,TA-011,TA-011a,1-2,0.25,SingleResponse,SR-TA-011-TA-011A,False,20,True,Performing Arts,56
OPT-TA-011-03,TA-011,TA-011a,3-4,0.5,SingleResponse,SR-TA-011-TA-011A,False,30,True,Performing Arts,57
OPT-TA-011-04,TA-011,TA-011a,5-7,0.75,SingleResponse,SR-TA-011-TA-011A,False,40,True,Performing Arts,58
OPT-TA-011-05,TA-011,TA-011a,8+,1,SingleResponse,SR-TA-011-TA-011A,False,50,True,Performing Arts,59
OPT-TA-012-01,TA-012,TA-012a,0,0,SingleResponse,SR-TA-012-TA-012A,False,10,True,Performing Arts,61
OPT-TA-012-02,TA-012,TA-012a,1,0.25,SingleResponse,SR-TA-012-TA-012A,False,20,True,Performing Arts,62
OPT-TA-012-03,TA-012,TA-012a,2,0.5,SingleResponse,SR-TA-012-TA-012A,False,30,True,Performing Arts,63
OPT-TA-012-04,TA-012,TA-012a,3,0.75,SingleResponse,SR-TA-012-TA-012A,False,40,True,Performing Arts,64
OPT-TA-012-05,TA-012,TA-012a,4,1,SingleResponse,SR-TA-012-TA-012A,False,50,True,Performing Arts,65
OPT-TA-013-01,TA-013,TA-013a,0,0,SingleResponse,SR-TA-013-TA-013A,False,10,True,Performing Arts,67
OPT-TA-013-02,TA-013,TA-013a,1,0.25,SingleResponse,SR-TA-013-TA-013A,False,20,True,Performing Arts,68
OPT-TA-013-03,TA-013,TA-013a,2,0.5,SingleResponse,SR-TA-013-TA-013A,False,30,True,Performing Arts,69
OPT-TA-013-04,TA-013,TA-013a,3,0.75,SingleResponse,SR-TA-013-TA-013A,False,40,True,Performing Arts,70
OPT-TA-013-05,TA-013,TA-013a,4,1,SingleResponse,SR-TA-013-TA-013A,False,50,True,Performing Arts,71
OPT-TA-014-01,TA-014,TA-014a,A thermostat is provided that has adjustable temperature controls,1,SingleResponse,SR-TA-014-TA-014A,False,10,True,Performing Arts,73
OPT-TA-014-02,TA-014,TA-014a,A thermostat is provided that does not have adjustable temperature controls,0.5,SingleResponse,SR-TA-014-TA-014A,False,20,True,Performing Arts,74
OPT-TA-014-03,TA-014,TA-014a,Only a temperature sensor is provided,0,SingleResponse,SR-TA-014-TA-014A,False,30,True,Performing Arts,75
OPT-TA-014-04,TA-014,TA-014a,No thermostat or sensor is present in the space,0,SingleResponse,SR-TA-014-TA-014A,False,40,True,Performing Arts,76
OPT-TA-015-01,TA-015,TA-015a,Yes,1,SingleResponse,SR-TA-015-TA-015A,False,10,True,Performing Arts,78
OPT-TA-015-02,TA-015,TA-015a,No,0,SingleResponse,SR-TA-015-TA-015A,False,20,True,Performing Arts,79
OPT-TA-015-03,TA-015,TA-015a,Unable to assess (note reason),,SingleResponse,SR-TA-015-TA-015A,True,30,True,Performing Arts,80
OPT-TA-016-01,TA-016,TA-016a,Interior window,1,SingleResponse,SR-TA-016-TA-016A,False,10,True,Performing Arts,82
OPT-TA-016-02,TA-016,TA_016b,Sidelight,1,SingleResponse,SR-TA-016-TA-016B,False,20,True,Performing Arts,83
OPT-TA-016-03,TA-016,TA-016c,"Door panel (i.e., glass panel in the door)",0,SingleResponse,SR-TA-016-TA-016C,False,30,True,Performing Arts,84
OPT-TA-017-01,TA-017,TA-017a,Interior windows and doors with glass can be covered with a single movement,1,SingleResponse,SR-TA-017-TA-017A,False,10,True,Performing Arts,86
OPT-TA-017-02,TA-017,TA-017b,Exterior windows and doors with glass can be covered with a single movement,1,SingleResponse,SR-TA-017-TA-017B,False,20,True,Performing Arts,87
OPT-TA-017-03,TA-017,TA-017c,There is an area large enough for a full class to easily get out of sight to shelter-in-place (without needing to cover windows or doors with glass),1,SingleResponse,SR-TA-017-TA-017C,False,30,True,Performing Arts,88
OPT-TA-017-04,TA-017,TA-017d,Interior door hardware is lockable from inside the space with a push button or thumb turn lock,1,SingleResponse,SR-TA-017-TA-017D,False,40,True,Performing Arts,89
OPT-TA-018-01,TA-018,TA-018a,"Resilient flooring (e.g., vinyl, rubber)",1,SingleResponse,SR-TA-018-TA-018A,False,10,True,Performing Arts,91
OPT-TA-018-02,TA-018,TA-018a,Terrazzo,0,SingleResponse,SR-TA-018-TA-018A,False,20,True,Performing Arts,92
OPT-TA-018-03,TA-018,TA-018a,Polished concrete,1,SingleResponse,SR-TA-018-TA-018A,False,30,True,Performing Arts,93
OPT-TA-018-04,TA-018,TA-018a,"Carpet (i.e., not a loose rug)",0,SingleResponse,SR-TA-018-TA-018A,False,40,True,Performing Arts,94
OPT-TA-018-05,TA-018,TA-018a,Masonite,1,SingleResponse,SR-TA-018-TA-018A,False,50,True,Performing Arts,95
OPT-TA-018-06,TA-018,TA-018a,Other (please note),,SingleResponse,SR-TA-018-TA-018A,False,60,True,Performing Arts,96
OPT-TA-018-07,TA-018,TA-018a,Unable to assess (note reason),,SingleResponse,SR-TA-018-TA-018A,True,70,True,Performing Arts,97
OPT-TA-019-01,TA-019,TA-019a,"Good - walls are painted in light colors that can enhance daylighting, and accent color is used to reduce monotony",1,SingleResponse,SR-TA-019-TA-019A,False,10,True,Performing Arts,99
OPT-TA-019-02,TA-019,TA-019a,"Fair - walls are painted in light colors that can enhance daylighting, but no accent color is used",0.5,SingleResponse,SR-TA-019-TA-019A,False,20,True,Performing Arts,100
OPT-TA-019-03,TA-019,TA-019a,Poor - walls are painted in dark or monotonous colors,0,SingleResponse,SR-TA-019-TA-019A,False,30,True,Performing Arts,101
OPT-TA-019-04,TA-019,TA-019a,Unable to assess (note reason),,SingleResponse,SR-TA-019-TA-019A,True,40,True,Performing Arts,102
OPT-TA-020-01,TA-020,TA-020a,Yes,1,SingleResponse,SR-TA-020-TA-020A,False,10,True,Performing Arts,104
OPT-TA-020-02,TA-020,TA-020a,No,0,SingleResponse,SR-TA-020-TA-020A,False,20,True,Performing Arts,105
OPT-TA-020-03,TA-020,TA-020a,Unable to assess (note reason),,SingleResponse,SR-TA-020-TA-020A,True,30,True,Performing Arts,106
OPT-TA-021-01,TA-021,TA-021a,"Access to views of the outdoors (e.g., not solely an exterior wall)",1,SingleResponse,SR-TA-021-TA-021A,False,10,True,Performing Arts,108
OPT-TA-021-02,TA-021,TA-021i,Only clerestory windows are provided,,Inventory,INV-TA-021-TA-021I,False,20,True,Performing Arts,109
OPT-TA-022-01,TA-022,TA-022a,Roller shades are provided,1,SingleResponse,SR-TA-022-TA-022A,False,10,True,Performing Arts,111
OPT-TA-022-02,TA-022,TA-022a,Mini-blinds are provided,0,SingleResponse,SR-TA-022-TA-022A,False,20,True,Performing Arts,112
OPT-TA-022-03,TA-022,TA-022a,Other (please note),0,SingleResponse,SR-TA-022-TA-022A,False,30,True,Performing Arts,113
OPT-TA-022-04,TA-022,TA-022a,No window coverings are provided,0,SingleResponse,SR-TA-022-TA-022A,False,40,True,Performing Arts,114
OPT-TA-022-05,TA-022,TA-022a,Unable to assess (note reason),,SingleResponse,SR-TA-022-TA-022A,True,50,True,Performing Arts,115
OPT-AU-001-01,AU-001,AU-001a,Yes,1,SingleResponse,SR-AU-001-AU-001A,False,10,True,Performing Arts,132
OPT-AU-001-02,AU-001,AU-001a,No,0,SingleResponse,SR-AU-001-AU-001A,False,20,True,Performing Arts,133
OPT-AU-001-03,AU-001,AU-001a,Unable to assess (note reason),,SingleResponse,SR-AU-001-AU-001A,True,30,True,Performing Arts,134
OPT-AU-002-01,AU-002,AU-002a,Yes,1,SingleResponse,SR-AU-002-AU-002A,False,10,True,Performing Arts,136
OPT-AU-002-02,AU-002,AU-002a,No,0,SingleResponse,SR-AU-002-AU-002A,False,20,True,Performing Arts,137
OPT-AU-002-03,AU-002,AU-002a,Unable to assess (note reason),,SingleResponse,SR-AU-002-AU-002A,True,30,True,Performing Arts,138
OPT-AU-003-01,AU-003,AU-003a,Yes,1,SingleResponse,SR-AU-003-AU-003A,False,10,True,Performing Arts,140
OPT-AU-003-02,AU-003,AU-003a,No,0,SingleResponse,SR-AU-003-AU-003A,False,20,True,Performing Arts,141
OPT-AU-003-03,AU-003,AU-003a,Unable to assess (note reason),,SingleResponse,SR-AU-003-AU-003A,True,30,True,Performing Arts,142
OPT-AU-004-01,AU-004,AU-004a,Yes,1,SingleResponse,SR-AU-004-AU-004A,False,10,True,Performing Arts,144
OPT-AU-004-02,AU-004,AU-004a,No,0,SingleResponse,SR-AU-004-AU-004A,False,20,True,Performing Arts,145
OPT-AU-004-03,AU-004,AU-004a,Unable to assess (note reason),,SingleResponse,SR-AU-004-AU-004A,True,30,True,Performing Arts,146
OPT-AU-005-01,AU-005,AU-005a,Yes,1,SingleResponse,SR-AU-005-AU-005A,False,10,True,Performing Arts,148
OPT-AU-005-02,AU-005,AU-005a,No,0,SingleResponse,SR-AU-005-AU-005A,False,20,True,Performing Arts,149
OPT-AU-005-03,AU-005,AU-005a,Unable to assess (note reason),,SingleResponse,SR-AU-005-AU-005A,True,30,True,Performing Arts,150
OPT-AU-006-01,AU-006,AU-006a,Yes,1,SingleResponse,SR-AU-006-AU-006A,False,10,True,Performing Arts,152
OPT-AU-006-02,AU-006,AU-006a,No,0,SingleResponse,SR-AU-006-AU-006A,False,20,True,Performing Arts,153
OPT-AU-006-03,AU-006,AU-006a,Unable to assess (note reason),,SingleResponse,SR-AU-006-AU-006A,True,30,True,Performing Arts,154
OPT-AU-007-01,AU-007,AU-007a,Yes,1,SingleResponse,SR-AU-007-AU-007A,False,10,True,Performing Arts,156
OPT-AU-007-02,AU-007,AU-007a,No,0,SingleResponse,SR-AU-007-AU-007A,False,20,True,Performing Arts,157
OPT-AU-007-03,AU-007,AU-007a,Unable to assess (note reason),,SingleResponse,SR-AU-007-AU-007A,True,30,True,Performing Arts,158
OPT-AU-008-01,AU-008,AU-008a,Yes,1,SingleResponse,SR-AU-008-AU-008A,False,10,True,Performing Arts,160
OPT-AU-008-02,AU-008,AU-008a,No,0,SingleResponse,SR-AU-008-AU-008A,False,20,True,Performing Arts,161
OPT-AU-008-03,AU-008,AU-008a,Unable to assess (note reason),,SingleResponse,SR-AU-008-AU-008A,True,30,True,Performing Arts,162
OPT-AU-009-01,AU-009,AU-009a,Yes,1,SingleResponse,SR-AU-009-AU-009A,False,10,True,Performing Arts,164
OPT-AU-009-02,AU-009,AU-009a,No,0,SingleResponse,SR-AU-009-AU-009A,False,20,True,Performing Arts,165
OPT-AU-009-03,AU-009,AU-009a,Unable to assess (note reason),,SingleResponse,SR-AU-009-AU-009A,True,30,True,Performing Arts,166
OPT-AU-010-01,AU-010,AU-010a,Yes,1,SingleResponse,SR-AU-010-AU-010A,False,10,True,Performing Arts,168
OPT-AU-010-02,AU-010,AU-010a,No,0,SingleResponse,SR-AU-010-AU-010A,False,20,True,Performing Arts,169
OPT-AU-010-03,AU-010,AU-010a,Unable to assess (note reason),,SingleResponse,SR-AU-010-AU-010A,True,30,True,Performing Arts,170
OPT-AU-011-01,AU-011,AU-011a,Yes,1,SingleResponse,SR-AU-011-AU-011A,False,10,True,Performing Arts,172
OPT-AU-011-02,AU-011,AU-011a,No,0,SingleResponse,SR-AU-011-AU-011A,False,20,True,Performing Arts,173
OPT-AU-011-03,AU-011,AU-011a,Unable to assess (note reason),,SingleResponse,SR-AU-011-AU-011A,True,30,True,Performing Arts,174
OPT-AU-012-01,AU-012,AU-012a,Yes,1,SingleResponse,SR-AU-012-AU-012A,False,10,True,Performing Arts,176
OPT-AU-012-02,AU-012,AU-012a,No,0,SingleResponse,SR-AU-012-AU-012A,False,20,True,Performing Arts,177
OPT-AU-012-03,AU-012,AU-012a,Unable to assess (note reason),,SingleResponse,SR-AU-012-AU-012A,True,30,True,Performing Arts,178
OPT-AU-013-01,AU-013,AU-013i,Acoustic Panel Ceiling (ACT),,Inventory,INV-AU-013-AU-013I,False,10,True,Performing Arts,180
OPT-AU-013-02,AU-013,AU-013i,Specialty Acoustic Ceiling,,Inventory,INV-AU-013-AU-013I,False,20,True,Performing Arts,181
OPT-AU-013-03,AU-013,AU-013i,Acoustic Wall Panels,,Inventory,INV-AU-013-AU-013I,False,30,True,Performing Arts,182
OPT-AU-013-04,AU-013,AU-013i,Floor Coverings (e.g. rugs),,Inventory,INV-AU-013-AU-013I,False,40,True,Performing Arts,183
OPT-AU-013-05,AU-013,AU-013i,"Other, please list",,Inventory,INV-AU-013-AU-013I,False,50,True,Performing Arts,184
OPT-AU-013-06,AU-013,AU-013i,None,,Inventory,INV-AU-013-AU-013I,False,60,True,Performing Arts,185
OPT-AU-014-01,AU-014,AU-014a,0,0,SingleResponse,SR-AU-014-AU-014A,False,10,True,Performing Arts,187
OPT-AU-014-02,AU-014,AU-014a,1,0.25,SingleResponse,SR-AU-014-AU-014A,False,20,True,Performing Arts,188
OPT-AU-014-03,AU-014,AU-014a,2,0.5,SingleResponse,SR-AU-014-AU-014A,False,30,True,Performing Arts,189
OPT-AU-014-04,AU-014,AU-014a,3,0.75,SingleResponse,SR-AU-014-AU-014A,False,40,True,Performing Arts,190
OPT-AU-014-05,AU-014,AU-014a,4,1,SingleResponse,SR-AU-014-AU-014A,False,50,True,Performing Arts,191
OPT-AU-014-06,AU-014,AU-014a,None,,SingleResponse,SR-AU-014-AU-014A,False,60,True,Performing Arts,192
OPT-BB-001-01,BB-001,BB-001a,Yes,1,SingleResponse,SR-BB-001-BB-001A,False,10,True,Performing Arts,212
OPT-BB-001-02,BB-001,BB-001a,No,0,SingleResponse,SR-BB-001-BB-001A,False,20,True,Performing Arts,213
OPT-BB-001-03,BB-001,BB-001a,Unable to assess (note reason),,SingleResponse,SR-BB-001-BB-001A,True,30,True,Performing Arts,214
OPT-BB-002-01,BB-002,BB-002a,Direct access to the auditorium,1,SingleResponse,SR-BB-002-BB-002A,False,10,True,Performing Arts,216
OPT-BB-002-02,BB-002,BB-002a,Visibility into the auditorium only,0.5,SingleResponse,SR-BB-002-BB-002A,False,20,True,Performing Arts,217
OPT-BB-002-03,BB-002,BB-002a,Neither access nor visibility,0,SingleResponse,SR-BB-002-BB-002A,False,30,True,Performing Arts,218
OPT-BB-002-04,BB-002,BB-002a,Unable to assess (note reason),,SingleResponse,SR-BB-002-BB-002A,True,40,True,Performing Arts,219
OPT-BB-003-01,BB-003,BB-003a,Direct access to a scene shop,1,SingleResponse,SR-BB-003-BB-003A,False,10,True,Performing Arts,221
OPT-BB-003-02,BB-003,BB-003a,Visibility into a scene shop only,0.5,SingleResponse,SR-BB-003-BB-003A,False,20,True,Performing Arts,222
OPT-BB-003-03,BB-003,BB-003a,Neither access nor visibility,0,SingleResponse,SR-BB-003-BB-003A,False,30,True,Performing Arts,223
OPT-BB-003-04,BB-003,BB-003a,Unable to assess (note reason),,SingleResponse,SR-BB-003-BB-003A,True,40,True,Performing Arts,224
OPT-BB-004-01,BB-004,BB-004a,Yes,1,SingleResponse,SR-BB-004-BB-004A,False,10,True,Performing Arts,226
OPT-BB-004-02,BB-004,BB-004a,No,0,SingleResponse,SR-BB-004-BB-004A,False,20,True,Performing Arts,227
OPT-BB-004-03,BB-004,BB-004a,Unable to assess (note reason),,SingleResponse,SR-BB-004-BB-004A,True,30,True,Performing Arts,228
OPT-BB-005-01,BB-005,BB-005a,Yes,1,SingleResponse,SR-BB-005-BB-005A,False,10,True,Performing Arts,230
OPT-BB-005-02,BB-005,BB-005a,No,0,SingleResponse,SR-BB-005-BB-005A,False,20,True,Performing Arts,231
OPT-BB-005-03,BB-005,BB-005a,Unable to assess (note reason),,SingleResponse,SR-BB-005-BB-005A,True,30,True,Performing Arts,232
OPT-BB-006-01,BB-006,BB-006a,Primary light fixtures are dimmable,1,SingleResponse,SR-BB-006-BB-006A,False,10,True,Performing Arts,234
OPT-BB-006-02,BB-006,BB-006b,Primary light fixtures are LED,1,SingleResponse,SR-BB-006-BB-006B,False,20,True,Performing Arts,235
OPT-BB-006-03,BB-006,BB-006i,"Theatrical lighting eg., Cyclorama lights, dimmer racks, wide angle general use lighting",,Inventory,INV-BB-006-BB-006I,False,30,True,Performing Arts,236
OPT-BB-007-01,BB-007,BB-007i,Built-in casework is provided,,Inventory,INV-BB-007-BB-007I,False,10,True,Performing Arts,238
OPT-BB-007-02,BB-007,BB-007i,Counter space is provided,,Inventory,INV-BB-007-BB-007I,False,20,True,Performing Arts,239
OPT-BB-007-03,BB-007,BB-007i,Ensuite storage closet is provided,,Inventory,INV-BB-007-BB-007I,False,30,True,Performing Arts,240
OPT-BB-007-04,BB-007,BB-007i,"Furniture-based storage is provided (i.e., shelving or cabinets)",,Inventory,INV-BB-007-BB-007I,False,40,True,Performing Arts,241
OPT-BB-007-05,BB-007,BB-007i,Some or all storage is lockable,,Inventory,INV-BB-007-BB-007I,False,50,True,Performing Arts,242
OPT-BB-008-01,BB-008,BB-008a,Good - storage appears sufficient; the space is organized with little visible clutter,1,SingleResponse,SR-BB-008-BB-008A,False,10,True,Performing Arts,244
OPT-BB-008-02,BB-008,BB-008a,Fair - storage appears mostly sufficient; some clutter or overflow is visible,0.5,SingleResponse,SR-BB-008-BB-008A,False,20,True,Performing Arts,245
OPT-BB-008-03,BB-008,BB-008a,Poor - storage appears insufficient; significant clutter or materials without a home,0,SingleResponse,SR-BB-008-BB-008A,False,30,True,Performing Arts,246
OPT-BB-008-04,BB-008,BB-008a,Unable to assess (note reason),,SingleResponse,SR-BB-008-BB-008A,True,40,True,Performing Arts,247
OPT-BB-009-01,BB-009,BB-009a,None,0,SingleResponse,SR-BB-009-BB-009A,False,10,True,Performing Arts,249
OPT-BB-009-02,BB-009,BB-009a,<4 linear feet,,SingleResponse,SR-BB-009-BB-009A,False,20,True,Performing Arts,250
OPT-BB-009-03,BB-009,BB-009a,4 to <8 linear feet,0.25,SingleResponse,SR-BB-009-BB-009A,False,30,True,Performing Arts,251
OPT-BB-009-04,BB-009,BB-009a,8 to <12 linear feet,0.5,SingleResponse,SR-BB-009-BB-009A,False,40,True,Performing Arts,252
OPT-BB-009-05,BB-009,BB-009a,12 to <16 linear feet,0.75,SingleResponse,SR-BB-009-BB-009A,False,50,True,Performing Arts,253
OPT-BB-009-06,BB-009,BB-009a,16+ linear feet,1,SingleResponse,SR-BB-009-BB-009A,False,60,True,Performing Arts,254
OPT-BB-009-07,BB-009,BB-009a,Unable to assess (note reason),,SingleResponse,SR-BB-009-BB-009A,True,70,True,Performing Arts,255
OPT-BB-010-01,BB-010,BB-010i,Tackstrip,,Inventory,INV-BB-010-BB-010I,False,10,True,Performing Arts,257
OPT-BB-010-02,BB-010,BB-010i,Tackboard,,Inventory,INV-BB-010-BB-010I,False,20,True,Performing Arts,258
OPT-BB-010-03,BB-010,BB-010i,Tackwall,,Inventory,INV-BB-010-BB-010I,False,30,True,Performing Arts,259
OPT-BB-010-04,BB-010,BB-010i,Magnetic markerboard,,Inventory,INV-BB-010-BB-010I,False,40,True,Performing Arts,260
OPT-BB-010-05,BB-010,BB-010a,Display Case,1,SingleResponse,SR-BB-010-BB-010A,False,50,True,Performing Arts,261
OPT-BB-011-01,BB-011,BB-011a,None,0,SingleResponse,SR-BB-011-BB-011A,False,10,True,Performing Arts,263
OPT-BB-011-02,BB-011,BB-011a,<4 linear feet,0.33,SingleResponse,SR-BB-011-BB-011A,False,20,True,Performing Arts,264
OPT-BB-011-03,BB-011,BB-011a,4 to <8 linear feet,0.66,SingleResponse,SR-BB-011-BB-011A,False,30,True,Performing Arts,265
OPT-BB-011-04,BB-011,BB-011a,8+ linear feet,1,SingleResponse,SR-BB-011-BB-011A,False,40,True,Performing Arts,266
OPT-BB-004-HS-2-01,BB-004-HS-2,BB-004a,Yes,1,SingleResponse,SR-BB-004-HS-2-BB-004A,False,10,True,Performing Arts,268
OPT-BB-004-HS-2-02,BB-004-HS-2,BB-004a,No,0,SingleResponse,SR-BB-004-HS-2-BB-004A,False,20,True,Performing Arts,269
OPT-BB-004-HS-2-03,BB-004-HS-2,BB-004a,Unable to assess (note reason),,SingleResponse,SR-BB-004-HS-2-BB-004A,True,30,True,Performing Arts,270
OPT-BB-012-01,BB-012,BB-012a,0,0,SingleResponse,SR-BB-012-BB-012A,False,10,True,Performing Arts,272
OPT-BB-012-02,BB-012,BB-012a,1-2,0.25,SingleResponse,SR-BB-012-BB-012A,False,20,True,Performing Arts,273
OPT-BB-012-03,BB-012,BB-012a,3-4,0.5,SingleResponse,SR-BB-012-BB-012A,False,30,True,Performing Arts,274
OPT-BB-012-04,BB-012,BB-012a,5-7,0.75,SingleResponse,SR-BB-012-BB-012A,False,40,True,Performing Arts,275
OPT-BB-012-05,BB-012,BB-012a,8+,1,SingleResponse,SR-BB-012-BB-012A,False,50,True,Performing Arts,276
OPT-BB-013-01,BB-013,BB-013a,0,0,SingleResponse,SR-BB-013-BB-013A,False,10,True,Performing Arts,278
OPT-BB-013-02,BB-013,BB-013a,1,0.25,SingleResponse,SR-BB-013-BB-013A,False,20,True,Performing Arts,279
OPT-BB-013-03,BB-013,BB-013a,2,0.5,SingleResponse,SR-BB-013-BB-013A,False,30,True,Performing Arts,280
OPT-BB-013-04,BB-013,BB-013a,3,0.75,SingleResponse,SR-BB-013-BB-013A,False,40,True,Performing Arts,281
OPT-BB-013-05,BB-013,BB-013a,4,1,SingleResponse,SR-BB-013-BB-013A,False,50,True,Performing Arts,282
OPT-BB-014-01,BB-014,BB-014a,0,0,SingleResponse,SR-BB-014-BB-014A,False,10,True,Performing Arts,284
OPT-BB-014-02,BB-014,BB-014a,1,0.25,SingleResponse,SR-BB-014-BB-014A,False,20,True,Performing Arts,285
OPT-BB-014-03,BB-014,BB-014a,2,0.5,SingleResponse,SR-BB-014-BB-014A,False,30,True,Performing Arts,286
OPT-BB-014-04,BB-014,BB-014a,3,0.75,SingleResponse,SR-BB-014-BB-014A,False,40,True,Performing Arts,287
OPT-BB-014-05,BB-014,BB-014a,4,1,SingleResponse,SR-BB-014-BB-014A,False,50,True,Performing Arts,288
OPT-BB-015-01,BB-015,BB-015a,A thermostat is provided that has adjustable temperature controls,1,SingleResponse,SR-BB-015-BB-015A,False,10,True,Performing Arts,290
OPT-BB-015-02,BB-015,BB-015a,A thermostat is provided that does not have adjustable temperature controls,0.5,SingleResponse,SR-BB-015-BB-015A,False,20,True,Performing Arts,291
OPT-BB-015-03,BB-015,BB-015a,Only a temperature sensor is provided,0,SingleResponse,SR-BB-015-BB-015A,False,30,True,Performing Arts,292
OPT-BB-015-04,BB-015,BB-015a,No thermostat or sensor is present in the space,0,SingleResponse,SR-BB-015-BB-015A,False,40,True,Performing Arts,293
OPT-BB-016-01,BB-016,BB-016a,Interior windows and doors with glass can be covered with a single movement,1,SingleResponse,SR-BB-016-BB-016A,False,10,True,Performing Arts,295
OPT-BB-016-02,BB-016,BB-016b,Exterior windows and doors with glass can be covered with a single movement,1,SingleResponse,SR-BB-016-BB-016B,False,20,True,Performing Arts,296
OPT-BB-016-03,BB-016,BB-016c,There is an area large enough for a full class to easily get out of sight to shelter-in-place (without needing to cover windows or doors with glass),1,SingleResponse,SR-BB-016-BB-016C,False,30,True,Performing Arts,297
OPT-BB-016-04,BB-016,BB-016d,Interior door hardware is lockable from inside the space with a push button or thumb turn lock,1,SingleResponse,SR-BB-016-BB-016D,False,40,True,Performing Arts,298
OPT-BB-017-01,BB-017,BB-017a,"Resilient flooring (e.g., vinyl, rubber)",1,SingleResponse,SR-BB-017-BB-017A,False,10,True,Performing Arts,300
OPT-BB-017-02,BB-017,BB-017a,Terrazzo,0,SingleResponse,SR-BB-017-BB-017A,False,20,True,Performing Arts,301
OPT-BB-017-03,BB-017,BB-017a,Polished concrete,1,SingleResponse,SR-BB-017-BB-017A,False,30,True,Performing Arts,302
OPT-BB-017-04,BB-017,BB-017a,"Carpet (i.e., not a loose rug)",1,SingleResponse,SR-BB-017-BB-017A,False,40,True,Performing Arts,303
OPT-BB-017-05,BB-017,BB-017a,Masonite,0,SingleResponse,SR-BB-017-BB-017A,False,50,True,Performing Arts,304
OPT-BB-017-06,BB-017,BB-017a,Other (please note),,SingleResponse,SR-BB-017-BB-017A,False,60,True,Performing Arts,305
OPT-BB-017-07,BB-017,BB-017a,Unable to assess (note reason),,SingleResponse,SR-BB-017-BB-017A,True,70,True,Performing Arts,306
OPT-BB-018-01,BB-018,BB-018i,Acoustic Panel Ceiling (ACT),,Inventory,INV-BB-018-BB-018I,False,10,True,Performing Arts,308
OPT-BB-018-02,BB-018,BB-018i,Specialty Acoustic Ceiling,,Inventory,INV-BB-018-BB-018I,False,20,True,Performing Arts,309
OPT-BB-018-03,BB-018,BB-018i,Acoustic Wall Panels,,Inventory,INV-BB-018-BB-018I,False,30,True,Performing Arts,310
OPT-BB-018-04,BB-018,BB-018i,Floor Coverings (e.g. rugs),,Inventory,INV-BB-018-BB-018I,False,40,True,Performing Arts,311
OPT-BB-018-05,BB-018,BB-018i,"Other, please list",,Inventory,INV-BB-018-BB-018I,False,50,True,Performing Arts,312
OPT-BB-018-06,BB-018,BB-018i,None,,Inventory,INV-BB-018-BB-018I,False,60,True,Performing Arts,313
OPT-BB-019-01,BB-019,BB-019a,0,0,SingleResponse,SR-BB-019-BB-019A,False,10,True,Performing Arts,315
OPT-BB-019-02,BB-019,BB-019a,1,0.25,SingleResponse,SR-BB-019-BB-019A,False,20,True,Performing Arts,316
OPT-BB-019-03,BB-019,BB-019a,2,0.5,SingleResponse,SR-BB-019-BB-019A,False,30,True,Performing Arts,317
OPT-BB-019-04,BB-019,BB-019a,3,0.75,SingleResponse,SR-BB-019-BB-019A,False,40,True,Performing Arts,318
OPT-BB-019-05,BB-019,BB-019a,4,1,SingleResponse,SR-BB-019-BB-019A,False,50,True,Performing Arts,319
OPT-BB-019-06,BB-019,BB-019a,None,,SingleResponse,SR-BB-019-BB-019A,False,60,True,Performing Arts,320
OPT-DA-001-01,DA-001,DA-001a,Yes,1,SingleResponse,SR-DA-001-DA-001A,False,10,True,Performing Arts,332
OPT-DA-001-02,DA-001,DA-001a,No,0,SingleResponse,SR-DA-001-DA-001A,False,20,True,Performing Arts,333
OPT-DA-001-03,DA-001,DA-001a,Unable to assess (note reason),,SingleResponse,SR-DA-001-DA-001A,True,30,True,Performing Arts,334
OPT-DA-002-MS-HS-2-01,DA-002-MS-HS-2,DA-002a,Yes,1,SingleResponse,SR-DA-002-MS-HS-2-DA-002A,False,10,True,Performing Arts,336
OPT-DA-002-MS-HS-2-02,DA-002-MS-HS-2,DA-002a,No,0,SingleResponse,SR-DA-002-MS-HS-2-DA-002A,False,20,True,Performing Arts,337
OPT-DA-002-MS-HS-2-03,DA-002-MS-HS-2,DA-002a,Unable to assess (note reason),,SingleResponse,SR-DA-002-MS-HS-2-DA-002A,True,30,True,Performing Arts,338
OPT-DA-003-MS-HS-2-01,DA-003-MS-HS-2,DA-003a,Direct access to theater arts spaces,1,SingleResponse,SR-DA-003-MS-HS-2-DA-003A,False,10,True,Performing Arts,340
OPT-DA-003-MS-HS-2-02,DA-003-MS-HS-2,DA-003a,Visibility into theater arts only,0.5,SingleResponse,SR-DA-003-MS-HS-2-DA-003A,False,20,True,Performing Arts,341
OPT-DA-003-MS-HS-2-03,DA-003-MS-HS-2,DA-003a,Neither access nor visibility,0,SingleResponse,SR-DA-003-MS-HS-2-DA-003A,False,30,True,Performing Arts,342
OPT-DA-003-MS-HS-2-04,DA-003-MS-HS-2,DA-003a,Unable to assess (note reason),,SingleResponse,SR-DA-003-MS-HS-2-DA-003A,True,40,True,Performing Arts,343
OPT-DA-004-MS-HS-2-01,DA-004-MS-HS-2,DA-004a,Direct access to storage spaces,1,SingleResponse,SR-DA-004-MS-HS-2-DA-004A,False,10,True,Performing Arts,345
OPT-DA-004-MS-HS-2-02,DA-004-MS-HS-2,DA-004a,Visibility into storage only,0.5,SingleResponse,SR-DA-004-MS-HS-2-DA-004A,False,20,True,Performing Arts,346
OPT-DA-004-MS-HS-2-03,DA-004-MS-HS-2,DA-004a,Neither access nor visibility,0,SingleResponse,SR-DA-004-MS-HS-2-DA-004A,False,30,True,Performing Arts,347
OPT-DA-004-MS-HS-2-04,DA-004-MS-HS-2,DA-004a,Unable to assess (note reason),,SingleResponse,SR-DA-004-MS-HS-2-DA-004A,True,40,True,Performing Arts,348
OPT-DA-005-MS-HS-2-01,DA-005-MS-HS-2,DA-005a,Yes,1,SingleResponse,SR-DA-005-MS-HS-2-DA-005A,False,10,True,Performing Arts,350
OPT-DA-005-MS-HS-2-02,DA-005-MS-HS-2,DA-005a,No,0,SingleResponse,SR-DA-005-MS-HS-2-DA-005A,False,20,True,Performing Arts,351
OPT-DA-005-MS-HS-2-03,DA-005-MS-HS-2,DA-005a,Unable to assess (note reason),,SingleResponse,SR-DA-005-MS-HS-2-DA-005A,True,30,True,Performing Arts,352
OPT-DA-006-MS-HS-2-01,DA-006-MS-HS-2,DA-006a,Yes,1,SingleResponse,SR-DA-006-MS-HS-2-DA-006A,False,10,True,Performing Arts,354
OPT-DA-006-MS-HS-2-02,DA-006-MS-HS-2,DA-006a,No,0,SingleResponse,SR-DA-006-MS-HS-2-DA-006A,False,20,True,Performing Arts,355
OPT-DA-006-MS-HS-2-03,DA-006-MS-HS-2,DA-006a,Unable to assess (note reason),,SingleResponse,SR-DA-006-MS-HS-2-DA-006A,True,30,True,Performing Arts,356
OPT-DA-007-MS-HS-2-01,DA-007-MS-HS-2,DA-007a,Yes,1,SingleResponse,SR-DA-007-MS-HS-2-DA-007A,False,10,True,Performing Arts,358
OPT-DA-007-MS-HS-2-02,DA-007-MS-HS-2,DA-007a,No,0,SingleResponse,SR-DA-007-MS-HS-2-DA-007A,False,20,True,Performing Arts,359
OPT-DA-007-MS-HS-2-03,DA-007-MS-HS-2,DA-007a,Unable to assess (note reason),,SingleResponse,SR-DA-007-MS-HS-2-DA-007A,True,30,True,Performing Arts,360
OPT-DA-008-MS-HS-2-01,DA-008-MS-HS-2,DA-008,Yes,1,SingleResponse,SR-DA-008-MS-HS-2-DA-008,False,10,True,Performing Arts,362
OPT-DA-008-MS-HS-2-02,DA-008-MS-HS-2,DA-008,No,0,SingleResponse,SR-DA-008-MS-HS-2-DA-008,False,20,True,Performing Arts,363
OPT-DA-008-MS-HS-2-03,DA-008-MS-HS-2,DA-008,Unable to assess (note reason),,SingleResponse,SR-DA-008-MS-HS-2-DA-008,True,30,True,Performing Arts,364
OPT-DA-009-MS-HS-2-01,DA-009-MS-HS-2,DA-009a,Primary light fixtures are dimmable,1,SingleResponse,SR-DA-009-MS-HS-2-DA-009A,False,10,True,Performing Arts,366
OPT-DA-009-MS-HS-2-02,DA-009-MS-HS-2,DA-009b,Primary light fixtures are LED,1,SingleResponse,SR-DA-009-MS-HS-2-DA-009B,False,20,True,Performing Arts,367
OPT-DA-009-MS-HS-2-03,DA-009-MS-HS-2,DA-009i,"Theatrical lighting eg., Cyclorama lights, dimmer racks, wide angle general use lighting",,Inventory,INV-DA-009-MS-HS-2-DA-009I,False,30,True,Performing Arts,368
OPT-DA-010-MS-HS-2-01,DA-010-MS-HS-2,DA-010i,Built-in casework is provided,,Inventory,INV-DA-010-MS-HS-2-DA-010I,False,10,True,Performing Arts,370
OPT-DA-010-MS-HS-2-02,DA-010-MS-HS-2,DA-010i,Counter space is provided,,Inventory,INV-DA-010-MS-HS-2-DA-010I,False,20,True,Performing Arts,371
OPT-DA-010-MS-HS-2-03,DA-010-MS-HS-2,DA-010i,Ensuite storage closet is provided,,Inventory,INV-DA-010-MS-HS-2-DA-010I,False,30,True,Performing Arts,372
OPT-DA-010-MS-HS-2-04,DA-010-MS-HS-2,DA-010i,"Furniture-based storage is provided (i.e., shelving or cabinets)",,Inventory,INV-DA-010-MS-HS-2-DA-010I,False,40,True,Performing Arts,373
OPT-DA-010-MS-HS-2-05,DA-010-MS-HS-2,DA-010i,Some or all storage is lockable,,Inventory,INV-DA-010-MS-HS-2-DA-010I,False,50,True,Performing Arts,374
OPT-DA-011-MS-HS-2-01,DA-011-MS-HS-2,DA-011a,Good - storage appears sufficient; the space is organized with little visible clutter,1,SingleResponse,SR-DA-011-MS-HS-2-DA-011A,False,10,True,Performing Arts,376
OPT-DA-011-MS-HS-2-02,DA-011-MS-HS-2,DA-011a,Fair - storage appears mostly sufficient; some clutter or overflow is visible,0.5,SingleResponse,SR-DA-011-MS-HS-2-DA-011A,False,20,True,Performing Arts,377
OPT-DA-011-MS-HS-2-03,DA-011-MS-HS-2,DA-011a,Poor - storage appears insufficient; significant clutter or materials without a home,0,SingleResponse,SR-DA-011-MS-HS-2-DA-011A,False,30,True,Performing Arts,378
OPT-DA-011-MS-HS-2-04,DA-011-MS-HS-2,DA-011a,Unable to assess (note reason),,SingleResponse,SR-DA-011-MS-HS-2-DA-011A,True,40,True,Performing Arts,379
OPT-DA-012-MS-HS-2-01,DA-012-MS-HS-2,DA-012a,None,0,SingleResponse,SR-DA-012-MS-HS-2-DA-012A,False,10,True,Performing Arts,381
OPT-DA-012-MS-HS-2-02,DA-012-MS-HS-2,DA-012a,<4 linear feet,,SingleResponse,SR-DA-012-MS-HS-2-DA-012A,False,20,True,Performing Arts,382
OPT-DA-012-MS-HS-2-03,DA-012-MS-HS-2,DA-012a,4 to <8 linear feet,0.25,SingleResponse,SR-DA-012-MS-HS-2-DA-012A,False,30,True,Performing Arts,383
OPT-DA-012-MS-HS-2-04,DA-012-MS-HS-2,DA-012a,8 to <12 linear feet,0.5,SingleResponse,SR-DA-012-MS-HS-2-DA-012A,False,40,True,Performing Arts,384
OPT-DA-012-MS-HS-2-05,DA-012-MS-HS-2,DA-012a,12 to <16 linear feet,0.75,SingleResponse,SR-DA-012-MS-HS-2-DA-012A,False,50,True,Performing Arts,385
OPT-DA-012-MS-HS-2-06,DA-012-MS-HS-2,DA-012a,16+ linear feet,1,SingleResponse,SR-DA-012-MS-HS-2-DA-012A,False,60,True,Performing Arts,386
OPT-DA-012-MS-HS-2-07,DA-012-MS-HS-2,DA-012a,Unable to assess (note reason),,SingleResponse,SR-DA-012-MS-HS-2-DA-012A,True,70,True,Performing Arts,387
OPT-DA-013-MS-HS-2-01,DA-013-MS-HS-2,DA-013i,Tackstrip,,Inventory,INV-DA-013-MS-HS-2-DA-013I,False,10,True,Performing Arts,389
OPT-DA-013-MS-HS-2-02,DA-013-MS-HS-2,DA-013i,Tackboard,,Inventory,INV-DA-013-MS-HS-2-DA-013I,False,20,True,Performing Arts,390
OPT-DA-013-MS-HS-2-03,DA-013-MS-HS-2,DA-013i,Tackwall,,Inventory,INV-DA-013-MS-HS-2-DA-013I,False,30,True,Performing Arts,391
OPT-DA-013-MS-HS-2-04,DA-013-MS-HS-2,DA-013i,Magnetic markerboard,,Inventory,INV-DA-013-MS-HS-2-DA-013I,False,40,True,Performing Arts,392
OPT-DA-013-MS-HS-2-05,DA-013-MS-HS-2,DA-013a,Display Case,1,SingleResponse,SR-DA-013-MS-HS-2-DA-013A,False,50,True,Performing Arts,393
OPT-DA-014-MS-HS-2-01,DA-014-MS-HS-2,DA-014a,0,0,SingleResponse,SR-DA-014-MS-HS-2-DA-014A,False,10,True,Performing Arts,395
OPT-DA-014-MS-HS-2-02,DA-014-MS-HS-2,DA-014a,1-2,0.25,SingleResponse,SR-DA-014-MS-HS-2-DA-014A,False,20,True,Performing Arts,396
OPT-DA-014-MS-HS-2-03,DA-014-MS-HS-2,DA-014a,3-4,0.5,SingleResponse,SR-DA-014-MS-HS-2-DA-014A,False,30,True,Performing Arts,397
OPT-DA-014-MS-HS-2-04,DA-014-MS-HS-2,DA-014a,5-7,0.75,SingleResponse,SR-DA-014-MS-HS-2-DA-014A,False,40,True,Performing Arts,398
OPT-DA-014-MS-HS-2-05,DA-014-MS-HS-2,DA-014a,8+,1,SingleResponse,SR-DA-014-MS-HS-2-DA-014A,False,50,True,Performing Arts,399
OPT-DA-015-MS-HS-2-01,DA-015-MS-HS-2,DA-015a,0,0,SingleResponse,SR-DA-015-MS-HS-2-DA-015A,False,10,True,Performing Arts,401
OPT-DA-015-MS-HS-2-02,DA-015-MS-HS-2,DA-015a,1,0.25,SingleResponse,SR-DA-015-MS-HS-2-DA-015A,False,20,True,Performing Arts,402
OPT-DA-015-MS-HS-2-03,DA-015-MS-HS-2,DA-015a,2,0.5,SingleResponse,SR-DA-015-MS-HS-2-DA-015A,False,30,True,Performing Arts,403
OPT-DA-015-MS-HS-2-04,DA-015-MS-HS-2,DA-015a,3,0.75,SingleResponse,SR-DA-015-MS-HS-2-DA-015A,False,40,True,Performing Arts,404
OPT-DA-015-MS-HS-2-05,DA-015-MS-HS-2,DA-015a,4,1,SingleResponse,SR-DA-015-MS-HS-2-DA-015A,False,50,True,Performing Arts,405
OPT-DA-016-MS-HS-2-01,DA-016-MS-HS-2,DA-016a,0,0,SingleResponse,SR-DA-016-MS-HS-2-DA-016A,False,10,True,Performing Arts,407
OPT-DA-016-MS-HS-2-02,DA-016-MS-HS-2,DA-016a,1,0.25,SingleResponse,SR-DA-016-MS-HS-2-DA-016A,False,20,True,Performing Arts,408
OPT-DA-016-MS-HS-2-03,DA-016-MS-HS-2,DA-016a,2,0.5,SingleResponse,SR-DA-016-MS-HS-2-DA-016A,False,30,True,Performing Arts,409
OPT-DA-016-MS-HS-2-04,DA-016-MS-HS-2,DA-016a,3,0.75,SingleResponse,SR-DA-016-MS-HS-2-DA-016A,False,40,True,Performing Arts,410
OPT-DA-016-MS-HS-2-05,DA-016-MS-HS-2,DA-016a,4,1,SingleResponse,SR-DA-016-MS-HS-2-DA-016A,False,50,True,Performing Arts,411
OPT-DA-017-MS-HS-2-01,DA-017-MS-HS-2,DA-017a,A thermostat is provided that has adjustable temperature controls,1,SingleResponse,SR-DA-017-MS-HS-2-DA-017A,False,10,True,Performing Arts,413
OPT-DA-017-MS-HS-2-02,DA-017-MS-HS-2,DA-017a,A thermostat is provided that does not have adjustable temperature controls,0.5,SingleResponse,SR-DA-017-MS-HS-2-DA-017A,False,20,True,Performing Arts,414
OPT-DA-017-MS-HS-2-03,DA-017-MS-HS-2,DA-017a,Only a temperature sensor is provided,0,SingleResponse,SR-DA-017-MS-HS-2-DA-017A,False,30,True,Performing Arts,415
OPT-DA-017-MS-HS-2-04,DA-017-MS-HS-2,DA-017a,No thermostat or sensor is present in the space,0,SingleResponse,SR-DA-017-MS-HS-2-DA-017A,False,40,True,Performing Arts,416
OPT-DA-018-MS-HS-2-01,DA-018-MS-HS-2,DA-018a,Yes,1,SingleResponse,SR-DA-018-MS-HS-2-DA-018A,False,10,True,Performing Arts,418
OPT-DA-018-MS-HS-2-02,DA-018-MS-HS-2,DA-018a,No,0,SingleResponse,SR-DA-018-MS-HS-2-DA-018A,False,20,True,Performing Arts,419
OPT-DA-018-MS-HS-2-03,DA-018-MS-HS-2,DA-018a,Unable to assess (note reason),,SingleResponse,SR-DA-018-MS-HS-2-DA-018A,True,30,True,Performing Arts,420
OPT-DA-019-MS-HS-2-01,DA-019-MS-HS-2,DA-019a,Interior window,1,SingleResponse,SR-DA-019-MS-HS-2-DA-019A,False,10,True,Performing Arts,422
OPT-DA-019-MS-HS-2-02,DA-019-MS-HS-2,DA-019b,Sidelight,1,SingleResponse,SR-DA-019-MS-HS-2-DA-019B,False,20,True,Performing Arts,423
OPT-DA-019-MS-HS-2-03,DA-019-MS-HS-2,DA-019c,"Door panel (i.e., glass panel in the door)",0,SingleResponse,SR-DA-019-MS-HS-2-DA-019C,False,30,True,Performing Arts,424
OPT-DA-020-MS-HS-2-01,DA-020-MS-HS-2,DA-020a,Interior windows and doors with glass can be covered with a single movement,1,SingleResponse,SR-DA-020-MS-HS-2-DA-020A,False,10,True,Performing Arts,426
OPT-DA-020-MS-HS-2-02,DA-020-MS-HS-2,DA-020b,Exterior windows and doors with glass can be covered with a single movement,1,SingleResponse,SR-DA-020-MS-HS-2-DA-020B,False,20,True,Performing Arts,427
OPT-DA-020-MS-HS-2-03,DA-020-MS-HS-2,DA-020c,There is an area large enough for a full class to easily get out of sight to shelter-in-place (without needing to cover windows or doors with glass),1,SingleResponse,SR-DA-020-MS-HS-2-DA-020C,False,30,True,Performing Arts,428
OPT-DA-020-MS-HS-2-04,DA-020-MS-HS-2,DA-020d,Interior door hardware is lockable from inside the space with a push button or thumb turn lock,1,SingleResponse,SR-DA-020-MS-HS-2-DA-020D,False,40,True,Performing Arts,429
OPT-DA-021-MS-HS-2-01,DA-021-MS-HS-2,DA-021a,Yes,1,SingleResponse,SR-DA-021-MS-HS-2-DA-021A,False,10,True,Performing Arts,431
OPT-DA-021-MS-HS-2-02,DA-021-MS-HS-2,DA-021a,No,0,SingleResponse,SR-DA-021-MS-HS-2-DA-021A,False,20,True,Performing Arts,432
OPT-DA-021-MS-HS-2-03,DA-021-MS-HS-2,DA-021a,Unable to assess (note reason),,SingleResponse,SR-DA-021-MS-HS-2-DA-021A,True,30,True,Performing Arts,433
OPT-DA-022-MS-HS-2-01,DA-022-MS-HS-2,DA-022a,Exterior door within the space,,Inventory,INV-DA-022-MS-HS-2-DA-022A,False,10,True,Performing Arts,435
OPT-DA-022-MS-HS-2-02,DA-022-MS-HS-2,DA-022a,Exterior door directly outside the space,,Inventory,INV-DA-022-MS-HS-2-DA-022A,False,20,True,Performing Arts,436
OPT-DA-022-MS-HS-2-03,DA-022-MS-HS-2,DA-022a,Neither,,Inventory,INV-DA-022-MS-HS-2-DA-022A,False,30,True,Performing Arts,437
OPT-DA-022-MS-HS-2-04,DA-022-MS-HS-2,DA-022a,Unable to assess (note reason),,Inventory,INV-DA-022-MS-HS-2-DA-022A,True,40,True,Performing Arts,438
OPT-DA-023-MS-HS-2-01,DA-023-MS-HS-2,DA-023a,Mirrors are on at least 2 walls,1,SingleResponse,SR-DA-023-MS-HS-2-DA-023A,False,10,True,Performing Arts,440
OPT-DA-023-MS-HS-2-02,DA-023-MS-HS-2,DA-023b,Mirrors are only on 1 wall,0.5,SingleResponse,SR-DA-023-MS-HS-2-DA-023B,False,20,True,Performing Arts,441
OPT-DA-023-MS-HS-2-03,DA-023-MS-HS-2,DA-023c,Mirrors extend the full length of 2 walls,1,SingleResponse,SR-DA-023-MS-HS-2-DA-023C,False,30,True,Performing Arts,442
OPT-DA-023-MS-HS-2-04,DA-023-MS-HS-2,DA-023d,Mirrors extend the full length of only 1 wall,0.5,SingleResponse,SR-DA-023-MS-HS-2-DA-023D,False,40,True,Performing Arts,443
OPT-DA-023-MS-HS-2-05,DA-023-MS-HS-2,DA-023e,Mirrors are at least 7' high,1,SingleResponse,SR-DA-023-MS-HS-2-DA-023E,False,50,True,Performing Arts,444
OPT-DA-023-MS-HS-2-06,DA-023-MS-HS-2,DA-023f,There are no mirrors,0,SingleResponse,SR-DA-023-MS-HS-2-DA-023F,False,60,True,Performing Arts,445
OPT-DA-024-MS-HS-2-01,DA-024-MS-HS-2,DA-024a,Adjustable ballet bars,1,SingleResponse,SR-DA-024-MS-HS-2-DA-024A,False,10,True,Performing Arts,447
OPT-DA-024-MS-HS-2-02,DA-024-MS-HS-2,DA-024b,Fixed ballet barres,0.5,SingleResponse,SR-DA-024-MS-HS-2-DA-024B,False,20,True,Performing Arts,448
OPT-DA-024-MS-HS-2-03,DA-024-MS-HS-2,DA-024c,No ballet barres,0,SingleResponse,SR-DA-024-MS-HS-2-DA-024C,False,30,True,Performing Arts,449
OPT-DA-025-MS-HS-2-01,DA-025-MS-HS-2,DA-025i,Integrated sound system,,Inventory,INV-DA-025-MS-HS-2-DA-025I,False,10,True,Performing Arts,451
OPT-DA-025-MS-HS-2-02,DA-025-MS-HS-2,DA-025i,Water Cooler,,Inventory,INV-DA-025-MS-HS-2-DA-025I,False,20,True,Performing Arts,452
OPT-DA-025-MS-HS-2-03,DA-025-MS-HS-2,DA-025i,Bottle filler,,Inventory,INV-DA-025-MS-HS-2-DA-025I,False,30,True,Performing Arts,453
OPT-DA-026-MS-HS-2-01,DA-026-MS-HS-2,DA-026a,Door within the space,1,SingleResponse,SR-DA-026-MS-HS-2-DA-026A,False,10,True,Performing Arts,455
OPT-DA-026-MS-HS-2-02,DA-026-MS-HS-2,DA-026a,They are in close proximity,1,SingleResponse,SR-DA-026-MS-HS-2-DA-026A,False,20,True,Performing Arts,456
OPT-DA-026-MS-HS-2-03,DA-026-MS-HS-2,DA-026a,Neither,0,SingleResponse,SR-DA-026-MS-HS-2-DA-026A,False,30,True,Performing Arts,457
OPT-DA-026-MS-HS-2-04,DA-026-MS-HS-2,DA-026a,Unable to assess (note reason),,SingleResponse,SR-DA-026-MS-HS-2-DA-026A,True,40,True,Performing Arts,458
OPT-DA-027-01,DA-027,DA-027a,Door within the space,1,SingleResponse,SR-DA-027-DA-027A,False,10,True,Performing Arts,460
OPT-DA-027-02,DA-027,DA-027a,They are in close proximity,1,SingleResponse,SR-DA-027-DA-027A,False,20,True,Performing Arts,461
OPT-DA-027-03,DA-027,DA-027a,Neither,0,SingleResponse,SR-DA-027-DA-027A,False,30,True,Performing Arts,462
OPT-DA-027-04,DA-027,DA-027a,Unable to assess (note reason),,SingleResponse,SR-DA-027-DA-027A,True,40,True,Performing Arts,463
OPT-DA-028-01,DA-028,DA-028a,Door within the space,1,SingleResponse,SR-DA-028-DA-028A,False,10,True,Performing Arts,465
OPT-DA-028-02,DA-028,DA-028a,They are in close proximity,1,SingleResponse,SR-DA-028-DA-028A,False,20,True,Performing Arts,466
OPT-DA-028-03,DA-028,DA-028a,Neither,0,SingleResponse,SR-DA-028-DA-028A,False,30,True,Performing Arts,467
OPT-DA-028-04,DA-028,DA-028a,Unable to assess (note reason),,SingleResponse,SR-DA-028-DA-028A,True,40,True,Performing Arts,468
OPT-DA-029-01,DA-029,DA-029i,Acoustic Panel Ceiling (ACT),,Inventory,INV-DA-029-DA-029I,False,10,True,Performing Arts,470
OPT-DA-029-02,DA-029,DA-029i,Specialty Acoustic Ceiling,,Inventory,INV-DA-029-DA-029I,False,20,True,Performing Arts,471
OPT-DA-029-03,DA-029,DA-029i,Acoustic Wall Panels,,Inventory,INV-DA-029-DA-029I,False,30,True,Performing Arts,472
OPT-DA-029-04,DA-029,DA-029i,Floor Coverings (e.g. rugs),,Inventory,INV-DA-029-DA-029I,False,40,True,Performing Arts,473
OPT-DA-029-05,DA-029,DA-029i,"Other, please list",,Inventory,INV-DA-029-DA-029I,False,50,True,Performing Arts,474
OPT-DA-029-06,DA-029,DA-029i,None,,Inventory,INV-DA-029-DA-029I,False,60,True,Performing Arts,475
OPT-DA-030-01,DA-030,DA-030a,0,0,SingleResponse,SR-DA-030-DA-030A,False,10,True,Performing Arts,477
OPT-DA-030-02,DA-030,DA-030a,1,0.25,SingleResponse,SR-DA-030-DA-030A,False,20,True,Performing Arts,478
OPT-DA-030-03,DA-030,DA-030a,2,0.5,SingleResponse,SR-DA-030-DA-030A,False,30,True,Performing Arts,479
OPT-DA-030-04,DA-030,DA-030a,3,0.75,SingleResponse,SR-DA-030-DA-030A,False,40,True,Performing Arts,480
OPT-DA-030-05,DA-030,DA-030a,4,1,SingleResponse,SR-DA-030-DA-030A,False,50,True,Performing Arts,481
OPT-DA-030-06,DA-030,DA-030a,None,,SingleResponse,SR-DA-030-DA-030A,False,60,True,Performing Arts,482
OPT-DA-031-01,DA-031,DA-031a,Yes,1,SingleResponse,SR-DA-031-DA-031A,False,10,True,Performing Arts,484
OPT-DA-031-02,DA-031,DA-031a,No,0,SingleResponse,SR-DA-031-DA-031A,False,20,True,Performing Arts,485
OPT-DA-031-03,DA-031,DA-031a,Unable to assess (note reason),,SingleResponse,SR-DA-031-DA-031A,True,30,True,Performing Arts,486
OPT-DA-032-01,DA-032,DA-032a,"Access to views of the outdoors (e.g., not solely an exterior wall)",1,SingleResponse,SR-DA-032-DA-032A,False,10,True,Performing Arts,488
OPT-DA-032-02,DA-032,DA-032i,Only clerestory windows are provided,,Inventory,INV-DA-032-DA-032I,False,20,True,Performing Arts,489
OPT-DA-033-01,DA-033,DA-033a,Roller shades are provided,1,SingleResponse,SR-DA-033-DA-033A,False,10,True,Performing Arts,491
OPT-DA-033-02,DA-033,DA-033a,Mini-blinds are provided,0,SingleResponse,SR-DA-033-DA-033A,False,20,True,Performing Arts,492
OPT-DA-033-03,DA-033,DA-033a,Other (please note),0,SingleResponse,SR-DA-033-DA-033A,False,30,True,Performing Arts,493
OPT-DA-033-04,DA-033,DA-033a,No window coverings are provided,0,SingleResponse,SR-DA-033-DA-033A,False,40,True,Performing Arts,494
OPT-DA-033-05,DA-033,DA-033a,Unable to assess (note reason),,SingleResponse,SR-DA-033-DA-033A,True,50,True,Performing Arts,495
OPT-TS-001-01,TS-001,TS-001a,Theauditorum lobby serves as a dedicated after-hours entry point,1,SingleResponse,SR-TS-001-TS-001A,False,10,True,Performing Arts,502
OPT-TS-001-02,TS-001,AT-001b,The performing arts suite can be accessed before and after school hours while restricting access to the rest of campus,1,SingleResponse,SR-TS-001-AT-001B,False,20,True,Performing Arts,503
OPT-TS-002-01,TS-002,TS-002a,Prop Storage,1,SingleResponse,SR-TS-002-TS-002A,False,10,True,Performing Arts,505
OPT-TS-002-02,TS-002,TS-002b,Costume Storage,0,SingleResponse,SR-TS-002-TS-002B,False,20,True,Performing Arts,506
OPT-TS-002-03,TS-002,TS-002c,Script Storage,,SingleResponse,SR-TS-002-TS-002C,False,30,True,Performing Arts,507
OPT-TS-002-04,TS-002,TS-002d,A/V Storgae,,SingleResponse,SR-TS-002-TS-002D,False,40,True,Performing Arts,508
OPT-TS-003-01,TS-003,TS-003a,Scene Shop,1,SingleResponse,SR-TS-003-TS-003A,False,10,True,Performing Arts,510
OPT-TS-003-02,TS-003,TS-003b,Lighting & Sound Control Booth,0,SingleResponse,SR-TS-003-TS-003B,False,20,True,Performing Arts,511
OPT-TS-004-01,TS-004,TS-004a,Girls Dressing,,Inventory,INV-TS-004-TS-004A,False,10,True,Performing Arts,513
OPT-TS-004-02,TS-004,TS-004b,Boys Dressing,,Inventory,INV-TS-004-TS-004B,False,20,True,Performing Arts,514
OPT-TS-004-03,TS-004,TS-004c,All-learner Dressing,,Inventory,INV-TS-004-TS-004C,False,30,True,Performing Arts,515
OPT-TS-004-04,TS-004,TS-004d,Green Room,,Inventory,INV-TS-004-TS-004D,False,40,True,Performing Arts,516
OPT-TS-004-05,TS-004,TS-004e,Makeup Room,,Inventory,INV-TS-004-TS-004E,False,50,True,Performing Arts,517
OPT-TS-005-01,TS-005,TS-005i,Restrooms (public/auditorium),,Inventory,INV-TS-005-TS-005I,False,10,True,Performing Arts,519
OPT-TS-005-02,TS-005,TS-005i,Family restroom,,Inventory,INV-TS-005-TS-005I,False,20,True,Performing Arts,520
OPT-TS-005-03,TS-005,TS-005a,Laundry,1,SingleResponse,SR-TS-005-TS-005A,False,30,True,Performing Arts,521
OPT-TS-005-04,TS-005,TS-005b,Theater PLC,1,SingleResponse,SR-TS-005-TS-005B,False,40,True,Performing Arts,522
