{"type":"FeatureCollection","features":[{"type":"Feature","id":1,"geometry":{"type":"Point","coordinates":[-97.691660999999954,30.235923000000071]},"properties":{"OBJECTID":1,"School ID":"Allison ","Feature ID":"1","Type":"Art 1","Lat/Long":"30.235923, -97.691661","Infrastructure Quality":"N/A","Notes":"Mosaic Pathway","LatNumber":30.235923,"LongNumber":-97.691660999999996}},{"type":"Feature","id":2,"geometry":{"type":"Point","coordinates":[-97.691783999999984,30.235981000000038]},"properties":{"OBJECTID":2,"School ID":"Allison ","Feature ID":"2","Type":"Art 2","Lat/Long":"30.235981, -97.691784","Infrastructure Quality":"N/A","Notes":"Mural","LatNumber":30.235980999999999,"LongNumber":-97.691783999999998}},{"type":"Feature","id":3,"geometry":{"type":"Point","coordinates":[-97.691011999999944,30.236439000000075]},"properties":{"OBJECTID":3,"School ID":"Allison ","Feature ID":"3","Type":"Basketball","Lat/Long":"30.236439, -97.691012","Infrastructure Quality":"L","Notes":"4 Hoops  2 courts","LatNumber":30.236439000000001,"LongNumber":-97.691012000000001}},{"type":"Feature","id":4,"geometry":{"type":"Point","coordinates":[-97.691660999999954,30.235923000000071]},"properties":{"OBJECTID":4,"School ID":"Allison ","Feature ID":"4","Type":"Bench 1","Lat/Long":"30.235923, -97.691661","Infrastructure Quality":"M","Notes":"2 wood/metal","LatNumber":30.235923,"LongNumber":-97.691660999999996}},{"type":"Feature","id":5,"geometry":{"type":"Point","coordinates":[-97.691660999999954,30.235923000000071]},"properties":{"OBJECTID":5,"School ID":"Allison ","Feature ID":"5","Type":"Bench 2","Lat/Long":"30.235923, -97.691661","Infrastructure Quality":"L","Notes":"Metal","LatNumber":30.235923,"LongNumber":-97.691660999999996}},{"type":"Feature","id":6,"geometry":{"type":"Point","coordinates":[-97.691603999999984,30.235637000000054]},"properties":{"OBJECTID":6,"School ID":"Allison ","Feature ID":"6","Type":"Bench 3","Lat/Long":"30.235637, -97.691604","Infrastructure Quality":null,"Notes":"2 Wood & metal benches","LatNumber":30.235637000000001,"LongNumber":-97.691603999999998}},{"type":"Feature","id":7,"geometry":{"type":"Point","coordinates":[-97.692221999999958,30.235809000000074]},"properties":{"OBJECTID":7,"School ID":"Allison ","Feature ID":"7","Type":"Bench 4","Lat/Long":"30.235809, -97.692222","Infrastructure Quality":"M","Notes":"1 concrete, 4 limestone seat blocks","LatNumber":30.235809,"LongNumber":-97.692222000000001}},{"type":"Feature","id":8,"geometry":{"type":"Point","coordinates":[-97.692221999999958,30.235809000000074]},"properties":{"OBJECTID":8,"School ID":"Allison ","Feature ID":"8","Type":"Bench 5","Lat/Long":"30.235809, -97.692222","Infrastructure Quality":"H","Notes":"2- metal","LatNumber":30.235809,"LongNumber":-97.692222000000001}},{"type":"Feature","id":9,"geometry":{"type":"Point","coordinates":[-97.692220999999961,30.235892000000035]},"properties":{"OBJECTID":9,"School ID":"Allison ","Feature ID":"9","Type":"Bench 6","Lat/Long":"30.235892, -97.692221","Infrastructure Quality":"H","Notes":"8 - Limestone Seat blocks","LatNumber":30.235892,"LongNumber":-97.692221000000004}},{"type":"Feature","id":10,"geometry":{"type":"Point","coordinates":[-97.692035999999973,30.235524000000055]},"properties":{"OBJECTID":10,"School ID":"Allison ","Feature ID":"10","Type":"Bench 7","Lat/Long":"30.235524, -97.692036","Infrastructure Quality":"M","Notes":"Wooden bench at drop off entrance","LatNumber":30.235524000000002,"LongNumber":-97.692036000000002}},{"type":"Feature","id":11,"geometry":{"type":"Point","coordinates":[-97.690789999999936,30.23648600000007]},"properties":{"OBJECTID":11,"School ID":"Allison ","Feature ID":"11","Type":"Bench 8","Lat/Long":"30.236486, -97.690790","Infrastructure Quality":"H","Notes":"8 - around the perimeter of playground","LatNumber":30.236485999999999,"LongNumber":-97.690790000000007}},{"type":"Feature","id":12,"geometry":{"type":"Point","coordinates":[-97.69092599999999,30.236576000000071]},"properties":{"OBJECTID":12,"School ID":"Allison ","Feature ID":"12","Type":"Bench 9","Lat/Long":"30.236576, -97.690926","Infrastructure Quality":"L","Notes":"2 - at the basketball court","LatNumber":30.236575999999999,"LongNumber":-97.690926000000005}},{"type":"Feature","id":13,"geometry":{"type":"Point","coordinates":[-97.691558999999984,30.235858000000064]},"properties":{"OBJECTID":13,"School ID":"Allison ","Feature ID":"13","Type":"Bench 10","Lat/Long":"30.235858, -97.691559","Infrastructure Quality":"H","Notes":"2 metal benches","LatNumber":30.235858,"LongNumber":-97.691558999999998}},{"type":"Feature","id":14,"geometry":{"type":"Point","coordinates":[-97.690824999999961,30.236454000000037]},"properties":{"OBJECTID":14,"School ID":"Allison ","Feature ID":"14","Type":"Bike Rack","Lat/Long":"30.236454, -97.690825","Infrastructure Quality":"M","Notes":null,"LatNumber":30.236453999999998,"LongNumber":-97.690825000000004}},{"type":"Feature","id":15,"geometry":{"type":"Point","coordinates":[-97.691489999999988,30.236095000000034]},"properties":{"OBJECTID":15,"School ID":"Allison ","Feature ID":"15","Type":"Compost","Lat/Long":"30.236095, -97.691490","Infrastructure Quality":"H","Notes":"Plastic composter","LatNumber":30.236094999999999,"LongNumber":-97.691490000000002}},{"type":"Feature","id":16,"geometry":{"type":"Point","coordinates":[-97.690824999999961,30.236454000000037]},"properties":{"OBJECTID":16,"School ID":"Allison ","Feature ID":"16","Type":"Water fountain","Lat/Long":"30.236454, -97.690825","Infrastructure Quality":"L","Notes":"not working","LatNumber":30.236453999999998,"LongNumber":-97.690825000000004}},{"type":"Feature","id":17,"geometry":{"type":"Point","coordinates":[-97.691419999999937,30.235748000000058]},"properties":{"OBJECTID":17,"School ID":"Allison ","Feature ID":"17","Type":"Habitat Garden 1","Lat/Long":"30.235748, -97.691420","Infrastructure Quality":null,"Notes":"shrubs with wood edging alongside building, fallen trellis","LatNumber":30.235748000000001,"LongNumber":-97.691419999999994}},{"type":"Feature","id":18,"geometry":{"type":"Point","coordinates":[-97.69186499999995,30.235717000000079]},"properties":{"OBJECTID":18,"School ID":"Allison ","Feature ID":"18","Type":"Habitat Garden 2","Lat/Long":"30.235717, -97.691865","Infrastructure Quality":null,"Notes":"4 raised beds with limestone curb, might be a produce garden? ","LatNumber":30.235717000000001,"LongNumber":-97.691865000000007}},{"type":"Feature","id":19,"geometry":{"type":"Point","coordinates":[-97.691449999999975,30.235340000000065]},"properties":{"OBJECTID":19,"School ID":"Allison ","Feature ID":"19","Type":"Habitat Garden 3","Lat/Long":"30.235340, -97.691450","Infrastructure Quality":"M","Notes":"Agave and wheelbarrow planter","LatNumber":30.235340000000001,"LongNumber":-97.691450000000003}},{"type":"Feature","id":20,"geometry":{"type":"Point","coordinates":[-97.691669999999988,30.236295000000041]},"properties":{"OBJECTID":20,"School ID":"Allison ","Feature ID":"20","Type":"Habitat Garden 4","Lat/Long":"30.236295, -97.691670","Infrastructure Quality":"H","Notes":"Memorial Plaque","LatNumber":30.236294999999998,"LongNumber":-97.691670000000002}},{"type":"Feature","id":21,"geometry":{"type":"Point","coordinates":[-97.691314999999975,30.23604000000006]},"properties":{"OBJECTID":21,"School ID":"Allison ","Feature ID":"21","Type":"Livestock 1","Lat/Long":"30.236040, -97.691315","Infrastructure Quality":"M","Notes":"Goat Enclosure","LatNumber":30.236039999999999,"LongNumber":-97.691315000000003}},{"type":"Feature","id":22,"geometry":{"type":"Point","coordinates":[-97.691314999999975,30.23604000000006]},"properties":{"OBJECTID":22,"School ID":"Allison ","Feature ID":"22","Type":"Livestock 2","Lat/Long":"30.236040, -97.691315","Infrastructure Quality":"H","Notes":"Goat Feeders","LatNumber":30.236039999999999,"LongNumber":-97.691315000000003}},{"type":"Feature","id":23,"geometry":{"type":"Point","coordinates":[-97.691388999999958,30.236137000000042]},"properties":{"OBJECTID":23,"School ID":"Allison ","Feature ID":"23","Type":"Livestock 3","Lat/Long":"30.236137, -97.691389","Infrastructure Quality":"L","Notes":"Chicken coop","LatNumber":30.236136999999999,"LongNumber":-97.691389000000001}},{"type":"Feature","id":24,"geometry":{"type":"Point","coordinates":[-97.691381999999976,30.23635500000006]},"properties":{"OBJECTID":24,"School ID":"Allison ","Feature ID":"24","Type":"Livestock 4","Lat/Long":"30.236355, -97.691382","Infrastructure Quality":"M","Notes":"Chicken Coop","LatNumber":30.236355,"LongNumber":-97.691382000000004}},{"type":"Feature","id":25,"geometry":{"type":"Point","coordinates":[-97.690743999999938,30.236184000000037]},"properties":{"OBJECTID":25,"School ID":"Allison ","Feature ID":"25","Type":"Music","Lat/Long":"30.236184, -97.690744","Infrastructure Quality":"H","Notes":null,"LatNumber":30.236184000000002,"LongNumber":-97.690743999999995}},{"type":"Feature","id":26,"geometry":{"type":"Point","coordinates":[-97.691558999999984,30.235858000000064]},"properties":{"OBJECTID":26,"School ID":"Allison ","Feature ID":"26","Type":"Nature Trail","Lat/Long":"30.235858, -97.691559","Infrastructure Quality":"H","Notes":"Has an arbor entrance and some garden ornaments","LatNumber":30.235858,"LongNumber":-97.691558999999998}},{"type":"Feature","id":27,"geometry":{"type":"Point","coordinates":[-97.691525999999953,30.235891000000038]},"properties":{"OBJECTID":27,"School ID":"Allison ","Feature ID":"27","Type":"Other","Lat/Long":"30.235891, -97.691526","Infrastructure Quality":null,"Notes":"Concrete Planter","LatNumber":30.235890999999999,"LongNumber":-97.691525999999996}},{"type":"Feature","id":28,"geometry":{"type":"Point","coordinates":[-97.691520999999966,30.235570000000052]},"properties":{"OBJECTID":28,"School ID":"Allison ","Feature ID":"28","Type":"Picnic Table 1","Lat/Long":"30.235570, -97.691521","Infrastructure Quality":null,"Notes":"2 plastic & metal picnic tables, adult size","LatNumber":30.235569999999999,"LongNumber":-97.691520999999995}},{"type":"Feature","id":29,"geometry":{"type":"Point","coordinates":[-97.691520999999966,30.235570000000052]},"properties":{"OBJECTID":29,"School ID":"Allison ","Feature ID":"29","Type":"Picnic Table 2","Lat/Long":"30.235570, -97.691521","Infrastructure Quality":"L","Notes":"2 wooden picnic tables, pre-k size","LatNumber":30.235569999999999,"LongNumber":-97.691520999999995}},{"type":"Feature","id":30,"geometry":{"type":"Point","coordinates":[-97.691489999999988,30.236095000000034]},"properties":{"OBJECTID":30,"School ID":"Allison ","Feature ID":"30","Type":"Picnic Table 3","Lat/Long":"30.236095, -97.691490","Infrastructure Quality":"L","Notes":"2 wood & metal picnic tables","LatNumber":30.236094999999999,"LongNumber":-97.691490000000002}},{"type":"Feature","id":31,"geometry":{"type":"Point","coordinates":[-97.691381999999976,30.23635500000006]},"properties":{"OBJECTID":31,"School ID":"Allison ","Feature ID":"31","Type":"Picnic Table 4","Lat/Long":"30.236355, -97.691382","Infrastructure Quality":"M","Notes":"3- wood","LatNumber":30.236355,"LongNumber":-97.691382000000004}},{"type":"Feature","id":32,"geometry":{"type":"Point","coordinates":[-97.69190599999996,30.236172000000067]},"properties":{"OBJECTID":32,"School ID":"Allison ","Feature ID":"32","Type":"Picnic Table 5","Lat/Long":"30.236172, -97.691906","Infrastructure Quality":"H","Notes":"1-ADA, metal ","LatNumber":30.236172,"LongNumber":-97.691906000000003}},{"type":"Feature","id":33,"geometry":{"type":"Point","coordinates":[-97.691632999999968,30.236348000000078]},"properties":{"OBJECTID":33,"School ID":"Allison ","Feature ID":"33","Type":"Picnic Table 6","Lat/Long":"30.236348, -97.691633","Infrastructure Quality":"M","Notes":" metal ","LatNumber":30.236348,"LongNumber":-97.691632999999996}},{"type":"Feature","id":34,"geometry":{"type":"Point","coordinates":[-97.690467999999953,30.236431000000039]},"properties":{"OBJECTID":34,"School ID":"Allison ","Feature ID":"34","Type":"Picnic Table 7","Lat/Long":"30.236431, -97.690468","Infrastructure Quality":"L","Notes":"2 wood","LatNumber":30.236431,"LongNumber":-97.690467999999996}},{"type":"Feature","id":35,"geometry":{"type":"Point","coordinates":[-97.69092599999999,30.236576000000071]},"properties":{"OBJECTID":35,"School ID":"Allison ","Feature ID":"35","Type":"Picnic Table 8","Lat/Long":"30.236576, -97.690926","Infrastructure Quality":"L","Notes":null,"LatNumber":30.236575999999999,"LongNumber":-97.690926000000005}},{"type":"Feature","id":36,"geometry":{"type":"Point","coordinates":[-97.691660999999954,30.235923000000071]},"properties":{"OBJECTID":36,"School ID":"Allison ","Feature ID":"36","Type":"Picnic Table 9","Lat/Long":"30.235923, -97.691661","Infrastructure Quality":"M","Notes":"3 red wood and metal","LatNumber":30.235923,"LongNumber":-97.691660999999996}},{"type":"Feature","id":37,"geometry":{"type":"Point","coordinates":[-97.691677999999968,30.235645000000034]},"properties":{"OBJECTID":37,"School ID":"Allison ","Feature ID":"37","Type":"Picnic Table 10","Lat/Long":"30.235645, -97.691678","Infrastructure Quality":"H","Notes":"plastic and metal","LatNumber":30.235645000000002,"LongNumber":-97.691677999999996}},{"type":"Feature","id":38,"geometry":{"type":"Point","coordinates":[-97.69092599999999,30.236576000000071]},"properties":{"OBJECTID":38,"School ID":"Allison ","Feature ID":"38","Type":"Picnic Table 11","Lat/Long":"30.236576, -97.690926","Infrastructure Quality":"M","Notes":"at basketball court","LatNumber":30.236575999999999,"LongNumber":-97.690926000000005}},{"type":"Feature","id":39,"geometry":{"type":"Point","coordinates":[-97.690793999999983,30.236323000000027]},"properties":{"OBJECTID":39,"School ID":"Allison ","Feature ID":"39","Type":"Playground 2","Lat/Long":"30.236323, -97.690794","Infrastructure Quality":"H","Notes":"5-12 years","LatNumber":30.236322999999999,"LongNumber":-97.690793999999997}},{"type":"Feature","id":40,"geometry":{"type":"Point","coordinates":[-97.690628999999944,30.23650200000003]},"properties":{"OBJECTID":40,"School ID":"Allison ","Feature ID":"40","Type":"Playground 3","Lat/Long":"30.236502, -97.690629","Infrastructure Quality":"M","Notes":"2-5 years","LatNumber":30.236502000000002,"LongNumber":-97.690629000000001}},{"type":"Feature","id":41,"geometry":{"type":"Point","coordinates":[-97.690590999999984,30.236411000000032]},"properties":{"OBJECTID":41,"School ID":"Allison ","Feature ID":"41","Type":"Playground 4","Lat/Long":"30.236411, -97.690591","Infrastructure Quality":"M","Notes":"climbing strructure","LatNumber":30.236411,"LongNumber":-97.690590999999998}},{"type":"Feature","id":42,"geometry":{"type":"Point","coordinates":[-97.690625999999952,30.236339000000044]},"properties":{"OBJECTID":42,"School ID":"Allison ","Feature ID":"42","Type":"Playground 5","Lat/Long":"30.236339, -97.690626","Infrastructure Quality":"H","Notes":"Swings x4   5-12 years","LatNumber":30.236339000000001,"LongNumber":-97.690625999999995}},{"type":"Feature","id":43,"geometry":{"type":"Point","coordinates":[-97.690625999999952,30.236339000000044]},"properties":{"OBJECTID":43,"School ID":"Allison ","Feature ID":"43","Type":"Playground 6","Lat/Long":"30.236339, -97.690626","Infrastructure Quality":"H","Notes":"Swings x4   5-12 years","LatNumber":30.236339000000001,"LongNumber":-97.690625999999995}},{"type":"Feature","id":44,"geometry":{"type":"Point","coordinates":[-97.690743999999938,30.236184000000037]},"properties":{"OBJECTID":44,"School ID":"Allison ","Feature ID":"44","Type":"Playground 7","Lat/Long":"30.236184, -97.690744","Infrastructure Quality":"H","Notes":"Swings     2-5 years","LatNumber":30.236184000000002,"LongNumber":-97.690743999999995}},{"type":"Feature","id":45,"geometry":{"type":"Point","coordinates":[-97.690743999999938,30.236184000000037]},"properties":{"OBJECTID":45,"School ID":"Allison ","Feature ID":"45","Type":"Playground 8","Lat/Long":"30.236184, -97.690744","Infrastructure Quality":null,"Notes":"climbing structure","LatNumber":30.236184000000002,"LongNumber":-97.690743999999995}},{"type":"Feature","id":46,"geometry":{"type":"Point","coordinates":[-97.690459999999973,30.236550000000079]},"properties":{"OBJECTID":46,"School ID":"Allison ","Feature ID":"46","Type":"Playground 9","Lat/Long":"30.236550, -97.690460","Infrastructure Quality":"H","Notes":"climbing structure  looks like a bug","LatNumber":30.236550000000001,"LongNumber":-97.690460000000002}},{"type":"Feature","id":47,"geometry":{"type":"Point","coordinates":[-97.691600999999991,30.235614000000055]},"properties":{"OBJECTID":47,"School ID":"Allison ","Feature ID":"47","Type":"Playground 10","Lat/Long":"30.235614, -97.691601","Infrastructure Quality":"H","Notes":" 2-5 years","LatNumber":30.235614000000002,"LongNumber":-97.691601000000006}},{"type":"Feature","id":48,"geometry":{"type":"Point","coordinates":[-97.691600999999991,30.235614000000055]},"properties":{"OBJECTID":48,"School ID":"Allison ","Feature ID":"48","Type":"Playground 11","Lat/Long":"30.235614, -97.691601","Infrastructure Quality":"H","Notes":"Moveable play equipment 2-5 years, slide, teeter-totters, tricycles","LatNumber":30.235614000000002,"LongNumber":-97.691601000000006}},{"type":"Feature","id":49,"geometry":{"type":"Point","coordinates":[-97.69190599999996,30.236172000000067]},"properties":{"OBJECTID":49,"School ID":"Allison ","Feature ID":"49","Type":"Produce Garden 1","Lat/Long":"30.236172, -97.691906","Infrastructure Quality":"H","Notes":"3 beds with limestone curb","LatNumber":30.236172,"LongNumber":-97.691906000000003}},{"type":"Feature","id":50,"geometry":{"type":"Point","coordinates":[-97.691828999999984,30.236365000000035]},"properties":{"OBJECTID":50,"School ID":"Allison ","Feature ID":"50","Type":"Produce Garden 2","Lat/Long":"30.236365, -97.691829","Infrastructure Quality":"H","Notes":"2 beds with limestone curb","LatNumber":30.236364999999999,"LongNumber":-97.691828999999998}},{"type":"Feature","id":51,"geometry":{"type":"Point","coordinates":[-97.691011999999944,30.236439000000075]},"properties":{"OBJECTID":51,"School ID":"Allison ","Feature ID":"51","Type":"Shade Structure 1","Lat/Long":"30.236439, -97.691012","Infrastructure Quality":"H","Notes":"over basketball","LatNumber":30.236439000000001,"LongNumber":-97.691012000000001}},{"type":"Feature","id":52,"geometry":{"type":"Point","coordinates":[-97.690793999999983,30.236323000000027]},"properties":{"OBJECTID":52,"School ID":"Allison ","Feature ID":"52","Type":"Shade Structure 2","Lat/Long":"30.236323, -97.690794","Infrastructure Quality":"H","Notes":"over playground","LatNumber":30.236322999999999,"LongNumber":-97.690793999999997}},{"type":"Feature","id":53,"geometry":{"type":"Point","coordinates":[-97.690793999999983,30.236323000000027]},"properties":{"OBJECTID":53,"School ID":"Allison ","Feature ID":"53","Type":"Shade Structure 3","Lat/Long":"30.236323, -97.690794","Infrastructure Quality":"H","Notes":"over playground","LatNumber":30.236322999999999,"LongNumber":-97.690793999999997}},{"type":"Feature","id":54,"geometry":{"type":"Point","coordinates":[-97.69190599999996,30.236172000000067]},"properties":{"OBJECTID":54,"School ID":"Allison ","Feature ID":"54","Type":"Shed","Lat/Long":"30.236172, -97.691906","Infrastructure Quality":"H","Notes":null,"LatNumber":30.236172,"LongNumber":-97.691906000000003}},{"type":"Feature","id":55,"geometry":{"type":"Point","coordinates":[-97.680072999999936,30.31777900000003]},"properties":{"OBJECTID":55,"School ID":"Andrew","Feature ID":"41","Type":"Picnic table 5","Lat/Long":"30.317779, -97.680073","Infrastructure Quality":"M","Notes":"3 wooden, 2 metal ","LatNumber":30.317779000000002,"LongNumber":-97.680072999999993}},{"type":"Feature","id":56,"geometry":{"type":"Point","coordinates":[-97.678948999999989,30.31781600000005]},"properties":{"OBJECTID":56,"School ID":"Andrew","Feature ID":"42","Type":"Picnic table 6","Lat/Long":"30.317816, -97.678949","Infrastructure Quality":"M","Notes":"1 wooden, ADA side, in shade of tree","LatNumber":30.317816000000001,"LongNumber":-97.678949000000003}},{"type":"Feature","id":57,"geometry":{"type":"Point","coordinates":[-97.678923999999938,30.317986000000076]},"properties":{"OBJECTID":57,"School ID":"Andrew","Feature ID":"43","Type":"Picnic table 7","Lat/Long":"30.317986, -97.678924","Infrastructure Quality":"H","Notes":"PARD, new","LatNumber":30.317986000000001,"LongNumber":-97.678923999999995}},{"type":"Feature","id":58,"geometry":{"type":"Point","coordinates":[-97.679468999999983,30.318198000000052]},"properties":{"OBJECTID":58,"School ID":"Andrew","Feature ID":"44","Type":"Picnic table 8","Lat/Long":"30.318198, -97.679469","Infrastructure Quality":"H","Notes":"PARD, new","LatNumber":30.318197999999999,"LongNumber":-97.679468999999997}},{"type":"Feature","id":59,"geometry":{"type":"Point","coordinates":[-97.67897099999999,30.317905000000053]},"properties":{"OBJECTID":59,"School ID":"Andrew","Feature ID":"45","Type":"Playground 1","Lat/Long":"30.317905, -97.678971","Infrastructure Quality":"H","Notes":"5-12 playscape, shade structure covering area","LatNumber":30.317905,"LongNumber":-97.678971000000004}},{"type":"Feature","id":60,"geometry":{"type":"Point","coordinates":[-97.679123999999945,30.317900000000066]},"properties":{"OBJECTID":60,"School ID":"Andrew","Feature ID":"46","Type":"Playground 2","Lat/Long":"30.317900, -97.679124","Infrastructure Quality":"L","Notes":"2 swings","LatNumber":30.317900000000002,"LongNumber":-97.679124000000002}},{"type":"Feature","id":61,"geometry":{"type":"Point","coordinates":[-97.679317999999967,30.318104000000062]},"properties":{"OBJECTID":61,"School ID":"Andrew","Feature ID":"47","Type":"Playground 3","Lat/Long":"30.318104, -97.679318","Infrastructure Quality":"H","Notes":"2-5 playscape, some shade by trees","LatNumber":30.318104000000002,"LongNumber":-97.679317999999995}},{"type":"Feature","id":62,"geometry":{"type":"Point","coordinates":[-97.679503999999952,30.318117000000029]},"properties":{"OBJECTID":62,"School ID":"Andrew","Feature ID":"48","Type":"Playground 4","Lat/Long":"30.318117, -97.679504","Infrastructure Quality":"M","Notes":"2 swings, 1 ADA","LatNumber":30.318117000000001,"LongNumber":-97.679503999999994}},{"type":"Feature","id":63,"geometry":{"type":"Point","coordinates":[-97.679978999999946,30.317298000000051]},"properties":{"OBJECTID":63,"School ID":"Andrew","Feature ID":"49","Type":"Pond","Lat/Long":"30.317298, -97.679979","Infrastructure Quality":"M","Notes":"needs maintenance, mosquitos present ","LatNumber":30.317298000000001,"LongNumber":-97.679979000000003}},{"type":"Feature","id":64,"geometry":{"type":"Point","coordinates":[-97.680857999999944,30.317149000000029]},"properties":{"OBJECTID":64,"School ID":"Andrew","Feature ID":"50","Type":"Rain Garden/Infiltration Garden","Lat/Long":"30.317149, -97.680858","Infrastructure Quality":"H","Notes":"detention ponnd ","LatNumber":30.317149000000001,"LongNumber":-97.680858000000001}},{"type":"Feature","id":65,"geometry":{"type":"Point","coordinates":[-97.678857999999991,30.317177000000072]},"properties":{"OBJECTID":65,"School ID":"Andrew","Feature ID":"51","Type":"Shade Structure 1","Lat/Long":"30.317177, -97.678858","Infrastructure Quality":"H","Notes":"Over basketball court","LatNumber":30.317177000000001,"LongNumber":-97.678858000000005}},{"type":"Feature","id":66,"geometry":{"type":"Point","coordinates":[-97.67897099999999,30.317905000000053]},"properties":{"OBJECTID":66,"School ID":"Andrew","Feature ID":"52","Type":"Shade Structure 2","Lat/Long":"30.317905, -97.678971","Infrastructure Quality":"H","Notes":"Over 5-12 playscape","LatNumber":30.317905,"LongNumber":-97.678971000000004}},{"type":"Feature","id":67,"geometry":{"type":"Point","coordinates":[-97.679519999999968,30.316922000000034]},"properties":{"OBJECTID":67,"School ID":"Andrew","Feature ID":"53","Type":"Shed 1","Lat/Long":"30.316922, -97.679520","Infrastructure Quality":"M","Notes":"shipping container ","LatNumber":30.316922000000002,"LongNumber":-97.679519999999997}},{"type":"Feature","id":68,"geometry":{"type":"Point","coordinates":[-97.679718999999977,30.317124000000035]},"properties":{"OBJECTID":68,"School ID":"Andrew","Feature ID":"54","Type":"Shed 2","Lat/Long":"30.317124, -97.679719","Infrastructure Quality":"M","Notes":"ADA access and window air conditioner ","LatNumber":30.317124,"LongNumber":-97.679719000000006}},{"type":"Feature","id":69,"geometry":{"type":"Point","coordinates":[-97.679873999999984,30.317224000000067]},"properties":{"OBJECTID":69,"School ID":"Andrew","Feature ID":"55","Type":"Shed 3","Lat/Long":"30.317224, -97.679874","Infrastructure Quality":"M","Notes":"old tools scattered around space ","LatNumber":30.317224,"LongNumber":-97.679873999999998}},{"type":"Feature","id":70,"geometry":{"type":"Point","coordinates":[-97.679110999999978,30.317672000000073]},"properties":{"OBJECTID":70,"School ID":"Andrew","Feature ID":"56","Type":"Shed 4","Lat/Long":"30.317672, -97.679111","Infrastructure Quality":"L","Notes":"New lock","LatNumber":30.317672000000002,"LongNumber":-97.679111000000006}},{"type":"Feature","id":71,"geometry":{"type":"Point","coordinates":[-97.68041599999998,30.317867000000035]},"properties":{"OBJECTID":71,"School ID":"Andrew","Feature ID":"57","Type":"Waste receptacle 1","Lat/Long":"30.317867, -97.680416","Infrastructure Quality":"M","Notes":"metal trash only ","LatNumber":30.317867,"LongNumber":-97.680415999999994}},{"type":"Feature","id":72,"geometry":{"type":"Point","coordinates":[-97.680403999999953,30.317530000000033]},"properties":{"OBJECTID":72,"School ID":"Andrew","Feature ID":"58","Type":"Waste receptacle 2","Lat/Long":"30.317530, -97.680404","Infrastructure Quality":"M","Notes":"metal trash only ","LatNumber":30.317530000000001,"LongNumber":-97.680403999999996}},{"type":"Feature","id":73,"geometry":{"type":"Point","coordinates":[-97.679114999999967,30.317392000000041]},"properties":{"OBJECTID":73,"School ID":"Andrew","Feature ID":"59","Type":"Waste receptacle 3","Lat/Long":"30.317392, -97.679115","Infrastructure Quality":"H","Notes":"indoor trashcan chained to tree, no lid ","LatNumber":30.317392000000002,"LongNumber":-97.679114999999996}},{"type":"Feature","id":74,"geometry":{"type":"Point","coordinates":[-97.679642999999942,30.318313000000046]},"properties":{"OBJECTID":74,"School ID":"Andrew","Feature ID":"60","Type":"Waste receptacle 4","Lat/Long":"30.318313, -97.679643","Infrastructure Quality":"H","Notes":"PARD, new","LatNumber":30.318313,"LongNumber":-97.679642999999999}},{"type":"Feature","id":75,"geometry":{"type":"Point","coordinates":[-97.680124999999975,30.317336000000068]},"properties":{"OBJECTID":75,"School ID":"Andrew","Feature ID":"61","Type":"Wildflower Meadow","Lat/Long":"30.317336, -97.680125","Infrastructure Quality":"L","Notes":"memorial plaque present ","LatNumber":30.317336000000001,"LongNumber":-97.680125000000004}},{"type":"Feature","id":76,"geometry":{"type":"Point","coordinates":[-97.680119999999988,30.317315000000065]},"properties":{"OBJECTID":76,"School ID":"Andrew","Feature ID":"62","Type":"Wildlife Habitat","Lat/Long":"30.317315, -97.680120","Infrastructure Quality":"M","Notes":"bird bath ","LatNumber":30.317315000000001,"LongNumber":-97.680120000000002}},{"type":"Feature","id":77,"geometry":{"type":"Point","coordinates":[-97.766869999999983,30.273210000000063]},"properties":{"OBJECTID":77,"School ID":"Austin","Feature ID":"1","Type":"Art 1","Lat/Long":"30.27321, -97.76687","Infrastructure Quality":"H","Notes":"Metal. mascot etc.","LatNumber":30.273209999999999,"LongNumber":-97.766869999999997}},{"type":"Feature","id":78,"geometry":{"type":"Point","coordinates":[-97.766939999999977,30.273270000000025]},"properties":{"OBJECTID":78,"School ID":"Austin","Feature ID":"2","Type":"Art 2","Lat/Long":"30.27327, -97.76694","Infrastructure Quality":"H","Notes":"Mural.","LatNumber":30.27327,"LongNumber":-97.766940000000005}},{"type":"Feature","id":79,"geometry":{"type":"Point","coordinates":[-97.767589999999984,30.27359000000007]},"properties":{"OBJECTID":79,"School ID":"Austin","Feature ID":"3","Type":"Bench 1","Lat/Long":"30.27359, -97.76759","Infrastructure Quality":"L","Notes":"8 benches. Metal. 3 are memorial.","LatNumber":30.273589999999999,"LongNumber":-97.767589999999998}},{"type":"Feature","id":80,"geometry":{"type":"Point","coordinates":[-97.76771999999994,30.273450000000025]},"properties":{"OBJECTID":80,"School ID":"Austin","Feature ID":"4","Type":"Bench 2","Lat/Long":"30.27345, -97.76772","Infrastructure Quality":"M","Notes":"6 Limestone blocks","LatNumber":30.27345,"LongNumber":-97.767719999999997}},{"type":"Feature","id":81,"geometry":{"type":"Point","coordinates":[-97.767829999999947,30.273520000000076]},"properties":{"OBJECTID":81,"School ID":"Austin","Feature ID":"5","Type":"Bench 3","Lat/Long":"30.27352, -97.76783","Infrastructure Quality":"M","Notes":"9 Metal. 7 are memorial.","LatNumber":30.273520000000001,"LongNumber":-97.767830000000004}},{"type":"Feature","id":82,"geometry":{"type":"Point","coordinates":[-97.767989999999941,30.273730000000057]},"properties":{"OBJECTID":82,"School ID":"Austin","Feature ID":"6","Type":"Bench 4","Lat/Long":"30.27373, -97.76799","Infrastructure Quality":"M","Notes":"3 Metal. 1 is memorial.","LatNumber":30.27373,"LongNumber":-97.767989999999998}},{"type":"Feature","id":83,"geometry":{"type":"Point","coordinates":[-97.767659999999978,30.273610000000076]},"properties":{"OBJECTID":83,"School ID":"Austin","Feature ID":"7","Type":"Bench 5","Lat/Long":"30.27361, -97.76766","Infrastructure Quality":"M","Notes":"3 Metal  (2 are memorial)","LatNumber":30.273610000000001,"LongNumber":-97.767660000000006}},{"type":"Feature","id":84,"geometry":{"type":"Point","coordinates":[-97.767729999999972,30.273610000000076]},"properties":{"OBJECTID":84,"School ID":"Austin","Feature ID":"8","Type":"Bench 6","Lat/Long":"30.27361, -97.76773","Infrastructure Quality":"H","Notes":"2 Limestone blocks","LatNumber":30.273610000000001,"LongNumber":-97.76773}},{"type":"Feature","id":85,"geometry":{"type":"Point","coordinates":[-97.767619999999965,30.272190000000023]},"properties":{"OBJECTID":85,"School ID":"Austin","Feature ID":"9","Type":"Bench 7","Lat/Long":"30.27219, -97.76762","Infrastructure Quality":"M","Notes":"1 Metal.","LatNumber":30.272189999999998,"LongNumber":-97.767619999999994}},{"type":"Feature","id":86,"geometry":{"type":"Point","coordinates":[-97.767149999999958,30.271550000000047]},"properties":{"OBJECTID":86,"School ID":"Austin","Feature ID":"10","Type":"Bench 8","Lat/Long":"30.27155, -97.76715","Infrastructure Quality":"M","Notes":"1 Metal memorial.","LatNumber":30.271550000000001,"LongNumber":-97.767150000000001}},{"type":"Feature","id":87,"geometry":{"type":"Point","coordinates":[-97.765439999999955,30.27183000000008]},"properties":{"OBJECTID":87,"School ID":"Austin","Feature ID":"11","Type":"Bench 9","Lat/Long":"30.27183, -97.76544","Infrastructure Quality":"M","Notes":"9 wooden/metal benches.","LatNumber":30.271830000000001,"LongNumber":-97.765439999999998}},{"type":"Feature","id":88,"geometry":{"type":"Point","coordinates":[-97.766439999999989,30.27230000000003]},"properties":{"OBJECTID":88,"School ID":"Austin","Feature ID":"12","Type":"Bench 10","Lat/Long":"30.2723, -97.76644","Infrastructure Quality":"M","Notes":"2 Limestone blocks. ","LatNumber":30.272300000000001,"LongNumber":-97.766440000000003}},{"type":"Feature","id":89,"geometry":{"type":"Point","coordinates":[-97.766359999999963,30.272540000000049]},"properties":{"OBJECTID":89,"School ID":"Austin","Feature ID":"13","Type":"Bench 11","Lat/Long":"30.27254, -97.76636","Infrastructure Quality":"H","Notes":"2 Limestone blocks.","LatNumber":30.272539999999999,"LongNumber":-97.766360000000006}},{"type":"Feature","id":90,"geometry":{"type":"Point","coordinates":[-97.766289999999969,30.27239000000003]},"properties":{"OBJECTID":90,"School ID":"Austin","Feature ID":"14","Type":"Bench 12","Lat/Long":"30.27239, -97.76629","Infrastructure Quality":"M","Notes":"2 Wood.","LatNumber":30.272390000000001,"LongNumber":-97.766289999999998}},{"type":"Feature","id":91,"geometry":{"type":"Point","coordinates":[-97.766189999999938,30.272700000000043]},"properties":{"OBJECTID":91,"School ID":"Austin","Feature ID":"15","Type":"Bench 13","Lat/Long":"30.2727, -97.76619","Infrastructure Quality":"H","Notes":"4 Limestone blocks.","LatNumber":30.2727,"LongNumber":-97.766189999999995}},{"type":"Feature","id":92,"geometry":{"type":"Point","coordinates":[-97.766429999999957,30.272780000000068]},"properties":{"OBJECTID":92,"School ID":"Austin","Feature ID":"16","Type":"Bench 14","Lat/Long":"30.27278, -97.76643","Infrastructure Quality":"H","Notes":"5 Limestone blocks.","LatNumber":30.272780000000001,"LongNumber":-97.76643}},{"type":"Feature","id":93,"geometry":{"type":"Point","coordinates":[-97.766219999999976,30.273010000000056]},"properties":{"OBJECTID":93,"School ID":"Austin","Feature ID":"17","Type":"Bench 15","Lat/Long":"30.27301, -97.76622","Infrastructure Quality":"H","Notes":"Metal memorial.","LatNumber":30.273009999999999,"LongNumber":-97.766220000000004}},{"type":"Feature","id":94,"geometry":{"type":"Point","coordinates":[-97.766179999999963,30.273050000000069]},"properties":{"OBJECTID":94,"School ID":"Austin","Feature ID":"18","Type":"Bench 16","Lat/Long":"30.27305, -97.76618","Infrastructure Quality":"M","Notes":"3 Metal. 2 memorial.","LatNumber":30.273050000000001,"LongNumber":-97.766180000000006}},{"type":"Feature","id":95,"geometry":{"type":"Point","coordinates":[-97.766099999999938,30.273220000000038]},"properties":{"OBJECTID":95,"School ID":"Austin","Feature ID":"19","Type":"Bench 17","Lat/Long":"30.27322, -97.7661","Infrastructure Quality":"H","Notes":"14 metal benches. 13 memorial. 1 no back-style. ","LatNumber":30.273219999999998,"LongNumber":-97.766099999999994}},{"type":"Feature","id":96,"geometry":{"type":"Point","coordinates":[-97.766259999999988,30.273400000000038]},"properties":{"OBJECTID":96,"School ID":"Austin","Feature ID":"20","Type":"Bench 18","Lat/Long":"30.2734, -97.76626","Infrastructure Quality":"H","Notes":"3 metal memorial.","LatNumber":30.273399999999999,"LongNumber":-97.766260000000003}},{"type":"Feature","id":97,"geometry":{"type":"Point","coordinates":[-97.766389999999944,30.273470000000032]},"properties":{"OBJECTID":97,"School ID":"Austin","Feature ID":"21","Type":"Bench 19","Lat/Long":"30.27347, -97.76639","Infrastructure Quality":"M","Notes":"2 green metal.","LatNumber":30.27347,"LongNumber":-97.766390000000001}},{"type":"Feature","id":98,"geometry":{"type":"Point","coordinates":[-97.766659999999945,30.273160000000075]},"properties":{"OBJECTID":98,"School ID":"Austin","Feature ID":"22","Type":"Bench 20","Lat/Long":"30.27316, -97.76666","Infrastructure Quality":"M","Notes":"Metal memorial.","LatNumber":30.273160000000001,"LongNumber":-97.766660000000002}},{"type":"Feature","id":99,"geometry":{"type":"Point","coordinates":[-97.767459999999971,30.273480000000063]},"properties":{"OBJECTID":99,"School ID":"Austin","Feature ID":"23","Type":"Bench 21","Lat/Long":"30.27348, -97.76746","Infrastructure Quality":"M","Notes":"Metal.","LatNumber":30.273479999999999,"LongNumber":-97.76746}},{"type":"Feature","id":100,"geometry":{"type":"Point","coordinates":[-97.766969999999958,30.273250000000075]},"properties":{"OBJECTID":100,"School ID":"Austin","Feature ID":"24","Type":"Bench 22","Lat/Long":"30.27325, -97.76697","Infrastructure Quality":"L","Notes":"Metal.","LatNumber":30.273250000000001,"LongNumber":-97.766970000000001}},{"type":"Feature","id":101,"geometry":{"type":"Point","coordinates":[-97.766619999999989,30.273190000000056]},"properties":{"OBJECTID":101,"School ID":"Austin","Feature ID":"25","Type":"Bike Rack","Lat/Long":"30.27319, -97.76662","Infrastructure Quality":"M","Notes":null,"LatNumber":30.27319,"LongNumber":-97.766620000000003}},{"type":"Feature","id":102,"geometry":{"type":"Point","coordinates":[-97.766349999999989,30.272380000000055]},"properties":{"OBJECTID":102,"School ID":"Austin","Feature ID":"26","Type":"Cistern/Rain Barrel 1","Lat/Long":"30.27238, -97.76635","Infrastructure Quality":"M","Notes":"Small. No lid.","LatNumber":30.272379999999998,"LongNumber":-97.766350000000003}},{"type":"Feature","id":103,"geometry":{"type":"Point","coordinates":[-97.76637999999997,30.272290000000055]},"properties":{"OBJECTID":103,"School ID":"Austin","Feature ID":"27","Type":"Cistern/Rain Barrel 2","Lat/Long":"30.27229, -97.76638","Infrastructure Quality":"M","Notes":null,"LatNumber":30.272290000000002,"LongNumber":-97.766379999999998}},{"type":"Feature","id":104,"geometry":{"type":"Point","coordinates":[-97.766319999999951,30.272280000000023]},"properties":{"OBJECTID":104,"School ID":"Austin","Feature ID":"28","Type":"Cistern/Rain Barrel 3","Lat/Long":"30.27228, -97.76632","Infrastructure Quality":"M","Notes":null,"LatNumber":30.272279999999999,"LongNumber":-97.766319999999993}},{"type":"Feature","id":105,"geometry":{"type":"Point","coordinates":[-97.766329999999982,30.272170000000074]},"properties":{"OBJECTID":105,"School ID":"Austin","Feature ID":"29","Type":"Compost ","Lat/Long":"30.27217, -97.76633","Infrastructure Quality":"M","Notes":"7 compost heaps.","LatNumber":30.272169999999999,"LongNumber":-97.766329999999996}},{"type":"Feature","id":106,"geometry":{"type":"Point","coordinates":[-97.76744999999994,30.272890000000075]},"properties":{"OBJECTID":106,"School ID":"Austin","Feature ID":"30","Type":"Field 1","Lat/Long":"30.27289, -97.76745","Infrastructure Quality":"H","Notes":"Football practice.","LatNumber":30.27289,"LongNumber":-97.767449999999997}},{"type":"Feature","id":107,"geometry":{"type":"Point","coordinates":[-97.768079999999941,30.27248000000003]},"properties":{"OBJECTID":107,"School ID":"Austin","Feature ID":"31","Type":"Field 2","Lat/Long":"30.27248, -97.76808","Infrastructure Quality":"H","Notes":"Soccer practice.","LatNumber":30.272480000000002,"LongNumber":-97.768079999999998}},{"type":"Feature","id":108,"geometry":{"type":"Point","coordinates":[-97.767049999999983,30.27183000000008]},"properties":{"OBJECTID":108,"School ID":"Austin","Feature ID":"32","Type":"Field 3","Lat/Long":"30.27183, -97.76705","Infrastructure Quality":"H","Notes":"Soccer + football. Inside track.","LatNumber":30.271830000000001,"LongNumber":-97.767049999999998}},{"type":"Feature","id":109,"geometry":{"type":"Point","coordinates":[-97.767419999999959,30.273370000000057]},"properties":{"OBJECTID":109,"School ID":"Austin","Feature ID":"33","Type":"Habitat Garden 1","Lat/Long":"30.27337, -97.76742","Infrastructure Quality":"H","Notes":"Well maintained. Wraps around building.","LatNumber":30.27337,"LongNumber":-97.767420000000001}},{"type":"Feature","id":110,"geometry":{"type":"Point","coordinates":[-97.767619999999965,30.273600000000044]},"properties":{"OBJECTID":110,"School ID":"Austin","Feature ID":"34","Type":"Habitat Garden 2","Lat/Long":"30.2736, -97.76762","Infrastructure Quality":"H","Notes":"3 raised beds. Metal.","LatNumber":30.273599999999998,"LongNumber":-97.767619999999994}},{"type":"Feature","id":111,"geometry":{"type":"Point","coordinates":[-97.767619999999965,30.273600000000044]},"properties":{"OBJECTID":111,"School ID":"Austin","Feature ID":"35","Type":"Habitat Garden 3","Lat/Long":"30.2736, -97.76762","Infrastructure Quality":"M","Notes":null,"LatNumber":30.273599999999998,"LongNumber":-97.767619999999994}},{"type":"Feature","id":112,"geometry":{"type":"Point","coordinates":[-97.765829999999937,30.271950000000061]},"properties":{"OBJECTID":112,"School ID":"Austin","Feature ID":"36","Type":"Habitat Garden 4","Lat/Long":"30.27195, -97.76583","Infrastructure Quality":"M","Notes":"NWF habitat. Monarch Heroes. ","LatNumber":30.27195,"LongNumber":-97.765829999999994}},{"type":"Feature","id":113,"geometry":{"type":"Point","coordinates":[-97.765879999999981,30.271960000000036]},"properties":{"OBJECTID":113,"School ID":"Austin","Feature ID":"37","Type":"Habitat Garden 5","Lat/Long":"30.27196, -97.76588","Infrastructure Quality":"L","Notes":"No maintenance.","LatNumber":30.27196,"LongNumber":-97.765879999999996}},{"type":"Feature","id":114,"geometry":{"type":"Point","coordinates":[-97.76664999999997,30.272290000000055]},"properties":{"OBJECTID":114,"School ID":"Austin","Feature ID":"38","Type":"Habitat Garden 6","Lat/Long":"30.27229, -97.76665","Infrastructure Quality":"H","Notes":"Around childcare.","LatNumber":30.272290000000002,"LongNumber":-97.766649999999998}},{"type":"Feature","id":115,"geometry":{"type":"Point","coordinates":[-97.766319999999951,30.272560000000055]},"properties":{"OBJECTID":115,"School ID":"Austin","Feature ID":"39","Type":"Habitat Garden 7","Lat/Long":"30.27256, -97.76632","Infrastructure Quality":"H","Notes":null,"LatNumber":30.272559999999999,"LongNumber":-97.766319999999993}},{"type":"Feature","id":116,"geometry":{"type":"Point","coordinates":[-97.766299999999944,30.272610000000043]},"properties":{"OBJECTID":116,"School ID":"Austin","Feature ID":"40","Type":"Habitat Garden 8","Lat/Long":"30.27261, -97.7663","Infrastructure Quality":"M","Notes":"3 habitat gardens.","LatNumber":30.27261,"LongNumber":-97.766300000000001}},{"type":"Feature","id":117,"geometry":{"type":"Point","coordinates":[-97.766349999999989,30.272640000000024]},"properties":{"OBJECTID":117,"School ID":"Austin","Feature ID":"41","Type":"Habitat Garden 9","Lat/Long":"30.27264, -97.76635","Infrastructure Quality":"M","Notes":null,"LatNumber":30.272639999999999,"LongNumber":-97.766350000000003}},{"type":"Feature","id":118,"geometry":{"type":"Point","coordinates":[-97.766429999999957,30.272690000000068]},"properties":{"OBJECTID":118,"School ID":"Austin","Feature ID":"42","Type":"Habitat Garden 10","Lat/Long":"30.27269, -97.76643","Infrastructure Quality":"M","Notes":"Medicinal. Painted cement blocks with art. Herb garden.","LatNumber":30.272690000000001,"LongNumber":-97.76643}},{"type":"Feature","id":119,"geometry":{"type":"Point","coordinates":[-97.767489999999952,30.273270000000025]},"properties":{"OBJECTID":119,"School ID":"Austin","Feature ID":"43","Type":"Nature Trail 1","Lat/Long":"30.27327, -97.76749","Infrastructure Quality":"M","Notes":"Decomposed granite. Runoff. Wraps around building.","LatNumber":30.27327,"LongNumber":-97.767489999999995}},{"type":"Feature","id":120,"geometry":{"type":"Point","coordinates":[-97.766329999999982,30.272170000000074]},"properties":{"OBJECTID":120,"School ID":"Austin","Feature ID":"44","Type":"Nature Trail 2","Lat/Long":"30.27217, -97.76633","Infrastructure Quality":"L","Notes":"Wooden boards","LatNumber":30.272169999999999,"LongNumber":-97.766329999999996}},{"type":"Feature","id":121,"geometry":{"type":"Point","coordinates":[-97.766899999999964,30.273050000000069]},"properties":{"OBJECTID":121,"School ID":"Austin","Feature ID":"45","Type":"Nature Trail 3","Lat/Long":"30.27305, -97.7669","Infrastructure Quality":"H","Notes":"Decomposed granite.","LatNumber":30.273050000000001,"LongNumber":-97.766900000000007}},{"type":"Feature","id":122,"geometry":{"type":"Point","coordinates":[-97.766329999999982,30.272170000000074]},"properties":{"OBJECTID":122,"School ID":"Austin","Feature ID":"46","Type":"Other 1","Lat/Long":"30.27217, -97.76633","Infrastructure Quality":"M","Notes":"In produce graden.","LatNumber":30.272169999999999,"LongNumber":-97.766329999999996}},{"type":"Feature","id":123,"geometry":{"type":"Point","coordinates":[-97.766439999999989,30.27230000000003]},"properties":{"OBJECTID":123,"School ID":"Austin","Feature ID":"47","Type":"Other 2","Lat/Long":"30.2723, -97.76644","Infrastructure Quality":"M","Notes":"3 basin sink.","LatNumber":30.272300000000001,"LongNumber":-97.766440000000003}},{"type":"Feature","id":124,"geometry":{"type":"Point","coordinates":[-97.766179999999963,30.273560000000032]},"properties":{"OBJECTID":124,"School ID":"Austin","Feature ID":"48","Type":"Other 3","Lat/Long":"30.27356, -97.76618","Infrastructure Quality":"M","Notes":"Memorial plaque.","LatNumber":30.27356,"LongNumber":-97.766180000000006}},{"type":"Feature","id":125,"geometry":{"type":"Point","coordinates":[-97.766419999999982,30.273370000000057]},"properties":{"OBJECTID":125,"School ID":"Austin","Feature ID":"49","Type":"Other 4","Lat/Long":"30.27337, -97.76642","Infrastructure Quality":"M","Notes":"Free library.","LatNumber":30.27337,"LongNumber":-97.766419999999997}},{"type":"Feature","id":126,"geometry":{"type":"Point","coordinates":[-97.766329999999982,30.273210000000063]},"properties":{"OBJECTID":126,"School ID":"Austin","Feature ID":"50","Type":"Other 5","Lat/Long":"30.27321, -97.76633","Infrastructure Quality":"M","Notes":"Memorial rock.","LatNumber":30.273209999999999,"LongNumber":-97.766329999999996}},{"type":"Feature","id":127,"geometry":{"type":"Point","coordinates":[-97.766569999999945,30.273290000000031]},"properties":{"OBJECTID":127,"School ID":"Austin","Feature ID":"51","Type":"Other 6","Lat/Long":"30.27329, -97.76657","Infrastructure Quality":"H","Notes":"Memorial tree area.","LatNumber":30.273289999999999,"LongNumber":-97.766570000000002}},{"type":"Feature","id":128,"geometry":{"type":"Point","coordinates":[-97.767089999999939,30.273040000000037]},"properties":{"OBJECTID":128,"School ID":"Austin","Feature ID":"52","Type":"Other 7","Lat/Long":"30.27304, -97.76709","Infrastructure Quality":"L","Notes":"Metal bleachers.","LatNumber":30.273040000000002,"LongNumber":-97.767089999999996}},{"type":"Feature","id":129,"geometry":{"type":"Point","coordinates":[-97.767559999999946,30.272200000000055]},"properties":{"OBJECTID":129,"School ID":"Austin","Feature ID":"53","Type":"Outdoor Classroom ","Lat/Long":"30.2722, -97.76756","Infrastructure Quality":"M","Notes":"18 Limestone blocks.","LatNumber":30.272200000000002,"LongNumber":-97.767560000000003}},{"type":"Feature","id":130,"geometry":{"type":"Point","coordinates":[-97.767639999999972,30.273490000000038]},"properties":{"OBJECTID":130,"School ID":"Austin","Feature ID":"54","Type":"Picnic table 1","Lat/Long":"30.27349, -97.76764","Infrastructure Quality":"M","Notes":"1 Metal. ","LatNumber":30.273489999999999,"LongNumber":-97.76764}},{"type":"Feature","id":131,"geometry":{"type":"Point","coordinates":[-97.768249999999966,30.273840000000064]},"properties":{"OBJECTID":131,"School ID":"Austin","Feature ID":"55","Type":"Picnic table 2","Lat/Long":"30.27384, -97.76825","Infrastructure Quality":"M","Notes":"11 Metal. ","LatNumber":30.27384,"LongNumber":-97.768249999999995}},{"type":"Feature","id":132,"geometry":{"type":"Point","coordinates":[-97.767829999999947,30.273270000000025]},"properties":{"OBJECTID":132,"School ID":"Austin","Feature ID":"56","Type":"Picnic table 3","Lat/Long":"30.27327, -97.76783","Infrastructure Quality":"M","Notes":"2 Metal. 1 ADA. ","LatNumber":30.27327,"LongNumber":-97.767830000000004}},{"type":"Feature","id":133,"geometry":{"type":"Point","coordinates":[-97.766439999999989,30.27230000000003]},"properties":{"OBJECTID":133,"School ID":"Austin","Feature ID":"57","Type":"Picnic table 4","Lat/Long":"30.2723, -97.76644","Infrastructure Quality":"M","Notes":"Wooden.","LatNumber":30.272300000000001,"LongNumber":-97.766440000000003}},{"type":"Feature","id":134,"geometry":{"type":"Point","coordinates":[-97.766359999999963,30.272360000000049]},"properties":{"OBJECTID":134,"School ID":"Austin","Feature ID":"58","Type":"Picnic table 5","Lat/Long":"30.27236, -97.76636","Infrastructure Quality":"M","Notes":"Wooden.","LatNumber":30.272359999999999,"LongNumber":-97.766360000000006}},{"type":"Feature","id":135,"geometry":{"type":"Point","coordinates":[-97.766409999999951,30.272320000000036]},"properties":{"OBJECTID":135,"School ID":"Austin","Feature ID":"59","Type":"Picnic table 6","Lat/Long":"30.27232, -97.76641","Infrastructure Quality":"M","Notes":"Wooden.","LatNumber":30.272320000000001,"LongNumber":-97.766409999999993}},{"type":"Feature","id":136,"geometry":{"type":"Point","coordinates":[-97.766299999999944,30.272380000000055]},"properties":{"OBJECTID":136,"School ID":"Austin","Feature ID":"60","Type":"Picnic table 7","Lat/Long":"30.27238, -97.7663","Infrastructure Quality":"M","Notes":"3 Wooden.","LatNumber":30.272379999999998,"LongNumber":-97.766300000000001}},{"type":"Feature","id":137,"geometry":{"type":"Point","coordinates":[-97.766239999999982,30.272760000000062]},"properties":{"OBJECTID":137,"School ID":"Austin","Feature ID":"61","Type":"Picnic table 8","Lat/Long":"30.27276, -97.76624","Infrastructure Quality":"M","Notes":"ADA. Wooden.","LatNumber":30.272760000000002,"LongNumber":-97.766239999999996}},{"type":"Feature","id":138,"geometry":{"type":"Point","coordinates":[-97.766209999999944,30.272910000000024]},"properties":{"OBJECTID":138,"School ID":"Austin","Feature ID":"62","Type":"Picnic table 9","Lat/Long":"30.27291, -97.76621","Infrastructure Quality":"M","Notes":"Painted wooden.","LatNumber":30.27291,"LongNumber":-97.766210000000001}},{"type":"Feature","id":139,"geometry":{"type":"Point","coordinates":[-97.766239999999982,30.273300000000063]},"properties":{"OBJECTID":139,"School ID":"Austin","Feature ID":"63","Type":"Picnic table 10","Lat/Long":"30.2733, -97.76624","Infrastructure Quality":"M","Notes":"3 Metal.","LatNumber":30.273299999999999,"LongNumber":-97.766239999999996}},{"type":"Feature","id":140,"geometry":{"type":"Point","coordinates":[-97.766209999999944,30.273520000000076]},"properties":{"OBJECTID":140,"School ID":"Austin","Feature ID":"64","Type":"Picnic table 11","Lat/Long":"30.27352, -97.76621","Infrastructure Quality":"M","Notes":"4 Metal.","LatNumber":30.273520000000001,"LongNumber":-97.766210000000001}},{"type":"Feature","id":141,"geometry":{"type":"Point","coordinates":[-97.766429999999957,30.272960000000069]},"properties":{"OBJECTID":141,"School ID":"Austin","Feature ID":"65","Type":"Picnic table 12","Lat/Long":"30.27296, -97.76643","Infrastructure Quality":"M","Notes":"6 painted wooden picnic tables.","LatNumber":30.272960000000001,"LongNumber":-97.76643}},{"type":"Feature","id":142,"geometry":{"type":"Point","coordinates":[-97.766719999999964,30.273220000000038]},"properties":{"OBJECTID":142,"School ID":"Austin","Feature ID":"66","Type":"Picnic table 13","Lat/Long":"30.27322, -97.76672","Infrastructure Quality":"M","Notes":"Painted wooden.","LatNumber":30.273219999999998,"LongNumber":-97.766720000000007}},{"type":"Feature","id":143,"geometry":{"type":"Point","coordinates":[-97.766679999999951,30.27299000000005]},"properties":{"OBJECTID":143,"School ID":"Austin","Feature ID":"67","Type":"Picnic table 14","Lat/Long":"30.27299, -97.76668","Infrastructure Quality":"M","Notes":"Painted wooden.","LatNumber":30.27299,"LongNumber":-97.766679999999994}},{"type":"Feature","id":144,"geometry":{"type":"Point","coordinates":[-97.766909999999939,30.272970000000043]},"properties":{"OBJECTID":144,"School ID":"Austin","Feature ID":"68","Type":"Picnic table 15","Lat/Long":"30.27297, -97.76691","Infrastructure Quality":"M","Notes":"Painted wooden.","LatNumber":30.272970000000001,"LongNumber":-97.766909999999996}},{"type":"Feature","id":145,"geometry":{"type":"Point","coordinates":[-97.766859999999951,30.272960000000069]},"properties":{"OBJECTID":145,"School ID":"Austin","Feature ID":"69","Type":"Picnic table 16","Lat/Long":"30.27296, -97.76686","Infrastructure Quality":"M","Notes":"Metal.","LatNumber":30.272960000000001,"LongNumber":-97.766859999999994}},{"type":"Feature","id":146,"geometry":{"type":"Point","coordinates":[-97.767489999999952,30.273520000000076]},"properties":{"OBJECTID":146,"School ID":"Austin","Feature ID":"70","Type":"Picnic table 17","Lat/Long":"30.27352, -97.76749","Infrastructure Quality":"H","Notes":"3 Wooden.","LatNumber":30.273520000000001,"LongNumber":-97.767489999999995}},{"type":"Feature","id":147,"geometry":{"type":"Point","coordinates":[-97.767489999999952,30.273520000000076]},"properties":{"OBJECTID":147,"School ID":"Austin","Feature ID":"71","Type":"Picnic table 18","Lat/Long":"30.27352, -97.76749","Infrastructure Quality":"M","Notes":"5 Metal.","LatNumber":30.273520000000001,"LongNumber":-97.767489999999995}},{"type":"Feature","id":148,"geometry":{"type":"Point","coordinates":[-97.766929999999945,30.273240000000044]},"properties":{"OBJECTID":148,"School ID":"Austin","Feature ID":"72","Type":"Picnic table 19","Lat/Long":"30.27324, -97.76693","Infrastructure Quality":"L","Notes":"Metal.","LatNumber":30.273240000000001,"LongNumber":-97.766930000000002}},{"type":"Feature","id":149,"geometry":{"type":"Point","coordinates":[-97.766329999999982,30.272170000000074]},"properties":{"OBJECTID":149,"School ID":"Austin","Feature ID":"73","Type":"Produce Garden 1","Lat/Long":"30.27217, -97.76633","Infrastructure Quality":"H","Notes":"3 beds. Solarized beds. ","LatNumber":30.272169999999999,"LongNumber":-97.766329999999996}},{"type":"Feature","id":150,"geometry":{"type":"Point","coordinates":[-97.766419999999982,30.27257000000003]},"properties":{"OBJECTID":150,"School ID":"Austin","Feature ID":"74","Type":"Produce Garden 2","Lat/Long":"30.27257, -97.76642","Infrastructure Quality":"M","Notes":"Fig tree. Trellis. Vegetable garden.","LatNumber":30.272570000000002,"LongNumber":-97.766419999999997}},{"type":"Feature","id":151,"geometry":{"type":"Point","coordinates":[-97.766359999999963,30.272360000000049]},"properties":{"OBJECTID":151,"School ID":"Austin","Feature ID":"75","Type":"Produce Garden 3","Lat/Long":"30.27236, -97.76636","Infrastructure Quality":"M","Notes":"Metal.","LatNumber":30.272359999999999,"LongNumber":-97.766360000000006}},{"type":"Feature","id":152,"geometry":{"type":"Point","coordinates":[-97.767589999999984,30.272170000000074]},"properties":{"OBJECTID":152,"School ID":"Austin","Feature ID":"76","Type":"Shade Structure 1","Lat/Long":"30.27217, -97.76759","Infrastructure Quality":"L","Notes":"1 Frame only. No canopy.","LatNumber":30.272169999999999,"LongNumber":-97.767589999999998}},{"type":"Feature","id":153,"geometry":{"type":"Point","coordinates":[-97.766619999999989,30.272340000000042]},"properties":{"OBJECTID":153,"School ID":"Austin","Feature ID":"77","Type":"Shade Structure 2","Lat/Long":"30.27234, -97.76662","Infrastructure Quality":"M","Notes":null,"LatNumber":30.27234,"LongNumber":-97.766620000000003}},{"type":"Feature","id":154,"geometry":{"type":"Point","coordinates":[-97.767509999999959,30.273510000000044]},"properties":{"OBJECTID":154,"School ID":"Austin","Feature ID":"78","Type":"Shade Structure 3","Lat/Long":"30.27351, -97.76751","Infrastructure Quality":"M","Notes":"Area under construction. Shade canopies set to be removed. One already missing canopy.","LatNumber":30.273510000000002,"LongNumber":-97.767510000000001}},{"type":"Feature","id":155,"geometry":{"type":"Point","coordinates":[-97.76613999999995,30.271140000000059]},"properties":{"OBJECTID":155,"School ID":"Austin","Feature ID":"79","Type":"Shed 1","Lat/Long":"30.27114, -97.76614","Infrastructure Quality":"M","Notes":"Wooden. Lock present but unlocked. Athletic supplies.","LatNumber":30.271139999999999,"LongNumber":-97.766139999999993}},{"type":"Feature","id":156,"geometry":{"type":"Point","coordinates":[-97.766069999999957,30.271140000000059]},"properties":{"OBJECTID":156,"School ID":"Austin","Feature ID":"80","Type":"Shed 2","Lat/Long":"30.27114, -97.76607","Infrastructure Quality":"M","Notes":"Wooden.","LatNumber":30.271139999999999,"LongNumber":-97.766069999999999}},{"type":"Feature","id":157,"geometry":{"type":"Point","coordinates":[-97.766089999999963,30.271110000000078]},"properties":{"OBJECTID":157,"School ID":"Austin","Feature ID":"81","Type":"Shed 3","Lat/Long":"30.27111, -97.76609","Infrastructure Quality":"M","Notes":"Wooden.","LatNumber":30.27111,"LongNumber":-97.766090000000005}},{"type":"Feature","id":158,"geometry":{"type":"Point","coordinates":[-97.766459999999938,30.272590000000037]},"properties":{"OBJECTID":158,"School ID":"Austin","Feature ID":"82","Type":"Shed 4","Lat/Long":"30.27259, -97.76646","Infrastructure Quality":"L","Notes":"Lock. Childcare supplies. Lid not attached to base. ","LatNumber":30.272590000000001,"LongNumber":-97.766459999999995}},{"type":"Feature","id":159,"geometry":{"type":"Point","coordinates":[-97.766999999999939,30.271530000000041]},"properties":{"OBJECTID":159,"School ID":"Austin","Feature ID":"83","Type":"Track","Lat/Long":"30.27153, -97.767","Infrastructure Quality":"H","Notes":"Rubber red.","LatNumber":30.271529999999998,"LongNumber":-97.766999999999996}},{"type":"Feature","id":160,"geometry":{"type":"Point","coordinates":[-97.767559999999946,30.273490000000038]},"properties":{"OBJECTID":160,"School ID":"Austin","Feature ID":"84","Type":"Waste receptacle 1","Lat/Long":"30.27349, -97.76756","Infrastructure Quality":"L","Notes":"2 Cement. No tops. ","LatNumber":30.273489999999999,"LongNumber":-97.767560000000003}},{"type":"Feature","id":161,"geometry":{"type":"Point","coordinates":[-97.767899999999941,30.273520000000076]},"properties":{"OBJECTID":161,"School ID":"Austin","Feature ID":"85","Type":"Waste receptacle 2","Lat/Long":"30.27352, -97.7679","Infrastructure Quality":"L","Notes":"2 Metal.","LatNumber":30.273520000000001,"LongNumber":-97.767899999999997}},{"type":"Feature","id":162,"geometry":{"type":"Point","coordinates":[-97.768019999999979,30.273480000000063]},"properties":{"OBJECTID":162,"School ID":"Austin","Feature ID":"86","Type":"Waste receptacle 3","Lat/Long":"30.27348, -97.76802","Infrastructure Quality":"M","Notes":"1 Cement.","LatNumber":30.273479999999999,"LongNumber":-97.768020000000007}},{"type":"Feature","id":163,"geometry":{"type":"Point","coordinates":[-97.768199999999979,30.273710000000051]},"properties":{"OBJECTID":163,"School ID":"Austin","Feature ID":"87","Type":"Waste receptacle 4","Lat/Long":"30.27371, -97.7682","Infrastructure Quality":"L","Notes":"1 Metal.","LatNumber":30.273710000000001,"LongNumber":-97.768199999999993}},{"type":"Feature","id":164,"geometry":{"type":"Point","coordinates":[-97.768309999999985,30.273980000000051]},"properties":{"OBJECTID":164,"School ID":"Austin","Feature ID":"88","Type":"Waste receptacle 5","Lat/Long":"30.27398, -97.76831","Infrastructure Quality":"M","Notes":"1 Meant for indoors.","LatNumber":30.273980000000002,"LongNumber":-97.76831}},{"type":"Feature","id":165,"geometry":{"type":"Point","coordinates":[-97.768059999999991,30.273810000000026]},"properties":{"OBJECTID":165,"School ID":"Austin","Feature ID":"89","Type":"Waste receptacle 6","Lat/Long":"30.27381, -97.76806","Infrastructure Quality":"L","Notes":"1 Metal.","LatNumber":30.273810000000001,"LongNumber":-97.768060000000006}},{"type":"Feature","id":166,"geometry":{"type":"Point","coordinates":[-97.767829999999947,30.273730000000057]},"properties":{"OBJECTID":166,"School ID":"Austin","Feature ID":"90","Type":"Waste receptacle 7","Lat/Long":"30.27373, -97.76783","Infrastructure Quality":"M","Notes":"1 Concrete.","LatNumber":30.27373,"LongNumber":-97.767830000000004}},{"type":"Feature","id":167,"geometry":{"type":"Point","coordinates":[-97.767829999999947,30.273280000000057]},"properties":{"OBJECTID":167,"School ID":"Austin","Feature ID":"91","Type":"Waste receptacle 8","Lat/Long":"30.27328, -97.76783","Infrastructure Quality":"L","Notes":"1 Concrete.","LatNumber":30.27328,"LongNumber":-97.767830000000004}},{"type":"Feature","id":168,"geometry":{"type":"Point","coordinates":[-97.767999999999972,30.27299000000005]},"properties":{"OBJECTID":168,"School ID":"Austin","Feature ID":"92","Type":"Waste receptacle 9","Lat/Long":"30.27299, -97.768","Infrastructure Quality":"L","Notes":"1 Wooden.","LatNumber":30.27299,"LongNumber":-97.768000000000001}},{"type":"Feature","id":169,"geometry":{"type":"Point","coordinates":[-97.767639999999972,30.272250000000042]},"properties":{"OBJECTID":169,"School ID":"Austin","Feature ID":"93","Type":"Waste receptacle 10","Lat/Long":"30.27225, -97.76764","Infrastructure Quality":"L","Notes":"1 Wooden.","LatNumber":30.27225,"LongNumber":-97.76764}},{"type":"Feature","id":170,"geometry":{"type":"Point","coordinates":[-97.76771999999994,30.271790000000067]},"properties":{"OBJECTID":170,"School ID":"Austin","Feature ID":"94","Type":"Waste receptacle 11","Lat/Long":"30.27179, -97.76772","Infrastructure Quality":"L","Notes":"1 Wooden.","LatNumber":30.271789999999999,"LongNumber":-97.767719999999997}},{"type":"Feature","id":171,"geometry":{"type":"Point","coordinates":[-97.767179999999939,30.271530000000041]},"properties":{"OBJECTID":171,"School ID":"Austin","Feature ID":"95","Type":"Waste receptacle 12","Lat/Long":"30.27153, -97.76718","Infrastructure Quality":"L","Notes":"1 Wooden.","LatNumber":30.271529999999998,"LongNumber":-97.767179999999996}},{"type":"Feature","id":172,"geometry":{"type":"Point","coordinates":[-97.766589999999951,30.271250000000066]},"properties":{"OBJECTID":172,"School ID":"Austin","Feature ID":"96","Type":"Waste receptacle 13","Lat/Long":"30.27125, -97.76659","Infrastructure Quality":"M","Notes":"Wooden.","LatNumber":30.271249999999998,"LongNumber":-97.766589999999994}},{"type":"Feature","id":173,"geometry":{"type":"Point","coordinates":[-97.765799999999956,30.27177000000006]},"properties":{"OBJECTID":173,"School ID":"Austin","Feature ID":"97","Type":"Waste receptacle 14","Lat/Long":"30.27177, -97.7658","Infrastructure Quality":"L","Notes":"Wooden. Baseball.","LatNumber":30.27177,"LongNumber":-97.765799999999999}},{"type":"Feature","id":174,"geometry":{"type":"Point","coordinates":[-97.765719999999988,30.27177000000006]},"properties":{"OBJECTID":174,"School ID":"Austin","Feature ID":"98","Type":"Waste receptacle 15","Lat/Long":"30.27177, -97.76572","Infrastructure Quality":"L","Notes":"Wooden. Baseball. No receptacle.","LatNumber":30.27177,"LongNumber":-97.765720000000002}},{"type":"Feature","id":175,"geometry":{"type":"Point","coordinates":[-97.766179999999963,30.273050000000069]},"properties":{"OBJECTID":175,"School ID":"Austin","Feature ID":"99","Type":"Waste receptacle 16","Lat/Long":"30.27305, -97.76618","Infrastructure Quality":"L","Notes":"Metal.","LatNumber":30.273050000000001,"LongNumber":-97.766180000000006}},{"type":"Feature","id":176,"geometry":{"type":"Point","coordinates":[-97.766329999999982,30.273340000000076]},"properties":{"OBJECTID":176,"School ID":"Austin","Feature ID":"100","Type":"Waste receptacle 17","Lat/Long":"30.27334, -97.76633","Infrastructure Quality":"L","Notes":"2 Metal.","LatNumber":30.273340000000001,"LongNumber":-97.766329999999996}},{"type":"Feature","id":177,"geometry":{"type":"Point","coordinates":[-97.766169999999988,30.273540000000025]},"properties":{"OBJECTID":177,"School ID":"Austin","Feature ID":"101","Type":"Waste receptacle 18","Lat/Long":"30.27354, -97.76617","Infrastructure Quality":"L","Notes":"2 Metal.","LatNumber":30.273540000000001,"LongNumber":-97.766170000000002}},{"type":"Feature","id":178,"geometry":{"type":"Point","coordinates":[-97.766479999999945,30.273440000000051]},"properties":{"OBJECTID":178,"School ID":"Austin","Feature ID":"102","Type":"Waste receptacle 19","Lat/Long":"30.27344, -97.76648","Infrastructure Quality":"L","Notes":"2 Concrete.","LatNumber":30.273440000000001,"LongNumber":-97.766480000000001}},{"type":"Feature","id":179,"geometry":{"type":"Point","coordinates":[-97.766669999999976,30.273020000000031]},"properties":{"OBJECTID":179,"School ID":"Austin","Feature ID":"103","Type":"Waste receptacle 20","Lat/Long":"30.27302, -97.76667","Infrastructure Quality":"M","Notes":"Concrete.","LatNumber":30.273019999999999,"LongNumber":-97.766670000000005}},{"type":"Feature","id":180,"geometry":{"type":"Point","coordinates":[-97.766939999999977,30.272980000000075]},"properties":{"OBJECTID":180,"School ID":"Austin","Feature ID":"104","Type":"Waste receptacle 21","Lat/Long":"30.27298, -97.76694","Infrastructure Quality":"M","Notes":"Concrete.","LatNumber":30.27298,"LongNumber":-97.766940000000005}},{"type":"Feature","id":181,"geometry":{"type":"Point","coordinates":[-97.767389999999978,30.273220000000038]},"properties":{"OBJECTID":181,"School ID":"Austin","Feature ID":"105","Type":"Waste receptacle 22","Lat/Long":"30.27322, -97.76739","Infrastructure Quality":"L","Notes":"Wooden.","LatNumber":30.273219999999998,"LongNumber":-97.767390000000006}},{"type":"Feature","id":182,"geometry":{"type":"Point","coordinates":[-97.766349999999989,30.272260000000074]},"properties":{"OBJECTID":182,"School ID":"Austin","Feature ID":"106","Type":"Wildlife Habitat 1","Lat/Long":"30.27226, -97.76635","Infrastructure Quality":"M","Notes":"Bat box.","LatNumber":30.272259999999999,"LongNumber":-97.766350000000003}},{"type":"Feature","id":183,"geometry":{"type":"Point","coordinates":[-97.766909999999939,30.27326000000005]},"properties":{"OBJECTID":183,"School ID":"Austin","Feature ID":"107","Type":"Wildlife Habitat 2","Lat/Long":"30.27326, -97.76691","Infrastructure Quality":"L","Notes":"Bird house.","LatNumber":30.273260000000001,"LongNumber":-97.766909999999996}},{"type":"Feature","id":184,"geometry":{"type":"Point","coordinates":[-97.695827999999949,30.360627000000079]},"properties":{"OBJECTID":184,"School ID":"Barrington","Feature ID":"1","Type":"Art 1","Lat/Long":"30.360627, -97.695828","Infrastructure Quality":"H","Notes":"Tile mosaic on building","LatNumber":30.360627000000001,"LongNumber":-97.695828000000006}},{"type":"Feature","id":185,"geometry":{"type":"Point","coordinates":[-97.69632699999994,30.361063000000058]},"properties":{"OBJECTID":185,"School ID":"Barrington","Feature ID":"2","Type":"Art 2","Lat/Long":"30.361063, -97.696327","Infrastructure Quality":"H","Notes":"Sculpture, played on","LatNumber":30.361063000000001,"LongNumber":-97.696326999999997}},{"type":"Feature","id":186,"geometry":{"type":"Point","coordinates":[-97.695614999999975,30.360680000000059]},"properties":{"OBJECTID":186,"School ID":"Barrington","Feature ID":"3","Type":"Art 3","Lat/Long":"30.360680, -97.695615","Infrastructure Quality":"H","Notes":"Mural on building","LatNumber":30.360679999999999,"LongNumber":-97.695615000000004}},{"type":"Feature","id":187,"geometry":{"type":"Point","coordinates":[-97.695866999999964,30.360713000000032]},"properties":{"OBJECTID":187,"School ID":"Barrington","Feature ID":"4","Type":"Art 4","Lat/Long":"30.360713, -97.695867","Infrastructure Quality":"M","Notes":"Possible bird bath?","LatNumber":30.360713000000001,"LongNumber":-97.695867000000007}},{"type":"Feature","id":188,"geometry":{"type":"Point","coordinates":[-97.696030999999948,30.361406000000045]},"properties":{"OBJECTID":188,"School ID":"Barrington","Feature ID":"5","Type":"Basketball","Lat/Long":"30.361406, -97.696031","Infrastructure Quality":"M","Notes":"Has shade, 2 goals, one needs new net, needs striping","LatNumber":30.361405999999999,"LongNumber":-97.696031000000005}},{"type":"Feature","id":189,"geometry":{"type":"Point","coordinates":[-97.696365999999955,30.361177000000055]},"properties":{"OBJECTID":189,"School ID":"Barrington","Feature ID":"6","Type":"Bench 1","Lat/Long":"30.361177, -97.696366","Infrastructure Quality":"H","Notes":"PARD","LatNumber":30.361177000000001,"LongNumber":-97.696365999999998}},{"type":"Feature","id":190,"geometry":{"type":"Point","coordinates":[-97.696205999999961,30.361436000000026]},"properties":{"OBJECTID":190,"School ID":"Barrington","Feature ID":"7","Type":"Bench 2","Lat/Long":"30.361436, -97.696206","Infrastructure Quality":"H","Notes":"PARD in front of basketball","LatNumber":30.361436000000001,"LongNumber":-97.696206000000004}},{"type":"Feature","id":191,"geometry":{"type":"Point","coordinates":[-97.696699999999964,30.361471000000051]},"properties":{"OBJECTID":191,"School ID":"Barrington","Feature ID":"8","Type":"Bench 3","Lat/Long":"30.361471, -97.696700","Infrastructure Quality":"H","Notes":"Single limestone block at end of Nature Trail 1","LatNumber":30.361471000000002,"LongNumber":-97.696700000000007}},{"type":"Feature","id":192,"geometry":{"type":"Point","coordinates":[-97.696509999999989,30.361670000000061]},"properties":{"OBJECTID":192,"School ID":"Barrington","Feature ID":"9","Type":"Bench 4","Lat/Long":"30.361670, -97.696510","Infrastructure Quality":"H","Notes":"Outside exercise area, PARD","LatNumber":30.36167,"LongNumber":-97.696510000000004}},{"type":"Feature","id":193,"geometry":{"type":"Point","coordinates":[-97.695116999999982,30.361718000000053]},"properties":{"OBJECTID":193,"School ID":"Barrington","Feature ID":"10","Type":"Bench 5","Lat/Long":"30.361718, -97.695117","Infrastructure Quality":"H","Notes":"Limestone block, PARD","LatNumber":30.361718,"LongNumber":-97.695116999999996}},{"type":"Feature","id":194,"geometry":{"type":"Point","coordinates":[-97.695030999999972,30.361541000000045]},"properties":{"OBJECTID":194,"School ID":"Barrington","Feature ID":"11","Type":"Bench 6","Lat/Long":"30.361541, -97.695031","Infrastructure Quality":"H","Notes":"Limestone block, PARD","LatNumber":30.361540999999999,"LongNumber":-97.695031}},{"type":"Feature","id":195,"geometry":{"type":"Point","coordinates":[-97.695420999999953,30.361393000000078]},"properties":{"OBJECTID":195,"School ID":"Barrington","Feature ID":"12","Type":"Bench 7","Lat/Long":"30.361393, -97.695421","Infrastructure Quality":"H","Notes":"Limestone block, PARD","LatNumber":30.361393,"LongNumber":-97.695420999999996}},{"type":"Feature","id":196,"geometry":{"type":"Point","coordinates":[-97.695267999999942,30.360445000000027]},"properties":{"OBJECTID":196,"School ID":"Barrington","Feature ID":"13","Type":"Bike Rack","Lat/Long":"30.360445, -97.695268","Infrastructure Quality":"H","Notes":"Set of 2","LatNumber":30.360444999999999,"LongNumber":-97.695267999999999}},{"type":"Feature","id":197,"geometry":{"type":"Point","coordinates":[-97.69543299999998,30.360601000000031]},"properties":{"OBJECTID":197,"School ID":"Barrington","Feature ID":"14","Type":"Cistern","Lat/Long":"30.360601, -97.695433","Infrastructure Quality":"H","Notes":"Painted by local artist with design from kids at school","LatNumber":30.360600999999999,"LongNumber":-97.695432999999994}},{"type":"Feature","id":198,"geometry":{"type":"Point","coordinates":[-97.695668999999953,30.360578000000032]},"properties":{"OBJECTID":198,"School ID":"Barrington","Feature ID":"15","Type":"Compost ","Lat/Long":"30.360578, -97.695669","Infrastructure Quality":"H","Notes":"Tumbler","LatNumber":30.360578,"LongNumber":-97.695668999999995}},{"type":"Feature","id":199,"geometry":{"type":"Point","coordinates":[-97.695816999999977,30.361928000000034]},"properties":{"OBJECTID":199,"School ID":"Barrington","Feature ID":"16","Type":"Field 1","Lat/Long":"30.361928, -97.695817","Infrastructure Quality":"M","Notes":"Old striping, soccer/football posts","LatNumber":30.361927999999999,"LongNumber":-97.695817000000005}},{"type":"Feature","id":200,"geometry":{"type":"Point","coordinates":[-97.696380999999974,30.361728000000028]},"properties":{"OBJECTID":200,"School ID":"Barrington","Feature ID":"17","Type":"Fitness Station","Lat/Long":"30.361728, -97.696381","Infrastructure Quality":"M","Notes":"Fenced, PARD","LatNumber":30.361727999999999,"LongNumber":-97.696381000000002}},{"type":"Feature","id":201,"geometry":{"type":"Point","coordinates":[-97.695715999999948,30.36048900000003]},"properties":{"OBJECTID":201,"School ID":"Barrington","Feature ID":"18","Type":"Habitat Garden 1","Lat/Long":"30.360489, -97.695716","Infrastructure Quality":"L","Notes":"4 limestone border, 1 wood border, raised beds","LatNumber":30.360489000000001,"LongNumber":-97.695716000000004}},{"type":"Feature","id":202,"geometry":{"type":"Point","coordinates":[-97.696939999999984,30.361020000000053]},"properties":{"OBJECTID":202,"School ID":"Barrington","Feature ID":"19","Type":"Lawn 1","Lat/Long":"30.361020, -97.696940","Infrastructure Quality":"H","Notes":"Used to house portables","LatNumber":30.36102,"LongNumber":-97.696939999999998}},{"type":"Feature","id":203,"geometry":{"type":"Point","coordinates":[-97.695585999999992,30.361376000000064]},"properties":{"OBJECTID":203,"School ID":"Barrington","Feature ID":"20","Type":"Lawn 2","Lat/Long":"30.361376, -97.695586","Infrastructure Quality":"M","Notes":null,"LatNumber":30.361376,"LongNumber":-97.695586000000006}},{"type":"Feature","id":204,"geometry":{"type":"Point","coordinates":[-97.695164999999974,30.361035000000072]},"properties":{"OBJECTID":204,"School ID":"Barrington","Feature ID":"21","Type":"Lawn 3","Lat/Long":"30.361035, -97.695165","Infrastructure Quality":"H","Notes":null,"LatNumber":30.361035000000001,"LongNumber":-97.695165000000003}},{"type":"Feature","id":205,"geometry":{"type":"Point","coordinates":[-97.695060999999953,30.360637000000054]},"properties":{"OBJECTID":205,"School ID":"Barrington","Feature ID":"22","Type":"Lawn 4","Lat/Long":"30.360637, -97.695061","Infrastructure Quality":"M","Notes":null,"LatNumber":30.360637000000001,"LongNumber":-97.695060999999995}},{"type":"Feature","id":206,"geometry":{"type":"Point","coordinates":[-97.695712999999955,30.361023000000046]},"properties":{"OBJECTID":206,"School ID":"Barrington","Feature ID":"23","Type":"Lawn 5","Lat/Long":"30.361023, -97.695713","Infrastructure Quality":"H","Notes":null,"LatNumber":30.361022999999999,"LongNumber":-97.695712999999998}},{"type":"Feature","id":207,"geometry":{"type":"Point","coordinates":[-97.695262999999954,30.361177000000055]},"properties":{"OBJECTID":207,"School ID":"Barrington","Feature ID":"24","Type":"Mutt Mitt station","Lat/Long":"30.361177, -97.695263","Infrastructure Quality":"H","Notes":"Has bags, needs sign","LatNumber":30.361177000000001,"LongNumber":-97.695262999999997}},{"type":"Feature","id":208,"geometry":{"type":"Point","coordinates":[-97.696573999999941,30.361388000000034]},"properties":{"OBJECTID":208,"School ID":"Barrington","Feature ID":"25","Type":"Nature Play 1","Lat/Long":"30.361388, -97.696574","Infrastructure Quality":"H","Notes":null,"LatNumber":30.361388000000002,"LongNumber":-97.696573999999998}},{"type":"Feature","id":209,"geometry":{"type":"Point","coordinates":[-97.695205999999985,30.360396000000037]},"properties":{"OBJECTID":209,"School ID":"Barrington","Feature ID":"26","Type":"Nature Play 2","Lat/Long":"30.360396, -97.695206","Infrastructure Quality":"M","Notes":"Set of 6 stumps placed around tree base","LatNumber":30.360396000000001,"LongNumber":-97.695205999999999}},{"type":"Feature","id":210,"geometry":{"type":"Point","coordinates":[-97.696606999999972,30.361640000000079]},"properties":{"OBJECTID":210,"School ID":"Barrington","Feature ID":"27","Type":"Nature Trail 1","Lat/Long":"30.361640, -97.696607","Infrastructure Quality":"L","Notes":"DG, was ADA now fully overgrown","LatNumber":30.361640000000001,"LongNumber":-97.696607}},{"type":"Feature","id":211,"geometry":{"type":"Point","coordinates":[-97.695230999999978,30.361428000000046]},"properties":{"OBJECTID":211,"School ID":"Barrington","Feature ID":"28","Type":"Nature Trail 2","Lat/Long":"30.361428, -97.695231","Infrastructure Quality":"L","Notes":"DG, old cedar border, fully overgrown, used to be ADA","LatNumber":30.361428,"LongNumber":-97.695231000000007}},{"type":"Feature","id":212,"geometry":{"type":"Point","coordinates":[-97.695147999999961,30.361416000000077]},"properties":{"OBJECTID":212,"School ID":"Barrington","Feature ID":"29","Type":"Nature Trail 3","Lat/Long":"30.361416, -97.695148","Infrastructure Quality":"L","Notes":"Stepping stones completely covered, goes through Meadow 1","LatNumber":30.361415999999998,"LongNumber":-97.695148000000003}},{"type":"Feature","id":213,"geometry":{"type":"Point","coordinates":[-97.695318999999984,30.361323000000027]},"properties":{"OBJECTID":213,"School ID":"Barrington","Feature ID":"30","Type":"Nature Trail 4","Lat/Long":"30.361323, -97.695319","Infrastructure Quality":"L","Notes":"DG, old cedar border, fully overgrown, used to be ADA","LatNumber":30.361322999999999,"LongNumber":-97.695318999999998}},{"type":"Feature","id":214,"geometry":{"type":"Point","coordinates":[-97.695422999999948,30.361303000000078]},"properties":{"OBJECTID":214,"School ID":"Barrington","Feature ID":"31","Type":"Nature Trail 5","Lat/Long":"30.361303, -97.695423","Infrastructure Quality":"L","Notes":"Same substrate as track? Used to be ADA","LatNumber":30.361302999999999,"LongNumber":-97.695423000000005}},{"type":"Feature","id":215,"geometry":{"type":"Point","coordinates":[-97.695553999999959,30.360729000000049]},"properties":{"OBJECTID":215,"School ID":"Barrington","Feature ID":"32","Type":"Nature Trail 6","Lat/Long":"30.360729, -97.695554","Infrastructure Quality":"L","Notes":"Through Rain Garden 2, fully overgrown, stones broken","LatNumber":30.360728999999999,"LongNumber":-97.695554000000001}},{"type":"Feature","id":216,"geometry":{"type":"Point","coordinates":[-97.696380999999974,30.360992000000067]},"properties":{"OBJECTID":216,"School ID":"Barrington","Feature ID":"33","Type":"Other 1","Lat/Long":"30.360992, -97.696381","Infrastructure Quality":"H","Notes":"Little Free Library, no books","LatNumber":30.360992,"LongNumber":-97.696381000000002}},{"type":"Feature","id":217,"geometry":{"type":"Point","coordinates":[-97.695510999999954,30.362150000000042]},"properties":{"OBJECTID":217,"School ID":"Barrington","Feature ID":"34","Type":"Other 2","Lat/Long":"30.362150, -97.695511","Infrastructure Quality":"L","Notes":"Bleachers","LatNumber":30.36215,"LongNumber":-97.695510999999996}},{"type":"Feature","id":218,"geometry":{"type":"Point","coordinates":[-97.69551899999999,30.360576000000037]},"properties":{"OBJECTID":218,"School ID":"Barrington","Feature ID":"35","Type":"Other 3","Lat/Long":"30.360576, -97.695519","Infrastructure Quality":"M","Notes":"Has books","LatNumber":30.360575999999998,"LongNumber":-97.695519000000004}},{"type":"Feature","id":219,"geometry":{"type":"Point","coordinates":[-97.695529999999962,30.360663000000045]},"properties":{"OBJECTID":219,"School ID":"Barrington","Feature ID":"36","Type":"Outdoor Classroom ","Lat/Long":"30.360663, -97.695530","Infrastructure Quality":"H","Notes":"4 limestone blocks on DG base, PARD","LatNumber":30.360662999999999,"LongNumber":-97.695530000000005}},{"type":"Feature","id":220,"geometry":{"type":"Point","coordinates":[-97.696380999999974,30.36103600000007]},"properties":{"OBJECTID":220,"School ID":"Barrington","Feature ID":"37","Type":"Pavilion 1","Lat/Long":"30.361036, -97.696381","Infrastructure Quality":"M","Notes":"Covering table 3","LatNumber":30.361035999999999,"LongNumber":-97.696381000000002}},{"type":"Feature","id":221,"geometry":{"type":"Point","coordinates":[-97.696403999999973,30.361067000000048]},"properties":{"OBJECTID":221,"School ID":"Barrington","Feature ID":"38","Type":"Pavilion 2","Lat/Long":"30.361067, -97.696404","Infrastructure Quality":"M","Notes":"Covering table 4","LatNumber":30.361066999999998,"LongNumber":-97.696404000000001}},{"type":"Feature","id":222,"geometry":{"type":"Point","coordinates":[-97.695948999999985,30.360761000000025]},"properties":{"OBJECTID":222,"School ID":"Barrington","Feature ID":"39","Type":"Pavilion 3","Lat/Long":"30.360761, -97.695949","Infrastructure Quality":"H","Notes":"Pergola over picnic tables, covered in trumpetvine","LatNumber":30.360761,"LongNumber":-97.695948999999999}},{"type":"Feature","id":223,"geometry":{"type":"Point","coordinates":[-97.69590199999999,30.36075100000005]},"properties":{"OBJECTID":223,"School ID":"Barrington","Feature ID":"40","Type":"Pavilion 4","Lat/Long":"30.360751, -97.695902","Infrastructure Quality":"H","Notes":"Pergola over picnic tables, covered in trumpetvine","LatNumber":30.360751,"LongNumber":-97.695902000000004}},{"type":"Feature","id":224,"geometry":{"type":"Point","coordinates":[-97.695824999999957,30.36034200000006]},"properties":{"OBJECTID":224,"School ID":"Barrington","Feature ID":"41","Type":"Picnic table 1","Lat/Long":"30.360342, -97.695825","Infrastructure Quality":"M","Notes":"3 cement, painted","LatNumber":30.360341999999999,"LongNumber":-97.695824999999999}},{"type":"Feature","id":225,"geometry":{"type":"Point","coordinates":[-97.695824999999957,30.36034200000006]},"properties":{"OBJECTID":225,"School ID":"Barrington","Feature ID":"42","Type":"Picnic table 2","Lat/Long":"30.360342, -97.695825","Infrastructure Quality":"M","Notes":"3 wood","LatNumber":30.360341999999999,"LongNumber":-97.695824999999999}},{"type":"Feature","id":226,"geometry":{"type":"Point","coordinates":[-97.696380999999974,30.36103600000007]},"properties":{"OBJECTID":226,"School ID":"Barrington","Feature ID":"43","Type":"Picnic table 3","Lat/Long":"30.361036, -97.696381","Infrastructure Quality":"H","Notes":"Under pavilion 1, PARD","LatNumber":30.361035999999999,"LongNumber":-97.696381000000002}},{"type":"Feature","id":227,"geometry":{"type":"Point","coordinates":[-97.696403999999973,30.361067000000048]},"properties":{"OBJECTID":227,"School ID":"Barrington","Feature ID":"44","Type":"Picnic table 4","Lat/Long":"30.361067, -97.696404","Infrastructure Quality":"H","Notes":"Under pavilion 2, PARD","LatNumber":30.361066999999998,"LongNumber":-97.696404000000001}},{"type":"Feature","id":228,"geometry":{"type":"Point","coordinates":[-97.696402999999975,30.361166000000026]},"properties":{"OBJECTID":228,"School ID":"Barrington","Feature ID":"45","Type":"Picnic table 5","Lat/Long":"30.361166, -97.696403","Infrastructure Quality":"H","Notes":"2 PARD, 1 is ADA","LatNumber":30.361166000000001,"LongNumber":-97.696403000000004}},{"type":"Feature","id":229,"geometry":{"type":"Point","coordinates":[-97.695578999999952,30.360642000000041]},"properties":{"OBJECTID":229,"School ID":"Barrington","Feature ID":"46","Type":"Picnic table 6","Lat/Long":"30.360642, -97.695579","Infrastructure Quality":"M","Notes":"3 wood, trash present","LatNumber":30.360641999999999,"LongNumber":-97.695578999999995}},{"type":"Feature","id":230,"geometry":{"type":"Point","coordinates":[-97.695948999999985,30.360761000000025]},"properties":{"OBJECTID":230,"School ID":"Barrington","Feature ID":"47","Type":"Picnic table 7","Lat/Long":"30.360761, -97.695949","Infrastructure Quality":"M","Notes":"2 wood under pergola","LatNumber":30.360761,"LongNumber":-97.695948999999999}},{"type":"Feature","id":231,"geometry":{"type":"Point","coordinates":[-97.69590199999999,30.36075100000005]},"properties":{"OBJECTID":231,"School ID":"Barrington","Feature ID":"48","Type":"Picnic table 8","Lat/Long":"30.360751, -97.695902","Infrastructure Quality":"M","Notes":"2 wood under pergola","LatNumber":30.360751,"LongNumber":-97.695902000000004}},{"type":"Feature","id":232,"geometry":{"type":"Point","coordinates":[-97.696290999999974,30.361119000000031]},"properties":{"OBJECTID":232,"School ID":"Barrington","Feature ID":"49","Type":"Playground 1","Lat/Long":"30.361119, -97.696291","Infrastructure Quality":"H","Notes":"5-12 playscape, PARD","LatNumber":30.361118999999999,"LongNumber":-97.696291000000002}},{"type":"Feature","id":233,"geometry":{"type":"Point","coordinates":[-97.696476999999959,30.361303000000078]},"properties":{"OBJECTID":233,"School ID":"Barrington","Feature ID":"50","Type":"Playground 2","Lat/Long":"30.361303, -97.696477","Infrastructure Quality":"H","Notes":"6 swings, 1 is ADA, 1 is infant, PARD","LatNumber":30.361302999999999,"LongNumber":-97.696477000000002}},{"type":"Feature","id":234,"geometry":{"type":"Point","coordinates":[-97.696316999999965,30.361373000000071]},"properties":{"OBJECTID":234,"School ID":"Barrington","Feature ID":"51","Type":"Playground 3","Lat/Long":"30.361373, -97.696317","Infrastructure Quality":"H","Notes":"2-5 playscape, PARD","LatNumber":30.361373,"LongNumber":-97.696316999999993}},{"type":"Feature","id":235,"geometry":{"type":"Point","coordinates":[-97.69649899999996,30.361514000000057]},"properties":{"OBJECTID":235,"School ID":"Barrington","Feature ID":"52","Type":"Playground 4","Lat/Long":"30.361514, -97.696499","Infrastructure Quality":"M","Notes":"5-12 playscape, AISD","LatNumber":30.361514,"LongNumber":-97.696499000000003}},{"type":"Feature","id":236,"geometry":{"type":"Point","coordinates":[-97.695730999999967,30.360630000000072]},"properties":{"OBJECTID":236,"School ID":"Barrington","Feature ID":"53","Type":"Produce Garden","Lat/Long":"30.360630, -97.695731","Infrastructure Quality":"H","Notes":"8 beds with limestone border, tomatoes and fennel present","LatNumber":30.36063,"LongNumber":-97.695730999999995}},{"type":"Feature","id":237,"geometry":{"type":"Point","coordinates":[-97.696555999999987,30.360814000000062]},"properties":{"OBJECTID":237,"School ID":"Barrington","Feature ID":"54","Type":"Rain Garden 1","Lat/Long":"30.360814, -97.696556","Infrastructure Quality":"H","Notes":"Detention Pond - Soccer played here","LatNumber":30.360814000000001,"LongNumber":-97.696556000000001}},{"type":"Feature","id":238,"geometry":{"type":"Point","coordinates":[-97.695553999999959,30.360729000000049]},"properties":{"OBJECTID":238,"School ID":"Barrington","Feature ID":"55","Type":"Rain Garden 2","Lat/Long":"30.360729, -97.695554","Infrastructure Quality":"H","Notes":"Nature Trail 5 runs through, WPD sign","LatNumber":30.360728999999999,"LongNumber":-97.695554000000001}},{"type":"Feature","id":239,"geometry":{"type":"Point","coordinates":[-97.69544099999996,30.360646000000031]},"properties":{"OBJECTID":239,"School ID":"Barrington","Feature ID":"56","Type":"Rain Garden 3","Lat/Long":"30.360646, -97.695441","Infrastructure Quality":"H","Notes":null,"LatNumber":30.360645999999999,"LongNumber":-97.695441000000002}},{"type":"Feature","id":240,"geometry":{"type":"Point","coordinates":[-97.696030999999948,30.361406000000045]},"properties":{"OBJECTID":240,"School ID":"Barrington","Feature ID":"57","Type":"Shade Structure","Lat/Long":"30.361406, -97.696031","Infrastructure Quality":"H","Notes":"Over basketball court","LatNumber":30.361405999999999,"LongNumber":-97.696031000000005}},{"type":"Feature","id":241,"geometry":{"type":"Point","coordinates":[-97.69575599999996,30.36042800000007]},"properties":{"OBJECTID":241,"School ID":"Barrington","Feature ID":"58","Type":"Storage/Shed 1","Lat/Long":"30.360428, -97.695756","Infrastructure Quality":"H","Notes":"Plastic, full of paint","LatNumber":30.360427999999999,"LongNumber":-97.695756000000003}},{"type":"Feature","id":242,"geometry":{"type":"Point","coordinates":[-97.695806999999945,30.360675000000072]},"properties":{"OBJECTID":242,"School ID":"Barrington","Feature ID":"59","Type":"Storage/Shed 2","Lat/Long":"30.360675, -97.695807","Infrastructure Quality":"H","Notes":"Garden tools","LatNumber":30.360675000000001,"LongNumber":-97.695807000000002}},{"type":"Feature","id":243,"geometry":{"type":"Point","coordinates":[-97.696166999999946,30.36075100000005]},"properties":{"OBJECTID":243,"School ID":"Barrington","Feature ID":"60","Type":"Storage/Shed 3","Lat/Long":"30.360751, -97.696167","Infrastructure Quality":"M","Notes":"Shipping container","LatNumber":30.360751,"LongNumber":-97.696167000000003}},{"type":"Feature","id":244,"geometry":{"type":"Point","coordinates":[-97.696061999999984,30.360769000000062]},"properties":{"OBJECTID":244,"School ID":"Barrington","Feature ID":"61","Type":"Storage/Shed 4","Lat/Long":"30.360769, -97.696062","Infrastructure Quality":"L","Notes":"Metal, lock present","LatNumber":30.360769000000001,"LongNumber":-97.696061999999998}},{"type":"Feature","id":245,"geometry":{"type":"Point","coordinates":[-97.695990999999992,30.361689000000069]},"properties":{"OBJECTID":245,"School ID":"Barrington","Feature ID":"62","Type":"Track","Lat/Long":"30.361689, -97.695991","Infrastructure Quality":"M","Notes":"Not DG","LatNumber":30.361688999999998,"LongNumber":-97.695991000000006}},{"type":"Feature","id":246,"geometry":{"type":"Point","coordinates":[-97.696452999999963,30.361115000000041]},"properties":{"OBJECTID":246,"School ID":"Barrington","Feature ID":"63","Type":"Waste receptacle 1","Lat/Long":"30.361115, -97.696453","Infrastructure Quality":"H","Notes":"PARD","LatNumber":30.361115000000002,"LongNumber":-97.696453000000005}},{"type":"Feature","id":247,"geometry":{"type":"Point","coordinates":[-97.696152999999981,30.361303000000078]},"properties":{"OBJECTID":247,"School ID":"Barrington","Feature ID":"64","Type":"Waste receptacle 2","Lat/Long":"30.361303, -97.696153","Infrastructure Quality":"H","Notes":"PARD","LatNumber":30.361302999999999,"LongNumber":-97.696152999999995}},{"type":"Feature","id":248,"geometry":{"type":"Point","coordinates":[-97.695262999999954,30.361177000000055]},"properties":{"OBJECTID":248,"School ID":"Barrington","Feature ID":"65","Type":"Waste receptacle 3","Lat/Long":"30.361177, -97.695263","Infrastructure Quality":"H","Notes":"PARD trash + recycle","LatNumber":30.361177000000001,"LongNumber":-97.695262999999997}},{"type":"Feature","id":249,"geometry":{"type":"Point","coordinates":[-97.696380999999974,30.361145000000079]},"properties":{"OBJECTID":249,"School ID":"Barrington","Feature ID":"66","Type":"Water fountain","Lat/Long":"30.361145, -97.696381","Infrastructure Quality":"H","Notes":"Working","LatNumber":30.361145,"LongNumber":-97.696381000000002}},{"type":"Feature","id":250,"geometry":{"type":"Point","coordinates":[-97.694954999999936,30.361745000000042]},"properties":{"OBJECTID":250,"School ID":"Barrington","Feature ID":"67","Type":"Wildflower Meadow","Lat/Long":"30.361745, -97.694955","Infrastructure Quality":"H","Notes":"PARD Meadow sign (2), very overgrown","LatNumber":30.361744999999999,"LongNumber":-97.694954999999993}},{"type":"Feature","id":251,"geometry":{"type":"Point","coordinates":[-97.725938999999983,30.364149000000054]},"properties":{"OBJECTID":251,"School ID":"Burnet","Feature ID":"1","Type":"Waste receptacles 1","Lat/Long":"30.364149, -97.725939","Infrastructure Quality":"M","Notes":"blue metal ","LatNumber":30.364149000000001,"LongNumber":-97.725938999999997}},{"type":"Feature","id":252,"geometry":{"type":"Point","coordinates":[-97.724491999999941,30.363877000000059]},"properties":{"OBJECTID":252,"School ID":"Burnet","Feature ID":"2","Type":"Waste receptacles 2","Lat/Long":"30.363877, -97.724492","Infrastructure Quality":"L","Notes":"blue wood enclosure around can ","LatNumber":30.363876999999999,"LongNumber":-97.724491999999998}},{"type":"Feature","id":253,"geometry":{"type":"Point","coordinates":[-97.726187999999979,30.36376000000007]},"properties":{"OBJECTID":253,"School ID":"Burnet","Feature ID":"3","Type":"Waste receptacles 3","Lat/Long":"30.363760, -97.726188","Infrastructure Quality":"M","Notes":"blue wood enclosure around can ","LatNumber":30.363759999999999,"LongNumber":-97.726187999999993}},{"type":"Feature","id":254,"geometry":{"type":"Point","coordinates":[-97.725676999999962,30.363624000000073]},"properties":{"OBJECTID":254,"School ID":"Burnet","Feature ID":"4","Type":"Waste receptacles 4","Lat/Long":"30.363624, -97.725677","Infrastructure Quality":"M","Notes":"blue wood enclosure around can ","LatNumber":30.363624000000002,"LongNumber":-97.725677000000005}},{"type":"Feature","id":255,"geometry":{"type":"Point","coordinates":[-97.726091999999937,30.36413900000008]},"properties":{"OBJECTID":255,"School ID":"Burnet","Feature ID":"5","Type":"Waste receptacles 5","Lat/Long":"30.364139, -97.726092","Infrastructure Quality":"M","Notes":"blue metal ","LatNumber":30.364139000000002,"LongNumber":-97.726091999999994}},{"type":"Feature","id":256,"geometry":{"type":"Point","coordinates":[-97.72524599999997,30.363365000000044]},"properties":{"OBJECTID":256,"School ID":"Burnet","Feature ID":"6","Type":"Waste receptacles 6","Lat/Long":"30.363365, -97.725246","Infrastructure Quality":"M","Notes":"blue wood enclosure around can ","LatNumber":30.363365000000002,"LongNumber":-97.725245999999999}},{"type":"Feature","id":257,"geometry":{"type":"Point","coordinates":[-97.724997999999971,30.363364000000047]},"properties":{"OBJECTID":257,"School ID":"Burnet","Feature ID":"7","Type":"Waste receptacles 7","Lat/Long":"30.363364, -97.724998","Infrastructure Quality":"M","Notes":"blue wood enclosure around can ","LatNumber":30.363364000000001,"LongNumber":-97.724997999999999}},{"type":"Feature","id":258,"geometry":{"type":"Point","coordinates":[-97.724818999999968,30.363526000000036]},"properties":{"OBJECTID":258,"School ID":"Burnet","Feature ID":"8","Type":"Waste receptacles 8","Lat/Long":"30.363526, -97.724819","Infrastructure Quality":"M","Notes":"blue wood enclosure around can ","LatNumber":30.363526,"LongNumber":-97.724818999999997}},{"type":"Feature","id":259,"geometry":{"type":"Point","coordinates":[-97.724818999999968,30.363526000000036]},"properties":{"OBJECTID":259,"School ID":"Burnet","Feature ID":"9","Type":"Waste receptacles 9","Lat/Long":"30.363526, -97.724819","Infrastructure Quality":"M","Notes":"blue wood enclosure around can ","LatNumber":30.363526,"LongNumber":-97.724818999999997}},{"type":"Feature","id":260,"geometry":{"type":"Point","coordinates":[-97.72454799999997,30.364860000000078]},"properties":{"OBJECTID":260,"School ID":"Burnet","Feature ID":"10","Type":"Waste receptacles 10","Lat/Long":"30.364860, -97.724548","Infrastructure Quality":"M","Notes":"blue wood enclosure around can ","LatNumber":30.36486,"LongNumber":-97.724547999999999}},{"type":"Feature","id":261,"geometry":{"type":"Point","coordinates":[-97.725175999999976,30.363325000000032]},"properties":{"OBJECTID":261,"School ID":"Burnet","Feature ID":"11","Type":"picnic table 1","Lat/Long":"30.363325, -97.725176","Infrastructure Quality":"L","Notes":"wood, table top painted red, shade area ","LatNumber":30.363325,"LongNumber":-97.725176000000005}},{"type":"Feature","id":262,"geometry":{"type":"Point","coordinates":[-97.724303999999961,30.364341000000024]},"properties":{"OBJECTID":262,"School ID":"Burnet","Feature ID":"12","Type":"picnic table 2","Lat/Long":"30.364341, -97.724304","Infrastructure Quality":"L","Notes":"wood, behind portables ","LatNumber":30.364341,"LongNumber":-97.724304000000004}},{"type":"Feature","id":263,"geometry":{"type":"Point","coordinates":[-97.724788999999987,30.363381000000061]},"properties":{"OBJECTID":263,"School ID":"Burnet","Feature ID":"13","Type":"picnic table 3","Lat/Long":"30.363381, -97.724789","Infrastructure Quality":"H","Notes":"wood, warped, direct sun ","LatNumber":30.363381,"LongNumber":-97.724789000000001}},{"type":"Feature","id":264,"geometry":{"type":"Point","coordinates":[-97.724923999999987,30.364026000000024]},"properties":{"OBJECTID":264,"School ID":"Burnet","Feature ID":"14","Type":"picnic table 4","Lat/Long":"30.364026, -97.724924","Infrastructure Quality":"L","Notes":"2 wood tables in shade, 1 broken ","LatNumber":30.364025999999999,"LongNumber":-97.724924000000001}},{"type":"Feature","id":265,"geometry":{"type":"Point","coordinates":[-97.726156999999944,30.364170000000058]},"properties":{"OBJECTID":265,"School ID":"Burnet","Feature ID":"15","Type":"Bench 1 ","Lat/Long":"30.364170, -97.726157","Infrastructure Quality":"H","Notes":"Cluster of 6 limestone blocka ","LatNumber":30.364170000000001,"LongNumber":-97.726157000000001}},{"type":"Feature","id":266,"geometry":{"type":"Point","coordinates":[-97.726009999999974,30.364017000000047]},"properties":{"OBJECTID":266,"School ID":"Burnet","Feature ID":"16","Type":"Bench 2","Lat/Long":"30.364017, -97.726010","Infrastructure Quality":"M","Notes":"2 limestone blocks ","LatNumber":30.364017,"LongNumber":-97.726010000000002}},{"type":"Feature","id":267,"geometry":{"type":"Point","coordinates":[-97.725378999999975,30.36362900000006]},"properties":{"OBJECTID":267,"School ID":"Burnet","Feature ID":"17","Type":"Lawn1","Lat/Long":"30.363629, -97.725379","Infrastructure Quality":"H","Notes":null,"LatNumber":30.363629,"LongNumber":-97.725379000000004}},{"type":"Feature","id":268,"geometry":{"type":"Point","coordinates":[-97.725682999999947,30.363835000000051]},"properties":{"OBJECTID":268,"School ID":"Burnet","Feature ID":"18","Type":"Lawn2","Lat/Long":"30.363835, -97.725683","Infrastructure Quality":"H","Notes":null,"LatNumber":30.363835000000002,"LongNumber":-97.725683000000004}},{"type":"Feature","id":269,"geometry":{"type":"Point","coordinates":[-97.724123999999961,30.36465000000004]},"properties":{"OBJECTID":269,"School ID":"Burnet","Feature ID":"19","Type":"Basketball court","Lat/Long":"30.364650, -97.724124","Infrastructure Quality":"H","Notes":"rims overused, and grass overgrown on court, no shade ","LatNumber":30.364650000000001,"LongNumber":-97.724124000000003}},{"type":"Feature","id":270,"geometry":{"type":"Point","coordinates":[-97.72473599999995,30.365838000000053]},"properties":{"OBJECTID":270,"School ID":"Burnet","Feature ID":"20","Type":"Track","Lat/Long":"30.365838, -97.724736","Infrastructure Quality":"H","Notes":null,"LatNumber":30.365838,"LongNumber":-97.724735999999993}},{"type":"Feature","id":271,"geometry":{"type":"Point","coordinates":[-97.725769999999955,30.363601000000074]},"properties":{"OBJECTID":271,"School ID":"Burnet","Feature ID":"21","Type":"Bike Rack ","Lat/Long":"30.363601, -97.725770","Infrastructure Quality":"H","Notes":null,"LatNumber":30.363600999999999,"LongNumber":-97.725769999999997}},{"type":"Feature","id":272,"geometry":{"type":"Point","coordinates":[-97.726243999999951,30.363942000000065]},"properties":{"OBJECTID":272,"School ID":"Burnet","Feature ID":"22","Type":"Outdoor Classroom","Lat/Long":"30.363942, -97.726244","Infrastructure Quality":"M","Notes":"featuring solar panels, and several built in benches, has educational posters plastered on structure wall ","LatNumber":30.363942000000002,"LongNumber":-97.726243999999994}},{"type":"Feature","id":273,"geometry":{"type":"Point","coordinates":[-97.726243999999951,30.363942000000065]},"properties":{"OBJECTID":273,"School ID":"Burnet","Feature ID":"23","Type":"Solar ","Lat/Long":"30.363942, -97.726244","Infrastructure Quality":"N/A","Notes":"roof of outdoor classroom ","LatNumber":30.363942000000002,"LongNumber":-97.726243999999994}},{"type":"Feature","id":274,"geometry":{"type":"Point","coordinates":[-97.725276999999949,30.364521000000025]},"properties":{"OBJECTID":274,"School ID":"Burnet","Feature ID":"24","Type":"Produce Garden 1","Lat/Long":"30.364521, -97.725277","Infrastructure Quality":"M","Notes":null,"LatNumber":30.364521,"LongNumber":-97.725277000000006}},{"type":"Feature","id":275,"geometry":{"type":"Point","coordinates":[-97.725124999999991,30.364558000000045]},"properties":{"OBJECTID":275,"School ID":"Burnet","Feature ID":"25","Type":"Produce Garden 2","Lat/Long":"30.364558, -97.725125","Infrastructure Quality":"M","Notes":"outside of larger fenced area around garden 1 ","LatNumber":30.364557999999999,"LongNumber":-97.725125000000006}},{"type":"Feature","id":276,"geometry":{"type":"Point","coordinates":[-97.725003999999956,30.36493100000007]},"properties":{"OBJECTID":276,"School ID":"Burnet","Feature ID":"26","Type":"Other","Lat/Long":"30.364931, -97.725004","Infrastructure Quality":"N/A","Notes":"Trough ","LatNumber":30.364930999999999,"LongNumber":-97.725003999999998}},{"type":"Feature","id":277,"geometry":{"type":"Point","coordinates":[-97.704562999999951,30.378116000000034]},"properties":{"OBJECTID":277,"School ID":"Cook","Feature ID":"1","Type":"Art 1","Lat/Long":"30.378116, -97.704563","Infrastructure Quality":"H","Notes":"Mural on building","LatNumber":30.378115999999999,"LongNumber":-97.704562999999993}},{"type":"Feature","id":278,"geometry":{"type":"Point","coordinates":[-97.704387999999938,30.377750000000049]},"properties":{"OBJECTID":278,"School ID":"Cook","Feature ID":"2","Type":"Art 2","Lat/Long":"30.377750, -97.704388","Infrastructure Quality":"L","Notes":"Alphabet centipede on ground","LatNumber":30.377749999999999,"LongNumber":-97.704387999999994}},{"type":"Feature","id":279,"geometry":{"type":"Point","coordinates":[-97.705516999999986,30.378226000000041]},"properties":{"OBJECTID":279,"School ID":"Cook","Feature ID":"3","Type":"Basketball","Lat/Long":"30.378226, -97.705517","Infrastructure Quality":"H","Notes":"2 nets, has shade","LatNumber":30.378226000000002,"LongNumber":-97.705517}},{"type":"Feature","id":280,"geometry":{"type":"Point","coordinates":[-97.70581999999996,30.378079000000071]},"properties":{"OBJECTID":280,"School ID":"Cook","Feature ID":"4","Type":"Bench 1","Lat/Long":"30.378079, -97.705820","Infrastructure Quality":"H","Notes":"1 limestone block","LatNumber":30.378079,"LongNumber":-97.705820000000003}},{"type":"Feature","id":281,"geometry":{"type":"Point","coordinates":[-97.705780999999945,30.377916000000027]},"properties":{"OBJECTID":281,"School ID":"Cook","Feature ID":"5","Type":"Bench 2","Lat/Long":"30.377916, -97.705781","Infrastructure Quality":"H","Notes":"3 limestone block","LatNumber":30.377915999999999,"LongNumber":-97.705781000000002}},{"type":"Feature","id":282,"geometry":{"type":"Point","coordinates":[-97.705128999999943,30.378045000000043]},"properties":{"OBJECTID":282,"School ID":"Cook","Feature ID":"6","Type":"Bench 3","Lat/Long":"30.378045, -97.705129","Infrastructure Quality":"H","Notes":"2 red plastic bucket seats","LatNumber":30.378045,"LongNumber":-97.705128999999999}},{"type":"Feature","id":283,"geometry":{"type":"Point","coordinates":[-97.704626999999959,30.378176000000053]},"properties":{"OBJECTID":283,"School ID":"Cook","Feature ID":"7","Type":"Bench 4","Lat/Long":"30.378176, -97.704627","Infrastructure Quality":"H","Notes":"4 red plastic","LatNumber":30.378176,"LongNumber":-97.704627000000002}},{"type":"Feature","id":284,"geometry":{"type":"Point","coordinates":[-97.704248999999948,30.377642000000037]},"properties":{"OBJECTID":284,"School ID":"Cook","Feature ID":"8","Type":"Bench 5","Lat/Long":"30.377642, -97.704249","Infrastructure Quality":"H","Notes":"3 limestone blocks","LatNumber":30.377642000000002,"LongNumber":-97.704249000000004}},{"type":"Feature","id":285,"geometry":{"type":"Point","coordinates":[-97.704113999999947,30.37759200000005]},"properties":{"OBJECTID":285,"School ID":"Cook","Feature ID":"9","Type":"Bench 6","Lat/Long":"30.377592, -97.704114","Infrastructure Quality":"H","Notes":"2 limestone blocks","LatNumber":30.377592,"LongNumber":-97.704114000000004}},{"type":"Feature","id":286,"geometry":{"type":"Point","coordinates":[-97.704160999999942,30.377882000000056]},"properties":{"OBJECTID":286,"School ID":"Cook","Feature ID":"10","Type":"Bench 7","Lat/Long":"30.377882, -97.704161","Infrastructure Quality":"H","Notes":"3 limestone blocks under tree","LatNumber":30.377882,"LongNumber":-97.704160999999999}},{"type":"Feature","id":287,"geometry":{"type":"Point","coordinates":[-97.705555999999945,30.377984000000026]},"properties":{"OBJECTID":287,"School ID":"Cook","Feature ID":"11","Type":"Berm/Swale","Lat/Long":"30.377984, -97.705556","Infrastructure Quality":"H","Notes":"Holding water after rain","LatNumber":30.377984000000001,"LongNumber":-97.705556000000001}},{"type":"Feature","id":288,"geometry":{"type":"Point","coordinates":[-97.704906999999992,30.378731000000073]},"properties":{"OBJECTID":288,"School ID":"Cook","Feature ID":"12","Type":"Bike Rack 1","Lat/Long":"30.378731, -97.704907","Infrastructure Quality":"H","Notes":"Looks new, very long","LatNumber":30.378730999999998,"LongNumber":-97.704907000000006}},{"type":"Feature","id":289,"geometry":{"type":"Point","coordinates":[-97.704234999999983,30.37786200000005]},"properties":{"OBJECTID":289,"School ID":"Cook","Feature ID":"13","Type":"Bike Rack 2","Lat/Long":"30.377862, -97.704235","Infrastructure Quality":"L","Notes":"Crappy","LatNumber":30.377862,"LongNumber":-97.704234999999997}},{"type":"Feature","id":290,"geometry":{"type":"Point","coordinates":[-97.704013999999972,30.377022000000068]},"properties":{"OBJECTID":290,"School ID":"Cook","Feature ID":"14","Type":"Field 1","Lat/Long":"30.377022, -97.704014","Infrastructure Quality":"M","Notes":"2 small soccer goals","LatNumber":30.377022,"LongNumber":-97.704014000000001}},{"type":"Feature","id":291,"geometry":{"type":"Point","coordinates":[-97.704950999999937,30.376696000000038]},"properties":{"OBJECTID":291,"School ID":"Cook","Feature ID":"15","Type":"Field 2","Lat/Long":"30.376696, -97.704951","Infrastructure Quality":"M","Notes":"1 large soccer field","LatNumber":30.376695999999999,"LongNumber":-97.704950999999994}},{"type":"Feature","id":292,"geometry":{"type":"Point","coordinates":[-97.706032999999991,30.378223000000048]},"properties":{"OBJECTID":292,"School ID":"Cook","Feature ID":"16","Type":"Gaga Ball Pit","Lat/Long":"30.378223, -97.706033","Infrastructure Quality":"H","Notes":null,"LatNumber":30.378222999999998,"LongNumber":-97.706033000000005}},{"type":"Feature","id":293,"geometry":{"type":"Point","coordinates":[-97.704818999999986,30.377304000000038]},"properties":{"OBJECTID":293,"School ID":"Cook","Feature ID":"17","Type":"Habitat Garden 1","Lat/Long":"30.377304, -97.704819","Infrastructure Quality":"H","Notes":"3 limestone raised beds, some flowers present in one of the beds","LatNumber":30.377303999999999,"LongNumber":-97.704819000000001}},{"type":"Feature","id":294,"geometry":{"type":"Point","coordinates":[-97.705228999999974,30.378205000000037]},"properties":{"OBJECTID":294,"School ID":"Cook","Feature ID":"18","Type":"Habitat Garden 2","Lat/Long":"30.378205, -97.705229","Infrastructure Quality":"L","Notes":"7 wooden, full of weeds, in fenced garden area","LatNumber":30.378205000000001,"LongNumber":-97.705229000000003}},{"type":"Feature","id":295,"geometry":{"type":"Point","coordinates":[-97.705258999999955,30.378278000000023]},"properties":{"OBJECTID":295,"School ID":"Cook","Feature ID":"19","Type":"Habitat Garden 3","Lat/Long":"30.378278, -97.705259","Infrastructure Quality":"L","Notes":"wooden boarder","LatNumber":30.378278000000002,"LongNumber":-97.705258999999998}},{"type":"Feature","id":296,"geometry":{"type":"Point","coordinates":[-97.706051999999943,30.378406000000041]},"properties":{"OBJECTID":296,"School ID":"Cook","Feature ID":"20","Type":"Lawn 1","Lat/Long":"30.378406, -97.706052","Infrastructure Quality":"H","Notes":null,"LatNumber":30.378405999999998,"LongNumber":-97.706052}},{"type":"Feature","id":297,"geometry":{"type":"Point","coordinates":[-97.705663999999956,30.37781700000005]},"properties":{"OBJECTID":297,"School ID":"Cook","Feature ID":"21","Type":"Lawn 2","Lat/Long":"30.377817, -97.705664","Infrastructure Quality":"M","Notes":"Monopole construction in area","LatNumber":30.377817,"LongNumber":-97.705663999999999}},{"type":"Feature","id":298,"geometry":{"type":"Point","coordinates":[-97.704734999999971,30.37883800000003]},"properties":{"OBJECTID":298,"School ID":"Cook","Feature ID":"22","Type":"Lawn 3","Lat/Long":"30.378838, -97.704735","Infrastructure Quality":"H","Notes":null,"LatNumber":30.378837999999998,"LongNumber":-97.704734999999999}},{"type":"Feature","id":299,"geometry":{"type":"Point","coordinates":[-97.704363999999941,30.378603000000055]},"properties":{"OBJECTID":299,"School ID":"Cook","Feature ID":"23","Type":"Lawn 4","Lat/Long":"30.378603, -97.704364","Infrastructure Quality":"M","Notes":"At school entry","LatNumber":30.378602999999998,"LongNumber":-97.704363999999998}},{"type":"Feature","id":300,"geometry":{"type":"Point","coordinates":[-97.705723999999975,30.378337000000045]},"properties":{"OBJECTID":300,"School ID":"Cook","Feature ID":"24","Type":"Mutt Mitt Station","Lat/Long":"30.378337, -97.705724","Infrastructure Quality":"H","Notes":"PARD, has bags, needs sign","LatNumber":30.378336999999998,"LongNumber":-97.705724000000004}},{"type":"Feature","id":301,"geometry":{"type":"Point","coordinates":[-97.705889999999954,30.378445000000056]},"properties":{"OBJECTID":301,"School ID":"Cook","Feature ID":"25","Type":"Outdoor Classroom 1","Lat/Long":"30.378445, -97.705890","Infrastructure Quality":"M","Notes":"3 limstone blocks under tree","LatNumber":30.378444999999999,"LongNumber":-97.705889999999997}},{"type":"Feature","id":302,"geometry":{"type":"Point","coordinates":[-97.70481099999995,30.377469000000076]},"properties":{"OBJECTID":302,"School ID":"Cook","Feature ID":"26","Type":"Outdoor Classroom 2","Lat/Long":"30.377469, -97.704811","Infrastructure Quality":"H","Notes":"7 limstone blocks under tree","LatNumber":30.377469000000001,"LongNumber":-97.704811000000007}},{"type":"Feature","id":303,"geometry":{"type":"Point","coordinates":[-97.705290999999988,30.378363000000036]},"properties":{"OBJECTID":303,"School ID":"Cook","Feature ID":"27","Type":"Outdoor Classroom 3","Lat/Long":"30.378363, -97.705291","Infrastructure Quality":"M","Notes":"4 limestone blocks under tree","LatNumber":30.378363,"LongNumber":-97.705291000000003}},{"type":"Feature","id":304,"geometry":{"type":"Point","coordinates":[-97.704370999999981,30.378009000000077]},"properties":{"OBJECTID":304,"School ID":"Cook","Feature ID":"28","Type":"Outdoor Classroom 4","Lat/Long":"30.378009, -97.704371","Infrastructure Quality":"M","Notes":"12 stumps under tree, scattered","LatNumber":30.378008999999999,"LongNumber":-97.704370999999995}},{"type":"Feature","id":305,"geometry":{"type":"Point","coordinates":[-97.705850999999939,30.378175000000056]},"properties":{"OBJECTID":305,"School ID":"Cook","Feature ID":"29","Type":"Picnic table 1","Lat/Long":"30.378175, -97.705851","Infrastructure Quality":"H","Notes":"PARD, under tree","LatNumber":30.378174999999999,"LongNumber":-97.705850999999996}},{"type":"Feature","id":306,"geometry":{"type":"Point","coordinates":[-97.705855999999983,30.37789900000007]},"properties":{"OBJECTID":306,"School ID":"Cook","Feature ID":"30","Type":"Picnic table 2","Lat/Long":"30.377899, -97.705856","Infrastructure Quality":"H","Notes":"PARD, under tree","LatNumber":30.377898999999999,"LongNumber":-97.705855999999997}},{"type":"Feature","id":307,"geometry":{"type":"Point","coordinates":[-97.705103999999949,30.377979000000039]},"properties":{"OBJECTID":307,"School ID":"Cook","Feature ID":"31","Type":"Picnic table 3","Lat/Long":"30.377979, -97.705104","Infrastructure Quality":"H","Notes":"Red plastic","LatNumber":30.377979,"LongNumber":-97.705104000000006}},{"type":"Feature","id":308,"geometry":{"type":"Point","coordinates":[-97.705201999999986,30.378146000000072]},"properties":{"OBJECTID":308,"School ID":"Cook","Feature ID":"32","Type":"Picnic table 4","Lat/Long":"30.378146, -97.705202","Infrastructure Quality":"M","Notes":"2 painted wooden in fenced garden area (needs new fence)","LatNumber":30.378146000000001,"LongNumber":-97.705202}},{"type":"Feature","id":309,"geometry":{"type":"Point","coordinates":[-97.70545999999996,30.378305000000069]},"properties":{"OBJECTID":309,"School ID":"Cook","Feature ID":"33","Type":"Picnic table 5","Lat/Long":"30.378305, -97.705460","Infrastructure Quality":"M","Notes":"Corrugated metal","LatNumber":30.378305000000001,"LongNumber":-97.705460000000002}},{"type":"Feature","id":310,"geometry":{"type":"Point","coordinates":[-97.70461899999998,30.378400000000056]},"properties":{"OBJECTID":310,"School ID":"Cook","Feature ID":"34","Type":"Picnic table 6","Lat/Long":"30.378400, -97.704619","Infrastructure Quality":"M","Notes":"10 wooden painted tables, moved around due to construction","LatNumber":30.378399999999999,"LongNumber":-97.704618999999994}},{"type":"Feature","id":311,"geometry":{"type":"Point","coordinates":[-97.70452199999994,30.378220000000056]},"properties":{"OBJECTID":311,"School ID":"Cook","Feature ID":"35","Type":"Picnic table 7","Lat/Long":"30.378220, -97.704522","Infrastructure Quality":"H","Notes":"5 large plastic","LatNumber":30.378219999999999,"LongNumber":-97.704521999999997}},{"type":"Feature","id":312,"geometry":{"type":"Point","coordinates":[-97.70434199999994,30.377691000000027]},"properties":{"OBJECTID":312,"School ID":"Cook","Feature ID":"36","Type":"Picnic table 8","Lat/Long":"30.377691, -97.704342","Infrastructure Quality":"M","Notes":"2 wooden painted","LatNumber":30.377690999999999,"LongNumber":-97.704341999999997}},{"type":"Feature","id":313,"geometry":{"type":"Point","coordinates":[-97.705711999999949,30.377999000000045]},"properties":{"OBJECTID":313,"School ID":"Cook","Feature ID":"37","Type":"Playground 1","Lat/Long":"30.377999, -97.705712","Infrastructure Quality":"H","Notes":"5-12 playscape + 4 swings (1ADA)","LatNumber":30.377998999999999,"LongNumber":-97.705712000000005}},{"type":"Feature","id":314,"geometry":{"type":"Point","coordinates":[-97.704023999999947,30.377658000000054]},"properties":{"OBJECTID":314,"School ID":"Cook","Feature ID":"38","Type":"Playground 2","Lat/Long":"30.377658, -97.704024","Infrastructure Quality":"M","Notes":"2-5 swings, 4 with one ADA","LatNumber":30.377658,"LongNumber":-97.704024000000004}},{"type":"Feature","id":315,"geometry":{"type":"Point","coordinates":[-97.704174999999964,30.37772300000006]},"properties":{"OBJECTID":315,"School ID":"Cook","Feature ID":"39","Type":"Playground 3","Lat/Long":"30.377723, -97.704175","Infrastructure Quality":"H","Notes":"2-5 playscape","LatNumber":30.377723,"LongNumber":-97.704175000000006}},{"type":"Feature","id":316,"geometry":{"type":"Point","coordinates":[-97.705182999999977,30.378128000000061]},"properties":{"OBJECTID":316,"School ID":"Cook","Feature ID":"40","Type":"Produce Garden","Lat/Long":"30.378128, -97.705183","Infrastructure Quality":"M","Notes":"4 wooden beds with produce growing","LatNumber":30.378128,"LongNumber":-97.705183000000005}},{"type":"Feature","id":317,"geometry":{"type":"Point","coordinates":[-97.705516999999986,30.378226000000041]},"properties":{"OBJECTID":317,"School ID":"Cook","Feature ID":"41","Type":"Shade Structure","Lat/Long":"30.378226, -97.705517","Infrastructure Quality":"H","Notes":"Over basketball court","LatNumber":30.378226000000002,"LongNumber":-97.705517}},{"type":"Feature","id":318,"geometry":{"type":"Point","coordinates":[-97.705429999999978,30.377611000000059]},"properties":{"OBJECTID":318,"School ID":"Cook","Feature ID":"42","Type":"Shed 1","Lat/Long":"30.377611, -97.705430","Infrastructure Quality":"M","Notes":"Wasps, locked, old temperature gage","LatNumber":30.377611000000002,"LongNumber":-97.705430000000007}},{"type":"Feature","id":319,"geometry":{"type":"Point","coordinates":[-97.704947999999945,30.377337000000068]},"properties":{"OBJECTID":319,"School ID":"Cook","Feature ID":"43","Type":"Shed 2","Lat/Long":"30.377337, -97.704948","Infrastructure Quality":"M","Notes":"New lock, shipping container with roof","LatNumber":30.377337000000001,"LongNumber":-97.704948000000002}},{"type":"Feature","id":320,"geometry":{"type":"Point","coordinates":[-97.704175999999961,30.377428000000066]},"properties":{"OBJECTID":320,"School ID":"Cook","Feature ID":"44","Type":"Shed 3","Lat/Long":"30.377428, -97.704176","Infrastructure Quality":"M","Notes":null,"LatNumber":30.377427999999998,"LongNumber":-97.704176000000004}},{"type":"Feature","id":321,"geometry":{"type":"Point","coordinates":[-97.704660999999987,30.376813000000027]},"properties":{"OBJECTID":321,"School ID":"Cook","Feature ID":"45","Type":"Track","Lat/Long":"30.376813, -97.704661","Infrastructure Quality":"L","Notes":"Pea gravel","LatNumber":30.376812999999999,"LongNumber":-97.704661000000002}},{"type":"Feature","id":322,"geometry":{"type":"Point","coordinates":[-97.705723999999975,30.378337000000045]},"properties":{"OBJECTID":322,"School ID":"Cook","Feature ID":"46","Type":"Waste receptacles 1","Lat/Long":"30.378337, -97.705724","Infrastructure Quality":"H","Notes":"PARD, 1 trash, 1 recycle","LatNumber":30.378336999999998,"LongNumber":-97.705724000000004}},{"type":"Feature","id":323,"geometry":{"type":"Point","coordinates":[-97.705727999999965,30.378163000000029]},"properties":{"OBJECTID":323,"School ID":"Cook","Feature ID":"47","Type":"Waste receptacles 2","Lat/Long":"30.378163, -97.705728","Infrastructure Quality":"H","Notes":"PARD, 1 trash, 1 recycle","LatNumber":30.378163000000001,"LongNumber":-97.705727999999993}},{"type":"Feature","id":324,"geometry":{"type":"Point","coordinates":[-97.705715999999939,30.378122000000076]},"properties":{"OBJECTID":324,"School ID":"Cook","Feature ID":"48","Type":"Water fountain","Lat/Long":"30.378122, -97.705716","Infrastructure Quality":"M","Notes":"Not working, possibly due to construction","LatNumber":30.378122000000001,"LongNumber":-97.705715999999995}},{"type":"Feature","id":325,"geometry":{"type":"Point","coordinates":[-97.796981999999957,30.213976000000059]},"properties":{"OBJECTID":325,"School ID":"Crockett","Feature ID":"1","Type":"Bench 1","Lat/Long":"30.213976, -97.796982","Infrastructure Quality":"H","Notes":"Wooden; high use ","LatNumber":30.213975999999999,"LongNumber":-97.796982}},{"type":"Feature","id":326,"geometry":{"type":"Point","coordinates":[-97.796981999999957,30.213976000000059]},"properties":{"OBJECTID":326,"School ID":"Crockett","Feature ID":"2","Type":"Bench 2","Lat/Long":"30.213976, -97.796982","Infrastructure Quality":"H","Notes":"Wooden; high use ","LatNumber":30.213975999999999,"LongNumber":-97.796982}},{"type":"Feature","id":327,"geometry":{"type":"Point","coordinates":[-97.796981999999957,30.213976000000059]},"properties":{"OBJECTID":327,"School ID":"Crockett","Feature ID":"3","Type":"Bench 3","Lat/Long":"30.213976, -97.796982","Infrastructure Quality":"H","Notes":"Wooden; high use ","LatNumber":30.213975999999999,"LongNumber":-97.796982}},{"type":"Feature","id":328,"geometry":{"type":"Point","coordinates":[-97.796981999999957,30.213976000000059]},"properties":{"OBJECTID":328,"School ID":"Crockett","Feature ID":"4","Type":"Bench 4","Lat/Long":"30.213976, -97.796982","Infrastructure Quality":"H","Notes":"Metal; high use","LatNumber":30.213975999999999,"LongNumber":-97.796982}},{"type":"Feature","id":329,"geometry":{"type":"Point","coordinates":[-97.796981999999957,30.213976000000059]},"properties":{"OBJECTID":329,"School ID":"Crockett","Feature ID":"5","Type":"Bench 5","Lat/Long":"30.213976, -97.796982","Infrastructure Quality":"H","Notes":"Metal; high use","LatNumber":30.213975999999999,"LongNumber":-97.796982}},{"type":"Feature","id":330,"geometry":{"type":"Point","coordinates":[-97.796981999999957,30.213976000000059]},"properties":{"OBJECTID":330,"School ID":"Crockett","Feature ID":"6","Type":"Bench 6","Lat/Long":"30.213976, -97.796982","Infrastructure Quality":"H","Notes":"Metal; high use","LatNumber":30.213975999999999,"LongNumber":-97.796982}},{"type":"Feature","id":331,"geometry":{"type":"Point","coordinates":[-97.796981999999957,30.213976000000059]},"properties":{"OBJECTID":331,"School ID":"Crockett","Feature ID":"7","Type":"Bench 7","Lat/Long":"30.213976, -97.796982","Infrastructure Quality":"H","Notes":"Metal; high use","LatNumber":30.213975999999999,"LongNumber":-97.796982}},{"type":"Feature","id":332,"geometry":{"type":"Point","coordinates":[-97.796981999999957,30.213976000000059]},"properties":{"OBJECTID":332,"School ID":"Crockett","Feature ID":"8","Type":"Bench 8","Lat/Long":"30.213976, -97.796982","Infrastructure Quality":"H","Notes":"Concrete; high use ","LatNumber":30.213975999999999,"LongNumber":-97.796982}},{"type":"Feature","id":333,"geometry":{"type":"Point","coordinates":[-97.796981999999957,30.213976000000059]},"properties":{"OBJECTID":333,"School ID":"Crockett","Feature ID":"9","Type":"Bench 9","Lat/Long":"30.213976, -97.796982","Infrastructure Quality":"H","Notes":"Concrete; high use ","LatNumber":30.213975999999999,"LongNumber":-97.796982}},{"type":"Feature","id":334,"geometry":{"type":"Point","coordinates":[-97.796981999999957,30.213976000000059]},"properties":{"OBJECTID":334,"School ID":"Crockett","Feature ID":"10","Type":"Bench 10","Lat/Long":"30.213976, -97.796982","Infrastructure Quality":"H","Notes":"Concrete; high use ","LatNumber":30.213975999999999,"LongNumber":-97.796982}},{"type":"Feature","id":335,"geometry":{"type":"Point","coordinates":[-97.796981999999957,30.213976000000059]},"properties":{"OBJECTID":335,"School ID":"Crockett","Feature ID":"11","Type":"Bench 11","Lat/Long":"30.213976, -97.796982","Infrastructure Quality":"H","Notes":"Concrete; high use ","LatNumber":30.213975999999999,"LongNumber":-97.796982}},{"type":"Feature","id":336,"geometry":{"type":"Point","coordinates":[-97.796981999999957,30.213976000000059]},"properties":{"OBJECTID":336,"School ID":"Crockett","Feature ID":"12","Type":"Bench 12","Lat/Long":"30.213976, -97.796982","Infrastructure Quality":"H","Notes":"Concrete; high use ","LatNumber":30.213975999999999,"LongNumber":-97.796982}},{"type":"Feature","id":337,"geometry":{"type":"Point","coordinates":[-97.796981999999957,30.213976000000059]},"properties":{"OBJECTID":337,"School ID":"Crockett","Feature ID":"13","Type":"Bench 13","Lat/Long":"30.213976, -97.796982","Infrastructure Quality":"H","Notes":"Concrete; high use ","LatNumber":30.213975999999999,"LongNumber":-97.796982}},{"type":"Feature","id":338,"geometry":{"type":"Point","coordinates":[-97.796981999999957,30.213976000000059]},"properties":{"OBJECTID":338,"School ID":"Crockett","Feature ID":"14","Type":"Bench 14","Lat/Long":"30.213976, -97.796982","Infrastructure Quality":"H","Notes":"Concrete; high use ","LatNumber":30.213975999999999,"LongNumber":-97.796982}},{"type":"Feature","id":339,"geometry":{"type":"Point","coordinates":[-97.796981999999957,30.213976000000059]},"properties":{"OBJECTID":339,"School ID":"Crockett","Feature ID":"15","Type":"Bench 15","Lat/Long":"30.213976, -97.796982","Infrastructure Quality":"H","Notes":"Concrete; high use ","LatNumber":30.213975999999999,"LongNumber":-97.796982}},{"type":"Feature","id":340,"geometry":{"type":"Point","coordinates":[-97.796981999999957,30.213976000000059]},"properties":{"OBJECTID":340,"School ID":"Crockett","Feature ID":"16","Type":"Bench 16","Lat/Long":"30.213976, -97.796982","Infrastructure Quality":"H","Notes":"Concrete; high use ","LatNumber":30.213975999999999,"LongNumber":-97.796982}},{"type":"Feature","id":341,"geometry":{"type":"Point","coordinates":[-97.796981999999957,30.213976000000059]},"properties":{"OBJECTID":341,"School ID":"Crockett","Feature ID":"17","Type":"Bench 17","Lat/Long":"30.213976, -97.796982","Infrastructure Quality":"H","Notes":"Concrete; high use ","LatNumber":30.213975999999999,"LongNumber":-97.796982}},{"type":"Feature","id":342,"geometry":{"type":"Point","coordinates":[-97.797222999999974,30.214505000000031]},"properties":{"OBJECTID":342,"School ID":"Crockett","Feature ID":"18","Type":"Bench 18","Lat/Long":"30.214505, -97.797223","Infrastructure Quality":"H","Notes":"Metal; high use","LatNumber":30.214504999999999,"LongNumber":-97.797223000000002}},{"type":"Feature","id":343,"geometry":{"type":"Point","coordinates":[-97.796265999999946,30.213688000000047]},"properties":{"OBJECTID":343,"School ID":"Crockett","Feature ID":"19","Type":"Bench 19","Lat/Long":"30.213688, -97.796266","Infrastructure Quality":"H","Notes":"Metal; high use","LatNumber":30.213688000000001,"LongNumber":-97.796266000000003}},{"type":"Feature","id":344,"geometry":{"type":"Point","coordinates":[-97.795926999999949,30.213439000000051]},"properties":{"OBJECTID":344,"School ID":"Crockett","Feature ID":"20","Type":"Bench 20","Lat/Long":"30.213439, -97.795927","Infrastructure Quality":"H","Notes":"Metal; high use","LatNumber":30.213439000000001,"LongNumber":-97.795927000000006}},{"type":"Feature","id":345,"geometry":{"type":"Point","coordinates":[-97.79841399999998,30.213498000000072]},"properties":{"OBJECTID":345,"School ID":"Crockett","Feature ID":"21","Type":"Bench 21","Lat/Long":"30.213498, -97.798414","Infrastructure Quality":"H","Notes":"Metal bleachers; Medium use","LatNumber":30.213498000000001,"LongNumber":-97.798413999999994}},{"type":"Feature","id":346,"geometry":{"type":"Point","coordinates":[-97.79841399999998,30.213498000000072]},"properties":{"OBJECTID":346,"School ID":"Crockett","Feature ID":"22","Type":"Bench 22","Lat/Long":"30.213498, -97.798414","Infrastructure Quality":"H","Notes":"Metal bleachers; Medium use","LatNumber":30.213498000000001,"LongNumber":-97.798413999999994}},{"type":"Feature","id":347,"geometry":{"type":"Point","coordinates":[-97.798357999999951,30.21401000000003]},"properties":{"OBJECTID":347,"School ID":"Crockett","Feature ID":"23","Type":"Bench 23","Lat/Long":"30.214010, -97.798358","Infrastructure Quality":"M","Notes":"Wooden bench; Medium use","LatNumber":30.214009999999998,"LongNumber":-97.798357999999993}},{"type":"Feature","id":348,"geometry":{"type":"Point","coordinates":[-97.797865999999942,30.214015000000074]},"properties":{"OBJECTID":348,"School ID":"Crockett","Feature ID":"24","Type":"Bench 24","Lat/Long":"30.214015, -97.797866","Infrastructure Quality":"H","Notes":"Limestone block bench; High use","LatNumber":30.214015,"LongNumber":-97.797865999999999}},{"type":"Feature","id":349,"geometry":{"type":"Point","coordinates":[-97.797865999999942,30.214015000000074]},"properties":{"OBJECTID":349,"School ID":"Crockett","Feature ID":"25","Type":"Bench 25","Lat/Long":"30.214015, -97.797866","Infrastructure Quality":"H","Notes":"Limestone block bench; High use","LatNumber":30.214015,"LongNumber":-97.797865999999999}},{"type":"Feature","id":350,"geometry":{"type":"Point","coordinates":[-97.797865999999942,30.214015000000074]},"properties":{"OBJECTID":350,"School ID":"Crockett","Feature ID":"26","Type":"Bench 26","Lat/Long":"30.214015, -97.797866","Infrastructure Quality":"H","Notes":"Limestone block bench; High use","LatNumber":30.214015,"LongNumber":-97.797865999999999}},{"type":"Feature","id":351,"geometry":{"type":"Point","coordinates":[-97.797865999999942,30.214015000000074]},"properties":{"OBJECTID":351,"School ID":"Crockett","Feature ID":"27","Type":"Bench 27","Lat/Long":"30.214015, -97.797866","Infrastructure Quality":"H","Notes":"Limestone block bench; High use","LatNumber":30.214015,"LongNumber":-97.797865999999999}},{"type":"Feature","id":352,"geometry":{"type":"Point","coordinates":[-97.797865999999942,30.214015000000074]},"properties":{"OBJECTID":352,"School ID":"Crockett","Feature ID":"28","Type":"Bench 28","Lat/Long":"30.214015, -97.797866","Infrastructure Quality":"H","Notes":"Limestone block bench; High use","LatNumber":30.214015,"LongNumber":-97.797865999999999}},{"type":"Feature","id":353,"geometry":{"type":"Point","coordinates":[-97.797865999999942,30.214015000000074]},"properties":{"OBJECTID":353,"School ID":"Crockett","Feature ID":"29","Type":"Bench 29","Lat/Long":"30.214015, -97.797866","Infrastructure Quality":"H","Notes":"Limestone block bench; High use","LatNumber":30.214015,"LongNumber":-97.797865999999999}},{"type":"Feature","id":354,"geometry":{"type":"Point","coordinates":[-97.797865999999942,30.214015000000074]},"properties":{"OBJECTID":354,"School ID":"Crockett","Feature ID":"30","Type":"Bench 30","Lat/Long":"30.214015, -97.797866","Infrastructure Quality":"H","Notes":"Limestone block bench; High use","LatNumber":30.214015,"LongNumber":-97.797865999999999}},{"type":"Feature","id":355,"geometry":{"type":"Point","coordinates":[-97.796052999999972,30.213725000000068]},"properties":{"OBJECTID":355,"School ID":"Crockett","Feature ID":"31","Type":"Bike Rack 1","Lat/Long":"30.213725, -97.796053","Infrastructure Quality":"M","Notes":"Metal; medium use","LatNumber":30.213725,"LongNumber":-97.796053000000001}},{"type":"Feature","id":356,"geometry":{"type":"Point","coordinates":[-97.79571199999998,30.213394000000051]},"properties":{"OBJECTID":356,"School ID":"Crockett","Feature ID":"32","Type":"Bike Rack 2","Lat/Long":"30.213394, -97.795712","Infrastructure Quality":"H","Notes":"Metal; low use","LatNumber":30.213394000000001,"LongNumber":-97.795711999999995}},{"type":"Feature","id":357,"geometry":{"type":"Point","coordinates":[-97.795079999999984,30.212777000000074]},"properties":{"OBJECTID":357,"School ID":"Crockett","Feature ID":"33","Type":"Field 1","Lat/Long":"30.212777, -97.795080","Infrastructure Quality":"H","Notes":"Track Field; High use","LatNumber":30.212776999999999,"LongNumber":-97.795079999999999}},{"type":"Feature","id":358,"geometry":{"type":"Point","coordinates":[-97.795672999999965,30.211710000000039]},"properties":{"OBJECTID":358,"School ID":"Crockett","Feature ID":"34","Type":"Field 2","Lat/Long":"30.211710, -97.795673","Infrastructure Quality":"M","Notes":"Soccer; Low use","LatNumber":30.21171,"LongNumber":-97.795672999999994}},{"type":"Feature","id":359,"geometry":{"type":"Point","coordinates":[-97.796428999999989,30.21214800000007]},"properties":{"OBJECTID":359,"School ID":"Crockett","Feature ID":"35","Type":"Field 3","Lat/Long":"30.212148, -97.796429","Infrastructure Quality":"H","Notes":"Baseball; High use","LatNumber":30.212147999999999,"LongNumber":-97.796429000000003}},{"type":"Feature","id":360,"geometry":{"type":"Point","coordinates":[-97.79748399999994,30.212423000000058]},"properties":{"OBJECTID":360,"School ID":"Crockett","Feature ID":"36","Type":"Field 4","Lat/Long":"30.212423, -97.797484","Infrastructure Quality":"H","Notes":"Softball; High use","LatNumber":30.212423000000001,"LongNumber":-97.797483999999997}},{"type":"Feature","id":361,"geometry":{"type":"Point","coordinates":[-97.798574999999971,30.213230000000067]},"properties":{"OBJECTID":361,"School ID":"Crockett","Feature ID":"37","Type":"Field 5","Lat/Long":"30.213230, -97.798575","Infrastructure Quality":"H","Notes":"Tennis Court ; High Use ","LatNumber":30.213229999999999,"LongNumber":-97.798575}},{"type":"Feature","id":362,"geometry":{"type":"Point","coordinates":[-97.797829999999976,30.214934000000028]},"properties":{"OBJECTID":362,"School ID":"Crockett","Feature ID":"38","Type":"Field 6","Lat/Long":"30.214934, -97.797830","Infrastructure Quality":"H","Notes":"Low to Medium Use ","LatNumber":30.214934,"LongNumber":-97.797830000000005}},{"type":"Feature","id":363,"geometry":{"type":"Point","coordinates":[-97.796068999999989,30.212631000000044]},"properties":{"OBJECTID":363,"School ID":"Crockett","Feature ID":"39","Type":"Lawn","Lat/Long":"30.212631, -97.796069","Infrastructure Quality":"M","Notes":"Open space, Medium Use ","LatNumber":30.212630999999998,"LongNumber":-97.796069000000003}},{"type":"Feature","id":364,"geometry":{"type":"Point","coordinates":[-97.796919999999943,30.214641000000029]},"properties":{"OBJECTID":364,"School ID":"Crockett","Feature ID":"40","Type":"Nature Trail 1","Lat/Long":"30.214641, -97.796920","Infrastructure Quality":"H","Notes":"Gravel trail with stone edge leading to school doors","LatNumber":30.214641,"LongNumber":-97.79692}},{"type":"Feature","id":365,"geometry":{"type":"Point","coordinates":[-97.798100999999974,30.212685000000079]},"properties":{"OBJECTID":365,"School ID":"Crockett","Feature ID":"41","Type":"Nature Trail 2","Lat/Long":"30.212685, -97.798101","Infrastructure Quality":"M","Notes":"Gravel trail leading to school. Medium Use","LatNumber":30.212685,"LongNumber":-97.798101000000003}},{"type":"Feature","id":366,"geometry":{"type":"Point","coordinates":[-97.798131999999953,30.214106000000072]},"properties":{"OBJECTID":366,"School ID":"Crockett","Feature ID":"42","Type":"Nature Trail 3","Lat/Long":"30.214106, -97.798132","Infrastructure Quality":"H","Notes":"Gravel trail leading to classroom; Medium Use","LatNumber":30.214106000000001,"LongNumber":-97.798131999999995}},{"type":"Feature","id":367,"geometry":{"type":"Point","coordinates":[-97.797523999999953,30.215014000000053]},"properties":{"OBJECTID":367,"School ID":"Crockett","Feature ID":"43","Type":"Nature Trail 4","Lat/Long":"30.215014, -97.797524","Infrastructure Quality":"M","Notes":"Gravel trail leading to classroom; High Use","LatNumber":30.215014,"LongNumber":-97.797523999999996}},{"type":"Feature","id":368,"geometry":{"type":"Point","coordinates":[-97.797032999999942,30.213955000000055]},"properties":{"OBJECTID":368,"School ID":"Crockett","Feature ID":"44","Type":"Other 1","Lat/Long":"30.213955, -97.797033","Infrastructure Quality":"H","Notes":"Couryard. High Use, 13 wooden picnic tables, 3 wooden benches, 4 metal benches","LatNumber":30.213954999999999,"LongNumber":-97.797032999999999}},{"type":"Feature","id":369,"geometry":{"type":"Point","coordinates":[-97.794961999999941,30.213434000000063]},"properties":{"OBJECTID":369,"School ID":"Crockett","Feature ID":"45","Type":"Other 2","Lat/Long":"30.213434, -97.794962","Infrastructure Quality":"H","Notes":"Concession stand next to track/field. High Use.","LatNumber":30.213433999999999,"LongNumber":-97.794961999999998}},{"type":"Feature","id":370,"geometry":{"type":"Point","coordinates":[-97.795493999999962,30.213146000000052]},"properties":{"OBJECTID":370,"School ID":"Crockett","Feature ID":"46","Type":"Other 3","Lat/Long":"30.213146, -97.795494","Infrastructure Quality":"L","Notes":"Platform structure next to track/field. Medium Use.","LatNumber":30.213145999999998,"LongNumber":-97.795494000000005}},{"type":"Feature","id":371,"geometry":{"type":"Point","coordinates":[-97.796696999999938,30.212734000000069]},"properties":{"OBJECTID":371,"School ID":"Crockett","Feature ID":"47","Type":"Other 4","Lat/Long":"30.212734, -97.796697","Infrastructure Quality":"L","Notes":"Batting Net. Low Use.","LatNumber":30.212734000000001,"LongNumber":-97.796696999999995}},{"type":"Feature","id":372,"geometry":{"type":"Point","coordinates":[-97.797366999999952,30.211876000000075]},"properties":{"OBJECTID":372,"School ID":"Crockett","Feature ID":"48","Type":"Other 5","Lat/Long":"30.211876, -97.797367","Infrastructure Quality":"M","Notes":"Concession Stand. High Use.","LatNumber":30.211876,"LongNumber":-97.797366999999994}},{"type":"Feature","id":373,"geometry":{"type":"Point","coordinates":[-97.797624999999982,30.214030000000037]},"properties":{"OBJECTID":373,"School ID":"Crockett","Feature ID":"49","Type":"Other 6","Lat/Long":"30.214030, -97.797625","Infrastructure Quality":"L","Notes":"High use railing that students are using for a bike rack. Install more racks in this area","LatNumber":30.214030000000001,"LongNumber":-97.797624999999996}},{"type":"Feature","id":374,"geometry":{"type":"Point","coordinates":[-97.797879999999964,30.214597000000026]},"properties":{"OBJECTID":374,"School ID":"Crockett","Feature ID":"50","Type":"Outdoor Classroom 1","Lat/Long":"30.214597, -97.797880","Infrastructure Quality":"H","Notes":"Solar education focused outdoor classroom area; Medium use","LatNumber":30.214597000000001,"LongNumber":-97.797880000000006}},{"type":"Feature","id":375,"geometry":{"type":"Point","coordinates":[-97.797024999999962,30.213974000000064]},"properties":{"OBJECTID":375,"School ID":"Crockett","Feature ID":"51","Type":"Picnic table 1","Lat/Long":"30.213974, -97.797025","Infrastructure Quality":"H","Notes":"Wooden; High Use","LatNumber":30.213974,"LongNumber":-97.797025000000005}},{"type":"Feature","id":376,"geometry":{"type":"Point","coordinates":[-97.797024999999962,30.213974000000064]},"properties":{"OBJECTID":376,"School ID":"Crockett","Feature ID":"52","Type":"Picnic table 2","Lat/Long":"30.213974, -97.797025","Infrastructure Quality":"H","Notes":"Wooden; High Use","LatNumber":30.213974,"LongNumber":-97.797025000000005}},{"type":"Feature","id":377,"geometry":{"type":"Point","coordinates":[-97.797024999999962,30.213974000000064]},"properties":{"OBJECTID":377,"School ID":"Crockett","Feature ID":"53","Type":"Picnic table 3","Lat/Long":"30.213974, -97.797025","Infrastructure Quality":"H","Notes":"Wooden; High Use","LatNumber":30.213974,"LongNumber":-97.797025000000005}},{"type":"Feature","id":378,"geometry":{"type":"Point","coordinates":[-97.797024999999962,30.213974000000064]},"properties":{"OBJECTID":378,"School ID":"Crockett","Feature ID":"54","Type":"Picnic table 4","Lat/Long":"30.213974, -97.797025","Infrastructure Quality":"H","Notes":"Wooden; High Use","LatNumber":30.213974,"LongNumber":-97.797025000000005}},{"type":"Feature","id":379,"geometry":{"type":"Point","coordinates":[-97.797024999999962,30.213974000000064]},"properties":{"OBJECTID":379,"School ID":"Crockett","Feature ID":"55","Type":"Picnic table 5","Lat/Long":"30.213974, -97.797025","Infrastructure Quality":"H","Notes":"Wooden; High Use","LatNumber":30.213974,"LongNumber":-97.797025000000005}},{"type":"Feature","id":380,"geometry":{"type":"Point","coordinates":[-97.797024999999962,30.213974000000064]},"properties":{"OBJECTID":380,"School ID":"Crockett","Feature ID":"56","Type":"Picnic table 6","Lat/Long":"30.213974, -97.797025","Infrastructure Quality":"H","Notes":"Wooden; High Use","LatNumber":30.213974,"LongNumber":-97.797025000000005}},{"type":"Feature","id":381,"geometry":{"type":"Point","coordinates":[-97.797024999999962,30.213974000000064]},"properties":{"OBJECTID":381,"School ID":"Crockett","Feature ID":"57","Type":"Picnic table 7","Lat/Long":"30.213974, -97.797025","Infrastructure Quality":"H","Notes":"Wooden; High Use","LatNumber":30.213974,"LongNumber":-97.797025000000005}},{"type":"Feature","id":382,"geometry":{"type":"Point","coordinates":[-97.797024999999962,30.213974000000064]},"properties":{"OBJECTID":382,"School ID":"Crockett","Feature ID":"58","Type":"Picnic table 8","Lat/Long":"30.213974, -97.797025","Infrastructure Quality":"H","Notes":"Wooden; High Use","LatNumber":30.213974,"LongNumber":-97.797025000000005}},{"type":"Feature","id":383,"geometry":{"type":"Point","coordinates":[-97.797024999999962,30.213974000000064]},"properties":{"OBJECTID":383,"School ID":"Crockett","Feature ID":"59","Type":"Picnic table 9 ","Lat/Long":"30.213974, -97.797025","Infrastructure Quality":"H","Notes":"Wooden; High Use","LatNumber":30.213974,"LongNumber":-97.797025000000005}},{"type":"Feature","id":384,"geometry":{"type":"Point","coordinates":[-97.797024999999962,30.213974000000064]},"properties":{"OBJECTID":384,"School ID":"Crockett","Feature ID":"60","Type":"Picnic table 10","Lat/Long":"30.213974, -97.797025","Infrastructure Quality":"H","Notes":"Wooden; High Use","LatNumber":30.213974,"LongNumber":-97.797025000000005}},{"type":"Feature","id":385,"geometry":{"type":"Point","coordinates":[-97.797024999999962,30.213974000000064]},"properties":{"OBJECTID":385,"School ID":"Crockett","Feature ID":"61","Type":"Picnic table 11","Lat/Long":"30.213974, -97.797025","Infrastructure Quality":"H","Notes":"Wooden; High Use","LatNumber":30.213974,"LongNumber":-97.797025000000005}},{"type":"Feature","id":386,"geometry":{"type":"Point","coordinates":[-97.797024999999962,30.213974000000064]},"properties":{"OBJECTID":386,"School ID":"Crockett","Feature ID":"62","Type":"Picnic table 12","Lat/Long":"30.213974, -97.797025","Infrastructure Quality":"H","Notes":"Wooden; High Use","LatNumber":30.213974,"LongNumber":-97.797025000000005}},{"type":"Feature","id":387,"geometry":{"type":"Point","coordinates":[-97.797024999999962,30.213974000000064]},"properties":{"OBJECTID":387,"School ID":"Crockett","Feature ID":"63","Type":"Picnic table 13","Lat/Long":"30.213974, -97.797025","Infrastructure Quality":"H","Notes":"Wooden; High Use","LatNumber":30.213974,"LongNumber":-97.797025000000005}},{"type":"Feature","id":388,"geometry":{"type":"Point","coordinates":[-97.797446999999977,30.214595000000031]},"properties":{"OBJECTID":388,"School ID":"Crockett","Feature ID":"64","Type":"Picnic table 14","Lat/Long":"30.214595, -97.797447","Infrastructure Quality":"H","Notes":"Wooden; High Use","LatNumber":30.214594999999999,"LongNumber":-97.797447000000005}},{"type":"Feature","id":389,"geometry":{"type":"Point","coordinates":[-97.797324999999944,30.214646000000073]},"properties":{"OBJECTID":389,"School ID":"Crockett","Feature ID":"65","Type":"Picnic table 15","Lat/Long":"30.214646, -97.797325","Infrastructure Quality":"H","Notes":"Wooden; High Use","LatNumber":30.214645999999998,"LongNumber":-97.797325000000001}},{"type":"Feature","id":390,"geometry":{"type":"Point","coordinates":[-97.796150999999952,30.213832000000025]},"properties":{"OBJECTID":390,"School ID":"Crockett","Feature ID":"66","Type":"Picnic table 16","Lat/Long":"30.213832, -97.796151","Infrastructure Quality":"M","Notes":"Wooden; High Use","LatNumber":30.213832,"LongNumber":-97.796150999999995}},{"type":"Feature","id":391,"geometry":{"type":"Point","coordinates":[-97.796150999999952,30.213832000000025]},"properties":{"OBJECTID":391,"School ID":"Crockett","Feature ID":"67","Type":"Picnic table 17","Lat/Long":"30.213832, -97.796151","Infrastructure Quality":"M","Notes":"Wooden; High Use","LatNumber":30.213832,"LongNumber":-97.796150999999995}},{"type":"Feature","id":392,"geometry":{"type":"Point","coordinates":[-97.796150999999952,30.213832000000025]},"properties":{"OBJECTID":392,"School ID":"Crockett","Feature ID":"68","Type":"Picnic table 18","Lat/Long":"30.213832, -97.796151","Infrastructure Quality":"M","Notes":"Wooden; High Use","LatNumber":30.213832,"LongNumber":-97.796150999999995}},{"type":"Feature","id":393,"geometry":{"type":"Point","coordinates":[-97.796150999999952,30.213832000000025]},"properties":{"OBJECTID":393,"School ID":"Crockett","Feature ID":"69","Type":"Picnic table 19","Lat/Long":"30.213832, -97.796151","Infrastructure Quality":"H","Notes":"Metal; High Use ","LatNumber":30.213832,"LongNumber":-97.796150999999995}},{"type":"Feature","id":394,"geometry":{"type":"Point","coordinates":[-97.796150999999952,30.213832000000025]},"properties":{"OBJECTID":394,"School ID":"Crockett","Feature ID":"70","Type":"Picnic table 20","Lat/Long":"30.213832, -97.796151","Infrastructure Quality":"H","Notes":"Metal; High Use ","LatNumber":30.213832,"LongNumber":-97.796150999999995}},{"type":"Feature","id":395,"geometry":{"type":"Point","coordinates":[-97.796150999999952,30.213832000000025]},"properties":{"OBJECTID":395,"School ID":"Crockett","Feature ID":"71","Type":"Picnic table 21","Lat/Long":"30.213832, -97.796151","Infrastructure Quality":"H","Notes":"Metal; High Use ","LatNumber":30.213832,"LongNumber":-97.796150999999995}},{"type":"Feature","id":396,"geometry":{"type":"Point","coordinates":[-97.796150999999952,30.213832000000025]},"properties":{"OBJECTID":396,"School ID":"Crockett","Feature ID":"72","Type":"Picnic table 22","Lat/Long":"30.213832, -97.796151","Infrastructure Quality":"H","Notes":"Metal; High Use ","LatNumber":30.213832,"LongNumber":-97.796150999999995}},{"type":"Feature","id":397,"geometry":{"type":"Point","coordinates":[-97.798340999999937,30.213333000000034]},"properties":{"OBJECTID":397,"School ID":"Crockett","Feature ID":"73","Type":"Picnic table 23","Lat/Long":"30.213333, -97.798341","Infrastructure Quality":"H","Notes":"Wooden; High Use","LatNumber":30.213332999999999,"LongNumber":-97.798340999999994}},{"type":"Feature","id":398,"geometry":{"type":"Point","coordinates":[-97.798340999999937,30.213333000000034]},"properties":{"OBJECTID":398,"School ID":"Crockett","Feature ID":"74","Type":"Picnic table 24","Lat/Long":"30.213333, -97.798341","Infrastructure Quality":"H","Notes":"Wooden; High Use","LatNumber":30.213332999999999,"LongNumber":-97.798340999999994}},{"type":"Feature","id":399,"geometry":{"type":"Point","coordinates":[-97.798453999999936,30.21390400000007]},"properties":{"OBJECTID":399,"School ID":"Crockett","Feature ID":"75","Type":"Picnic table 25","Lat/Long":"30.213904, -97.798454","Infrastructure Quality":"L","Notes":"Wooden; Medium Use","LatNumber":30.213903999999999,"LongNumber":-97.798454000000007}},{"type":"Feature","id":400,"geometry":{"type":"Point","coordinates":[-97.797901999999965,30.212590000000034]},"properties":{"OBJECTID":400,"School ID":"Crockett","Feature ID":"76","Type":"Rain Garden 1","Lat/Long":"30.212590, -97.797902","Infrastructure Quality":"H","Notes":"Low Use","LatNumber":30.212589999999999,"LongNumber":-97.797901999999993}},{"type":"Feature","id":401,"geometry":{"type":"Point","coordinates":[-97.798344999999983,30.212816000000032]},"properties":{"OBJECTID":401,"School ID":"Crockett","Feature ID":"77","Type":"Rain Garden 2","Lat/Long":"30.212816, -97.798345","Infrastructure Quality":"H","Notes":"Water Detention Low Use ","LatNumber":30.212816,"LongNumber":-97.798344999999998}},{"type":"Feature","id":402,"geometry":{"type":"Point","coordinates":[-97.797511999999983,30.212742000000048]},"properties":{"OBJECTID":402,"School ID":"Crockett","Feature ID":"78","Type":"Rain Garden 3","Lat/Long":"30.212742, -97.797512","Infrastructure Quality":"H","Notes":"Water Detention Low Use ","LatNumber":30.212741999999999,"LongNumber":-97.797511999999998}},{"type":"Feature","id":403,"geometry":{"type":"Point","coordinates":[-97.797856999999965,30.214698000000055]},"properties":{"OBJECTID":403,"School ID":"Crockett","Feature ID":"79","Type":"Rain Garden 4","Lat/Long":"30.214698, -97.797857","Infrastructure Quality":"H","Notes":"Water Detention Low Use ","LatNumber":30.214697999999999,"LongNumber":-97.797856999999993}},{"type":"Feature","id":404,"geometry":{"type":"Point","coordinates":[-97.795283999999981,30.213235000000054]},"properties":{"OBJECTID":404,"School ID":"Crockett","Feature ID":"80","Type":"Shed 1","Lat/Long":"30.213235, -97.795284","Infrastructure Quality":"L","Notes":"High use","LatNumber":30.213235000000001,"LongNumber":-97.795283999999995}},{"type":"Feature","id":405,"geometry":{"type":"Point","coordinates":[-97.796551999999963,30.212571000000025]},"properties":{"OBJECTID":405,"School ID":"Crockett","Feature ID":"81","Type":"Shed 2","Lat/Long":"30.212571, -97.796552","Infrastructure Quality":"M","Notes":"High use","LatNumber":30.212571000000001,"LongNumber":-97.796552000000005}},{"type":"Feature","id":406,"geometry":{"type":"Point","coordinates":[-97.795869999999979,30.212135000000046]},"properties":{"OBJECTID":406,"School ID":"Crockett","Feature ID":"82","Type":"Shed 3","Lat/Long":"30.212135, -97.795870","Infrastructure Quality":"M","Notes":"Shipping Container; high use","LatNumber":30.212135,"LongNumber":-97.795869999999994}},{"type":"Feature","id":407,"geometry":{"type":"Point","coordinates":[-97.797112999999968,30.212819000000025]},"properties":{"OBJECTID":407,"School ID":"Crockett","Feature ID":"83","Type":"Shed 4","Lat/Long":"30.212819, -97.797113","Infrastructure Quality":"M","Notes":"High use","LatNumber":30.212819,"LongNumber":-97.797112999999996}},{"type":"Feature","id":408,"geometry":{"type":"Point","coordinates":[-97.796806999999944,30.212923000000046]},"properties":{"OBJECTID":408,"School ID":"Crockett","Feature ID":"84","Type":"Shed 5","Lat/Long":"30.212923, -97.796807","Infrastructure Quality":"H","Notes":"High use","LatNumber":30.212923,"LongNumber":-97.796807000000001}},{"type":"Feature","id":409,"geometry":{"type":"Point","coordinates":[-97.798050999999987,30.213282000000049]},"properties":{"OBJECTID":409,"School ID":"Crockett","Feature ID":"85","Type":"Shed 6","Lat/Long":"30.213282, -97.798051","Infrastructure Quality":"H","Notes":"Shipping Container; high use","LatNumber":30.213282,"LongNumber":-97.798051000000001}},{"type":"Feature","id":410,"geometry":{"type":"Point","coordinates":[-97.797885999999949,30.213387000000068]},"properties":{"OBJECTID":410,"School ID":"Crockett","Feature ID":"86","Type":"Shed 7","Lat/Long":"30.213387, -97.797886","Infrastructure Quality":"H","Notes":"High Use ","LatNumber":30.213387000000001,"LongNumber":-97.797886000000005}},{"type":"Feature","id":411,"geometry":{"type":"Point","coordinates":[-97.798705999999981,30.213834000000077]},"properties":{"OBJECTID":411,"School ID":"Crockett","Feature ID":"87","Type":"Shed 8","Lat/Long":"30.213834, -97.798706","Infrastructure Quality":"H","Notes":"High Use","LatNumber":30.213833999999999,"LongNumber":-97.798705999999996}},{"type":"Feature","id":412,"geometry":{"type":"Point","coordinates":[-97.79868799999997,30.213768000000073]},"properties":{"OBJECTID":412,"School ID":"Crockett","Feature ID":"88","Type":"Shed 9","Lat/Long":"30.213768, -97.798688","Infrastructure Quality":"M","Notes":"High Use","LatNumber":30.213768000000002,"LongNumber":-97.798687999999999}},{"type":"Feature","id":413,"geometry":{"type":"Point","coordinates":[-97.797037999999986,30.214093000000048]},"properties":{"OBJECTID":413,"School ID":"Crockett","Feature ID":"89","Type":"Signage 1","Lat/Long":"30.214093, -97.797038","Infrastructure Quality":"H","Notes":"Memorial marble plaque with 2 benches; low use","LatNumber":30.214092999999998,"LongNumber":-97.797038000000001}},{"type":"Feature","id":414,"geometry":{"type":"Point","coordinates":[-97.796903999999984,30.213963000000035]},"properties":{"OBJECTID":414,"School ID":"Crockett","Feature ID":"90","Type":"Signage 2","Lat/Long":"30.213963, -97.796904","Infrastructure Quality":"H","Notes":"Memorial rock plaque; Low Use","LatNumber":30.213963,"LongNumber":-97.796903999999998}},{"type":"Feature","id":415,"geometry":{"type":"Point","coordinates":[-97.795473999999956,30.213115000000073]},"properties":{"OBJECTID":415,"School ID":"Crockett","Feature ID":"91","Type":"Signage 3","Lat/Long":"30.213115, -97.795474","Infrastructure Quality":"M","Notes":"Memorial sign on platform structure; Low use","LatNumber":30.213114999999998,"LongNumber":-97.795473999999999}},{"type":"Feature","id":416,"geometry":{"type":"Point","coordinates":[-97.798431999999991,30.213405000000023]},"properties":{"OBJECTID":416,"School ID":"Crockett","Feature ID":"92","Type":"Signage 4","Lat/Long":"30.213405, -97.798432","Infrastructure Quality":"H","Notes":"Memorial sign for coach outside of tennis court; Low use","LatNumber":30.213405000000002,"LongNumber":-97.798432000000005}},{"type":"Feature","id":417,"geometry":{"type":"Point","coordinates":[-97.797615999999948,30.214202000000057]},"properties":{"OBJECTID":417,"School ID":"Crockett","Feature ID":"93","Type":"Signage 5","Lat/Long":"30.214202, -97.797616","Infrastructure Quality":"H","Notes":"Memorial class sign; Low use","LatNumber":30.214202,"LongNumber":-97.797616000000005}},{"type":"Feature","id":418,"geometry":{"type":"Point","coordinates":[-97.797877999999969,30.214634000000046]},"properties":{"OBJECTID":418,"School ID":"Crockett","Feature ID":"94","Type":"Solar 1","Lat/Long":"30.214634, -97.797878","Infrastructure Quality":"H","Notes":"Medium to High Use; Solar Education ","LatNumber":30.214634,"LongNumber":-97.797877999999997}},{"type":"Feature","id":419,"geometry":{"type":"Point","coordinates":[-97.79535999999996,30.21294000000006]},"properties":{"OBJECTID":419,"School ID":"Crockett","Feature ID":"95","Type":"Track 1","Lat/Long":"30.212940, -97.795360","Infrastructure Quality":"H ","Notes":"High use","LatNumber":30.21294,"LongNumber":-97.795360000000002}},{"type":"Feature","id":420,"geometry":{"type":"Point","coordinates":[-97.797086999999976,30.214036000000078]},"properties":{"OBJECTID":420,"School ID":"Crockett","Feature ID":"96","Type":"Waste Receptacle 1","Lat/Long":"30.214036, -97.797087","Infrastructure Quality":"H ","Notes":"Metal; High Use ","LatNumber":30.214036,"LongNumber":-97.797087000000005}},{"type":"Feature","id":421,"geometry":{"type":"Point","coordinates":[-97.797086999999976,30.214036000000078]},"properties":{"OBJECTID":421,"School ID":"Crockett","Feature ID":"97","Type":"Waste Receptacle 2","Lat/Long":"30.214036, -97.797087","Infrastructure Quality":"H ","Notes":"Metal; High Use ","LatNumber":30.214036,"LongNumber":-97.797087000000005}},{"type":"Feature","id":422,"geometry":{"type":"Point","coordinates":[-97.797086999999976,30.214036000000078]},"properties":{"OBJECTID":422,"School ID":"Crockett","Feature ID":"98","Type":"Waste Receptacle 3","Lat/Long":"30.214036, -97.797087","Infrastructure Quality":"H ","Notes":"Metal; High Use ","LatNumber":30.214036,"LongNumber":-97.797087000000005}},{"type":"Feature","id":423,"geometry":{"type":"Point","coordinates":[-97.797086999999976,30.214036000000078]},"properties":{"OBJECTID":423,"School ID":"Crockett","Feature ID":"99","Type":"Waste Receptacle 4","Lat/Long":"30.214036, -97.797087","Infrastructure Quality":"H ","Notes":"Metal; High Use ","LatNumber":30.214036,"LongNumber":-97.797087000000005}},{"type":"Feature","id":424,"geometry":{"type":"Point","coordinates":[-97.797138999999959,30.214630000000056]},"properties":{"OBJECTID":424,"School ID":"Crockett","Feature ID":"100","Type":"Waste Receptable 5","Lat/Long":"30.214630, -97.797139","Infrastructure Quality":"H ","Notes":"Concrete; High Use","LatNumber":30.21463,"LongNumber":-97.797139000000001}},{"type":"Feature","id":425,"geometry":{"type":"Point","coordinates":[-97.796374999999955,30.213958000000048]},"properties":{"OBJECTID":425,"School ID":"Crockett","Feature ID":"101","Type":"Waste Receptacle 6","Lat/Long":"30.213958, -97.796375","Infrastructure Quality":"H ","Notes":"Concrete; High Use","LatNumber":30.213958000000002,"LongNumber":-97.796374999999998}},{"type":"Feature","id":426,"geometry":{"type":"Point","coordinates":[-97.796332999999947,30.21382200000005]},"properties":{"OBJECTID":426,"School ID":"Crockett","Feature ID":"102","Type":"Waste Receptacle 7","Lat/Long":"30.213822, -97.796333","Infrastructure Quality":"H ","Notes":"Concrete; High Use","LatNumber":30.213822,"LongNumber":-97.796333000000004}},{"type":"Feature","id":427,"geometry":{"type":"Point","coordinates":[-97.796356999999944,30.213657000000069]},"properties":{"OBJECTID":427,"School ID":"Crockett","Feature ID":"103","Type":"Waste Receptacle 8","Lat/Long":"30.213657, -97.796357","Infrastructure Quality":"H ","Notes":"Metal; High Use ","LatNumber":30.213657000000001,"LongNumber":-97.796357}},{"type":"Feature","id":428,"geometry":{"type":"Point","coordinates":[-97.796356999999944,30.213657000000069]},"properties":{"OBJECTID":428,"School ID":"Crockett","Feature ID":"104","Type":"Waste Receptacle 9","Lat/Long":"30.213657, -97.796357","Infrastructure Quality":"H ","Notes":"Metal; High Use ","LatNumber":30.213657000000001,"LongNumber":-97.796357}},{"type":"Feature","id":429,"geometry":{"type":"Point","coordinates":[-97.795953999999938,30.213743000000079]},"properties":{"OBJECTID":429,"School ID":"Crockett","Feature ID":"105","Type":"Waste Receptacle 10","Lat/Long":"30.213743, -97.795954","Infrastructure Quality":"H ","Notes":"Concrete; High Use","LatNumber":30.213743000000001,"LongNumber":-97.795953999999995}},{"type":"Feature","id":430,"geometry":{"type":"Point","coordinates":[-97.797628999999972,30.213004000000069]},"properties":{"OBJECTID":430,"School ID":"Crockett","Feature ID":"106","Type":"Waste Receptacle 11","Lat/Long":"30.213004, -97.797629","Infrastructure Quality":"H","Notes":"Concrete; Medium Use","LatNumber":30.213004000000002,"LongNumber":-97.797629000000001}},{"type":"Feature","id":431,"geometry":{"type":"Point","coordinates":[-97.79698899999994,30.212913000000071]},"properties":{"OBJECTID":431,"School ID":"Crockett","Feature ID":"107","Type":"Waste Receptacle 12","Lat/Long":"30.212913, -97.796989","Infrastructure Quality":"H","Notes":"Concrete; Medium Use","LatNumber":30.212913,"LongNumber":-97.796988999999996}},{"type":"Feature","id":432,"geometry":{"type":"Point","coordinates":[-97.798325999999975,30.213374000000044]},"properties":{"OBJECTID":432,"School ID":"Crockett","Feature ID":"108","Type":"Waste Receptacle 13","Lat/Long":"30.213374, -97.798326","Infrastructure Quality":"H","Notes":"Plastic; High Use","LatNumber":30.213374000000002,"LongNumber":-97.798326000000003}},{"type":"Feature","id":433,"geometry":{"type":"Point","coordinates":[-97.798027999999988,30.21386700000005]},"properties":{"OBJECTID":433,"School ID":"Crockett","Feature ID":"109","Type":"Waste Receptacle 14","Lat/Long":"30.213867, -97.798028","Infrastructure Quality":"H","Notes":"Concrete; High Use","LatNumber":30.213867,"LongNumber":-97.798028000000002}},{"type":"Feature","id":434,"geometry":{"type":"Point","coordinates":[-97.797743999999966,30.214066000000059]},"properties":{"OBJECTID":434,"School ID":"Crockett","Feature ID":"110","Type":"Waste Receptacle 15","Lat/Long":"30.214066, -97.797744","Infrastructure Quality":"H","Notes":"Concrete; High Use","LatNumber":30.214065999999999,"LongNumber":-97.797743999999994}},{"type":"Feature","id":435,"geometry":{"type":"Point","coordinates":[-97.797721999999965,30.21461800000003]},"properties":{"OBJECTID":435,"School ID":"Crockett","Feature ID":"111","Type":"Waste Receptacle 16","Lat/Long":"30.214618, -97.797722","Infrastructure Quality":"H","Notes":"Concrete; High Use","LatNumber":30.214618000000002,"LongNumber":-97.797721999999993}},{"type":"Feature","id":436,"geometry":{"type":"Point","coordinates":[-97.797612999999956,30.214852000000064]},"properties":{"OBJECTID":436,"School ID":"Crockett","Feature ID":"112","Type":"Waste Receptacle 17","Lat/Long":"30.214852, -97.797613","Infrastructure Quality":"H","Notes":"Concrete; High Use","LatNumber":30.214852,"LongNumber":-97.797612999999998}},{"type":"Feature","id":437,"geometry":{"type":"Point","coordinates":[-97.797125999999992,30.21488400000004]},"properties":{"OBJECTID":437,"School ID":"Crockett","Feature ID":"113","Type":"Waste Receptacle 18","Lat/Long":"30.214884, -97.797126","Infrastructure Quality":"H","Notes":"Concrete; High Use","LatNumber":30.214884000000001,"LongNumber":-97.797126000000006}},{"type":"Feature","id":438,"geometry":{"type":"Point","coordinates":[-97.679866999999945,30.35482200000007]},"properties":{"OBJECTID":438,"School ID":"Dobie","Feature ID":"1","Type":"Basketball","Lat/Long":"30.354822, -97.679867","Infrastructure Quality":"M","Notes":"2 hoops, one needs net, no shade, faint striping","LatNumber":30.354821999999999,"LongNumber":-97.679867000000002}},{"type":"Feature","id":439,"geometry":{"type":"Point","coordinates":[-97.680608999999947,30.354010000000073]},"properties":{"OBJECTID":439,"School ID":"Dobie","Feature ID":"2","Type":"Bench 1","Lat/Long":"30.354010, -97.680609","Infrastructure Quality":"M","Notes":"Metal","LatNumber":30.354009999999999,"LongNumber":-97.680609000000004}},{"type":"Feature","id":440,"geometry":{"type":"Point","coordinates":[-97.680692999999962,30.354024000000038]},"properties":{"OBJECTID":440,"School ID":"Dobie","Feature ID":"3","Type":"Bench 2","Lat/Long":"30.354024, -97.680693","Infrastructure Quality":"H","Notes":"2 limestone blocks","LatNumber":30.354023999999999,"LongNumber":-97.680693000000005}},{"type":"Feature","id":441,"geometry":{"type":"Point","coordinates":[-97.680528999999979,30.353961000000027]},"properties":{"OBJECTID":441,"School ID":"Dobie","Feature ID":"4","Type":"Bench 3","Lat/Long":"30.353961, -97.680529","Infrastructure Quality":"H","Notes":"2 limestone blocks","LatNumber":30.353961000000002,"LongNumber":-97.680529000000007}},{"type":"Feature","id":442,"geometry":{"type":"Point","coordinates":[-97.680420999999967,30.353914000000032]},"properties":{"OBJECTID":442,"School ID":"Dobie","Feature ID":"5","Type":"Bench 4","Lat/Long":"30.353914, -97.680421","Infrastructure Quality":"H","Notes":"2 limestone blocks","LatNumber":30.353914,"LongNumber":-97.680420999999996}},{"type":"Feature","id":443,"geometry":{"type":"Point","coordinates":[-97.67995499999995,30.354708000000073]},"properties":{"OBJECTID":443,"School ID":"Dobie","Feature ID":"6","Type":"Bench 5","Lat/Long":"30.354708, -97.679955","Infrastructure Quality":"H","Notes":"6 limestone blocks, possible outdoor classroom area around Shade 1","LatNumber":30.354707999999999,"LongNumber":-97.679955000000007}},{"type":"Feature","id":444,"geometry":{"type":"Point","coordinates":[-97.680280999999979,30.353883000000053]},"properties":{"OBJECTID":444,"School ID":"Dobie","Feature ID":"7","Type":"Bench 6","Lat/Long":"30.353883, -97.680281","Infrastructure Quality":"M","Notes":"2 metal, secured","LatNumber":30.353883,"LongNumber":-97.680280999999994}},{"type":"Feature","id":445,"geometry":{"type":"Point","coordinates":[-97.67926099999994,30.354175000000055]},"properties":{"OBJECTID":445,"School ID":"Dobie","Feature ID":"8","Type":"Bench 7","Lat/Long":"30.354175, -97.679261","Infrastructure Quality":"H","Notes":"8 limestone blocks in football edge","LatNumber":30.354175000000001,"LongNumber":-97.679260999999997}},{"type":"Feature","id":446,"geometry":{"type":"Point","coordinates":[-97.679648999999984,30.354110000000048]},"properties":{"OBJECTID":446,"School ID":"Dobie","Feature ID":"9","Type":"Bench 8","Lat/Long":"30.354110, -97.679649","Infrastructure Quality":"H","Notes":"14 limestone blocks, act as parking barrier","LatNumber":30.354109999999999,"LongNumber":-97.679648999999998}},{"type":"Feature","id":447,"geometry":{"type":"Point","coordinates":[-97.679450999999972,30.355123000000049]},"properties":{"OBJECTID":447,"School ID":"Dobie","Feature ID":"10","Type":"Bench 9","Lat/Long":"30.355123, -97.679451","Infrastructure Quality":"M","Notes":"7 limestone blocks, act as parking barrier, have been moved around possibly from active construction work","LatNumber":30.355122999999999,"LongNumber":-97.679451}},{"type":"Feature","id":448,"geometry":{"type":"Point","coordinates":[-97.67981199999997,30.355207000000064]},"properties":{"OBJECTID":448,"School ID":"Dobie","Feature ID":"11","Type":"Bench 10","Lat/Long":"30.355207, -97.679812","Infrastructure Quality":"H","Notes":"7 wood, stacked likely for mowing, in Fenced Garden area","LatNumber":30.355207,"LongNumber":-97.679811999999998}},{"type":"Feature","id":449,"geometry":{"type":"Point","coordinates":[-97.680189999999982,30.355578000000037]},"properties":{"OBJECTID":449,"School ID":"Dobie","Feature ID":"12","Type":"Bench 11","Lat/Long":"30.355578, -97.680190","Infrastructure Quality":"H","Notes":"Painted cement blocks with stained wood slats, in Lawn 12","LatNumber":30.355578000000001,"LongNumber":-97.680189999999996}},{"type":"Feature","id":450,"geometry":{"type":"Point","coordinates":[-97.679656999999963,30.35583900000006]},"properties":{"OBJECTID":450,"School ID":"Dobie","Feature ID":"13","Type":"Bench 12","Lat/Long":"30.355839, -97.679657","Infrastructure Quality":"H","Notes":"2 metal in fenced Playground 1/2 area","LatNumber":30.355839,"LongNumber":-97.679657000000006}},{"type":"Feature","id":451,"geometry":{"type":"Point","coordinates":[-97.679413999999952,30.355793000000062]},"properties":{"OBJECTID":451,"School ID":"Dobie","Feature ID":"14","Type":"Bench 13","Lat/Long":"30.355793, -97.679414","Infrastructure Quality":"M","Notes":"4 limestone blocks on border of Nature Trail 2, hard to access due to high grass","LatNumber":30.355792999999998,"LongNumber":-97.679413999999994}},{"type":"Feature","id":452,"geometry":{"type":"Point","coordinates":[-97.680447999999956,30.354841000000079]},"properties":{"OBJECTID":452,"School ID":"Dobie","Feature ID":"15","Type":"Bench 14","Lat/Long":"30.354841, -97.680448","Infrastructure Quality":"H","Notes":"3 limestone blocks in tree shade","LatNumber":30.354841,"LongNumber":-97.680447999999998}},{"type":"Feature","id":453,"geometry":{"type":"Point","coordinates":[-97.680766999999946,30.354564000000039]},"properties":{"OBJECTID":453,"School ID":"Dobie","Feature ID":"16","Type":"Bench 15","Lat/Long":"30.354564, -97.680767","Infrastructure Quality":"M","Notes":"Metal, secured","LatNumber":30.354564,"LongNumber":-97.680767000000003}},{"type":"Feature","id":454,"geometry":{"type":"Point","coordinates":[-97.68082899999996,30.354626000000053]},"properties":{"OBJECTID":454,"School ID":"Dobie","Feature ID":"17","Type":"Bench 16","Lat/Long":"30.354626, -97.680829","Infrastructure Quality":"H","Notes":"4 limestone blocks","LatNumber":30.354626,"LongNumber":-97.680829000000003}},{"type":"Feature","id":455,"geometry":{"type":"Point","coordinates":[-97.67901999999998,30.353217000000029]},"properties":{"OBJECTID":455,"School ID":"Dobie","Feature ID":"18","Type":"Berm/Swale 1","Lat/Long":"30.353217, -97.679020","Infrastructure Quality":"H","Notes":"Along edge of Field 1, trees planted on berm","LatNumber":30.353217000000001,"LongNumber":-97.679019999999994}},{"type":"Feature","id":456,"geometry":{"type":"Point","coordinates":[-97.678944999999942,30.355248000000074]},"properties":{"OBJECTID":456,"School ID":"Dobie","Feature ID":"19","Type":"Berm/Swale 2","Lat/Long":"30.355248, -97.678945","Infrastructure Quality":"H","Notes":"Between track and portables","LatNumber":30.355248,"LongNumber":-97.678944999999999}},{"type":"Feature","id":457,"geometry":{"type":"Point","coordinates":[-97.680788999999947,30.354601000000059]},"properties":{"OBJECTID":457,"School ID":"Dobie","Feature ID":"20","Type":"Bike Rack","Lat/Long":"30.354601, -97.680789","Infrastructure Quality":"M","Notes":"3 singles","LatNumber":30.354600999999999,"LongNumber":-97.680789000000004}},{"type":"Feature","id":458,"geometry":{"type":"Point","coordinates":[-97.679953999999952,30.355254000000059]},"properties":{"OBJECTID":458,"School ID":"Dobie","Feature ID":"21","Type":"Compost ","Lat/Long":"30.355254, -97.679954","Infrastructure Quality":"M","Notes":"Indoor trash can with garden clippings","LatNumber":30.355253999999999,"LongNumber":-97.679953999999995}},{"type":"Feature","id":459,"geometry":{"type":"Point","coordinates":[-97.679185999999959,30.353791000000058]},"properties":{"OBJECTID":459,"School ID":"Dobie","Feature ID":"22","Type":"Field 1","Lat/Long":"30.353791, -97.679186","Infrastructure Quality":"L","Notes":"Football/soccer field, 2 goal posts, one with soccer net; lots of wear in middle","LatNumber":30.353791000000001,"LongNumber":-97.679186000000001}},{"type":"Feature","id":460,"geometry":{"type":"Point","coordinates":[-97.678824999999961,30.35482600000006]},"properties":{"OBJECTID":460,"School ID":"Dobie","Feature ID":"23","Type":"Field 2","Lat/Long":"30.354826, -97.678825","Infrastructure Quality":"H","Notes":"Unsure of grassy use, track lanes on one side","LatNumber":30.354825999999999,"LongNumber":-97.678825000000003}},{"type":"Feature","id":461,"geometry":{"type":"Point","coordinates":[-97.678332999999952,30.355257000000051]},"properties":{"OBJECTID":461,"School ID":"Dobie","Feature ID":"24","Type":"Field 3","Lat/Long":"30.355257, -97.678333","Infrastructure Quality":"M","Notes":"Unsure of use","LatNumber":30.355257000000002,"LongNumber":-97.678332999999995}},{"type":"Feature","id":462,"geometry":{"type":"Point","coordinates":[-97.679861999999957,30.355191000000048]},"properties":{"OBJECTID":462,"School ID":"Dobie","Feature ID":"25","Type":"Habitat Garden 1","Lat/Long":"30.355191, -97.679862","Infrastructure Quality":"L","Notes":"Recycled plastic border in Fenced Garden area, fully overgrown","LatNumber":30.355191000000001,"LongNumber":-97.679862}},{"type":"Feature","id":463,"geometry":{"type":"Point","coordinates":[-97.679336999999975,30.355901000000074]},"properties":{"OBJECTID":463,"School ID":"Dobie","Feature ID":"26","Type":"Habitat Garden 2","Lat/Long":"30.355901, -97.679337","Infrastructure Quality":"L","Notes":"14 broken planters along path, 3 have established bushes - REMOVE 11","LatNumber":30.355900999999999,"LongNumber":-97.679337000000004}},{"type":"Feature","id":464,"geometry":{"type":"Point","coordinates":[-97.679336999999975,30.355741000000023]},"properties":{"OBJECTID":464,"School ID":"Dobie","Feature ID":"27","Type":"Habitat Garden 3","Lat/Long":"30.355741, -97.679337","Infrastructure Quality":"L","Notes":"7 wood beds, all broken and overgrown","LatNumber":30.355740999999998,"LongNumber":-97.679337000000004}},{"type":"Feature","id":465,"geometry":{"type":"Point","coordinates":[-97.67924499999998,30.355499000000066]},"properties":{"OBJECTID":465,"School ID":"Dobie","Feature ID":"28","Type":"Habitat Garden 4","Lat/Long":"30.355499, -97.679245","Infrastructure Quality":"L","Notes":"2 sets of stacked tires, painted like minions, one holding dead plant","LatNumber":30.355498999999998,"LongNumber":-97.679244999999995}},{"type":"Feature","id":466,"geometry":{"type":"Point","coordinates":[-97.680145999999979,30.354682000000025]},"properties":{"OBJECTID":466,"School ID":"Dobie","Feature ID":"29","Type":"Lawn 1","Lat/Long":"30.354682, -97.680146","Infrastructure Quality":"M","Notes":null,"LatNumber":30.354682,"LongNumber":-97.680145999999993}},{"type":"Feature","id":467,"geometry":{"type":"Point","coordinates":[-97.679667999999936,30.35439800000006]},"properties":{"OBJECTID":467,"School ID":"Dobie","Feature ID":"30","Type":"Lawn 2","Lat/Long":"30.354398, -97.679668","Infrastructure Quality":"M","Notes":null,"LatNumber":30.354398,"LongNumber":-97.679668000000007}},{"type":"Feature","id":468,"geometry":{"type":"Point","coordinates":[-97.680213999999978,30.353854000000069]},"properties":{"OBJECTID":468,"School ID":"Dobie","Feature ID":"31","Type":"Lawn 3","Lat/Long":"30.353854, -97.680214","Infrastructure Quality":"H","Notes":null,"LatNumber":30.353853999999998,"LongNumber":-97.680214000000007}},{"type":"Feature","id":469,"geometry":{"type":"Point","coordinates":[-97.680072999999936,30.353635000000054]},"properties":{"OBJECTID":469,"School ID":"Dobie","Feature ID":"32","Type":"Lawn 4","Lat/Long":"30.353635, -97.680073","Infrastructure Quality":"H","Notes":null,"LatNumber":30.353635000000001,"LongNumber":-97.680072999999993}},{"type":"Feature","id":470,"geometry":{"type":"Point","coordinates":[-97.678954999999974,30.353099000000043]},"properties":{"OBJECTID":470,"School ID":"Dobie","Feature ID":"33","Type":"Lawn 5","Lat/Long":"30.353099, -97.678955","Infrastructure Quality":"M","Notes":null,"LatNumber":30.353099,"LongNumber":-97.678955000000002}},{"type":"Feature","id":471,"geometry":{"type":"Point","coordinates":[-97.678012999999964,30.35463800000008]},"properties":{"OBJECTID":471,"School ID":"Dobie","Feature ID":"34","Type":"Lawn 6","Lat/Long":"30.354638, -97.678013","Infrastructure Quality":"H","Notes":null,"LatNumber":30.354638000000001,"LongNumber":-97.678013000000007}},{"type":"Feature","id":472,"geometry":{"type":"Point","coordinates":[-97.679354999999987,30.354860000000031]},"properties":{"OBJECTID":472,"School ID":"Dobie","Feature ID":"35","Type":"Lawn 7","Lat/Long":"30.354860, -97.679355","Infrastructure Quality":"H","Notes":null,"LatNumber":30.354859999999999,"LongNumber":-97.679355000000001}},{"type":"Feature","id":473,"geometry":{"type":"Point","coordinates":[-97.67883599999999,30.35570000000007]},"properties":{"OBJECTID":473,"School ID":"Dobie","Feature ID":"36","Type":"Lawn 8","Lat/Long":"30.355700, -97.678836","Infrastructure Quality":"M","Notes":null,"LatNumber":30.355699999999999,"LongNumber":-97.678836000000004}},{"type":"Feature","id":474,"geometry":{"type":"Point","coordinates":[-97.679706999999951,30.355275000000063]},"properties":{"OBJECTID":474,"School ID":"Dobie","Feature ID":"37","Type":"Lawn 9","Lat/Long":"30.355275, -97.679707","Infrastructure Quality":"M","Notes":"Contains Outdoor Classroom, Fenced Garden area","LatNumber":30.355274999999999,"LongNumber":-97.679706999999993}},{"type":"Feature","id":475,"geometry":{"type":"Point","coordinates":[-97.680018999999959,30.35541900000004]},"properties":{"OBJECTID":475,"School ID":"Dobie","Feature ID":"38","Type":"Lawn 10","Lat/Long":"30.355419, -97.680019","Infrastructure Quality":"M","Notes":"Old portable spot?","LatNumber":30.355419000000001,"LongNumber":-97.680019000000001}},{"type":"Feature","id":476,"geometry":{"type":"Point","coordinates":[-97.680349999999976,30.355461000000048]},"properties":{"OBJECTID":476,"School ID":"Dobie","Feature ID":"39","Type":"Lawn 11","Lat/Long":"30.355461, -97.680350","Infrastructure Quality":"H","Notes":"Fruit tree orchard, has Picnic 11","LatNumber":30.355460999999998,"LongNumber":-97.680350000000004}},{"type":"Feature","id":477,"geometry":{"type":"Point","coordinates":[-97.680157999999949,30.355542000000071]},"properties":{"OBJECTID":477,"School ID":"Dobie","Feature ID":"40","Type":"Lawn 12","Lat/Long":"30.355542, -97.680158","Infrastructure Quality":"H","Notes":"Has Bench 11","LatNumber":30.355542,"LongNumber":-97.680158000000006}},{"type":"Feature","id":478,"geometry":{"type":"Point","coordinates":[-97.679123999999945,30.355590000000063]},"properties":{"OBJECTID":478,"School ID":"Dobie","Feature ID":"41","Type":"Lawn 13","Lat/Long":"30.355590, -97.679124","Infrastructure Quality":"M","Notes":"Has Outdoor Classroom 2, Sheds 5-6","LatNumber":30.355589999999999,"LongNumber":-97.679124000000002}},{"type":"Feature","id":479,"geometry":{"type":"Point","coordinates":[-97.679103999999938,30.355410000000063]},"properties":{"OBJECTID":479,"School ID":"Dobie","Feature ID":"42","Type":"Lawn 14","Lat/Long":"30.355410, -97.679104","Infrastructure Quality":"M","Notes":null,"LatNumber":30.355409999999999,"LongNumber":-97.679103999999995}},{"type":"Feature","id":480,"geometry":{"type":"Point","coordinates":[-97.680262999999968,30.355087000000026]},"properties":{"OBJECTID":480,"School ID":"Dobie","Feature ID":"43","Type":"Lawn 15","Lat/Long":"30.355087, -97.680263","Infrastructure Quality":"M","Notes":null,"LatNumber":30.355087000000001,"LongNumber":-97.680262999999997}},{"type":"Feature","id":481,"geometry":{"type":"Point","coordinates":[-97.67999999999995,30.353726000000051]},"properties":{"OBJECTID":481,"School ID":"Dobie","Feature ID":"44","Type":"Nature Trail 1","Lat/Long":"30.353726, -97.680000","Infrastructure Quality":"M","Notes":"DG with block border, needs weeding","LatNumber":30.353726000000002,"LongNumber":-97.680000000000007}},{"type":"Feature","id":482,"geometry":{"type":"Point","coordinates":[-97.679401999999982,30.355776000000048]},"properties":{"OBJECTID":482,"School ID":"Dobie","Feature ID":"45","Type":"Nature Trail 2","Lat/Long":"30.355776, -97.679402","Infrastructure Quality":"M","Notes":"Large stone steps, very overgrown","LatNumber":30.355775999999999,"LongNumber":-97.679401999999996}},{"type":"Feature","id":483,"geometry":{"type":"Point","coordinates":[-97.680268999999953,30.35473200000007]},"properties":{"OBJECTID":483,"School ID":"Dobie","Feature ID":"46","Type":"Other 1","Lat/Long":"30.354732, -97.680269","Infrastructure Quality":"M","Notes":"Metal exercise bars, wobbly","LatNumber":30.354731999999998,"LongNumber":-97.680268999999996}},{"type":"Feature","id":484,"geometry":{"type":"Point","coordinates":[-97.679782999999986,30.355252000000064]},"properties":{"OBJECTID":484,"School ID":"Dobie","Feature ID":"47","Type":"Other 2","Lat/Long":"30.355252, -97.679783","Infrastructure Quality":"H","Notes":"Propane grill with tank in Fenced Garden area","LatNumber":30.355252,"LongNumber":-97.679783}},{"type":"Feature","id":485,"geometry":{"type":"Point","coordinates":[-97.678655999999989,30.355473000000075]},"properties":{"OBJECTID":485,"School ID":"Dobie","Feature ID":"48","Type":"Other 3","Lat/Long":"30.355473, -97.678656","Infrastructure Quality":"L","Notes":"Little Free Library, broken, very worn","LatNumber":30.355473,"LongNumber":-97.678656000000004}},{"type":"Feature","id":486,"geometry":{"type":"Point","coordinates":[-97.679581999999982,30.355180000000075]},"properties":{"OBJECTID":486,"School ID":"Dobie","Feature ID":"49","Type":"Outdoor Classroom 1","Lat/Long":"30.355180, -97.679582","Infrastructure Quality":"H","Notes":"10 limestone blocks in circle, unshaded, in Lawn 9","LatNumber":30.355180000000001,"LongNumber":-97.679581999999996}},{"type":"Feature","id":487,"geometry":{"type":"Point","coordinates":[-97.679242999999985,30.355669000000034]},"properties":{"OBJECTID":487,"School ID":"Dobie","Feature ID":"50","Type":"Outdoor Classroom 2","Lat/Long":"30.355669, -97.679243","Infrastructure Quality":"H","Notes":"8 limestone blocks in Lawn 13","LatNumber":30.355668999999999,"LongNumber":-97.679243}},{"type":"Feature","id":488,"geometry":{"type":"Point","coordinates":[-97.679746999999963,30.354503000000079]},"properties":{"OBJECTID":488,"School ID":"Dobie","Feature ID":"51","Type":"Picnic table 1","Lat/Long":"30.354503, -97.679747","Infrastructure Quality":"M","Notes":"Metal, secured","LatNumber":30.354503000000001,"LongNumber":-97.679747000000006}},{"type":"Feature","id":489,"geometry":{"type":"Point","coordinates":[-97.679790999999966,30.35453300000006]},"properties":{"OBJECTID":489,"School ID":"Dobie","Feature ID":"52","Type":"Picnic table 2","Lat/Long":"30.354533, -97.679791","Infrastructure Quality":"L","Notes":"2 wood, broken - REMOVE","LatNumber":30.354533,"LongNumber":-97.679790999999994}},{"type":"Feature","id":490,"geometry":{"type":"Point","coordinates":[-97.679666999999938,30.354767000000038]},"properties":{"OBJECTID":490,"School ID":"Dobie","Feature ID":"53","Type":"Picnic table 3","Lat/Long":"30.354767, -97.679667","Infrastructure Quality":"H","Notes":"2 wood, painted, stacked likely from mowing","LatNumber":30.354766999999999,"LongNumber":-97.679666999999995}},{"type":"Feature","id":491,"geometry":{"type":"Point","coordinates":[-97.679882999999961,30.354942000000051]},"properties":{"OBJECTID":491,"School ID":"Dobie","Feature ID":"54","Type":"Picnic table 4","Lat/Long":"30.354942, -97.679883","Infrastructure Quality":"L","Notes":"Wood, broken - REMOVE","LatNumber":30.354942000000001,"LongNumber":-97.679883000000004}},{"type":"Feature","id":492,"geometry":{"type":"Point","coordinates":[-97.679922999999974,30.354868000000067]},"properties":{"OBJECTID":492,"School ID":"Dobie","Feature ID":"55","Type":"Picnic table 5","Lat/Long":"30.354868, -97.679923","Infrastructure Quality":"M","Notes":"3 wood, painted/stained, around Basketball court","LatNumber":30.354868,"LongNumber":-97.679923000000002}},{"type":"Feature","id":493,"geometry":{"type":"Point","coordinates":[-97.680047999999942,30.354731000000072]},"properties":{"OBJECTID":493,"School ID":"Dobie","Feature ID":"56","Type":"Picnic table 6","Lat/Long":"30.354731, -97.680048","Infrastructure Quality":"M","Notes":"Metal, painted, secured","LatNumber":30.354731000000001,"LongNumber":-97.680047999999999}},{"type":"Feature","id":494,"geometry":{"type":"Point","coordinates":[-97.680293999999947,30.354845000000068]},"properties":{"OBJECTID":494,"School ID":"Dobie","Feature ID":"57","Type":"Picnic table 7","Lat/Long":"30.354845, -97.680294","Infrastructure Quality":"L","Notes":"2 wood, broken - REMOVE","LatNumber":30.354845000000001,"LongNumber":-97.680294000000004}},{"type":"Feature","id":495,"geometry":{"type":"Point","coordinates":[-97.680212999999981,30.354661000000078]},"properties":{"OBJECTID":495,"School ID":"Dobie","Feature ID":"58","Type":"Picnic table 8","Lat/Long":"30.354661, -97.680213","Infrastructure Quality":"L","Notes":"14 painted wood, mostly broken, REMOVE all but 3","LatNumber":30.354661,"LongNumber":-97.680212999999995}},{"type":"Feature","id":496,"geometry":{"type":"Point","coordinates":[-97.679929999999956,30.354648000000054]},"properties":{"OBJECTID":496,"School ID":"Dobie","Feature ID":"59","Type":"Picnic table 9","Lat/Long":"30.354648, -97.679930","Infrastructure Quality":"M","Notes":"2 painted metal under Shade 1","LatNumber":30.354648000000001,"LongNumber":-97.679929999999999}},{"type":"Feature","id":497,"geometry":{"type":"Point","coordinates":[-97.67990999999995,30.353879000000063]},"properties":{"OBJECTID":497,"School ID":"Dobie","Feature ID":"60","Type":"Picnic table 10","Lat/Long":"30.353879, -97.679910","Infrastructure Quality":"H","Notes":"8 wood in tree shade, stained","LatNumber":30.353878999999999,"LongNumber":-97.679910000000007}},{"type":"Feature","id":498,"geometry":{"type":"Point","coordinates":[-97.680282999999974,30.355448000000024]},"properties":{"OBJECTID":498,"School ID":"Dobie","Feature ID":"61","Type":"Picnic table 11","Lat/Long":"30.355448, -97.680283","Infrastructure Quality":"M","Notes":"Painted wood in tree shade in Lawn 11","LatNumber":30.355447999999999,"LongNumber":-97.680283000000003}},{"type":"Feature","id":499,"geometry":{"type":"Point","coordinates":[-97.680060999999966,30.355545000000063]},"properties":{"OBJECTID":499,"School ID":"Dobie","Feature ID":"62","Type":"Picnic table 12","Lat/Long":"30.355545, -97.680061","Infrastructure Quality":"M","Notes":"Painted wood","LatNumber":30.355544999999999,"LongNumber":-97.680060999999995}},{"type":"Feature","id":500,"geometry":{"type":"Point","coordinates":[-97.679325999999946,30.355627000000027]},"properties":{"OBJECTID":500,"School ID":"Dobie","Feature ID":"63","Type":"Picnic table 13","Lat/Long":"30.355627, -97.679326","Infrastructure Quality":"L","Notes":"Broken metal round - REMOVE","LatNumber":30.355626999999998,"LongNumber":-97.679326000000003}},{"type":"Feature","id":501,"geometry":{"type":"Point","coordinates":[-97.67930599999994,30.355593000000056]},"properties":{"OBJECTID":501,"School ID":"Dobie","Feature ID":"64","Type":"Picnic table 14","Lat/Long":"30.355593, -97.679306","Infrastructure Quality":"H","Notes":"Metal round","LatNumber":30.355592999999999,"LongNumber":-97.679305999999997}},{"type":"Feature","id":502,"geometry":{"type":"Point","coordinates":[-97.679720999999972,30.355871000000036]},"properties":{"OBJECTID":502,"School ID":"Dobie","Feature ID":"65","Type":"Playground 1","Lat/Long":"30.355871, -97.679721","Infrastructure Quality":"L","Notes":"2-5 playscape with no safety surface or shade, in fenced area with Playground 2","LatNumber":30.355871,"LongNumber":-97.679721000000001}},{"type":"Feature","id":503,"geometry":{"type":"Point","coordinates":[-97.679850999999985,30.355923000000075]},"properties":{"OBJECTID":503,"School ID":"Dobie","Feature ID":"66","Type":"Playground 2","Lat/Long":"30.355923, -97.679851","Infrastructure Quality":"L","Notes":"Swing frame with no swings, in fenced area with Playground 1, no safety surface","LatNumber":30.355923000000001,"LongNumber":-97.679850999999999}},{"type":"Feature","id":504,"geometry":{"type":"Point","coordinates":[-97.679912999999942,30.355278000000055]},"properties":{"OBJECTID":504,"School ID":"Dobie","Feature ID":"67","Type":"Produce Garden 1","Lat/Long":"30.355278, -97.679913","Infrastructure Quality":"L","Notes":"6 beds with cinder block borders, fully overgrown, old cages, within Lawn 9","LatNumber":30.355277999999998,"LongNumber":-97.679912999999999}},{"type":"Feature","id":505,"geometry":{"type":"Point","coordinates":[-97.679836999999964,30.354482000000075]},"properties":{"OBJECTID":505,"School ID":"Dobie","Feature ID":"68","Type":"Rain Garden 1","Lat/Long":"30.354482, -97.679837","Infrastructure Quality":"M","Notes":"Detention Pond with drain","LatNumber":30.354482000000001,"LongNumber":-97.679837000000006}},{"type":"Feature","id":506,"geometry":{"type":"Point","coordinates":[-97.678645999999958,30.353464000000031]},"properties":{"OBJECTID":506,"School ID":"Dobie","Feature ID":"69","Type":"Rain Garden 2","Lat/Long":"30.353464, -97.678646","Infrastructure Quality":"H","Notes":"Fenced detention pond","LatNumber":30.353463999999999,"LongNumber":-97.678646000000001}},{"type":"Feature","id":507,"geometry":{"type":"Point","coordinates":[-97.680952999999988,30.354613000000029]},"properties":{"OBJECTID":507,"School ID":"Dobie","Feature ID":"70","Type":"Rain Garden 3","Lat/Long":"30.354613, -97.680953","Infrastructure Quality":"H","Notes":"WPD sign with plaque - Eagle Scout project; defined area with established plants","LatNumber":30.354613000000001,"LongNumber":-97.680953000000002}},{"type":"Feature","id":508,"geometry":{"type":"Point","coordinates":[-97.679929999999956,30.354648000000054]},"properties":{"OBJECTID":508,"School ID":"Dobie","Feature ID":"71","Type":"Shade Structure 1","Lat/Long":"30.354648, -97.679930","Infrastructure Quality":"H","Notes":"Wooden pergola over Picnic Table 9","LatNumber":30.354648000000001,"LongNumber":-97.679929999999999}},{"type":"Feature","id":509,"geometry":{"type":"Point","coordinates":[-97.679585999999972,30.355804000000035]},"properties":{"OBJECTID":509,"School ID":"Dobie","Feature ID":"72","Type":"Shade Structure 2","Lat/Long":"30.355804, -97.679586","Infrastructure Quality":"L","Notes":"Frame only, over Track 2, has lighting and electrical outlet","LatNumber":30.355803999999999,"LongNumber":-97.679586}},{"type":"Feature","id":510,"geometry":{"type":"Point","coordinates":[-97.679292999999973,30.354692000000057]},"properties":{"OBJECTID":510,"School ID":"Dobie","Feature ID":"73","Type":"Shed 1","Lat/Long":"30.354692, -97.679293","Infrastructure Quality":"L","Notes":"Wood, painted, locked, supports need adjustment","LatNumber":30.354692,"LongNumber":-97.679293000000001}},{"type":"Feature","id":511,"geometry":{"type":"Point","coordinates":[-97.679888999999946,30.35533300000003]},"properties":{"OBJECTID":511,"School ID":"Dobie","Feature ID":"74","Type":"Shed 2","Lat/Long":"30.355333, -97.679889","Infrastructure Quality":"L","Notes":"Broken plastic, holding garden tools","LatNumber":30.355333000000002,"LongNumber":-97.679889000000003}},{"type":"Feature","id":512,"geometry":{"type":"Point","coordinates":[-97.67984899999999,30.355564000000072]},"properties":{"OBJECTID":512,"School ID":"Dobie","Feature ID":"75","Type":"Shed 3","Lat/Long":"30.355564, -97.679849","Infrastructure Quality":"H","Notes":"Shipping container with lock","LatNumber":30.355564000000001,"LongNumber":-97.679849000000004}},{"type":"Feature","id":513,"geometry":{"type":"Point","coordinates":[-97.67952699999995,30.355760000000032]},"properties":{"OBJECTID":513,"School ID":"Dobie","Feature ID":"76","Type":"Shed 4","Lat/Long":"30.355760, -97.679527","Infrastructure Quality":"M","Notes":"Wood, in Track 2 area, likely holds preK bikes","LatNumber":30.35576,"LongNumber":-97.679526999999993}},{"type":"Feature","id":514,"geometry":{"type":"Point","coordinates":[-97.67920399999997,30.355556000000036]},"properties":{"OBJECTID":514,"School ID":"Dobie","Feature ID":"77","Type":"Shed 5","Lat/Long":"30.355556, -97.679204","Infrastructure Quality":"M","Notes":"Large metal with lock, minion painted on one side, in Lawn 13","LatNumber":30.355556,"LongNumber":-97.679203999999999}},{"type":"Feature","id":515,"geometry":{"type":"Point","coordinates":[-97.679192999999941,30.355581000000029]},"properties":{"OBJECTID":515,"School ID":"Dobie","Feature ID":"78","Type":"Shed 6","Lat/Long":"30.355581, -97.679193","Infrastructure Quality":"L","Notes":"Broken plastic, in Lawn 13","LatNumber":30.355581000000001,"LongNumber":-97.679192999999998}},{"type":"Feature","id":516,"geometry":{"type":"Point","coordinates":[-97.680095999999992,30.354996000000028]},"properties":{"OBJECTID":516,"School ID":"Dobie","Feature ID":"79","Type":"Tennis Court","Lat/Long":"30.354996, -97.680096","Infrastructure Quality":"H","Notes":"Striped with net, fenced","LatNumber":30.354996,"LongNumber":-97.680096000000006}},{"type":"Feature","id":517,"geometry":{"type":"Point","coordinates":[-97.678725999999983,30.354692000000057]},"properties":{"OBJECTID":517,"School ID":"Dobie","Feature ID":"80","Type":"Track 1","Lat/Long":"30.354692, -97.678726","Infrastructure Quality":"H","Notes":"Striped","LatNumber":30.354692,"LongNumber":-97.678725999999997}},{"type":"Feature","id":518,"geometry":{"type":"Point","coordinates":[-97.679585999999972,30.355804000000035]},"properties":{"OBJECTID":518,"School ID":"Dobie","Feature ID":"81","Type":"Track 2","Lat/Long":"30.355804, -97.679586","Infrastructure Quality":"M","Notes":"Striped trike track, cement","LatNumber":30.355803999999999,"LongNumber":-97.679586}},{"type":"Feature","id":519,"geometry":{"type":"Point","coordinates":[-97.680594999999983,30.354036000000065]},"properties":{"OBJECTID":519,"School ID":"Dobie","Feature ID":"82","Type":"Waste receptacle 1","Lat/Long":"30.354036, -97.680595","Infrastructure Quality":"M","Notes":"Metal","LatNumber":30.354036000000001,"LongNumber":-97.680594999999997}},{"type":"Feature","id":520,"geometry":{"type":"Point","coordinates":[-97.679927999999961,30.354666000000066]},"properties":{"OBJECTID":520,"School ID":"Dobie","Feature ID":"83","Type":"Waste receptacle 2","Lat/Long":"30.354666, -97.679928","Infrastructure Quality":"M","Notes":"Indoor can with crack, has bag; under Shade 1","LatNumber":30.354666000000002,"LongNumber":-97.679928000000004}},{"type":"Feature","id":521,"geometry":{"type":"Point","coordinates":[-97.680294999999944,30.353869000000032]},"properties":{"OBJECTID":521,"School ID":"Dobie","Feature ID":"84","Type":"Waste receptacle 3","Lat/Long":"30.353869, -97.680295","Infrastructure Quality":"M","Notes":"Metal, has bag, secured","LatNumber":30.353869,"LongNumber":-97.680295000000001}},{"type":"Feature","id":522,"geometry":{"type":"Point","coordinates":[-97.679837999999961,30.355707000000052]},"properties":{"OBJECTID":522,"School ID":"Dobie","Feature ID":"85","Type":"Waste receptacle 4","Lat/Long":"30.355707, -97.679838","Infrastructure Quality":"H","Notes":"Metal, has bag, secured","LatNumber":30.355706999999999,"LongNumber":-97.679838000000004}},{"type":"Feature","id":523,"geometry":{"type":"Point","coordinates":[-97.679445999999984,30.355870000000039]},"properties":{"OBJECTID":523,"School ID":"Dobie","Feature ID":"86","Type":"Waste receptacle 5","Lat/Long":"30.355870, -97.679446","Infrastructure Quality":"H","Notes":"Metal, has bag, secured","LatNumber":30.355869999999999,"LongNumber":-97.679445999999999}},{"type":"Feature","id":524,"geometry":{"type":"Point","coordinates":[-97.679282999999941,30.355567000000065]},"properties":{"OBJECTID":524,"School ID":"Dobie","Feature ID":"87","Type":"Waste receptacle 6","Lat/Long":"30.355567, -97.679283","Infrastructure Quality":"M","Notes":"Metal, has bag, secured, plant growing out of it","LatNumber":30.355567000000001,"LongNumber":-97.679282999999998}},{"type":"Feature","id":525,"geometry":{"type":"Point","coordinates":[-97.680766999999946,30.354564000000039]},"properties":{"OBJECTID":525,"School ID":"Dobie","Feature ID":"88","Type":"Waste receptacle 7","Lat/Long":"30.354564, -97.680767","Infrastructure Quality":"M","Notes":"Metal, has bag, secured","LatNumber":30.354564,"LongNumber":-97.680767000000003}},{"type":"Feature","id":526,"geometry":{"type":"Point","coordinates":[-97.690590999999984,30.314678000000072]},"properties":{"OBJECTID":526,"School ID":"Harris","Feature ID":"1","Type":"Art-1","Lat/Long":"30.314678, -97.690591","Infrastructure Quality":"M","Notes":null,"LatNumber":30.314678000000001,"LongNumber":-97.690590999999998}},{"type":"Feature","id":527,"geometry":{"type":"Point","coordinates":[-97.690861999999981,30.314847000000043]},"properties":{"OBJECTID":527,"School ID":"Harris","Feature ID":"2","Type":"Art-2","Lat/Long":"30.314847, -97.690862","Infrastructure Quality":"H","Notes":null,"LatNumber":30.314847,"LongNumber":-97.690861999999996}},{"type":"Feature","id":528,"geometry":{"type":"Point","coordinates":[-97.691014999999936,30.315218000000073]},"properties":{"OBJECTID":528,"School ID":"Harris","Feature ID":"3","Type":"Art-3","Lat/Long":"30.315218, -97.691015","Infrastructure Quality":"H","Notes":"mosaic of a tiled bulldog","LatNumber":30.315218000000002,"LongNumber":-97.691014999999993}},{"type":"Feature","id":529,"geometry":{"type":"Point","coordinates":[-97.691568999999959,30.314023000000077]},"properties":{"OBJECTID":529,"School ID":"Harris","Feature ID":"4","Type":"Art-4","Lat/Long":"30.314023, -97.691569","Infrastructure Quality":"M","Notes":null,"LatNumber":30.314022999999999,"LongNumber":-97.691569000000001}},{"type":"Feature","id":530,"geometry":{"type":"Point","coordinates":[-97.691704999999956,30.314215000000047]},"properties":{"OBJECTID":530,"School ID":"Harris","Feature ID":"5","Type":"Art-5","Lat/Long":"30.314215, -97.691705","Infrastructure Quality":"H","Notes":null,"LatNumber":30.314215000000001,"LongNumber":-97.691704999999999}},{"type":"Feature","id":531,"geometry":{"type":"Point","coordinates":[-97.690681999999981,30.314438000000052]},"properties":{"OBJECTID":531,"School ID":"Harris","Feature ID":"6","Type":"Basketball","Lat/Long":"30.314438, -97.690682","Infrastructure Quality":"M","Notes":"baskets look good, court needs work, shade present ","LatNumber":30.314437999999999,"LongNumber":-97.690681999999995}},{"type":"Feature","id":532,"geometry":{"type":"Point","coordinates":[-97.690842999999973,30.315035000000023]},"properties":{"OBJECTID":532,"School ID":"Harris","Feature ID":"7","Type":"Benches 1","Lat/Long":"30.315035, -97.690843","Infrastructure Quality":"M","Notes":null,"LatNumber":30.315035000000002,"LongNumber":-97.690843000000001}},{"type":"Feature","id":533,"geometry":{"type":"Point","coordinates":[-97.690903999999989,30.314839000000063]},"properties":{"OBJECTID":533,"School ID":"Harris","Feature ID":"8","Type":"Benches 2","Lat/Long":"30.314839, -97.690904","Infrastructure Quality":"H","Notes":null,"LatNumber":30.314838999999999,"LongNumber":-97.690904000000003}},{"type":"Feature","id":534,"geometry":{"type":"Point","coordinates":[-97.691067999999973,30.315263000000073]},"properties":{"OBJECTID":534,"School ID":"Harris","Feature ID":"9","Type":"Benches 3","Lat/Long":"30.315263, -97.691068","Infrastructure Quality":"H","Notes":"2 metal benches","LatNumber":30.315263000000002,"LongNumber":-97.691068000000001}},{"type":"Feature","id":535,"geometry":{"type":"Point","coordinates":[-97.691001999999969,30.315203000000054]},"properties":{"OBJECTID":535,"School ID":"Harris","Feature ID":"10","Type":"Benches 4","Lat/Long":"30.315203, -97.691002","Infrastructure Quality":"M","Notes":"memorial plaque","LatNumber":30.315203,"LongNumber":-97.691001999999997}},{"type":"Feature","id":536,"geometry":{"type":"Point","coordinates":[-97.690875999999946,30.314955000000054]},"properties":{"OBJECTID":536,"School ID":"Harris","Feature ID":"11","Type":"Benches 5","Lat/Long":"30.314955, -97.690876","Infrastructure Quality":"H","Notes":null,"LatNumber":30.314955000000001,"LongNumber":-97.690876000000003}},{"type":"Feature","id":537,"geometry":{"type":"Point","coordinates":[-97.691050999999959,30.315240000000074]},"properties":{"OBJECTID":537,"School ID":"Harris","Feature ID":"12","Type":"Benches 6","Lat/Long":"30.315240, -97.691051","Infrastructure Quality":"M","Notes":null,"LatNumber":30.315239999999999,"LongNumber":-97.691051000000002}},{"type":"Feature","id":538,"geometry":{"type":"Point","coordinates":[-97.691711999999939,30.314801000000045]},"properties":{"OBJECTID":538,"School ID":"Harris","Feature ID":"13","Type":"Benches 7","Lat/Long":"30.314801, -97.691712","Infrastructure Quality":"M","Notes":"2 metal benchs","LatNumber":30.314800999999999,"LongNumber":-97.691711999999995}},{"type":"Feature","id":539,"geometry":{"type":"Point","coordinates":[-97.690849999999955,30.31518600000004]},"properties":{"OBJECTID":539,"School ID":"Harris","Feature ID":"14","Type":"Bike Rack / Bike Fix It Station -1","Lat/Long":"30.315186, -97.690850","Infrastructure Quality":"M","Notes":null,"LatNumber":30.315186000000001,"LongNumber":-97.690849999999998}},{"type":"Feature","id":540,"geometry":{"type":"Point","coordinates":[-97.690935999999965,30.315239000000076]},"properties":{"OBJECTID":540,"School ID":"Harris","Feature ID":"15","Type":"Bike Rack / Bike Fix It Station -2","Lat/Long":"30.315239, -97.690936","Infrastructure Quality":"H","Notes":null,"LatNumber":30.315238999999998,"LongNumber":-97.690935999999994}},{"type":"Feature","id":541,"geometry":{"type":"Point","coordinates":[-97.690343999999982,30.31481000000008]},"properties":{"OBJECTID":541,"School ID":"Harris","Feature ID":"16","Type":"Bike Rack / Bike Fix It Station -3","Lat/Long":"30.314810, -97.690344","Infrastructure Quality":"M","Notes":"sitting in grass, can move ","LatNumber":30.314810000000001,"LongNumber":-97.690343999999996}},{"type":"Feature","id":542,"geometry":{"type":"Point","coordinates":[-97.691813999999965,30.314500000000066]},"properties":{"OBJECTID":542,"School ID":"Harris","Feature ID":"17","Type":"Looping Path/Track","Lat/Long":"30.314500, -97.691814","Infrastructure Quality":"L","Notes":"overgrown, equiptment storage area ","LatNumber":30.314499999999999,"LongNumber":-97.691813999999994}},{"type":"Feature","id":543,"geometry":{"type":"Point","coordinates":[-97.691814999999963,30.314500000000066]},"properties":{"OBJECTID":543,"School ID":"Harris","Feature ID":"18","Type":"Lawn","Lat/Long":"30.314500, -97.691815","Infrastructure Quality":"L","Notes":"around track area ","LatNumber":30.314499999999999,"LongNumber":-97.691815000000005}},{"type":"Feature","id":544,"geometry":{"type":"Point","coordinates":[-97.690958999999964,30.315165000000036]},"properties":{"OBJECTID":544,"School ID":"Harris","Feature ID":"19","Type":"Other 2 ","Lat/Long":"30.315165, -97.690959","Infrastructure Quality":"M","Notes":"Boot scraper ","LatNumber":30.315165,"LongNumber":-97.690959000000007}},{"type":"Feature","id":545,"geometry":{"type":"Point","coordinates":[-97.690923999999939,30.31522300000006]},"properties":{"OBJECTID":545,"School ID":"Harris","Feature ID":"20","Type":"Other 1","Lat/Long":"30.315223, -97.690924","Infrastructure Quality":"H","Notes":"Little free library","LatNumber":30.315223,"LongNumber":-97.690923999999995}},{"type":"Feature","id":546,"geometry":{"type":"Point","coordinates":[-97.690869999999961,30.314449000000025]},"properties":{"OBJECTID":546,"School ID":"Harris","Feature ID":"21","Type":"Picnic table 1","Lat/Long":"30.314449, -97.690870","Infrastructure Quality":"M","Notes":"ADA wooden table ","LatNumber":30.314449,"LongNumber":-97.690870000000004}},{"type":"Feature","id":547,"geometry":{"type":"Point","coordinates":[-97.691663999999946,30.314818000000059]},"properties":{"OBJECTID":547,"School ID":"Harris","Feature ID":"22","Type":"Picnic table 2","Lat/Long":"30.314818, -97.691664","Infrastructure Quality":"L","Notes":null,"LatNumber":30.314817999999999,"LongNumber":-97.691664000000003}},{"type":"Feature","id":548,"geometry":{"type":"Point","coordinates":[-97.691332999999986,30.314906000000065]},"properties":{"OBJECTID":548,"School ID":"Harris","Feature ID":"23","Type":"Picnic table 3","Lat/Long":"30.314906, -97.691333","Infrastructure Quality":"L","Notes":null,"LatNumber":30.314906000000001,"LongNumber":-97.691333}},{"type":"Feature","id":549,"geometry":{"type":"Point","coordinates":[-97.690474999999992,30.314381000000026]},"properties":{"OBJECTID":549,"School ID":"Harris","Feature ID":"24","Type":"Playground 1","Lat/Long":"30.314381, -97.690475","Infrastructure Quality":"H","Notes":"3-5yr","LatNumber":30.314381000000001,"LongNumber":-97.690475000000006}},{"type":"Feature","id":550,"geometry":{"type":"Point","coordinates":[-97.690551999999968,30.314233000000058]},"properties":{"OBJECTID":550,"School ID":"Harris","Feature ID":"25","Type":"Playground 2","Lat/Long":"30.314233, -97.690552","Infrastructure Quality":"M","Notes":"swings","LatNumber":30.314233000000002,"LongNumber":-97.690551999999997}},{"type":"Feature","id":551,"geometry":{"type":"Point","coordinates":[-97.690903999999989,30.314362000000074]},"properties":{"OBJECTID":551,"School ID":"Harris","Feature ID":"26","Type":"Playground 3","Lat/Long":"30.314362, -97.690904","Infrastructure Quality":"M","Notes":"5-12yr","LatNumber":30.314361999999999,"LongNumber":-97.690904000000003}},{"type":"Feature","id":552,"geometry":{"type":"Point","coordinates":[-97.691066999999975,30.31526400000007]},"properties":{"OBJECTID":552,"School ID":"Harris","Feature ID":"27","Type":"Rain Garden/Infiltration Garden 1","Lat/Long":"30.315264, -97.691067","Infrastructure Quality":"H","Notes":null,"LatNumber":30.315263999999999,"LongNumber":-97.691067000000004}},{"type":"Feature","id":553,"geometry":{"type":"Point","coordinates":[-97.690271999999936,30.314686000000052]},"properties":{"OBJECTID":553,"School ID":"Harris","Feature ID":"28","Type":"Rain Garden/Infiltration Garden 2","Lat/Long":"30.314686, -97.690272","Infrastructure Quality":"H","Notes":null,"LatNumber":30.314685999999998,"LongNumber":-97.690271999999993}},{"type":"Feature","id":554,"geometry":{"type":"Point","coordinates":[-97.691711999999939,30.314801000000045]},"properties":{"OBJECTID":554,"School ID":"Harris","Feature ID":"29","Type":"Rain Garden/Infiltration Garden 3","Lat/Long":"30.314801, -97.691712","Infrastructure Quality":"H","Notes":null,"LatNumber":30.314800999999999,"LongNumber":-97.691711999999995}},{"type":"Feature","id":555,"geometry":{"type":"Point","coordinates":[-97.690681999999981,30.314438000000052]},"properties":{"OBJECTID":555,"School ID":"Harris","Feature ID":"30","Type":"Shade Structure","Lat/Long":"30.314438, -97.690682","Infrastructure Quality":"M","Notes":"over basketball court, a few holes present ","LatNumber":30.314437999999999,"LongNumber":-97.690681999999995}},{"type":"Feature","id":556,"geometry":{"type":"Point","coordinates":[-97.690729999999974,30.314909000000057]},"properties":{"OBJECTID":556,"School ID":"Harris","Feature ID":"31","Type":"Storage/Shed 1","Lat/Long":"30.314909, -97.690730","Infrastructure Quality":"H","Notes":null,"LatNumber":30.314909,"LongNumber":-97.690730000000002}},{"type":"Feature","id":557,"geometry":{"type":"Point","coordinates":[-97.691637999999955,30.314561000000026]},"properties":{"OBJECTID":557,"School ID":"Harris","Feature ID":"32","Type":"Storage/Shed 2","Lat/Long":"30.314561, -97.691638","Infrastructure Quality":"H","Notes":"looks new, lock present ","LatNumber":30.314561000000001,"LongNumber":-97.691637999999998}},{"type":"Feature","id":558,"geometry":{"type":"Point","coordinates":[-97.691053999999951,30.315283000000079]},"properties":{"OBJECTID":558,"School ID":"Harris","Feature ID":"33","Type":"Waste 1","Lat/Long":"30.315283, -97.691054","Infrastructure Quality":"M","Notes":null,"LatNumber":30.315283000000001,"LongNumber":-97.691053999999994}},{"type":"Feature","id":559,"geometry":{"type":"Point","coordinates":[-97.75416899999999,30.197537000000068]},"properties":{"OBJECTID":559,"School ID":"Houston","Feature ID":"1","Type":"Amphitheater","Lat/Long":"30.197537, -97.754169","Infrastructure Quality":"M","Notes":"Stage + four long wooden benches. Tree limbs hanging into the space","LatNumber":30.197537000000001,"LongNumber":-97.754169000000005}},{"type":"Feature","id":560,"geometry":{"type":"Point","coordinates":[-97.75511199999994,30.198016000000052]},"properties":{"OBJECTID":560,"School ID":"Houston","Feature ID":"2","Type":"Art 1","Lat/Long":"30.198016, -97.755112","Infrastructure Quality":"H","Notes":"Mural on building ","LatNumber":30.198015999999999,"LongNumber":-97.755111999999997}},{"type":"Feature","id":561,"geometry":{"type":"Point","coordinates":[-97.755075999999974,30.198027000000025]},"properties":{"OBJECTID":561,"School ID":"Houston","Feature ID":"3","Type":"Art 2","Lat/Long":"30.198027, -97.755076","Infrastructure Quality":"H","Notes":"bird silhouette","LatNumber":30.198027,"LongNumber":-97.755076000000003}},{"type":"Feature","id":562,"geometry":{"type":"Point","coordinates":[-97.754340999999954,30.197715000000073]},"properties":{"OBJECTID":562,"School ID":"Houston","Feature ID":"4","Type":"Art 3 ","Lat/Long":"30.197715, -97.754341","Infrastructure Quality":"H","Notes":"Mural on building ","LatNumber":30.197714999999999,"LongNumber":-97.754340999999997}},{"type":"Feature","id":563,"geometry":{"type":"Point","coordinates":[-97.754380999999967,30.197117000000048]},"properties":{"OBJECTID":563,"School ID":"Houston","Feature ID":"5","Type":"Art 4","Lat/Long":"30.197117, -97.754381","Infrastructure Quality":"L","Notes":"Tile mosaic on building","LatNumber":30.197116999999999,"LongNumber":-97.754380999999995}},{"type":"Feature","id":564,"geometry":{"type":"Point","coordinates":[-97.754749999999945,30.196842000000061]},"properties":{"OBJECTID":564,"School ID":"Houston","Feature ID":"6","Type":"Basketball","Lat/Long":"30.196842, -97.754750","Infrastructure Quality":"M","Notes":"2 hoops, 1 net, needs restriping, has shade structure","LatNumber":30.196842,"LongNumber":-97.754750000000001}},{"type":"Feature","id":565,"geometry":{"type":"Point","coordinates":[-97.75460499999997,30.197231000000045]},"properties":{"OBJECTID":565,"School ID":"Houston","Feature ID":"7","Type":"Bench 1","Lat/Long":"30.197231, -97.754605","Infrastructure Quality":"M","Notes":"Within Habitat Garden 1, metal, not very accessible since garden so overgrown","LatNumber":30.197230999999999,"LongNumber":-97.754604999999998}},{"type":"Feature","id":566,"geometry":{"type":"Point","coordinates":[-97.755879999999991,30.195689000000073]},"properties":{"OBJECTID":566,"School ID":"Houston","Feature ID":"8","Type":"Bench 2","Lat/Long":"30.195689, -97.755880","Infrastructure Quality":"H","Notes":"PARD","LatNumber":30.195689000000002,"LongNumber":-97.755880000000005}},{"type":"Feature","id":567,"geometry":{"type":"Point","coordinates":[-97.755045999999936,30.196136000000024]},"properties":{"OBJECTID":567,"School ID":"Houston","Feature ID":"9","Type":"Bench 3","Lat/Long":"30.196136, -97.755046","Infrastructure Quality":"H","Notes":"PARD","LatNumber":30.196135999999999,"LongNumber":-97.755045999999993}},{"type":"Feature","id":568,"geometry":{"type":"Point","coordinates":[-97.755288999999948,30.196334000000036]},"properties":{"OBJECTID":568,"School ID":"Houston","Feature ID":"10","Type":"Bench 4","Lat/Long":"30.196334, -97.755289","Infrastructure Quality":"H","Notes":"PARD","LatNumber":30.196334,"LongNumber":-97.755289000000005}},{"type":"Feature","id":569,"geometry":{"type":"Point","coordinates":[-97.755716999999947,30.196569000000068]},"properties":{"OBJECTID":569,"School ID":"Houston","Feature ID":"11","Type":"Bench 5","Lat/Long":"30.196569, -97.755717","Infrastructure Quality":"H","Notes":"PARD","LatNumber":30.196569,"LongNumber":-97.755717000000004}},{"type":"Feature","id":570,"geometry":{"type":"Point","coordinates":[-97.755661999999973,30.197102000000029]},"properties":{"OBJECTID":570,"School ID":"Houston","Feature ID":"12","Type":"Berm/Swale","Lat/Long":"30.197102, -97.755662","Infrastructure Quality":"H","Notes":null,"LatNumber":30.197102000000001,"LongNumber":-97.755662000000001}},{"type":"Feature","id":571,"geometry":{"type":"Point","coordinates":[-97.755174999999952,30.198076000000071]},"properties":{"OBJECTID":571,"School ID":"Houston","Feature ID":"13","Type":"Bike Rack 1","Lat/Long":"30.198076, -97.755175","Infrastructure Quality":"H","Notes":"No bikes","LatNumber":30.198076,"LongNumber":-97.755174999999994}},{"type":"Feature","id":572,"geometry":{"type":"Point","coordinates":[-97.754708999999991,30.198164000000077]},"properties":{"OBJECTID":572,"School ID":"Houston","Feature ID":"14","Type":"Bike Rack 2","Lat/Long":"30.198164, -97.754709","Infrastructure Quality":"H","Notes":"No bikes","LatNumber":30.198163999999998,"LongNumber":-97.754709000000005}},{"type":"Feature","id":573,"geometry":{"type":"Point","coordinates":[-97.754482999999937,30.197033000000033]},"properties":{"OBJECTID":573,"School ID":"Houston","Feature ID":"15","Type":"Bike Rack 3","Lat/Long":"30.197033, -97.754483","Infrastructure Quality":"H","Notes":"No bikes","LatNumber":30.197033000000001,"LongNumber":-97.754482999999993}},{"type":"Feature","id":574,"geometry":{"type":"Point","coordinates":[-97.755089999999939,30.196963000000039]},"properties":{"OBJECTID":574,"School ID":"Houston","Feature ID":"16","Type":"Bike Rack 4","Lat/Long":"30.196963, -97.755090","Infrastructure Quality":"H","Notes":"No bikes","LatNumber":30.196963,"LongNumber":-97.755089999999996}},{"type":"Feature","id":575,"geometry":{"type":"Point","coordinates":[-97.755548999999974,30.196042000000034]},"properties":{"OBJECTID":575,"School ID":"Houston","Feature ID":"17","Type":"Fields","Lat/Long":"30.196042, -97.755549","Infrastructure Quality":"H","Notes":"2 soccer goals, lighting on perimeter","LatNumber":30.196041999999998,"LongNumber":-97.755549000000002}},{"type":"Feature","id":576,"geometry":{"type":"Point","coordinates":[-97.75588399999998,30.197073000000046]},"properties":{"OBJECTID":576,"School ID":"Houston","Feature ID":"18","Type":"Gaga Ball Pit","Lat/Long":"30.197073, -97.755884","Infrastructure Quality":"L","Notes":null,"LatNumber":30.197073,"LongNumber":-97.755883999999995}},{"type":"Feature","id":577,"geometry":{"type":"Point","coordinates":[-97.75460099999998,30.19731900000005]},"properties":{"OBJECTID":577,"School ID":"Houston","Feature ID":"19","Type":"Habitat Garden","Lat/Long":"30.197319, -97.754601","Infrastructure Quality":"L","Notes":"overgrown, includes 2 memorial plaques, metal bench, well established pomegranate and holly, some wildflowers","LatNumber":30.197319,"LongNumber":-97.754600999999994}},{"type":"Feature","id":578,"geometry":{"type":"Point","coordinates":[-97.756191999999942,30.196512000000041]},"properties":{"OBJECTID":578,"School ID":"Houston","Feature ID":"21","Type":"Lawn 1","Lat/Long":"30.196512, -97.756192","Infrastructure Quality":"H","Notes":null,"LatNumber":30.196511999999998,"LongNumber":-97.756191999999999}},{"type":"Feature","id":579,"geometry":{"type":"Point","coordinates":[-97.75482599999998,30.196604000000036]},"properties":{"OBJECTID":579,"School ID":"Houston","Feature ID":"22","Type":"Lawn 2","Lat/Long":"30.196604, -97.754826","Infrastructure Quality":"H","Notes":null,"LatNumber":30.196604000000001,"LongNumber":-97.754825999999994}},{"type":"Feature","id":580,"geometry":{"type":"Point","coordinates":[-97.75662299999999,30.19625700000006]},"properties":{"OBJECTID":580,"School ID":"Houston","Feature ID":"23","Type":"Mutt Mitt station","Lat/Long":"30.196257, -97.756623","Infrastructure Quality":"L","Notes":"Has bags, on old park rules sign, next to Waste 4","LatNumber":30.196256999999999,"LongNumber":-97.756623000000005}},{"type":"Feature","id":581,"geometry":{"type":"Point","coordinates":[-97.75460099999998,30.19731900000005]},"properties":{"OBJECTID":581,"School ID":"Houston","Feature ID":"24","Type":"Nature Trail","Lat/Long":"30.197319, -97.754601","Infrastructure Quality":"L","Notes":"Within Habitat Garden 1, mulch path throughout space","LatNumber":30.197319,"LongNumber":-97.754600999999994}},{"type":"Feature","id":582,"geometry":{"type":"Point","coordinates":[-97.755185999999981,30.198014000000057]},"properties":{"OBJECTID":582,"School ID":"Houston","Feature ID":"25","Type":"Other 1","Lat/Long":"30.198014, -97.755186","Infrastructure Quality":"M","Notes":"door won't close","LatNumber":30.198014000000001,"LongNumber":-97.755185999999995}},{"type":"Feature","id":583,"geometry":{"type":"Point","coordinates":[-97.755129999999951,30.198326000000066]},"properties":{"OBJECTID":583,"School ID":"Houston","Feature ID":"26","Type":"Other 2","Lat/Long":"30.198326, -97.755130","Infrastructure Quality":"M","Notes":"No door, full of books","LatNumber":30.198326000000002,"LongNumber":-97.755129999999994}},{"type":"Feature","id":584,"geometry":{"type":"Point","coordinates":[-97.756444999999985,30.196248000000026]},"properties":{"OBJECTID":584,"School ID":"Houston","Feature ID":"27","Type":"Other 3","Lat/Long":"30.196248, -97.756445","Infrastructure Quality":"M","Notes":"Backstop in Lawn 1","LatNumber":30.196248000000001,"LongNumber":-97.756444999999999}},{"type":"Feature","id":585,"geometry":{"type":"Point","coordinates":[-97.755279999999971,30.196440000000052]},"properties":{"OBJECTID":585,"School ID":"Houston","Feature ID":"28","Type":"Other 4","Lat/Long":"30.196440, -97.755280","Infrastructure Quality":"H","Notes":"Grill","LatNumber":30.196439999999999,"LongNumber":-97.755279999999999}},{"type":"Feature","id":586,"geometry":{"type":"Point","coordinates":[-97.754688999999985,30.197212000000036]},"properties":{"OBJECTID":586,"School ID":"Houston","Feature ID":"29","Type":"Outdoor Classroom ","Lat/Long":"30.197212, -97.754689","Infrastructure Quality":"H","Notes":"8 limestone blocks","LatNumber":30.197212,"LongNumber":-97.754688999999999}},{"type":"Feature","id":587,"geometry":{"type":"Point","coordinates":[-97.755216999999959,30.196549000000061]},"properties":{"OBJECTID":587,"School ID":"Houston","Feature ID":"30","Type":"Pavillion","Lat/Long":"30.196549, -97.755217","Infrastructure Quality":"H","Notes":"Working electricity","LatNumber":30.196549000000001,"LongNumber":-97.755217000000002}},{"type":"Feature","id":588,"geometry":{"type":"Point","coordinates":[-97.754164999999944,30.197607000000062]},"properties":{"OBJECTID":588,"School ID":"Houston","Feature ID":"31","Type":"Picnic table 1","Lat/Long":"30.197607, -97.754165\n","Infrastructure Quality":"M","Notes":"12 painted wooden tables","LatNumber":30.197607000000001,"LongNumber":-97.754165}},{"type":"Feature","id":589,"geometry":{"type":"Point","coordinates":[-97.754524999999944,30.198120000000074]},"properties":{"OBJECTID":589,"School ID":"Houston","Feature ID":"32","Type":"Picnic table 10","Lat/Long":"30.198120, -97.754525","Infrastructure Quality":"M","Notes":"wooden, painted","LatNumber":30.198119999999999,"LongNumber":-97.754525000000001}},{"type":"Feature","id":590,"geometry":{"type":"Point","coordinates":[-97.754446999999971,30.198006000000078]},"properties":{"OBJECTID":590,"School ID":"Houston","Feature ID":"33","Type":"Picnic table 11","Lat/Long":"30.198006, -97.754447","Infrastructure Quality":"M","Notes":"2 wooden, painted","LatNumber":30.198005999999999,"LongNumber":-97.754446999999999}},{"type":"Feature","id":591,"geometry":{"type":"Point","coordinates":[-97.754575999999986,30.198020000000042]},"properties":{"OBJECTID":591,"School ID":"Houston","Feature ID":"34","Type":"Picnic table 12","Lat/Long":"30.198020, -97.754576","Infrastructure Quality":"M","Notes":"wooden, painted, ADA","LatNumber":30.19802,"LongNumber":-97.754576}},{"type":"Feature","id":592,"geometry":{"type":"Point","coordinates":[-97.754214999999988,30.197954000000038]},"properties":{"OBJECTID":592,"School ID":"Houston","Feature ID":"35","Type":"Picnic table 13","Lat/Long":"30.197954, -97.754215","Infrastructure Quality":"M","Notes":"2 wooden, painted","LatNumber":30.197953999999999,"LongNumber":-97.754215000000002}},{"type":"Feature","id":593,"geometry":{"type":"Point","coordinates":[-97.754240999999979,30.197873000000072]},"properties":{"OBJECTID":593,"School ID":"Houston","Feature ID":"36","Type":"Picnic table 2","Lat/Long":"30.197873, -97.754241","Infrastructure Quality":"M","Notes":"wooden, painted","LatNumber":30.197873000000001,"LongNumber":-97.754240999999993}},{"type":"Feature","id":594,"geometry":{"type":"Point","coordinates":[-97.754054999999937,30.198002000000031]},"properties":{"OBJECTID":594,"School ID":"Houston","Feature ID":"37","Type":"Picnic table 3","Lat/Long":"30.198002, -97.754055","Infrastructure Quality":"M","Notes":"2 wooden, painted, one is ADA","LatNumber":30.198001999999999,"LongNumber":-97.754054999999994}},{"type":"Feature","id":595,"geometry":{"type":"Point","coordinates":[-97.754333999999972,30.19749900000005]},"properties":{"OBJECTID":595,"School ID":"Houston","Feature ID":"38","Type":"Picnic table 4","Lat/Long":"30.197499, -97.754334","Infrastructure Quality":"M","Notes":"Behind locked/fenced space, 2 regtangle metal tables","LatNumber":30.197499000000001,"LongNumber":-97.754334}},{"type":"Feature","id":596,"geometry":{"type":"Point","coordinates":[-97.754475999999954,30.197343000000046]},"properties":{"OBJECTID":596,"School ID":"Houston","Feature ID":"39","Type":"Picnic table 5","Lat/Long":"30.197343, -97.754476","Infrastructure Quality":"M","Notes":"Round metal table behind locked/fenced area","LatNumber":30.197343,"LongNumber":-97.754475999999997}},{"type":"Feature","id":597,"geometry":{"type":"Point","coordinates":[-97.755751999999973,30.195580000000064]},"properties":{"OBJECTID":597,"School ID":"Houston","Feature ID":"40","Type":"Picnic table 6","Lat/Long":"30.195580, -97.755752","Infrastructure Quality":"H","Notes":"PARD","LatNumber":30.19558,"LongNumber":-97.755752000000001}},{"type":"Feature","id":598,"geometry":{"type":"Point","coordinates":[-97.755007999999975,30.196092000000078]},"properties":{"OBJECTID":598,"School ID":"Houston","Feature ID":"41","Type":"Picnic table 7","Lat/Long":"30.196092, -97.755008","Infrastructure Quality":"H","Notes":"PARD","LatNumber":30.196092,"LongNumber":-97.755008000000004}},{"type":"Feature","id":599,"geometry":{"type":"Point","coordinates":[-97.755600999999956,30.196554000000049]},"properties":{"OBJECTID":599,"School ID":"Houston","Feature ID":"42","Type":"Picnic table 8","Lat/Long":"30.196554, -97.755601","Infrastructure Quality":"H","Notes":"PARD","LatNumber":30.196553999999999,"LongNumber":-97.755600999999999}},{"type":"Feature","id":600,"geometry":{"type":"Point","coordinates":[-97.755216999999959,30.196549000000061]},"properties":{"OBJECTID":600,"School ID":"Houston","Feature ID":"43","Type":"Picnic table 9","Lat/Long":"30.196549, -97.755217","Infrastructure Quality":"H","Notes":"13 PARD, painted blue","LatNumber":30.196549000000001,"LongNumber":-97.755217000000002}},{"type":"Feature","id":601,"geometry":{"type":"Point","coordinates":[-97.754062999999974,30.197902000000056]},"properties":{"OBJECTID":601,"School ID":"Houston","Feature ID":"44","Type":"Playground 1","Lat/Long":"30.197902, -97.754063","Infrastructure Quality":"H","Notes":"Set of 4 swings","LatNumber":30.197901999999999,"LongNumber":-97.754063000000002}},{"type":"Feature","id":602,"geometry":{"type":"Point","coordinates":[-97.754324999999938,30.198018000000047]},"properties":{"OBJECTID":602,"School ID":"Houston","Feature ID":"45","Type":"Playground 2","Lat/Long":"30.198018, -97.754325","Infrastructure Quality":"H","Notes":"5-12 playscape (music between this and 2-5)","LatNumber":30.198018000000001,"LongNumber":-97.754324999999994}},{"type":"Feature","id":603,"geometry":{"type":"Point","coordinates":[-97.754470999999967,30.198082000000056]},"properties":{"OBJECTID":603,"School ID":"Houston","Feature ID":"46","Type":"Playground 3","Lat/Long":"30.198082, -97.754471","Infrastructure Quality":"H","Notes":"2-5 with shade","LatNumber":30.198081999999999,"LongNumber":-97.754470999999995}},{"type":"Feature","id":604,"geometry":{"type":"Point","coordinates":[-97.754573999999991,30.19814800000006]},"properties":{"OBJECTID":604,"School ID":"Houston","Feature ID":"47","Type":"Playground 4","Lat/Long":"30.198148, -97.754574","Infrastructure Quality":"H","Notes":"Set of 2 swings, one is ADA","LatNumber":30.198148,"LongNumber":-97.754574000000005}},{"type":"Feature","id":605,"geometry":{"type":"Point","coordinates":[-97.754427999999962,30.197396000000026]},"properties":{"OBJECTID":605,"School ID":"Houston","Feature ID":"48","Type":"Pond","Lat/Long":"30.197396, -97.754428","Infrastructure Quality":"H","Notes":"Structure itself great but stagnant water","LatNumber":30.197396000000001,"LongNumber":-97.754428000000004}},{"type":"Feature","id":606,"geometry":{"type":"Point","coordinates":[-97.754027999999948,30.197587000000055]},"properties":{"OBJECTID":606,"School ID":"Houston","Feature ID":"49","Type":"Produce Garden 1","Lat/Long":"30.197587, -97.754028","Infrastructure Quality":"M","Notes":"4 raised wooden beds, remnant veggies with old labels","LatNumber":30.197586999999999,"LongNumber":-97.754028000000005}},{"type":"Feature","id":607,"geometry":{"type":"Point","coordinates":[-97.754643999999985,30.197358000000065]},"properties":{"OBJECTID":607,"School ID":"Houston","Feature ID":"50","Type":"Produce Garden 2","Lat/Long":"30.197358, -97.754644","Infrastructure Quality":"M","Notes":"4 raised wooden beds, old SFC/GAVA sign on wall","LatNumber":30.197358000000001,"LongNumber":-97.754643999999999}},{"type":"Feature","id":608,"geometry":{"type":"Point","coordinates":[-97.754871999999978,30.196475000000078]},"properties":{"OBJECTID":608,"School ID":"Houston","Feature ID":"51","Type":"Produce Garden 3","Lat/Long":"30.196475, -97.754872","Infrastructure Quality":"L","Notes":"Behind locked/fenced area with Shed 1, 4 raised wooden beds","LatNumber":30.196475,"LongNumber":-97.754872000000006}},{"type":"Feature","id":609,"geometry":{"type":"Point","coordinates":[-97.754865999999936,30.195965000000058]},"properties":{"OBJECTID":609,"School ID":"Houston","Feature ID":"52","Type":"Rain Garden/Infiltration Garden 1","Lat/Long":"30.195965, -97.754866","Infrastructure Quality":"M","Notes":null,"LatNumber":30.195965000000001,"LongNumber":-97.754866000000007}},{"type":"Feature","id":610,"geometry":{"type":"Point","coordinates":[-97.754589999999951,30.196071000000074]},"properties":{"OBJECTID":610,"School ID":"Houston","Feature ID":"53","Type":"Rain Garden/Infiltration Garden 2","Lat/Long":"30.196071, -97.754590","Infrastructure Quality":"H","Notes":null,"LatNumber":30.196071,"LongNumber":-97.754589999999993}},{"type":"Feature","id":611,"geometry":{"type":"Point","coordinates":[-97.754550999999992,30.196223000000032]},"properties":{"OBJECTID":611,"School ID":"Houston","Feature ID":"54","Type":"Rain Garden/Infiltration Garden 3","Lat/Long":"30.196223, -97.754551","Infrastructure Quality":"H","Notes":"Area fenced","LatNumber":30.196223,"LongNumber":-97.754551000000006}},{"type":"Feature","id":612,"geometry":{"type":"Point","coordinates":[-97.754470999999967,30.198082000000056]},"properties":{"OBJECTID":612,"School ID":"Houston","Feature ID":"55","Type":"Shade Structure 1","Lat/Long":"30.198082, -97.754471","Infrastructure Quality":"H","Notes":"Co-located with Playground 3","LatNumber":30.198081999999999,"LongNumber":-97.754470999999995}},{"type":"Feature","id":613,"geometry":{"type":"Point","coordinates":[-97.754749999999945,30.196842000000061]},"properties":{"OBJECTID":613,"School ID":"Houston","Feature ID":"56","Type":"Shade Structure 2","Lat/Long":"30.196842, -97.754750","Infrastructure Quality":"H","Notes":"Covers basketball","LatNumber":30.196842,"LongNumber":-97.754750000000001}},{"type":"Feature","id":614,"geometry":{"type":"Point","coordinates":[-97.754785999999967,30.196427000000028]},"properties":{"OBJECTID":614,"School ID":"Houston","Feature ID":"57","Type":"Storage/Shed 1","Lat/Long":"30.196427, -97.754786","Infrastructure Quality":"L","Notes":"Behind locked/fenced area with Produce Garden 3","LatNumber":30.196427,"LongNumber":-97.754785999999996}},{"type":"Feature","id":615,"geometry":{"type":"Point","coordinates":[-97.755427999999938,30.197661000000039]},"properties":{"OBJECTID":615,"School ID":"Houston","Feature ID":"58","Type":"Storage/Shed 2","Lat/Long":"30.197661, -97.755428","Infrastructure Quality":"M","Notes":null,"LatNumber":30.197661,"LongNumber":-97.755427999999995}},{"type":"Feature","id":616,"geometry":{"type":"Point","coordinates":[-97.755950999999982,30.196318000000076]},"properties":{"OBJECTID":616,"School ID":"Houston","Feature ID":"59","Type":"Track","Lat/Long":"30.196318, -97.755951","Infrastructure Quality":"M","Notes":null,"LatNumber":30.196318000000002,"LongNumber":-97.755950999999996}},{"type":"Feature","id":617,"geometry":{"type":"Point","coordinates":[-97.754610999999954,30.198032000000069]},"properties":{"OBJECTID":617,"School ID":"Houston","Feature ID":"60","Type":"Waste receptacle 1","Lat/Long":"30.198032, -97.754611","Infrastructure Quality":"M","Notes":"Old PARD trash coffin","LatNumber":30.198032000000001,"LongNumber":-97.754610999999997}},{"type":"Feature","id":618,"geometry":{"type":"Point","coordinates":[-97.754373999999984,30.197424000000069]},"properties":{"OBJECTID":618,"School ID":"Houston","Feature ID":"61","Type":"Waste receptacle 2","Lat/Long":"30.197424, -97.754374","Infrastructure Quality":"M","Notes":"Round metal trash can behind locked/fenced area","LatNumber":30.197424000000002,"LongNumber":-97.754373999999999}},{"type":"Feature","id":619,"geometry":{"type":"Point","coordinates":[-97.755407999999989,30.197211000000038]},"properties":{"OBJECTID":619,"School ID":"Houston","Feature ID":"62","Type":"Waste receptacle 3","Lat/Long":"30.197211, -97.755408","Infrastructure Quality":"M","Notes":"PARD, next to park rules sign","LatNumber":30.197210999999999,"LongNumber":-97.755408000000003}},{"type":"Feature","id":620,"geometry":{"type":"Point","coordinates":[-97.75662299999999,30.19625700000006]},"properties":{"OBJECTID":620,"School ID":"Houston","Feature ID":"63","Type":"Waste receptacle 4","Lat/Long":"30.196257, -97.756623","Infrastructure Quality":"L","Notes":"PARD, Next to Mutt Mitt","LatNumber":30.196256999999999,"LongNumber":-97.756623000000005}},{"type":"Feature","id":621,"geometry":{"type":"Point","coordinates":[-97.755485999999962,30.195364000000041]},"properties":{"OBJECTID":621,"School ID":"Houston","Feature ID":"64","Type":"Waste receptacle 5","Lat/Long":"30.195364, -97.755486","Infrastructure Quality":"H","Notes":"PARD","LatNumber":30.195364000000001,"LongNumber":-97.755486000000005}},{"type":"Feature","id":622,"geometry":{"type":"Point","coordinates":[-97.75500999999997,30.196286000000043]},"properties":{"OBJECTID":622,"School ID":"Houston","Feature ID":"65","Type":"Waste receptacle 6","Lat/Long":"30.196286, -97.755010","Infrastructure Quality":"M","Notes":"PARD, 2 trash (1 new, 1 older), 1 recycle","LatNumber":30.196286000000001,"LongNumber":-97.755009999999999}},{"type":"Feature","id":623,"geometry":{"type":"Point","coordinates":[-97.755187999999976,30.196467000000041]},"properties":{"OBJECTID":623,"School ID":"Houston","Feature ID":"66","Type":"Waste receptacle 7","Lat/Long":"30.196467, -97.755188","Infrastructure Quality":"H","Notes":"PARD pair of new trash/recycle, trash missing top","LatNumber":30.196466999999998,"LongNumber":-97.755188000000004}},{"type":"Feature","id":624,"geometry":{"type":"Point","coordinates":[-97.755323999999973,30.196563000000026]},"properties":{"OBJECTID":624,"School ID":"Houston","Feature ID":"67","Type":"Waste receptacle 8","Lat/Long":"30.196563, -97.755324","Infrastructure Quality":"M","Notes":"PARD pair of new trash/recycle","LatNumber":30.196563000000001,"LongNumber":-97.755324000000002}},{"type":"Feature","id":625,"geometry":{"type":"Point","coordinates":[-97.755254999999977,30.196642000000054]},"properties":{"OBJECTID":625,"School ID":"Houston","Feature ID":"68","Type":"Waste receptacle 9","Lat/Long":"30.196642, -97.755255","Infrastructure Quality":"H","Notes":"PARD pair of new trash/recycle","LatNumber":30.196642000000001,"LongNumber":-97.755255000000005}},{"type":"Feature","id":626,"geometry":{"type":"Point","coordinates":[-97.755129999999951,30.196443000000045]},"properties":{"OBJECTID":626,"School ID":"Houston","Feature ID":"69","Type":"Water fountain","Lat/Long":"30.196443, -97.755130","Infrastructure Quality":"M","Notes":"3 tiered, middle faucet only one working","LatNumber":30.196442999999999,"LongNumber":-97.755129999999994}},{"type":"Feature","id":627,"geometry":{"type":"Point","coordinates":[-97.721446999999955,30.271236000000044]},"properties":{"OBJECTID":627,"School ID":"Kealing","Feature ID":"1","Type":"Art 1","Lat/Long":"30.271236, -97.721447","Infrastructure Quality":"H","Notes":"Mural on building","LatNumber":30.271235999999998,"LongNumber":-97.721446999999998}},{"type":"Feature","id":628,"geometry":{"type":"Point","coordinates":[-97.720512999999983,30.270596000000069]},"properties":{"OBJECTID":628,"School ID":"Kealing","Feature ID":"2","Type":"Art 2","Lat/Long":"30.270596, -97.720513","Infrastructure Quality":"M","Notes":"Mural on entire side of building","LatNumber":30.270596000000001,"LongNumber":-97.720512999999997}},{"type":"Feature","id":629,"geometry":{"type":"Point","coordinates":[-97.722625999999991,30.271074000000056]},"properties":{"OBJECTID":629,"School ID":"Kealing","Feature ID":"3","Type":"Art 3","Lat/Long":"30.271074, -97.722626","Infrastructure Quality":"L","Notes":"Mural on building","LatNumber":30.271073999999999,"LongNumber":-97.722626000000005}},{"type":"Feature","id":630,"geometry":{"type":"Point","coordinates":[-97.721244999999954,30.271158000000071]},"properties":{"OBJECTID":630,"School ID":"Kealing","Feature ID":"4","Type":"Art 4","Lat/Long":"30.271158, -97.721245","Infrastructure Quality":"M","Notes":"Mural on building","LatNumber":30.271158,"LongNumber":-97.721244999999996}},{"type":"Feature","id":631,"geometry":{"type":"Point","coordinates":[-97.721089999999947,30.271134000000075]},"properties":{"OBJECTID":631,"School ID":"Kealing","Feature ID":"5","Type":"Art 5","Lat/Long":"30.271134, -97.721090","Infrastructure Quality":"H","Notes":"Mural on building","LatNumber":30.271134,"LongNumber":-97.721090000000004}},{"type":"Feature","id":632,"geometry":{"type":"Point","coordinates":[-97.722995999999966,30.270355000000052]},"properties":{"OBJECTID":632,"School ID":"Kealing","Feature ID":"6","Type":"Basketball","Lat/Long":"30.270355, -97.722996","Infrastructure Quality":"M","Notes":"PARD, 1 hoop with net, striping, small space","LatNumber":30.270354999999999,"LongNumber":-97.722995999999995}},{"type":"Feature","id":633,"geometry":{"type":"Point","coordinates":[-97.721886999999981,30.271225000000072]},"properties":{"OBJECTID":633,"School ID":"Kealing","Feature ID":"7","Type":"Bench 1","Lat/Long":"30.271225, -97.721887\n","Infrastructure Quality":"H","Notes":"4 stone under building awning, highly used, esp. in early morning","LatNumber":30.271225000000001,"LongNumber":-97.721886999999995}},{"type":"Feature","id":634,"geometry":{"type":"Point","coordinates":[-97.721564999999941,30.271296000000063]},"properties":{"OBJECTID":634,"School ID":"Kealing","Feature ID":"8","Type":"Bench 2","Lat/Long":"30.271296, -97.721565","Infrastructure Quality":"H","Notes":"5 limestone blocks on white gravel under tree shade","LatNumber":30.271296,"LongNumber":-97.721564999999998}},{"type":"Feature","id":635,"geometry":{"type":"Point","coordinates":[-97.720594999999946,30.270542000000034]},"properties":{"OBJECTID":635,"School ID":"Kealing","Feature ID":"9","Type":"Bench 3","Lat/Long":"30.270542, -97.720595","Infrastructure Quality":"M","Notes":"2 metal, faded but functional","LatNumber":30.270541999999999,"LongNumber":-97.720595000000003}},{"type":"Feature","id":636,"geometry":{"type":"Point","coordinates":[-97.722991999999977,30.270959000000062]},"properties":{"OBJECTID":636,"School ID":"Kealing","Feature ID":"10","Type":"Bench 4","Lat/Long":"30.270959, -97.722992","Infrastructure Quality":"M","Notes":"2 stone benches","LatNumber":30.270959000000001,"LongNumber":-97.722992000000005}},{"type":"Feature","id":637,"geometry":{"type":"Point","coordinates":[-97.722402999999986,30.271137000000067]},"properties":{"OBJECTID":637,"School ID":"Kealing","Feature ID":"11","Type":"Bench 5","Lat/Long":"30.271137, -97.722403","Infrastructure Quality":"H","Notes":"5 limestone blocks on DG","LatNumber":30.271137,"LongNumber":-97.722403}},{"type":"Feature","id":638,"geometry":{"type":"Point","coordinates":[-97.722144999999955,30.271193000000039]},"properties":{"OBJECTID":638,"School ID":"Kealing","Feature ID":"12","Type":"Bench 6","Lat/Long":"30.271193, -97.722145","Infrastructure Quality":"M","Notes":"2 stone benches","LatNumber":30.271193,"LongNumber":-97.722144999999998}},{"type":"Feature","id":639,"geometry":{"type":"Point","coordinates":[-97.721092999999939,30.271108000000027]},"properties":{"OBJECTID":639,"School ID":"Kealing","Feature ID":"13","Type":"Bench 7","Lat/Long":"30.271108, -97.721093","Infrastructure Quality":"M","Notes":"8 painted metal in open air enclosed courtyard","LatNumber":30.271108000000002,"LongNumber":-97.721092999999996}},{"type":"Feature","id":640,"geometry":{"type":"Point","coordinates":[-97.722931999999957,30.271028000000058]},"properties":{"OBJECTID":640,"School ID":"Kealing","Feature ID":"14","Type":"Berm/Swale","Lat/Long":"30.271028, -97.722932","Infrastructure Quality":"H","Notes":"2 on hill, planted with trees","LatNumber":30.271028000000001,"LongNumber":-97.722932}},{"type":"Feature","id":641,"geometry":{"type":"Point","coordinates":[-97.721648999999957,30.271241000000032]},"properties":{"OBJECTID":641,"School ID":"Kealing","Feature ID":"15","Type":"Bike Rack 1","Lat/Long":"30.271241, -97.721649","Infrastructure Quality":"H","Notes":"some used, secured","LatNumber":30.271241,"LongNumber":-97.721648999999999}},{"type":"Feature","id":642,"geometry":{"type":"Point","coordinates":[-97.721516999999949,30.271261000000038]},"properties":{"OBJECTID":642,"School ID":"Kealing","Feature ID":"16","Type":"Bike Rack 2","Lat/Long":"30.271261, -97.721517","Infrastructure Quality":"L","Notes":"Secured, broken, no bikes","LatNumber":30.271260999999999,"LongNumber":-97.721517000000006}},{"type":"Feature","id":643,"geometry":{"type":"Point","coordinates":[-97.722816999999964,30.270674000000042]},"properties":{"OBJECTID":643,"School ID":"Kealing","Feature ID":"17","Type":"Cistern/Rain Barrel","Lat/Long":"30.270674, -97.722817","Infrastructure Quality":"L","Notes":"Rusted with hole, connected to Shed 3","LatNumber":30.270674,"LongNumber":-97.722817000000006}},{"type":"Feature","id":644,"geometry":{"type":"Point","coordinates":[-97.722948999999971,30.270672000000047]},"properties":{"OBJECTID":644,"School ID":"Kealing","Feature ID":"18","Type":"Compost 1","Lat/Long":"30.270672, -97.722949","Infrastructure Quality":"H","Notes":"Roller, in use","LatNumber":30.270672000000001,"LongNumber":-97.722949}},{"type":"Feature","id":645,"geometry":{"type":"Point","coordinates":[-97.722909999999956,30.270649000000049]},"properties":{"OBJECTID":645,"School ID":"Kealing","Feature ID":"19","Type":"Compost 2","Lat/Long":"30.270649, -97.722910","Infrastructure Quality":"M","Notes":"Wood frame for brush","LatNumber":30.270648999999999,"LongNumber":-97.722909999999999}},{"type":"Feature","id":646,"geometry":{"type":"Point","coordinates":[-97.722812999999974,30.270861000000025]},"properties":{"OBJECTID":646,"School ID":"Kealing","Feature ID":"20","Type":"Compost 3","Lat/Long":"30.270861, -97.722813","Infrastructure Quality":"M","Notes":"Flippy in use but no lid","LatNumber":30.270861,"LongNumber":-97.722813000000002}},{"type":"Feature","id":647,"geometry":{"type":"Point","coordinates":[-97.721521999999936,30.27005900000006]},"properties":{"OBJECTID":647,"School ID":"Kealing","Feature ID":"21","Type":"Field","Lat/Long":"30.270059, -97.721522","Infrastructure Quality":"M","Notes":"2 goals, used for soccer + football, no nets, old striping, not regulation size","LatNumber":30.270059,"LongNumber":-97.721521999999993}},{"type":"Feature","id":648,"geometry":{"type":"Point","coordinates":[-97.721732999999972,30.271245000000079]},"properties":{"OBJECTID":648,"School ID":"Kealing","Feature ID":"22","Type":"Habitat Garden 1","Lat/Long":"30.271245, -97.721733","Infrastructure Quality":"H","Notes":"PTA annual maintenance","LatNumber":30.271245,"LongNumber":-97.721733}},{"type":"Feature","id":649,"geometry":{"type":"Point","coordinates":[-97.721279999999979,30.271249000000068]},"properties":{"OBJECTID":649,"School ID":"Kealing","Feature ID":"23","Type":"Habitat Garden 2","Lat/Long":"30.271249, -97.721280","Infrastructure Quality":"H","Notes":"PTA maintained","LatNumber":30.271249000000001,"LongNumber":-97.721279999999993}},{"type":"Feature","id":650,"geometry":{"type":"Point","coordinates":[-97.720929999999953,30.271333000000027]},"properties":{"OBJECTID":650,"School ID":"Kealing","Feature ID":"24","Type":"Habitat Garden 3","Lat/Long":"30.271333, -97.720930","Infrastructure Quality":null,"Notes":"PTA maintained","LatNumber":30.271332999999998,"LongNumber":-97.720929999999996}},{"type":"Feature","id":651,"geometry":{"type":"Point","coordinates":[-97.722398999999939,30.270723000000032]},"properties":{"OBJECTID":651,"School ID":"Kealing","Feature ID":"25","Type":"Habitat Garden 4","Lat/Long":"30.270723, -97.722399","Infrastructure Quality":"H","Notes":"Well established mountain laurel, Texas sage, maintained by PTA","LatNumber":30.270723,"LongNumber":-97.722398999999996}},{"type":"Feature","id":652,"geometry":{"type":"Point","coordinates":[-97.722621999999944,30.270776000000069]},"properties":{"OBJECTID":652,"School ID":"Kealing","Feature ID":"26","Type":"Habitat Garden 5","Lat/Long":"30.270776, -97.722622","Infrastructure Quality":"H","Notes":"Well established, maintained by PTA","LatNumber":30.270776000000001,"LongNumber":-97.722622000000001}},{"type":"Feature","id":653,"geometry":{"type":"Point","coordinates":[-97.722767999999974,30.270653000000038]},"properties":{"OBJECTID":653,"School ID":"Kealing","Feature ID":"27","Type":"Habitat Garden 6","Lat/Long":"30.270653, -97.722768","Infrastructure Quality":"H","Notes":"Well established, maintained by school","LatNumber":30.270652999999999,"LongNumber":-97.722768000000002}},{"type":"Feature","id":654,"geometry":{"type":"Point","coordinates":[-97.722839999999962,30.270713000000057]},"properties":{"OBJECTID":654,"School ID":"Kealing","Feature ID":"28","Type":"Habitat Garden 7","Lat/Long":"30.270713, -97.722840","Infrastructure Quality":"H","Notes":"Flowers, herbs, stock tank","LatNumber":30.270713000000001,"LongNumber":-97.722840000000005}},{"type":"Feature","id":655,"geometry":{"type":"Point","coordinates":[-97.722851999999989,30.270779000000061]},"properties":{"OBJECTID":655,"School ID":"Kealing","Feature ID":"29","Type":"Habitat Garden 8","Lat/Long":"30.270779, -97.722852","Infrastructure Quality":"H","Notes":"10 numbered beds with cement block border, 2 had stock tanks inside being used","LatNumber":30.270779000000001,"LongNumber":-97.722852000000003}},{"type":"Feature","id":656,"geometry":{"type":"Point","coordinates":[-97.721214999999972,30.271114000000068]},"properties":{"OBJECTID":656,"School ID":"Kealing","Feature ID":"30","Type":"Habitat Garden 9","Lat/Long":"30.271114, -97.721215","Infrastructure Quality":"M","Notes":"3 beds, maintained by PTA, inside open air courtyard","LatNumber":30.271114000000001,"LongNumber":-97.721215000000001}},{"type":"Feature","id":657,"geometry":{"type":"Point","coordinates":[-97.720956999999942,30.271415000000047]},"properties":{"OBJECTID":657,"School ID":"Kealing","Feature ID":"31","Type":"Lawn 1","Lat/Long":"30.271415, -97.720957","Infrastructure Quality":"H","Notes":null,"LatNumber":30.271415000000001,"LongNumber":-97.720956999999999}},{"type":"Feature","id":658,"geometry":{"type":"Point","coordinates":[-97.720424999999977,30.270836000000031]},"properties":{"OBJECTID":658,"School ID":"Kealing","Feature ID":"32","Type":"Lawn 2","Lat/Long":"30.270836, -97.720425","Infrastructure Quality":"M","Notes":"Trees mulched  by PTA","LatNumber":30.270835999999999,"LongNumber":-97.720425000000006}},{"type":"Feature","id":659,"geometry":{"type":"Point","coordinates":[-97.720700999999963,30.269639000000041]},"properties":{"OBJECTID":659,"School ID":"Kealing","Feature ID":"33","Type":"Lawn 3","Lat/Long":"30.269639, -97.720701","Infrastructure Quality":"H","Notes":"New trees throughout","LatNumber":30.269639000000002,"LongNumber":-97.720701000000005}},{"type":"Feature","id":660,"geometry":{"type":"Point","coordinates":[-97.720929999999953,30.271386000000064]},"properties":{"OBJECTID":660,"School ID":"Kealing","Feature ID":"34","Type":"Nature Trail 1","Lat/Long":"30.271386, -97.720930","Infrastructure Quality":"H","Notes":"DG with stone boarder; PTA maintained","LatNumber":30.271386,"LongNumber":-97.720929999999996}},{"type":"Feature","id":661,"geometry":{"type":"Point","coordinates":[-97.72273899999999,30.270645000000059]},"properties":{"OBJECTID":661,"School ID":"Kealing","Feature ID":"35","Type":"Nature Trail 2","Lat/Long":"30.270645, -97.722739","Infrastructure Quality":"M","Notes":"Painted plank boardwalk through Habitat Garden 6","LatNumber":30.270644999999998,"LongNumber":-97.722739000000004}},{"type":"Feature","id":662,"geometry":{"type":"Point","coordinates":[-97.722591999999963,30.270227000000034]},"properties":{"OBJECTID":662,"School ID":"Kealing","Feature ID":"36","Type":"Nature Trail 3","Lat/Long":"30.270227, -97.722592","Infrastructure Quality":"L","Notes":"Cedar logs secured into hill to look like steps, needs attention","LatNumber":30.270226999999998,"LongNumber":-97.722592000000006}},{"type":"Feature","id":663,"geometry":{"type":"Point","coordinates":[-97.720832999999971,30.27029200000004]},"properties":{"OBJECTID":663,"School ID":"Kealing","Feature ID":"37","Type":"Other 1","Lat/Long":"30.270292, -97.720833","Infrastructure Quality":"H","Notes":"Weater station on top of Solar 1, not used by school","LatNumber":30.270292000000001,"LongNumber":-97.720832999999999}},{"type":"Feature","id":664,"geometry":{"type":"Point","coordinates":[-97.72108499999996,30.270689000000061]},"properties":{"OBJECTID":664,"School ID":"Kealing","Feature ID":"38","Type":"Other 2","Lat/Long":"30.270689, -97.721085","Infrastructure Quality":"L","Notes":"Set of 3 connected exercise bars, outside of gym","LatNumber":30.270689000000001,"LongNumber":-97.721085000000002}},{"type":"Feature","id":665,"geometry":{"type":"Point","coordinates":[-97.720832999999971,30.27029200000004]},"properties":{"OBJECTID":665,"School ID":"Kealing","Feature ID":"39","Type":"Outdoor Classroom 1","Lat/Long":"30.270292, -97.720833","Infrastructure Quality":"M","Notes":"Under Solar 1, highly used","LatNumber":30.270292000000001,"LongNumber":-97.720832999999999}},{"type":"Feature","id":666,"geometry":{"type":"Point","coordinates":[-97.722948999999971,30.270758000000058]},"properties":{"OBJECTID":666,"School ID":"Kealing","Feature ID":"40","Type":"Outdoor Classroom 2","Lat/Long":"30.270758, -97.722949","Infrastructure Quality":"H","Notes":"4 recycled plastic benches with chalkboard","LatNumber":30.270758000000001,"LongNumber":-97.722949}},{"type":"Feature","id":667,"geometry":{"type":"Point","coordinates":[-97.722855999999979,30.270857000000035]},"properties":{"OBJECTID":667,"School ID":"Kealing","Feature ID":"41","Type":"Outdoor Classroom 3","Lat/Long":"30.270857, -97.722856","Infrastructure Quality":"M","Notes":"2 recycled plastic benches + 1 wood picnic table + art on wall, under tree shade","LatNumber":30.270856999999999,"LongNumber":-97.722855999999993}},{"type":"Feature","id":668,"geometry":{"type":"Point","coordinates":[-97.722684999999956,30.270189000000073]},"properties":{"OBJECTID":668,"School ID":"Kealing","Feature ID":"42","Type":"Outdoor Classroom 4","Lat/Long":"30.270189, -97.722685","Infrastructure Quality":"H","Notes":"DG with large stones for seating","LatNumber":30.270188999999998,"LongNumber":-97.722684999999998}},{"type":"Feature","id":669,"geometry":{"type":"Point","coordinates":[-97.72279199999997,30.270714000000055]},"properties":{"OBJECTID":669,"School ID":"Kealing","Feature ID":"43","Type":"Picnic table 1","Lat/Long":"30.270714, -97.722792","Infrastructure Quality":"M","Notes":"Wood","LatNumber":30.270714000000002,"LongNumber":-97.722791999999998}},{"type":"Feature","id":670,"geometry":{"type":"Point","coordinates":[-97.722727999999961,30.270096000000024]},"properties":{"OBJECTID":670,"School ID":"Kealing","Feature ID":"44","Type":"Picnic table 2","Lat/Long":"30.270096, -97.722728","Infrastructure Quality":"H","Notes":"PARD, recycled plastic, new (2020 amenity replacements)","LatNumber":30.270095999999999,"LongNumber":-97.722728000000004}},{"type":"Feature","id":671,"geometry":{"type":"Point","coordinates":[-97.722907999999961,30.269943000000069]},"properties":{"OBJECTID":671,"School ID":"Kealing","Feature ID":"45","Type":"Picnic table 3","Lat/Long":"30.269943, -97.722908","Infrastructure Quality":"L","Notes":"PARD, cement","LatNumber":30.269943000000001,"LongNumber":-97.722908000000004}},{"type":"Feature","id":672,"geometry":{"type":"Point","coordinates":[-97.722496999999976,30.269742000000065]},"properties":{"OBJECTID":672,"School ID":"Kealing","Feature ID":"46","Type":"Picnic table 4","Lat/Long":"30.269742, -97.722497","Infrastructure Quality":"L","Notes":"PARD, cement","LatNumber":30.269742000000001,"LongNumber":-97.722497000000004}},{"type":"Feature","id":673,"geometry":{"type":"Point","coordinates":[-97.722471999999982,30.269855000000064]},"properties":{"OBJECTID":673,"School ID":"Kealing","Feature ID":"47","Type":"Picnic table 5","Lat/Long":"30.269855, -97.722472","Infrastructure Quality":"L","Notes":"PARD, cement","LatNumber":30.269855,"LongNumber":-97.722471999999996}},{"type":"Feature","id":674,"geometry":{"type":"Point","coordinates":[-97.722681999999963,30.270936000000063]},"properties":{"OBJECTID":674,"School ID":"Kealing","Feature ID":"48","Type":"Picnic table 6","Lat/Long":"30.270936, -97.722682","Infrastructure Quality":"M","Notes":"ADA, wood, in grass and not accessible","LatNumber":30.270935999999999,"LongNumber":-97.722682000000006}},{"type":"Feature","id":675,"geometry":{"type":"Point","coordinates":[-97.721286999999961,30.271138000000064]},"properties":{"OBJECTID":675,"School ID":"Kealing","Feature ID":"49","Type":"Picnic table 7","Lat/Long":"30.271138, -97.721287","Infrastructure Quality":"M","Notes":"32 wood, painted, in enclosed open air courtyard","LatNumber":30.271138000000001,"LongNumber":-97.721287000000004}},{"type":"Feature","id":676,"geometry":{"type":"Point","coordinates":[-97.721200999999951,30.271077000000048]},"properties":{"OBJECTID":676,"School ID":"Kealing","Feature ID":"50","Type":"Picnic table 8","Lat/Long":"30.271077, -97.721201","Infrastructure Quality":"M","Notes":"4 wood + metal, painted in enclosed open air courtyard","LatNumber":30.271076999999998,"LongNumber":-97.721200999999994}},{"type":"Feature","id":677,"geometry":{"type":"Point","coordinates":[-97.722809999999981,30.270291000000043]},"properties":{"OBJECTID":677,"School ID":"Kealing","Feature ID":"51","Type":"Playground ","Lat/Long":"30.270291, -97.722810","Infrastructure Quality":"H","Notes":"PARD, 5-12 playscape with 1 music feature","LatNumber":30.270291,"LongNumber":-97.722809999999996}},{"type":"Feature","id":678,"geometry":{"type":"Point","coordinates":[-97.72280399999994,30.270705000000078]},"properties":{"OBJECTID":678,"School ID":"Kealing","Feature ID":"52","Type":"Pond","Lat/Long":"30.270705, -97.722804","Infrastructure Quality":"M","Notes":"Dented stock tank, fish + plants","LatNumber":30.270705,"LongNumber":-97.722803999999996}},{"type":"Feature","id":679,"geometry":{"type":"Point","coordinates":[-97.722941999999989,30.27085900000003]},"properties":{"OBJECTID":679,"School ID":"Kealing","Feature ID":"53","Type":"Produce Garden","Lat/Long":"30.270859, -97.722942","Infrastructure Quality":"M","Notes":"3 beds with wood border, sometimes vandalized by unhoused population","LatNumber":30.270859000000002,"LongNumber":-97.722942000000003}},{"type":"Feature","id":680,"geometry":{"type":"Point","coordinates":[-97.720900999999969,30.269835000000057]},"properties":{"OBJECTID":680,"School ID":"Kealing","Feature ID":"54","Type":"Rain Garden 1","Lat/Long":"30.269835, -97.720901","Infrastructure Quality":"H","Notes":"Detention pond","LatNumber":30.269835,"LongNumber":-97.720900999999998}},{"type":"Feature","id":681,"geometry":{"type":"Point","coordinates":[-97.722556999999938,30.270151000000055]},"properties":{"OBJECTID":681,"School ID":"Kealing","Feature ID":"55","Type":"Rain Garden 2","Lat/Long":"30.270151, -97.722557","Infrastructure Quality":"H","Notes":"WPD sign, detention with 2 trees","LatNumber":30.270150999999998,"LongNumber":-97.722556999999995}},{"type":"Feature","id":682,"geometry":{"type":"Point","coordinates":[-97.72099099999997,30.270154000000048]},"properties":{"OBJECTID":682,"School ID":"Kealing","Feature ID":"56","Type":"Shade Structure 1","Lat/Long":"30.270154, -97.720991","Infrastructure Quality":"H","Notes":"Over blacktop area, used for classes, PE","LatNumber":30.270154000000002,"LongNumber":-97.720990999999998}},{"type":"Feature","id":683,"geometry":{"type":"Point","coordinates":[-97.72301699999997,30.270443000000057]},"properties":{"OBJECTID":683,"School ID":"Kealing","Feature ID":"57","Type":"Shade Structure 2","Lat/Long":"30.270443, -97.723017","Infrastructure Quality":"L","Notes":"PARD, awning connecting closed restrooms ","LatNumber":30.270443,"LongNumber":-97.723016999999999}},{"type":"Feature","id":684,"geometry":{"type":"Point","coordinates":[-97.721019999999953,30.269961000000023]},"properties":{"OBJECTID":684,"School ID":"Kealing","Feature ID":"58","Type":"Shed 1","Lat/Long":"30.269961, -97.721020","Infrastructure Quality":"H","Notes":"Shipping container, used for athletics storage","LatNumber":30.269960999999999,"LongNumber":-97.721019999999996}},{"type":"Feature","id":685,"geometry":{"type":"Point","coordinates":[-97.721518999999944,30.270514000000048]},"properties":{"OBJECTID":685,"School ID":"Kealing","Feature ID":"59","Type":"Shed 2","Lat/Long":"30.270514, -97.721519","Infrastructure Quality":"H","Notes":"Shipping container, Ghisallo bike club","LatNumber":30.270513999999999,"LongNumber":-97.721519000000001}},{"type":"Feature","id":686,"geometry":{"type":"Point","coordinates":[-97.72284899999994,30.270670000000052]},"properties":{"OBJECTID":686,"School ID":"Kealing","Feature ID":"60","Type":"Shed 3","Lat/Long":"30.270670, -97.722849","Infrastructure Quality":"H","Notes":"Wood, tiny house-ish, working sink, ada ramp, locked","LatNumber":30.270669999999999,"LongNumber":-97.722848999999997}},{"type":"Feature","id":687,"geometry":{"type":"Point","coordinates":[-97.720832999999971,30.27029200000004]},"properties":{"OBJECTID":687,"School ID":"Kealing","Feature ID":"61","Type":"Solar 1","Lat/Long":"30.270292, -97.720833","Infrastructure Quality":"M","Notes":"AE pavilion with educational signage in Outdoor Classroom 1","LatNumber":30.270292000000001,"LongNumber":-97.720832999999999}},{"type":"Feature","id":688,"geometry":{"type":"Point","coordinates":[-97.721572999999978,30.27089200000006]},"properties":{"OBJECTID":688,"School ID":"Kealing","Feature ID":"62","Type":"Solar 2","Lat/Long":"30.270892, -97.721573","Infrastructure Quality":"H","Notes":"Panels on building, covering part of connected greenhouse ","LatNumber":30.270892,"LongNumber":-97.721573000000006}},{"type":"Feature","id":689,"geometry":{"type":"Point","coordinates":[-97.721353999999963,30.269833000000062]},"properties":{"OBJECTID":689,"School ID":"Kealing","Feature ID":"63","Type":"Track","Lat/Long":"30.269833, -97.721354","Infrastructure Quality":"M","Notes":"Asphalt, striped, grass encroaching","LatNumber":30.269832999999998,"LongNumber":-97.721354000000005}},{"type":"Feature","id":690,"geometry":{"type":"Point","coordinates":[-97.721825999999965,30.271264000000031]},"properties":{"OBJECTID":690,"School ID":"Kealing","Feature ID":"64","Type":"Waste receptacle 1","Lat/Long":"30.271264, -97.721826","Infrastructure Quality":"M","Notes":"Trash coffin","LatNumber":30.271263999999999,"LongNumber":-97.721825999999993}},{"type":"Feature","id":691,"geometry":{"type":"Point","coordinates":[-97.720493999999974,30.270956000000069]},"properties":{"OBJECTID":691,"School ID":"Kealing","Feature ID":"65","Type":"Waste receptacle 2","Lat/Long":"30.270956, -97.720494","Infrastructure Quality":"M","Notes":"Trash coffin","LatNumber":30.270956000000002,"LongNumber":-97.720494000000002}},{"type":"Feature","id":692,"geometry":{"type":"Point","coordinates":[-97.720589999999959,30.270504000000074]},"properties":{"OBJECTID":692,"School ID":"Kealing","Feature ID":"66","Type":"Waste receptacle 3","Lat/Long":"30.270504, -97.720590","Infrastructure Quality":"M","Notes":"2 metal, secured","LatNumber":30.270503999999999,"LongNumber":-97.720590000000001}},{"type":"Feature","id":693,"geometry":{"type":"Point","coordinates":[-97.721360999999945,30.271106000000032]},"properties":{"OBJECTID":693,"School ID":"Kealing","Feature ID":"67","Type":"Waste receptacle 4","Lat/Long":"30.271106, -97.721361","Infrastructure Quality":"M","Notes":"Indoor recycle can with bag, used","LatNumber":30.271106,"LongNumber":-97.721361000000002}},{"type":"Feature","id":694,"geometry":{"type":"Point","coordinates":[-97.72127299999994,30.271111000000076]},"properties":{"OBJECTID":694,"School ID":"Kealing","Feature ID":"68","Type":"Waste receptacle 5","Lat/Long":"30.271111, -97.721273","Infrastructure Quality":null,"Notes":"4 trash coffins, 1 didn't have can","LatNumber":30.271111000000001,"LongNumber":-97.721272999999997}},{"type":"Feature","id":695,"geometry":{"type":"Point","coordinates":[-97.723232999999937,30.270450000000039]},"properties":{"OBJECTID":695,"School ID":"Kealing","Feature ID":"69","Type":"Water fountain","Lat/Long":"30.270450, -97.723233","Infrastructure Quality":"M","Notes":"PARD, 3 spigots but only 2 work","LatNumber":30.27045,"LongNumber":-97.723232999999993}},{"type":"Feature","id":696,"geometry":{"type":"Point","coordinates":[-97.720876999999973,30.26975200000004]},"properties":{"OBJECTID":696,"School ID":"Kealing","Feature ID":"70","Type":"Wildlife Habitat 1","Lat/Long":"30.269752, -97.720877","Infrastructure Quality":"M","Notes":"Purple martin houses on pully system, not cleaned","LatNumber":30.269752,"LongNumber":-97.720877000000002}},{"type":"Feature","id":697,"geometry":{"type":"Point","coordinates":[-97.72287399999999,30.270756000000063]},"properties":{"OBJECTID":697,"School ID":"Kealing","Feature ID":"71","Type":"Wildlife Habitat 2","Lat/Long":"30.270756, -97.722874","Infrastructure Quality":"M","Notes":"Artistic bug house","LatNumber":30.270755999999999,"LongNumber":-97.722874000000004}},{"type":"Feature","id":698,"geometry":{"type":"Point","coordinates":[-97.763053999999954,30.182508000000041]},"properties":{"OBJECTID":698,"School ID":"Langford","Feature ID":"1","Type":"Art 1","Lat/Long":"30.182508, -97.763054","Infrastructure Quality":null,"Notes":"mosiac around stone fountain ","LatNumber":30.182507999999999,"LongNumber":-97.763053999999997}},{"type":"Feature","id":699,"geometry":{"type":"Point","coordinates":[-97.76266899999996,30.182757000000038]},"properties":{"OBJECTID":699,"School ID":"Langford","Feature ID":"2","Type":"Basketball","Lat/Long":"30.182757, -97.762669","Infrastructure Quality":"H","Notes":null,"LatNumber":30.182756999999999,"LongNumber":-97.762669000000002}},{"type":"Feature","id":700,"geometry":{"type":"Point","coordinates":[-97.76373099999995,30.181954000000076]},"properties":{"OBJECTID":700,"School ID":"Langford","Feature ID":"3","Type":"Bench 1","Lat/Long":"30.181954, -97.763731","Infrastructure Quality":"H","Notes":"group of 4","LatNumber":30.181954000000001,"LongNumber":-97.763731000000007}},{"type":"Feature","id":701,"geometry":{"type":"Point","coordinates":[-97.763821999999948,30.18173900000005]},"properties":{"OBJECTID":701,"School ID":"Langford","Feature ID":"4","Type":"Bench 2","Lat/Long":"30.181739, -97.763822","Infrastructure Quality":"H","Notes":"metal multi-colored","LatNumber":30.181739,"LongNumber":-97.763822000000005}},{"type":"Feature","id":702,"geometry":{"type":"Point","coordinates":[-97.76382799999999,30.181585000000041]},"properties":{"OBJECTID":702,"School ID":"Langford","Feature ID":"5","Type":"Bench 3","Lat/Long":"30.181585, -97.763828","Infrastructure Quality":"H","Notes":"metal multi-colored","LatNumber":30.181584999999998,"LongNumber":-97.763828000000004}},{"type":"Feature","id":703,"geometry":{"type":"Point","coordinates":[-97.76354699999996,30.181647000000055]},"properties":{"OBJECTID":703,"School ID":"Langford","Feature ID":"6","Type":"Bench 4","Lat/Long":"30.181647, -97.763547","Infrastructure Quality":"M","Notes":null,"LatNumber":30.181647000000002,"LongNumber":-97.763547000000003}},{"type":"Feature","id":704,"geometry":{"type":"Point","coordinates":[-97.763217999999938,30.183141000000035]},"properties":{"OBJECTID":704,"School ID":"Langford","Feature ID":"7","Type":"Bench 5","Lat/Long":"30.183141, -97.763218","Infrastructure Quality":"M","Notes":"decorative metal ","LatNumber":30.183140999999999,"LongNumber":-97.763217999999995}},{"type":"Feature","id":705,"geometry":{"type":"Point","coordinates":[-97.763149999999939,30.183129000000065]},"properties":{"OBJECTID":705,"School ID":"Langford","Feature ID":"8","Type":"Bench 6","Lat/Long":"30.183129, -97.763150","Infrastructure Quality":"L","Notes":"cement, broken","LatNumber":30.183129000000001,"LongNumber":-97.763149999999996}},{"type":"Feature","id":706,"geometry":{"type":"Point","coordinates":[-97.763562999999976,30.182641000000046]},"properties":{"OBJECTID":706,"School ID":"Langford","Feature ID":"9","Type":"Bench 7","Lat/Long":"30.182641, -97.763563","Infrastructure Quality":"H","Notes":"2 metal, 1 w/back","LatNumber":30.182641,"LongNumber":-97.763563000000005}},{"type":"Feature","id":707,"geometry":{"type":"Point","coordinates":[-97.763780999999938,30.182221000000027]},"properties":{"OBJECTID":707,"School ID":"Langford","Feature ID":"10","Type":"Bench 8","Lat/Long":"30.182221, -97.763781","Infrastructure Quality":"H","Notes":"2 metal, multicolor","LatNumber":30.182220999999998,"LongNumber":-97.763780999999994}},{"type":"Feature","id":708,"geometry":{"type":"Point","coordinates":[-97.763033999999948,30.182508000000041]},"properties":{"OBJECTID":708,"School ID":"Langford","Feature ID":"11","Type":"Bench 9","Lat/Long":"30.182508, -97.763034","Infrastructure Quality":"L","Notes":"concrete and broken ","LatNumber":30.182507999999999,"LongNumber":-97.763034000000005}},{"type":"Feature","id":709,"geometry":{"type":"Point","coordinates":[-97.763777999999945,30.18230200000005]},"properties":{"OBJECTID":709,"School ID":"Langford","Feature ID":"12","Type":"Bike Rack","Lat/Long":"30.182302, -97.763778","Infrastructure Quality":"M","Notes":null,"LatNumber":30.182302,"LongNumber":-97.763778000000002}},{"type":"Feature","id":710,"geometry":{"type":"Point","coordinates":[-97.763003999999967,30.182434000000057]},"properties":{"OBJECTID":710,"School ID":"Langford","Feature ID":"13","Type":"Cistern","Lat/Long":"30.182434, -97.763004","Infrastructure Quality":"H","Notes":"spigot is not functioning, needs repair ","LatNumber":30.182434000000001,"LongNumber":-97.763003999999995}},{"type":"Feature","id":711,"geometry":{"type":"Point","coordinates":[-97.76322799999997,30.182963000000029]},"properties":{"OBJECTID":711,"School ID":"Langford","Feature ID":"14","Type":"Compost ","Lat/Long":"30.182963, -97.763228","Infrastructure Quality":"H","Notes":null,"LatNumber":30.182963000000001,"LongNumber":-97.763227999999998}},{"type":"Feature","id":712,"geometry":{"type":"Point","coordinates":[-97.762207999999987,30.182364000000064]},"properties":{"OBJECTID":712,"School ID":"Langford","Feature ID":"15","Type":"Fields","Lat/Long":"30.182364, -97.762208","Infrastructure Quality":"M","Notes":"2 soccer goals ","LatNumber":30.182364,"LongNumber":-97.762208000000001}},{"type":"Feature","id":713,"geometry":{"type":"Point","coordinates":[-97.76233499999995,30.181987000000049]},"properties":{"OBJECTID":713,"School ID":"Langford","Feature ID":"16","Type":"Gaga Ball Pit","Lat/Long":"30.181987, -97.762335","Infrastructure Quality":"L","Notes":"broken  ","LatNumber":30.181986999999999,"LongNumber":-97.762334999999993}},{"type":"Feature","id":714,"geometry":{"type":"Point","coordinates":[-97.763186999999959,30.18290200000007]},"properties":{"OBJECTID":714,"School ID":"Langford","Feature ID":"17","Type":"Habitat Garden 1","Lat/Long":"30.182902, -97.763187","Infrastructure Quality":"L","Notes":null,"LatNumber":30.182901999999999,"LongNumber":-97.763187000000002}},{"type":"Feature","id":715,"geometry":{"type":"Point","coordinates":[-97.763346999999953,30.183268000000055]},"properties":{"OBJECTID":715,"School ID":"Langford","Feature ID":"18","Type":"Habitat Garden 2","Lat/Long":"30.183268, -97.763347","Infrastructure Quality":"L","Notes":null,"LatNumber":30.183268000000002,"LongNumber":-97.763346999999996}},{"type":"Feature","id":716,"geometry":{"type":"Point","coordinates":[-97.763474999999971,30.183055000000024]},"properties":{"OBJECTID":716,"School ID":"Langford","Feature ID":"19","Type":"Habitat Garden 3","Lat/Long":"30.183055, -97.763475","Infrastructure Quality":"L","Notes":null,"LatNumber":30.183055,"LongNumber":-97.763475}},{"type":"Feature","id":717,"geometry":{"type":"Point","coordinates":[-97.762969999999939,30.182281000000046]},"properties":{"OBJECTID":717,"School ID":"Langford","Feature ID":"20","Type":"Habitat Garden 4","Lat/Long":"30.182281, -97.762970","Infrastructure Quality":"H","Notes":null,"LatNumber":30.182281,"LongNumber":-97.762969999999996}},{"type":"Feature","id":718,"geometry":{"type":"Point","coordinates":[-97.763803999999936,30.181504000000075]},"properties":{"OBJECTID":718,"School ID":"Langford","Feature ID":"21","Type":"Track 1","Lat/Long":"30.181504, -97.763804","Infrastructure Quality":"H","Notes":"looping path ","LatNumber":30.181504,"LongNumber":-97.763803999999993}},{"type":"Feature","id":719,"geometry":{"type":"Point","coordinates":[-97.761947999999961,30.182111000000077]},"properties":{"OBJECTID":719,"School ID":"Langford","Feature ID":"22","Type":"Track 2","Lat/Long":"30.182111, -97.761948","Infrastructure Quality":"M","Notes":null,"LatNumber":30.182110999999999,"LongNumber":-97.761948000000004}},{"type":"Feature","id":720,"geometry":{"type":"Point","coordinates":[-97.763155999999981,30.181265000000053]},"properties":{"OBJECTID":720,"School ID":"Langford","Feature ID":"23","Type":"Lawn 1","Lat/Long":"30.181265, -97.763156","Infrastructure Quality":"H","Notes":null,"LatNumber":30.181265,"LongNumber":-97.763155999999995}},{"type":"Feature","id":721,"geometry":{"type":"Point","coordinates":[-97.762876999999946,30.181112000000041]},"properties":{"OBJECTID":721,"School ID":"Langford","Feature ID":"24","Type":"Lawn 2","Lat/Long":"30.181112, -97.762877","Infrastructure Quality":"H","Notes":null,"LatNumber":30.181111999999999,"LongNumber":-97.762877000000003}},{"type":"Feature","id":722,"geometry":{"type":"Point","coordinates":[-97.764014999999972,30.181893000000059]},"properties":{"OBJECTID":722,"School ID":"Langford","Feature ID":"25","Type":"Nature Trail 1","Lat/Long":"30.181893, -97.764015","Infrastructure Quality":"M","Notes":"DG trail ","LatNumber":30.181892999999999,"LongNumber":-97.764015000000001}},{"type":"Feature","id":723,"geometry":{"type":"Point","coordinates":[-97.763762999999983,30.181898000000047]},"properties":{"OBJECTID":723,"School ID":"Langford","Feature ID":"26","Type":"Other 1","Lat/Long":"30.181898, -97.763763","Infrastructure Quality":"H","Notes":"Little Free Library","LatNumber":30.181898,"LongNumber":-97.763762999999997}},{"type":"Feature","id":724,"geometry":{"type":"Point","coordinates":[-97.762602999999956,30.180990000000065]},"properties":{"OBJECTID":724,"School ID":"Langford","Feature ID":"27","Type":"Other 2","Lat/Long":"30.180990, -97.762603","Infrastructure Quality":"L","Notes":"Backstop in Lawn 2 area","LatNumber":30.180990000000001,"LongNumber":-97.762602999999999}},{"type":"Feature","id":725,"geometry":{"type":"Point","coordinates":[-97.762919999999951,30.181692000000055]},"properties":{"OBJECTID":725,"School ID":"Langford","Feature ID":"28","Type":"Other 3","Lat/Long":"30.181692, -97.762920","Infrastructure Quality":"H","Notes":"Memorial ","LatNumber":30.181692000000002,"LongNumber":-97.762919999999994}},{"type":"Feature","id":726,"geometry":{"type":"Point","coordinates":[-97.763269999999977,30.183025000000043]},"properties":{"OBJECTID":726,"School ID":"Langford","Feature ID":"29","Type":"Other 4","Lat/Long":"30.183025, -97.763270","Infrastructure Quality":"H","Notes":null,"LatNumber":30.183025000000001,"LongNumber":-97.763270000000006}},{"type":"Feature","id":727,"geometry":{"type":"Point","coordinates":[-97.762948999999992,30.183043000000055]},"properties":{"OBJECTID":727,"School ID":"Langford","Feature ID":"30","Type":"Other 5","Lat/Long":"30.183043, -97.762949","Infrastructure Quality":"M","Notes":null,"LatNumber":30.183043000000001,"LongNumber":-97.762949000000006}},{"type":"Feature","id":728,"geometry":{"type":"Point","coordinates":[-97.763776999999948,30.181564000000037]},"properties":{"OBJECTID":728,"School ID":"Langford","Feature ID":"31","Type":"Picnic table 1","Lat/Long":"30.181564, -97.763777","Infrastructure Quality":"H","Notes":"square table ","LatNumber":30.181564000000002,"LongNumber":-97.763777000000005}},{"type":"Feature","id":729,"geometry":{"type":"Point","coordinates":[-97.76368599999995,30.181650000000047]},"properties":{"OBJECTID":729,"School ID":"Langford","Feature ID":"32","Type":"Picnic table 2","Lat/Long":"30.181650, -97.763686","Infrastructure Quality":"H","Notes":"metal multicolor ","LatNumber":30.181650000000001,"LongNumber":-97.763686000000007}},{"type":"Feature","id":730,"geometry":{"type":"Point","coordinates":[-97.762716999999952,30.18247800000006]},"properties":{"OBJECTID":730,"School ID":"Langford","Feature ID":"33","Type":"Picnic table 3","Lat/Long":"30.182478, -97.762717","Infrastructure Quality":"M","Notes":null,"LatNumber":30.182478,"LongNumber":-97.762716999999995}},{"type":"Feature","id":731,"geometry":{"type":"Point","coordinates":[-97.762715999999955,30.182677000000069]},"properties":{"OBJECTID":731,"School ID":"Langford","Feature ID":"34","Type":"Picnic table 4","Lat/Long":"30.182677, -97.762716","Infrastructure Quality":"L","Notes":null,"LatNumber":30.182677000000002,"LongNumber":-97.762715999999998}},{"type":"Feature","id":732,"geometry":{"type":"Point","coordinates":[-97.762899999999945,30.182933000000048]},"properties":{"OBJECTID":732,"School ID":"Langford","Feature ID":"35","Type":"Picnic table 5","Lat/Long":"30.182933, -97.762900","Infrastructure Quality":"L","Notes":null,"LatNumber":30.182932999999998,"LongNumber":-97.762900000000002}},{"type":"Feature","id":733,"geometry":{"type":"Point","coordinates":[-97.763347999999951,30.183138000000042]},"properties":{"OBJECTID":733,"School ID":"Langford","Feature ID":"36","Type":"Picnic table 6","Lat/Long":"30.183138, -97.763348","Infrastructure Quality":"M","Notes":"set 3","LatNumber":30.183138,"LongNumber":-97.763347999999993}},{"type":"Feature","id":734,"geometry":{"type":"Point","coordinates":[-97.763650999999982,30.182350000000042]},"properties":{"OBJECTID":734,"School ID":"Langford","Feature ID":"37","Type":"Picnic table 7","Lat/Long":"30.182350, -97.763651","Infrastructure Quality":"L","Notes":null,"LatNumber":30.18235,"LongNumber":-97.763650999999996}},{"type":"Feature","id":735,"geometry":{"type":"Point","coordinates":[-97.763173999999992,30.18266200000005]},"properties":{"OBJECTID":735,"School ID":"Langford","Feature ID":"38","Type":"Picnic table 8","Lat/Long":"30.182662, -97.763174","Infrastructure Quality":"L","Notes":"wooden broken table ","LatNumber":30.182662000000001,"LongNumber":-97.763174000000006}},{"type":"Feature","id":736,"geometry":{"type":"Point","coordinates":[-97.763207999999963,30.182463000000041]},"properties":{"OBJECTID":736,"School ID":"Langford","Feature ID":"39","Type":"Picnic table 9","Lat/Long":"30.182463, -97.763208","Infrastructure Quality":"L","Notes":"4 wooden ","LatNumber":30.182462999999998,"LongNumber":-97.763208000000006}},{"type":"Feature","id":737,"geometry":{"type":"Point","coordinates":[-97.76293499999997,30.182269000000076]},"properties":{"OBJECTID":737,"School ID":"Langford","Feature ID":"40","Type":"Picnic table 10","Lat/Long":"30.182269, -97.762935","Infrastructure Quality":"M","Notes":"metal ","LatNumber":30.182269000000002,"LongNumber":-97.762934999999999}},{"type":"Feature","id":738,"geometry":{"type":"Point","coordinates":[-97.763103999999942,30.182049000000063]},"properties":{"OBJECTID":738,"School ID":"Langford","Feature ID":"41","Type":"Picnic table 11","Lat/Long":"30.182049, -97.763104","Infrastructure Quality":"H","Notes":null,"LatNumber":30.182048999999999,"LongNumber":-97.763103999999998}},{"type":"Feature","id":739,"geometry":{"type":"Point","coordinates":[-97.762604999999951,30.18141600000007]},"properties":{"OBJECTID":739,"School ID":"Langford","Feature ID":"42","Type":"Playground 1","Lat/Long":"30.181416, -97.762605","Infrastructure Quality":"H","Notes":"playground + shade ","LatNumber":30.181415999999999,"LongNumber":-97.762604999999994}},{"type":"Feature","id":740,"geometry":{"type":"Point","coordinates":[-97.762693999999954,30.181298000000027]},"properties":{"OBJECTID":740,"School ID":"Langford","Feature ID":"43","Type":"Playground 2","Lat/Long":"30.181298, -97.762694","Infrastructure Quality":"H","Notes":"swings ","LatNumber":30.181298000000002,"LongNumber":-97.762693999999996}},{"type":"Feature","id":741,"geometry":{"type":"Point","coordinates":[-97.762888999999973,30.181406000000038]},"properties":{"OBJECTID":741,"School ID":"Langford","Feature ID":"44","Type":"Playground 3","Lat/Long":"30.181406, -97.762889","Infrastructure Quality":"H","Notes":"swings ","LatNumber":30.181405999999999,"LongNumber":-97.762889000000001}},{"type":"Feature","id":742,"geometry":{"type":"Point","coordinates":[-97.762826999999959,30.18151000000006]},"properties":{"OBJECTID":742,"School ID":"Langford","Feature ID":"45","Type":"Playground 4","Lat/Long":"30.181510, -97.762827","Infrastructure Quality":"H","Notes":"playground + shade ","LatNumber":30.181509999999999,"LongNumber":-97.762827000000001}},{"type":"Feature","id":743,"geometry":{"type":"Point","coordinates":[-97.763204999999971,30.183051000000034]},"properties":{"OBJECTID":743,"School ID":"Langford","Feature ID":"46","Type":"Produce Garden","Lat/Long":"30.183051, -97.763205","Infrastructure Quality":"M","Notes":null,"LatNumber":30.183050999999999,"LongNumber":-97.763204999999999}},{"type":"Feature","id":744,"geometry":{"type":"Point","coordinates":[-97.762489999999957,30.181746000000032]},"properties":{"OBJECTID":744,"School ID":"Langford","Feature ID":"47","Type":"Rain Garden","Lat/Long":"30.181746, -97.762490","Infrastructure Quality":"H","Notes":null,"LatNumber":30.181746,"LongNumber":-97.76249}},{"type":"Feature","id":745,"geometry":{"type":"Point","coordinates":[-97.762363999999991,30.181840000000079]},"properties":{"OBJECTID":745,"School ID":"Langford","Feature ID":"48","Type":"Rain Garden","Lat/Long":"30.181840, -97.762364","Infrastructure Quality":"H","Notes":"fenced ","LatNumber":30.181840000000001,"LongNumber":-97.762364000000005}},{"type":"Feature","id":746,"geometry":{"type":"Point","coordinates":[-97.763250999999968,30.182475000000068]},"properties":{"OBJECTID":746,"School ID":"Langford","Feature ID":"49","Type":"Sensory Path","Lat/Long":"30.182475, -97.763251","Infrastructure Quality":"M","Notes":null,"LatNumber":30.182475,"LongNumber":-97.763250999999997}},{"type":"Feature","id":747,"geometry":{"type":"Point","coordinates":[-97.762604999999951,30.18141600000007]},"properties":{"OBJECTID":747,"School ID":"Langford","Feature ID":"50","Type":"Shade Structure 1","Lat/Long":"30.181416, -97.762605","Infrastructure Quality":"H","Notes":null,"LatNumber":30.181415999999999,"LongNumber":-97.762604999999994}},{"type":"Feature","id":748,"geometry":{"type":"Point","coordinates":[-97.762826999999959,30.18151000000006]},"properties":{"OBJECTID":748,"School ID":"Langford","Feature ID":"51","Type":"Shade Structure 2","Lat/Long":"30.181510, -97.762827","Infrastructure Quality":"H","Notes":null,"LatNumber":30.181509999999999,"LongNumber":-97.762827000000001}},{"type":"Feature","id":749,"geometry":{"type":"Point","coordinates":[-97.76266899999996,30.182757000000038]},"properties":{"OBJECTID":749,"School ID":"Langford","Feature ID":"52","Type":"Shade Structure 3","Lat/Long":"30.182757, -97.762669","Infrastructure Quality":"M","Notes":null,"LatNumber":30.182756999999999,"LongNumber":-97.762669000000002}},{"type":"Feature","id":750,"geometry":{"type":"Point","coordinates":[-97.762944999999945,30.182909000000052]},"properties":{"OBJECTID":750,"School ID":"Langford","Feature ID":"53","Type":"Shade Structure 4","Lat/Long":"30.182909, -97.762945","Infrastructure Quality":"H","Notes":null,"LatNumber":30.182908999999999,"LongNumber":-97.762945000000002}},{"type":"Feature","id":751,"geometry":{"type":"Point","coordinates":[-97.762809999999945,30.182836000000066]},"properties":{"OBJECTID":751,"School ID":"Langford","Feature ID":"54","Type":"Shed 1","Lat/Long":"30.182836, -97.762810","Infrastructure Quality":"L","Notes":null,"LatNumber":30.182836000000002,"LongNumber":-97.762810000000002}},{"type":"Feature","id":752,"geometry":{"type":"Point","coordinates":[-97.762976999999978,30.183109000000059]},"properties":{"OBJECTID":752,"School ID":"Langford","Feature ID":"55","Type":"Shed 2","Lat/Long":"30.183109, -97.762977","Infrastructure Quality":"H","Notes":null,"LatNumber":30.183109000000002,"LongNumber":-97.762977000000006}},{"type":"Feature","id":753,"geometry":{"type":"Point","coordinates":[-97.763764999999978,30.182004000000063]},"properties":{"OBJECTID":753,"School ID":"Langford","Feature ID":"56","Type":"Waste receptacle 1","Lat/Long":"30.182004, -97.763765","Infrastructure Quality":"M","Notes":null,"LatNumber":30.182003999999999,"LongNumber":-97.763765000000006}},{"type":"Feature","id":754,"geometry":{"type":"Point","coordinates":[-97.763758999999936,30.181704000000025]},"properties":{"OBJECTID":754,"School ID":"Langford","Feature ID":"57","Type":"Waste receptacle 2","Lat/Long":"30.181704, -97.763759","Infrastructure Quality":"M","Notes":null,"LatNumber":30.181704,"LongNumber":-97.763758999999993}},{"type":"Feature","id":755,"geometry":{"type":"Point","coordinates":[-97.762829999999951,30.181331000000057]},"properties":{"OBJECTID":755,"School ID":"Langford","Feature ID":"58","Type":"Waste receptacle 3","Lat/Long":"30.181331, -97.762830","Infrastructure Quality":"M","Notes":null,"LatNumber":30.181331,"LongNumber":-97.762829999999994}},{"type":"Feature","id":756,"geometry":{"type":"Point","coordinates":[-97.762878999999941,30.181728000000078]},"properties":{"OBJECTID":756,"School ID":"Langford","Feature ID":"59","Type":"Waste receptacle 4","Lat/Long":"30.181728, -97.762879","Infrastructure Quality":"L","Notes":null,"LatNumber":30.181728,"LongNumber":-97.762878999999998}},{"type":"Feature","id":757,"geometry":{"type":"Point","coordinates":[-97.762543999999991,30.182307000000037]},"properties":{"OBJECTID":757,"School ID":"Langford","Feature ID":"60","Type":"Waste receptacle 5","Lat/Long":"30.182307, -97.762544","Infrastructure Quality":"M","Notes":null,"LatNumber":30.182307000000002,"LongNumber":-97.762544000000005}},{"type":"Feature","id":758,"geometry":{"type":"Point","coordinates":[-97.762539999999944,30.182684000000052]},"properties":{"OBJECTID":758,"School ID":"Langford","Feature ID":"61","Type":"Waste receptacle 6","Lat/Long":"30.182684, -97.762540","Infrastructure Quality":"H","Notes":null,"LatNumber":30.182683999999998,"LongNumber":-97.762540000000001}},{"type":"Feature","id":759,"geometry":{"type":"Point","coordinates":[-97.763271999999972,30.183164000000033]},"properties":{"OBJECTID":759,"School ID":"Langford","Feature ID":"62","Type":"Waste receptacle 7","Lat/Long":"30.183164, -97.763272","Infrastructure Quality":"H","Notes":null,"LatNumber":30.183164000000001,"LongNumber":-97.763272000000001}},{"type":"Feature","id":760,"geometry":{"type":"Point","coordinates":[-97.763412999999957,30.183010000000024]},"properties":{"OBJECTID":760,"School ID":"Langford","Feature ID":"63","Type":"Waste receptacle 8","Lat/Long":"30.183010, -97.763413","Infrastructure Quality":"M","Notes":null,"LatNumber":30.183009999999999,"LongNumber":-97.763413}},{"type":"Feature","id":761,"geometry":{"type":"Point","coordinates":[-97.763806999999986,30.182340000000067]},"properties":{"OBJECTID":761,"School ID":"Langford","Feature ID":"64","Type":"Waste receptacle 9","Lat/Long":"30.182340, -97.763807","Infrastructure Quality":"M","Notes":null,"LatNumber":30.18234,"LongNumber":-97.763807}},{"type":"Feature","id":762,"geometry":{"type":"Point","coordinates":[-97.763269999999977,30.183025000000043]},"properties":{"OBJECTID":762,"School ID":"Langford","Feature ID":"65","Type":"Wildlife Habitat 1","Lat/Long":"30.183025, -97.763270","Infrastructure Quality":"H","Notes":null,"LatNumber":30.183025000000001,"LongNumber":-97.763270000000006}},{"type":"Feature","id":763,"geometry":{"type":"Point","coordinates":[-97.763167999999951,30.182430000000068]},"properties":{"OBJECTID":763,"School ID":"Langford","Feature ID":"66","Type":"Wildlife Habitat 2","Lat/Long":"30.182430, -97.763168","Infrastructure Quality":"M","Notes":null,"LatNumber":30.18243,"LongNumber":-97.763167999999993}},{"type":"Feature","id":764,"geometry":{"type":"Point","coordinates":[-97.737878999999964,30.22383300000007]},"properties":{"OBJECTID":764,"School ID":"Linder","Feature ID":"1","Type":"Art 1","Lat/Long":"30.223833, -97.737879","Infrastructure Quality":"M","Notes":"8 limestone blocks painted","LatNumber":30.223832999999999,"LongNumber":-97.737879000000007}},{"type":"Feature","id":765,"geometry":{"type":"Point","coordinates":[-97.738034999999968,30.224036000000069]},"properties":{"OBJECTID":765,"School ID":"Linder","Feature ID":"2","Type":"Art 2","Lat/Long":"30.224036, -97.738035","Infrastructure Quality":"H","Notes":"mural on side of building ","LatNumber":30.224036000000002,"LongNumber":-97.738034999999996}},{"type":"Feature","id":766,"geometry":{"type":"Point","coordinates":[-97.738290999999947,30.224303000000077]},"properties":{"OBJECTID":766,"School ID":"Linder","Feature ID":"3","Type":"Art 3","Lat/Long":"30.224303, -97.738291","Infrastructure Quality":"H","Notes":"wooden alligator, interactive art ","LatNumber":30.224302999999999,"LongNumber":-97.738291000000004}},{"type":"Feature","id":767,"geometry":{"type":"Point","coordinates":[-97.738008999999977,30.225106000000039]},"properties":{"OBJECTID":767,"School ID":"Linder","Feature ID":"4","Type":"Basketball","Lat/Long":"30.225106, -97.738009","Infrastructure Quality":"L","Notes":null,"LatNumber":30.225106,"LongNumber":-97.738009000000005}},{"type":"Feature","id":768,"geometry":{"type":"Point","coordinates":[-97.737461999999937,30.224281000000076]},"properties":{"OBJECTID":768,"School ID":"Linder","Feature ID":"5","Type":"Bench 1","Lat/Long":"30.224281, -97.737462","Infrastructure Quality":"H","Notes":"4 metal benches ","LatNumber":30.224281000000001,"LongNumber":-97.737461999999994}},{"type":"Feature","id":769,"geometry":{"type":"Point","coordinates":[-97.737789999999961,30.224220000000059]},"properties":{"OBJECTID":769,"School ID":"Linder","Feature ID":"6","Type":"Bench 2","Lat/Long":"30.224220, -97.737790","Infrastructure Quality":"M","Notes":"metal ","LatNumber":30.224219999999999,"LongNumber":-97.737790000000004}},{"type":"Feature","id":770,"geometry":{"type":"Point","coordinates":[-97.738252999999986,30.224274000000037]},"properties":{"OBJECTID":770,"School ID":"Linder","Feature ID":"7","Type":"Bench 3","Lat/Long":"30.224274, -97.738253","Infrastructure Quality":"NA","Notes":"concrete bench - broken ","LatNumber":30.224274000000001,"LongNumber":-97.738253}},{"type":"Feature","id":771,"geometry":{"type":"Point","coordinates":[-97.737306999999987,30.224959000000069]},"properties":{"OBJECTID":771,"School ID":"Linder","Feature ID":"8","Type":"Bench 4","Lat/Long":"30.224959, -97.737307","Infrastructure Quality":"M","Notes":"metal - area under construction ","LatNumber":30.224958999999998,"LongNumber":-97.737307000000001}},{"type":"Feature","id":772,"geometry":{"type":"Point","coordinates":[-97.737981999999988,30.225037000000043]},"properties":{"OBJECTID":772,"School ID":"Linder","Feature ID":"9","Type":"Bench 5","Lat/Long":"30.225037, -97.737982","Infrastructure Quality":"M","Notes":" 4 metal, no back","LatNumber":30.225037,"LongNumber":-97.737982000000002}},{"type":"Feature","id":773,"geometry":{"type":"Point","coordinates":[-97.738194999999962,30.223929000000055]},"properties":{"OBJECTID":773,"School ID":"Linder","Feature ID":"10","Type":"Bench 6","Lat/Long":"30.223929, -97.738195","Infrastructure Quality":"L","Notes":"concrete - broken during construction ","LatNumber":30.223928999999998,"LongNumber":-97.738195000000005}},{"type":"Feature","id":774,"geometry":{"type":"Point","coordinates":[-97.738215999999966,30.224240000000066]},"properties":{"OBJECTID":774,"School ID":"Linder","Feature ID":"11","Type":"Bench 7","Lat/Long":"30.224240, -97.738216","Infrastructure Quality":"M","Notes":"Wood ","LatNumber":30.224240000000002,"LongNumber":-97.738215999999994}},{"type":"Feature","id":775,"geometry":{"type":"Point","coordinates":[-97.738265999999953,30.224139000000037]},"properties":{"OBJECTID":775,"School ID":"Linder","Feature ID":"12","Type":"Bench 8","Lat/Long":"30.224139, -97.738266","Infrastructure Quality":"M","Notes":"wood long bench, storage under for shoes, runs wall next playground ","LatNumber":30.224139000000001,"LongNumber":-97.738265999999996}},{"type":"Feature","id":776,"geometry":{"type":"Point","coordinates":[-97.738248999999939,30.224228000000039]},"properties":{"OBJECTID":776,"School ID":"Linder","Feature ID":"13","Type":"Bench 9","Lat/Long":"30.224228, -97.738249","Infrastructure Quality":"M","Notes":"2 metal benches, perimeter of 3-5 playground ","LatNumber":30.224228,"LongNumber":-97.738248999999996}},{"type":"Feature","id":777,"geometry":{"type":"Point","coordinates":[-97.738289999999949,30.224114000000043]},"properties":{"OBJECTID":777,"School ID":"Linder","Feature ID":"14","Type":"Bench 10","Lat/Long":"30.224114, -97.738290","Infrastructure Quality":"M","Notes":"wooden bench perimeter fence ","LatNumber":30.224114,"LongNumber":-97.738290000000006}},{"type":"Feature","id":778,"geometry":{"type":"Point","coordinates":[-97.738021999999944,30.224897000000055]},"properties":{"OBJECTID":778,"School ID":"Linder","Feature ID":"15","Type":"Bench 11","Lat/Long":"30.224897, -97.738022","Infrastructure Quality":"M","Notes":"2 small plastic benches w/storage ","LatNumber":30.224896999999999,"LongNumber":-97.738022000000001}},{"type":"Feature","id":779,"geometry":{"type":"Point","coordinates":[-97.737568999999951,30.225455000000068]},"properties":{"OBJECTID":779,"School ID":"Linder","Feature ID":"18","Type":"Fields","Lat/Long":"30.225455, -97.737569","Infrastructure Quality":"H","Notes":null,"LatNumber":30.225455,"LongNumber":-97.737568999999993}},{"type":"Feature","id":780,"geometry":{"type":"Point","coordinates":[-97.738051999999982,30.223893000000032]},"properties":{"OBJECTID":780,"School ID":"Linder","Feature ID":"19","Type":"Habitat Garden 1","Lat/Long":"30.223893, -97.738052","Infrastructure Quality":"M","Notes":"(5) garden beds, native plantings overgrown, two school made signs present, water sprinkler present and not connected ","LatNumber":30.223893,"LongNumber":-97.738051999999996}},{"type":"Feature","id":781,"geometry":{"type":"Point","coordinates":[-97.738145999999972,30.223997000000054]},"properties":{"OBJECTID":781,"School ID":"Linder","Feature ID":"20","Type":"Habitat Garden 2","Lat/Long":"30.223997, -97.738146","Infrastructure Quality":"H","Notes":"(2) garden beds around tree, construction in the area ","LatNumber":30.223997000000001,"LongNumber":-97.738146}},{"type":"Feature","id":782,"geometry":{"type":"Point","coordinates":[-97.737617999999941,30.225230000000067]},"properties":{"OBJECTID":782,"School ID":"Linder","Feature ID":"21","Type":"Livestock ","Lat/Long":"30.225230, -97.737618","Infrastructure Quality":"H","Notes":"fenced enclosure w/chicken coop in middle ","LatNumber":30.22523,"LongNumber":-97.737617999999998}},{"type":"Feature","id":783,"geometry":{"type":"Point","coordinates":[-97.737568999999951,30.225455000000068]},"properties":{"OBJECTID":783,"School ID":"Linder","Feature ID":"22","Type":"Track","Lat/Long":"30.225455, -97.737569","Infrastructure Quality":"L","Notes":"Construction equiptment being stored on track, needs to be weeded and new DG","LatNumber":30.225455,"LongNumber":-97.737568999999993}},{"type":"Feature","id":784,"geometry":{"type":"Point","coordinates":[-97.738454999999988,30.224585000000047]},"properties":{"OBJECTID":784,"School ID":"Linder","Feature ID":"24","Type":"Lawn 1","Lat/Long":"30.224585, -97.738455","Infrastructure Quality":"H","Notes":null,"LatNumber":30.224585000000001,"LongNumber":-97.738455000000002}},{"type":"Feature","id":785,"geometry":{"type":"Point","coordinates":[-97.738353999999958,30.224990000000048]},"properties":{"OBJECTID":785,"School ID":"Linder","Feature ID":"25","Type":"Lawn 2","Lat/Long":"30.224990, -97.738354","Infrastructure Quality":"H","Notes":null,"LatNumber":30.224989999999998,"LongNumber":-97.738354000000001}},{"type":"Feature","id":786,"geometry":{"type":"Point","coordinates":[-97.738077999999973,30.223903000000064]},"properties":{"OBJECTID":786,"School ID":"Linder","Feature ID":"26","Type":"Nature Trail","Lat/Long":"30.223903, -97.738078","Infrastructure Quality":"H","Notes":"trail through gardens, needs weeding ","LatNumber":30.223903,"LongNumber":-97.738078000000002}},{"type":"Feature","id":787,"geometry":{"type":"Point","coordinates":[-97.738566999999989,30.224457000000029]},"properties":{"OBJECTID":787,"School ID":"Linder","Feature ID":"27","Type":"Other ","Lat/Long":"30.224457, -97.738567","Infrastructure Quality":"H","Notes":"GSI ","LatNumber":30.224457000000001,"LongNumber":-97.738567000000003}},{"type":"Feature","id":788,"geometry":{"type":"Point","coordinates":[-97.737878999999964,30.22383300000007]},"properties":{"OBJECTID":788,"School ID":"Linder","Feature ID":"28","Type":"Outdoor Classroom ","Lat/Long":"30.223833, -97.737879","Infrastructure Quality":"H","Notes":"9 limestone blocks, painted murals on 8","LatNumber":30.223832999999999,"LongNumber":-97.737879000000007}},{"type":"Feature","id":789,"geometry":{"type":"Point","coordinates":[-97.737789999999961,30.224220000000059]},"properties":{"OBJECTID":789,"School ID":"Linder","Feature ID":"29","Type":"Picnic table 1 ","Lat/Long":"30.224220, -97.737790","Infrastructure Quality":"H","Notes":"wood, blue ","LatNumber":30.224219999999999,"LongNumber":-97.737790000000004}},{"type":"Feature","id":790,"geometry":{"type":"Point","coordinates":[-97.737878999999964,30.22383300000007]},"properties":{"OBJECTID":790,"School ID":"Linder","Feature ID":"30","Type":"Picnic table 2","Lat/Long":"30.223833, -97.737879","Infrastructure Quality":"M","Notes":"3 picnic tables, 2 wood - blue, 1 metal - red ","LatNumber":30.223832999999999,"LongNumber":-97.737879000000007}},{"type":"Feature","id":791,"geometry":{"type":"Point","coordinates":[-97.737306999999987,30.224959000000069]},"properties":{"OBJECTID":791,"School ID":"Linder","Feature ID":"31","Type":"Picnic table 3","Lat/Long":"30.224959, -97.737307","Infrastructure Quality":"M","Notes":"(2) tables - 1 metal and 1 wood (blue)","LatNumber":30.224958999999998,"LongNumber":-97.737307000000001}},{"type":"Feature","id":792,"geometry":{"type":"Point","coordinates":[-97.737761999999975,30.225347000000056]},"properties":{"OBJECTID":792,"School ID":"Linder","Feature ID":"32","Type":"Picnic table 4","Lat/Long":"30.225347, -97.737762","Infrastructure Quality":"M","Notes":"(2) tables - wood, blue - full sun ","LatNumber":30.225346999999999,"LongNumber":-97.737762000000004}},{"type":"Feature","id":793,"geometry":{"type":"Point","coordinates":[-97.737705999999946,30.225219000000038]},"properties":{"OBJECTID":793,"School ID":"Linder","Feature ID":"33","Type":"Picnic table 5","Lat/Long":"30.225219, -97.737706","Infrastructure Quality":"M","Notes":"(4) wood, blue tables, 1 ADA","LatNumber":30.225218999999999,"LongNumber":-97.737706000000003}},{"type":"Feature","id":794,"geometry":{"type":"Point","coordinates":[-97.738373999999965,30.22475600000007]},"properties":{"OBJECTID":794,"School ID":"Linder","Feature ID":"34","Type":"Picnic table 6","Lat/Long":"30.224756, -97.738374","Infrastructure Quality":"M","Notes":"metal, close to raised beds ","LatNumber":30.224755999999999,"LongNumber":-97.738373999999993}},{"type":"Feature","id":795,"geometry":{"type":"Point","coordinates":[-97.738298999999984,30.224287000000061]},"properties":{"OBJECTID":795,"School ID":"Linder","Feature ID":"35","Type":"Picnic table 7","Lat/Long":"30.224287, -97.738299","Infrastructure Quality":"H","Notes":"wood close to school by playground ","LatNumber":30.224287,"LongNumber":-97.738298999999998}},{"type":"Feature","id":796,"geometry":{"type":"Point","coordinates":[-97.738248999999939,30.224228000000039]},"properties":{"OBJECTID":796,"School ID":"Linder","Feature ID":"36","Type":"Picnic table 8","Lat/Long":"30.224228, -97.738249","Infrastructure Quality":"M","Notes":"metal table, low to ground by 3-5 yr playground ","LatNumber":30.224228,"LongNumber":-97.738248999999996}},{"type":"Feature","id":797,"geometry":{"type":"Point","coordinates":[-97.738289999999949,30.224114000000043]},"properties":{"OBJECTID":797,"School ID":"Linder","Feature ID":"37","Type":"Picnic table 9","Lat/Long":"30.224114, -97.738290","Infrastructure Quality":"L","Notes":"metal table, low to ground by 3-5 yr playground - off balance ","LatNumber":30.224114,"LongNumber":-97.738290000000006}},{"type":"Feature","id":798,"geometry":{"type":"Point","coordinates":[-97.738332999999955,30.224002000000041]},"properties":{"OBJECTID":798,"School ID":"Linder","Feature ID":"38","Type":"Picnic table 10","Lat/Long":"30.224002, -97.738333","Infrastructure Quality":"M","Notes":"Yellow metal and wood seats ","LatNumber":30.224001999999999,"LongNumber":-97.738332999999997}},{"type":"Feature","id":799,"geometry":{"type":"Point","coordinates":[-97.737724999999955,30.225149000000044]},"properties":{"OBJECTID":799,"School ID":"Linder","Feature ID":"39","Type":"Picnic table 11","Lat/Long":"30.225149, -97.737725","Infrastructure Quality":"M","Notes":"square, blue metal ","LatNumber":30.225148999999998,"LongNumber":-97.737724999999998}},{"type":"Feature","id":800,"geometry":{"type":"Point","coordinates":[-97.738342999999986,30.224259000000075]},"properties":{"OBJECTID":800,"School ID":"Linder","Feature ID":"40","Type":"Playground 1","Lat/Long":"30.224259, -97.738343","Infrastructure Quality":"M","Notes":"3-5 playground ","LatNumber":30.224259,"LongNumber":-97.738343}},{"type":"Feature","id":801,"geometry":{"type":"Point","coordinates":[-97.737297999999953,30.225144000000057]},"properties":{"OBJECTID":801,"School ID":"Linder","Feature ID":"41","Type":"Playground 2A","Lat/Long":"30.225144, -97.737298","Infrastructure Quality":"NA","Notes":"playground and shade dismantled due to construction ","LatNumber":30.225144,"LongNumber":-97.737297999999996}},{"type":"Feature","id":802,"geometry":{"type":"Point","coordinates":[-97.737154999999973,30.225210000000061]},"properties":{"OBJECTID":802,"School ID":"Linder","Feature ID":"42","Type":"Playground 2B","Lat/Long":"30.225210, -97.737155","Infrastructure Quality":"M","Notes":"swings ","LatNumber":30.225210000000001,"LongNumber":-97.737155000000001}},{"type":"Feature","id":803,"geometry":{"type":"Point","coordinates":[-97.738051999999982,30.223893000000032]},"properties":{"OBJECTID":803,"School ID":"Linder","Feature ID":"43","Type":"Pond","Lat/Long":"30.223893, -97.738052","Infrastructure Quality":"L","Notes":"metal degrading, no water or electric present, dead plants ","LatNumber":30.223893,"LongNumber":-97.738051999999996}},{"type":"Feature","id":804,"geometry":{"type":"Point","coordinates":[-97.737699999999961,30.224129000000062]},"properties":{"OBJECTID":804,"School ID":"Linder","Feature ID":"44","Type":"Produce Garden 1","Lat/Long":"30.224129, -97.737700","Infrastructure Quality":"H","Notes":"3 wooden mobile beds - mobile, no plants present ","LatNumber":30.224129000000001,"LongNumber":-97.737700000000004}},{"type":"Feature","id":805,"geometry":{"type":"Point","coordinates":[-97.738373999999965,30.22475600000007]},"properties":{"OBJECTID":805,"School ID":"Linder","Feature ID":"45","Type":"Produce Garden 2","Lat/Long":"30.224756, -97.738374","Infrastructure Quality":"M","Notes":"6 wooden raised beds, ","LatNumber":30.224755999999999,"LongNumber":-97.738373999999993}},{"type":"Feature","id":806,"geometry":{"type":"Point","coordinates":[-97.738083999999958,30.224849000000063]},"properties":{"OBJECTID":806,"School ID":"Linder","Feature ID":"46","Type":"Produce Garden 3","Lat/Long":"30.224849, -97.738084","Infrastructure Quality":"M","Notes":"raised mobile bed, wooden","LatNumber":30.224848999999999,"LongNumber":-97.738084000000001}},{"type":"Feature","id":807,"geometry":{"type":"Point","coordinates":[-97.738008999999977,30.225106000000039]},"properties":{"OBJECTID":807,"School ID":"Linder","Feature ID":"47","Type":"Shade Structure 1","Lat/Long":"30.225106, -97.738009","Infrastructure Quality":"M","Notes":"3-5 small holes ","LatNumber":30.225106,"LongNumber":-97.738009000000005}},{"type":"Feature","id":808,"geometry":{"type":"Point","coordinates":[-97.737309999999979,30.225120000000061]},"properties":{"OBJECTID":808,"School ID":"Linder","Feature ID":"48","Type":"Shade Structure 2","Lat/Long":"30.225120, -97.737310","Infrastructure Quality":"NA","Notes":"dismantled due to construction ","LatNumber":30.22512,"LongNumber":-97.737309999999994}},{"type":"Feature","id":809,"geometry":{"type":"Point","coordinates":[-97.738342999999986,30.224259000000075]},"properties":{"OBJECTID":809,"School ID":"Linder","Feature ID":"49","Type":"Shade Structure 3","Lat/Long":"30.224259, -97.738343","Infrastructure Quality":"M","Notes":"small holes present ","LatNumber":30.224259,"LongNumber":-97.738343}},{"type":"Feature","id":810,"geometry":{"type":"Point","coordinates":[-97.738340999999991,30.224053000000026]},"properties":{"OBJECTID":810,"School ID":"Linder","Feature ID":"50","Type":"Shed 1 ","Lat/Long":"30.224053, -97.738341","Infrastructure Quality":"H","Notes":"locked and being used ","LatNumber":30.224053000000001,"LongNumber":-97.738341000000005}},{"type":"Feature","id":811,"geometry":{"type":"Point","coordinates":[-97.737994999999955,30.224832000000049]},"properties":{"OBJECTID":811,"School ID":"Linder","Feature ID":"51","Type":"Shed 2","Lat/Long":"30.224832, -97.737995","Infrastructure Quality":"M","Notes":"small plastic storage bench ","LatNumber":30.224831999999999,"LongNumber":-97.737994999999998}},{"type":"Feature","id":812,"geometry":{"type":"Point","coordinates":[-97.737409999999954,30.224370000000079]},"properties":{"OBJECTID":812,"School ID":"Linder","Feature ID":"52","Type":"Waste receptacle 1","Lat/Long":"30.224370, -97.737410","Infrastructure Quality":"H","Notes":"metal ","LatNumber":30.22437,"LongNumber":-97.737409999999997}},{"type":"Feature","id":813,"geometry":{"type":"Point","coordinates":[-97.737789999999961,30.224220000000059]},"properties":{"OBJECTID":813,"School ID":"Linder","Feature ID":"53","Type":"Waste receptacle 2","Lat/Long":"30.224220, -97.737790","Infrastructure Quality":"M","Notes":"metal ","LatNumber":30.224219999999999,"LongNumber":-97.737790000000004}},{"type":"Feature","id":814,"geometry":{"type":"Point","coordinates":[-97.737878999999964,30.22383300000007]},"properties":{"OBJECTID":814,"School ID":"Linder","Feature ID":"54","Type":"Waste receptacle 3","Lat/Long":"30.223833, -97.737879","Infrastructure Quality":"L","Notes":"metal - painted pink ","LatNumber":30.223832999999999,"LongNumber":-97.737879000000007}},{"type":"Feature","id":815,"geometry":{"type":"Point","coordinates":[-97.73729899999995,30.224987000000056]},"properties":{"OBJECTID":815,"School ID":"Linder","Feature ID":"55","Type":"Waste receptacle 4","Lat/Long":"30.224987, -97.737299","Infrastructure Quality":"L","Notes":"metal - rust present ","LatNumber":30.224986999999999,"LongNumber":-97.737298999999993}},{"type":"Feature","id":816,"geometry":{"type":"Point","coordinates":[-97.738373999999965,30.22475600000007]},"properties":{"OBJECTID":816,"School ID":"Linder","Feature ID":"56","Type":"Waste receptacle 5","Lat/Long":"30.224756, -97.738374","Infrastructure Quality":"M","Notes":null,"LatNumber":30.224755999999999,"LongNumber":-97.738373999999993}},{"type":"Feature","id":817,"geometry":{"type":"Point","coordinates":[-97.737716999999975,30.225081000000046]},"properties":{"OBJECTID":817,"School ID":"Linder","Feature ID":"57","Type":"Waste receptacle 6","Lat/Long":"30.225081, -97.737717","Infrastructure Quality":"M","Notes":"metal ","LatNumber":30.225080999999999,"LongNumber":-97.737717000000004}},{"type":"Feature","id":818,"geometry":{"type":"Point","coordinates":[-97.738257999999973,30.224283000000071]},"properties":{"OBJECTID":818,"School ID":"Linder","Feature ID":"58","Type":"Waste receptacle 7","Lat/Long":"30.224283, -97.738258","Infrastructure Quality":"M","Notes":"plastic indoor trashcan ","LatNumber":30.224283,"LongNumber":-97.738258000000002}},{"type":"Feature","id":819,"geometry":{"type":"Point","coordinates":[-97.656839999999988,30.313230000000033]},"properties":{"OBJECTID":819,"School ID":"LBJ","Feature ID":"1","Type":"Art 1","Lat/Long":"30.31323, -97.65684","Infrastructure Quality":"H","Notes":"Painted mural with positive messages","LatNumber":30.313230000000001,"LongNumber":-97.656840000000003}},{"type":"Feature","id":820,"geometry":{"type":"Point","coordinates":[-97.657309999999939,30.313380000000052]},"properties":{"OBJECTID":820,"School ID":"LBJ","Feature ID":"2","Type":"Art 2","Lat/Long":"30.31338, -97.65731","Infrastructure Quality":"H","Notes":"Stone Texas sculpture","LatNumber":30.313379999999999,"LongNumber":-97.657309999999995}},{"type":"Feature","id":821,"geometry":{"type":"Point","coordinates":[-97.657509999999945,30.313530000000071]},"properties":{"OBJECTID":821,"School ID":"LBJ","Feature ID":"3","Type":"Art 3","Lat/Long":"30.31353, -97.65751","Infrastructure Quality":"M","Notes":"Painted jaguar paw prints","LatNumber":30.31353,"LongNumber":-97.657510000000002}},{"type":"Feature","id":822,"geometry":{"type":"Point","coordinates":[-97.657179999999983,30.313220000000058]},"properties":{"OBJECTID":822,"School ID":"LBJ","Feature ID":"4","Type":"Art 4","Lat/Long":"30.31322, -97.65718","Infrastructure Quality":"M","Notes":"Painted jaguar paw prints","LatNumber":30.313220000000001,"LongNumber":-97.657179999999997}},{"type":"Feature","id":823,"geometry":{"type":"Point","coordinates":[-97.65731999999997,30.313850000000059]},"properties":{"OBJECTID":823,"School ID":"LBJ","Feature ID":"5","Type":"Art 5","Lat/Long":"30.31385, -97.65732","Infrastructure Quality":"M","Notes":null,"LatNumber":30.313849999999999,"LongNumber":-97.657319999999999}},{"type":"Feature","id":824,"geometry":{"type":"Point","coordinates":[-97.654839999999979,30.311540000000036]},"properties":{"OBJECTID":824,"School ID":"LBJ","Feature ID":"6","Type":"Art 6","Lat/Long":"30.31154, -97.65484","Infrastructure Quality":"L","Notes":null,"LatNumber":30.311540000000001,"LongNumber":-97.654839999999993}},{"type":"Feature","id":825,"geometry":{"type":"Point","coordinates":[-97.655359999999973,30.31299000000007]},"properties":{"OBJECTID":825,"School ID":"LBJ","Feature ID":"7","Type":"Art 7","Lat/Long":"30.31299, -97.65536","Infrastructure Quality":"L","Notes":"Painted shed door","LatNumber":30.312989999999999,"LongNumber":-97.655360000000002}},{"type":"Feature","id":826,"geometry":{"type":"Point","coordinates":[-97.656979999999976,30.312380000000076]},"properties":{"OBJECTID":826,"School ID":"LBJ","Feature ID":"8","Type":"Art 8","Lat/Long":"30.31238, -97.65698","Infrastructure Quality":"M","Notes":"Jaguar mosaic and wrapped doors","LatNumber":30.312380000000001,"LongNumber":-97.656980000000004}},{"type":"Feature","id":827,"geometry":{"type":"Point","coordinates":[-97.657259999999951,30.31230000000005]},"properties":{"OBJECTID":827,"School ID":"LBJ","Feature ID":"9","Type":"Art 9","Lat/Long":"30.3123, -97.65726","Infrastructure Quality":"H","Notes":"Wrapped doors","LatNumber":30.3123,"LongNumber":-97.657259999999994}},{"type":"Feature","id":828,"geometry":{"type":"Point","coordinates":[-97.656229999999937,30.313190000000077]},"properties":{"OBJECTID":828,"School ID":"LBJ","Feature ID":"10","Type":"Art 10","Lat/Long":"30.31319, -97.65623","Infrastructure Quality":"L","Notes":null,"LatNumber":30.313189999999999,"LongNumber":-97.656229999999994}},{"type":"Feature","id":829,"geometry":{"type":"Point","coordinates":[-97.655899999999974,30.312550000000044]},"properties":{"OBJECTID":829,"School ID":"LBJ","Feature ID":"11","Type":"Basketball","Lat/Long":"30.31255, -97.6559","Infrastructure Quality":"H","Notes":"Nets and boards look new","LatNumber":30.312550000000002,"LongNumber":-97.655900000000003}},{"type":"Feature","id":830,"geometry":{"type":"Point","coordinates":[-97.657389999999964,30.31370000000004]},"properties":{"OBJECTID":830,"School ID":"LBJ","Feature ID":"12","Type":"Bench 1","Lat/Long":"30.3137, -97.65739","Infrastructure Quality":"H","Notes":"Ring of four (4) limestone blocks","LatNumber":30.313700000000001,"LongNumber":-97.657390000000007}},{"type":"Feature","id":831,"geometry":{"type":"Point","coordinates":[-97.657249999999976,30.313590000000033]},"properties":{"OBJECTID":831,"School ID":"LBJ","Feature ID":"13","Type":"Bench 2","Lat/Long":"30.31359, -97.65725","Infrastructure Quality":"H","Notes":"One (1) concrete bench","LatNumber":30.313590000000001,"LongNumber":-97.657250000000005}},{"type":"Feature","id":832,"geometry":{"type":"Point","coordinates":[-97.656819999999982,30.313310000000058]},"properties":{"OBJECTID":832,"School ID":"LBJ","Feature ID":"14","Type":"Bench 3","Lat/Long":"30.31331, -97.65682","Infrastructure Quality":"L","Notes":"One (1) wooden bench near the wooden picnic table","LatNumber":30.313310000000001,"LongNumber":-97.656819999999996}},{"type":"Feature","id":833,"geometry":{"type":"Point","coordinates":[-97.65695999999997,30.313270000000045]},"properties":{"OBJECTID":833,"School ID":"LBJ","Feature ID":"15","Type":"Bench 4","Lat/Long":"30.31327, -97.65696","Infrastructure Quality":"H","Notes":"Three (3) concrete benches in a semi-circle","LatNumber":30.313269999999999,"LongNumber":-97.656959999999998}},{"type":"Feature","id":834,"geometry":{"type":"Point","coordinates":[-97.656879999999944,30.313190000000077]},"properties":{"OBJECTID":834,"School ID":"LBJ","Feature ID":"16","Type":"Bench 5","Lat/Long":"30.31319, -97.65688","Infrastructure Quality":"L","Notes":"Two (2) painted wooden benches under a protected overhang.","LatNumber":30.313189999999999,"LongNumber":-97.656880000000001}},{"type":"Feature","id":835,"geometry":{"type":"Point","coordinates":[-97.657089999999982,30.313070000000039]},"properties":{"OBJECTID":835,"School ID":"LBJ","Feature ID":"17","Type":"Bench 6","Lat/Long":"30.31307, -97.65709","Infrastructure Quality":"H","Notes":"Ring of three (3) limestone blocks","LatNumber":30.31307,"LongNumber":-97.657089999999997}},{"type":"Feature","id":836,"geometry":{"type":"Point","coordinates":[-97.657559999999989,30.313210000000026]},"properties":{"OBJECTID":836,"School ID":"LBJ","Feature ID":"18","Type":"Bench 7","Lat/Long":"30.31321, -97.65756","Infrastructure Quality":"H","Notes":"Ring of three (3) limestone blocks","LatNumber":30.313210000000002,"LongNumber":-97.657560000000004}},{"type":"Feature","id":837,"geometry":{"type":"Point","coordinates":[-97.657399999999939,30.313420000000065]},"properties":{"OBJECTID":837,"School ID":"LBJ","Feature ID":"19","Type":"Bench 8","Lat/Long":"30.31342, -97.6574","Infrastructure Quality":"H","Notes":"Four (4) purple metal benches in a circle","LatNumber":30.313420000000001,"LongNumber":-97.657399999999996}},{"type":"Feature","id":838,"geometry":{"type":"Point","coordinates":[-97.656709999999975,30.314340000000072]},"properties":{"OBJECTID":838,"School ID":"LBJ","Feature ID":"20","Type":"Bench 9","Lat/Long":"30.31434, -97.65671","Infrastructure Quality":"M","Notes":"Four (4) metal benches under a protected covering","LatNumber":30.314340000000001,"LongNumber":-97.656710000000004}},{"type":"Feature","id":839,"geometry":{"type":"Point","coordinates":[-97.656709999999975,30.314290000000028]},"properties":{"OBJECTID":839,"School ID":"LBJ","Feature ID":"21","Type":"Bench 10","Lat/Long":"30.31429, -97.65671","Infrastructure Quality":"M","Notes":"Three (3) metal benches under a protected overhang","LatNumber":30.31429,"LongNumber":-97.656710000000004}},{"type":"Feature","id":840,"geometry":{"type":"Point","coordinates":[-97.655519999999967,30.311230000000023]},"properties":{"OBJECTID":840,"School ID":"LBJ","Feature ID":"22","Type":"Bench 11","Lat/Long":"30.31123, -97.65552","Infrastructure Quality":"M","Notes":"Bleachers near the football field","LatNumber":30.311229999999998,"LongNumber":-97.655519999999996}},{"type":"Feature","id":841,"geometry":{"type":"Point","coordinates":[-97.655589999999961,30.31161000000003]},"properties":{"OBJECTID":841,"School ID":"LBJ","Feature ID":"23","Type":"Bench 12","Lat/Long":"30.31161, -97.65559","Infrastructure Quality":"M","Notes":"Bleachers near the softball fields","LatNumber":30.311610000000002,"LongNumber":-97.655590000000004}},{"type":"Feature","id":842,"geometry":{"type":"Point","coordinates":[-97.655679999999961,30.311720000000037]},"properties":{"OBJECTID":842,"School ID":"LBJ","Feature ID":"24","Type":"Bench 13","Lat/Long":"30.31172, -97.65568","Infrastructure Quality":"L","Notes":"Bleachers near the softball fields, overgrown","LatNumber":30.311720000000001,"LongNumber":-97.655680000000004}},{"type":"Feature","id":843,"geometry":{"type":"Point","coordinates":[-97.655669999999986,30.31179000000003]},"properties":{"OBJECTID":843,"School ID":"LBJ","Feature ID":"25","Type":"Bench 14","Lat/Long":"30.31179, -97.65567","Infrastructure Quality":"M","Notes":"Benches in the softball dugout","LatNumber":30.311789999999998,"LongNumber":-97.655670000000001}},{"type":"Feature","id":844,"geometry":{"type":"Point","coordinates":[-97.655789999999968,30.311990000000037]},"properties":{"OBJECTID":844,"School ID":"LBJ","Feature ID":"26","Type":"Bench 15","Lat/Long":"30.31199, -97.65579","Infrastructure Quality":"H","Notes":"Ten (10) total metal benches on the tennis courts","LatNumber":30.311990000000002,"LongNumber":-97.655789999999996}},{"type":"Feature","id":845,"geometry":{"type":"Point","coordinates":[-97.656689999999969,30.311630000000036]},"properties":{"OBJECTID":845,"School ID":"LBJ","Feature ID":"27","Type":"Bench 16","Lat/Long":"30.31163, -97.65669","Infrastructure Quality":"M","Notes":"Bleachers by baseball field","LatNumber":30.311630000000001,"LongNumber":-97.656689999999998}},{"type":"Feature","id":846,"geometry":{"type":"Point","coordinates":[-97.656029999999987,30.313260000000071]},"properties":{"OBJECTID":846,"School ID":"LBJ","Feature ID":"28","Type":"Bench 17","Lat/Long":"30.31326, -97.65603","Infrastructure Quality":"M","Notes":"Nine (9) limestone blocks near portables","LatNumber":30.31326,"LongNumber":-97.656030000000001}},{"type":"Feature","id":847,"geometry":{"type":"Point","coordinates":[-97.656189999999981,30.312790000000064]},"properties":{"OBJECTID":847,"School ID":"LBJ","Feature ID":"29","Type":"Bench 18","Lat/Long":"30.31279, -97.65619","Infrastructure Quality":"M","Notes":"Four (4) limestone blocks","LatNumber":30.31279,"LongNumber":-97.656189999999995}},{"type":"Feature","id":848,"geometry":{"type":"Point","coordinates":[-97.656469999999956,30.312350000000038]},"properties":{"OBJECTID":848,"School ID":"LBJ","Feature ID":"30","Type":"Bench 19","Lat/Long":"30.31235, -97.65647","Infrastructure Quality":"H","Notes":"Bleachers by the tennis courts","LatNumber":30.312349999999999,"LongNumber":-97.656469999999999}},{"type":"Feature","id":849,"geometry":{"type":"Point","coordinates":[-97.656489999999962,30.312010000000043]},"properties":{"OBJECTID":849,"School ID":"LBJ","Feature ID":"31","Type":"Bench 20","Lat/Long":"30.31201, -97.65649","Infrastructure Quality":"H","Notes":"Bleachers by the tennis courts","LatNumber":30.312010000000001,"LongNumber":-97.656490000000005}},{"type":"Feature","id":850,"geometry":{"type":"Point","coordinates":[-97.657289999999989,30.312250000000063]},"properties":{"OBJECTID":850,"School ID":"LBJ","Feature ID":"32","Type":"Bench 21","Lat/Long":"30.31225, -97.65729","Infrastructure Quality":"M","Notes":"Three (3) limestone blocks","LatNumber":30.312249999999999,"LongNumber":-97.657290000000003}},{"type":"Feature","id":851,"geometry":{"type":"Point","coordinates":[-97.656439999999975,30.311590000000024]},"properties":{"OBJECTID":851,"School ID":"LBJ","Feature ID":"33","Type":"Bench 22","Lat/Long":"30.31159, -97.65644","Infrastructure Quality":"M","Notes":"Three (3) metal benches in the dugout","LatNumber":30.311589999999999,"LongNumber":-97.656440000000003}},{"type":"Feature","id":852,"geometry":{"type":"Point","coordinates":[-97.656499999999937,30.311600000000055]},"properties":{"OBJECTID":852,"School ID":"LBJ","Feature ID":"34","Type":"Bench 23","Lat/Long":"30.3116, -97.6565","Infrastructure Quality":"L","Notes":"Wooden bench, damaged","LatNumber":30.311599999999999,"LongNumber":-97.656499999999994}},{"type":"Feature","id":853,"geometry":{"type":"Point","coordinates":[-97.657329999999945,30.311300000000074]},"properties":{"OBJECTID":853,"School ID":"LBJ","Feature ID":"35","Type":"Bench 24","Lat/Long":"30.3113, -97.65733","Infrastructure Quality":"L","Notes":"Beam and cinderblock bench, damaged","LatNumber":30.311299999999999,"LongNumber":-97.657330000000002}},{"type":"Feature","id":854,"geometry":{"type":"Point","coordinates":[-97.657329999999945,30.311300000000074]},"properties":{"OBJECTID":854,"School ID":"LBJ","Feature ID":"36","Type":"Bench 25","Lat/Long":"30.3113, -97.65733","Infrastructure Quality":"L","Notes":"Beam and cinderblock bench","LatNumber":30.311299999999999,"LongNumber":-97.657330000000002}},{"type":"Feature","id":855,"geometry":{"type":"Point","coordinates":[-97.656899999999951,30.313150000000064]},"properties":{"OBJECTID":855,"School ID":"LBJ","Feature ID":"37","Type":"Bike Rack 1","Lat/Long":"30.31315, -97.6569","Infrastructure Quality":"M","Notes":"Two (2) bike racks on the path to the Theater near the parking lot (one is damaged)","LatNumber":30.31315,"LongNumber":-97.656899999999993}},{"type":"Feature","id":856,"geometry":{"type":"Point","coordinates":[-97.657569999999964,30.312170000000037]},"properties":{"OBJECTID":856,"School ID":"LBJ","Feature ID":"38","Type":"Bike Rack 2","Lat/Long":"30.31217, -97.65757","Infrastructure Quality":"L","Notes":"Single bike rack (damaged)","LatNumber":30.312169999999998,"LongNumber":-97.657570000000007}},{"type":"Feature","id":857,"geometry":{"type":"Point","coordinates":[-97.655109999999979,30.31263000000007]},"properties":{"OBJECTID":857,"School ID":"LBJ","Feature ID":"39","Type":"Field 1","Lat/Long":"30.31263, -97.65511","Infrastructure Quality":"L","Notes":"Soccer field, one goal is missing/damaged","LatNumber":30.312629999999999,"LongNumber":-97.655109999999993}},{"type":"Feature","id":858,"geometry":{"type":"Point","coordinates":[-97.654469999999947,30.312380000000076]},"properties":{"OBJECTID":858,"School ID":"LBJ","Feature ID":"40","Type":"Field 2","Lat/Long":"30.31238, -97.65447","Infrastructure Quality":"L","Notes":"Soccer field, one goal is missing/damaged","LatNumber":30.312380000000001,"LongNumber":-97.654470000000003}},{"type":"Feature","id":859,"geometry":{"type":"Point","coordinates":[-97.653939999999977,30.312180000000069]},"properties":{"OBJECTID":859,"School ID":"LBJ","Feature ID":"41","Type":"Field 3","Lat/Long":"30.31218, -97.65394","Infrastructure Quality":"L","Notes":"Soccer field, one goal is missing/damaged","LatNumber":30.312180000000001,"LongNumber":-97.653940000000006}},{"type":"Feature","id":860,"geometry":{"type":"Point","coordinates":[-97.655109999999979,30.310870000000079]},"properties":{"OBJECTID":860,"School ID":"LBJ","Feature ID":"42","Type":"Field 4","Lat/Long":"30.31087, -97.65511","Infrastructure Quality":"L","Notes":"football ","LatNumber":30.310870000000001,"LongNumber":-97.655109999999993}},{"type":"Feature","id":861,"geometry":{"type":"Point","coordinates":[-97.65546999999998,30.311780000000056]},"properties":{"OBJECTID":861,"School ID":"LBJ","Feature ID":"43","Type":"Field 5","Lat/Long":"30.31178, -97.65547","Infrastructure Quality":"M","Notes":"softball ","LatNumber":30.311779999999999,"LongNumber":-97.655469999999994}},{"type":"Feature","id":862,"geometry":{"type":"Point","coordinates":[-97.656519999999944,30.311400000000049]},"properties":{"OBJECTID":862,"School ID":"LBJ","Feature ID":"44","Type":"Field 6","Lat/Long":"30.3114, -97.65652","Infrastructure Quality":"L","Notes":"baseball ","LatNumber":30.311399999999999,"LongNumber":-97.65652}},{"type":"Feature","id":863,"geometry":{"type":"Point","coordinates":[-97.656989999999951,30.313660000000027]},"properties":{"OBJECTID":863,"School ID":"LBJ","Feature ID":"45","Type":"Habitat Garden 1 ","Lat/Long":"30.31366, -97.65699","Infrastructure Quality":"H","Notes":"Front office bed","LatNumber":30.313659999999999,"LongNumber":-97.656989999999993}},{"type":"Feature","id":864,"geometry":{"type":"Point","coordinates":[-97.656969999999944,30.313370000000077]},"properties":{"OBJECTID":864,"School ID":"LBJ","Feature ID":"46","Type":"Habitat Garden 2","Lat/Long":"30.31337, -97.65697","Infrastructure Quality":"H","Notes":null,"LatNumber":30.313369999999999,"LongNumber":-97.656970000000001}},{"type":"Feature","id":865,"geometry":{"type":"Point","coordinates":[-97.655769999999961,30.313920000000053]},"properties":{"OBJECTID":865,"School ID":"LBJ","Feature ID":"47","Type":"Habitat Garden 3","Lat/Long":"30.31392, -97.65577","Infrastructure Quality":"M","Notes":"Yellow Bells Esperanza planted in stone-ringed planter","LatNumber":30.31392,"LongNumber":-97.655770000000004}},{"type":"Feature","id":866,"geometry":{"type":"Point","coordinates":[-97.655769999999961,30.313920000000053]},"properties":{"OBJECTID":866,"School ID":"LBJ","Feature ID":"48","Type":"Habitat Garden 4","Lat/Long":"30.31392, -97.65577","Infrastructure Quality":"H","Notes":"Yellow Bells Esperanza in an outlined planter","LatNumber":30.31392,"LongNumber":-97.655770000000004}},{"type":"Feature","id":867,"geometry":{"type":"Point","coordinates":[-97.655929999999955,30.313230000000033]},"properties":{"OBJECTID":867,"School ID":"LBJ","Feature ID":"49","Type":"Habitat Garden 5","Lat/Long":"30.31323, -97.65593","Infrastructure Quality":"L","Notes":null,"LatNumber":30.313230000000001,"LongNumber":-97.655929999999998}},{"type":"Feature","id":868,"geometry":{"type":"Point","coordinates":[-97.656639999999982,30.31212000000005]},"properties":{"OBJECTID":868,"School ID":"LBJ","Feature ID":"50","Type":"Habitat Garden 6","Lat/Long":"30.31212, -97.65664","Infrastructure Quality":"L","Notes":"Ringed garden planter between portables","LatNumber":30.31212,"LongNumber":-97.656639999999996}},{"type":"Feature","id":869,"geometry":{"type":"Point","coordinates":[-97.656369999999981,30.313250000000039]},"properties":{"OBJECTID":869,"School ID":"LBJ","Feature ID":"51","Type":"Habitat Garden 7","Lat/Long":"30.31325, -97.65637","Infrastructure Quality":"L","Notes":null,"LatNumber":30.31325,"LongNumber":-97.656369999999995}},{"type":"Feature","id":870,"geometry":{"type":"Point","coordinates":[-97.657519999999977,30.311060000000055]},"properties":{"OBJECTID":870,"School ID":"LBJ","Feature ID":"52","Type":"Nature Trail","Lat/Long":"30.31106, -97.65752","Infrastructure Quality":"L","Notes":"Nature trail area intended for a mindfulness walk","LatNumber":30.311060000000001,"LongNumber":-97.657520000000005}},{"type":"Feature","id":871,"geometry":{"type":"Point","coordinates":[-97.654549999999972,30.311030000000073]},"properties":{"OBJECTID":871,"School ID":"LBJ","Feature ID":"53","Type":"Other 1 ","Lat/Long":"30.31103, -97.65455","Infrastructure Quality":"L","Notes":"Track and field training area","LatNumber":30.311029999999999,"LongNumber":-97.65455}},{"type":"Feature","id":872,"geometry":{"type":"Point","coordinates":[-97.654579999999953,30.311360000000036]},"properties":{"OBJECTID":872,"School ID":"LBJ","Feature ID":"54","Type":"Other 2 ","Lat/Long":"30.31136, -97.65458","Infrastructure Quality":"L","Notes":"Track and field training area","LatNumber":30.311360000000001,"LongNumber":-97.654579999999996}},{"type":"Feature","id":873,"geometry":{"type":"Point","coordinates":[-97.655689999999936,30.311870000000056]},"properties":{"OBJECTID":873,"School ID":"LBJ","Feature ID":"55","Type":"Other 3 ","Lat/Long":"30.31187, -97.65569","Infrastructure Quality":"L","Notes":"Batting/pitching cage","LatNumber":30.311869999999999,"LongNumber":-97.655690000000007}},{"type":"Feature","id":874,"geometry":{"type":"Point","coordinates":[-97.656099999999981,30.312000000000069]},"properties":{"OBJECTID":874,"School ID":"LBJ","Feature ID":"56","Type":"Other 4 ","Lat/Long":"30.312, -97.6561","Infrastructure Quality":"M","Notes":"Eight (8) tennis courts","LatNumber":30.312000000000001,"LongNumber":-97.656099999999995}},{"type":"Feature","id":875,"geometry":{"type":"Point","coordinates":[-97.656249999999943,30.31161000000003]},"properties":{"OBJECTID":875,"School ID":"LBJ","Feature ID":"57","Type":"Other 5 ","Lat/Long":"30.31161, -97.65625","Infrastructure Quality":"L","Notes":"Batting/pitching cage","LatNumber":30.311610000000002,"LongNumber":-97.65625}},{"type":"Feature","id":876,"geometry":{"type":"Point","coordinates":[-97.655369999999948,30.312910000000045]},"properties":{"OBJECTID":876,"School ID":"LBJ","Feature ID":"58","Type":"Other 6","Lat/Long":"30.31291, -97.65537","Infrastructure Quality":"L","Notes":"Unused daycare area","LatNumber":30.312909999999999,"LongNumber":-97.655370000000005}},{"type":"Feature","id":877,"geometry":{"type":"Point","coordinates":[-97.656949999999938,30.31134000000003]},"properties":{"OBJECTID":877,"School ID":"LBJ","Feature ID":"59","Type":"Other 7","Lat/Long":"30.31134, -97.65695","Infrastructure Quality":"L","Notes":"Batting cages","LatNumber":30.311340000000001,"LongNumber":-97.656949999999995}},{"type":"Feature","id":878,"geometry":{"type":"Point","coordinates":[-97.656919999999957,30.311120000000074]},"properties":{"OBJECTID":878,"School ID":"LBJ","Feature ID":"60","Type":"Other 8","Lat/Long":"30.31112, -97.65692","Infrastructure Quality":"L","Notes":"Track and field training area","LatNumber":30.311119999999999,"LongNumber":-97.65692}},{"type":"Feature","id":879,"geometry":{"type":"Point","coordinates":[-97.656929999999988,30.311000000000035]},"properties":{"OBJECTID":879,"School ID":"LBJ","Feature ID":"61","Type":"Other 9","Lat/Long":"30.311, -97.65693","Infrastructure Quality":"L","Notes":"Pitching backstop","LatNumber":30.311,"LongNumber":-97.656930000000003}},{"type":"Feature","id":880,"geometry":{"type":"Point","coordinates":[-97.657239999999945,30.313560000000052]},"properties":{"OBJECTID":880,"School ID":"LBJ","Feature ID":"62","Type":"Picnic table 1","Lat/Long":"30.31356, -97.65724","Infrastructure Quality":"H","Notes":"Three (3) wood, three (3) metal picnic tables in partial shade","LatNumber":30.313559999999999,"LongNumber":-97.657240000000002}},{"type":"Feature","id":881,"geometry":{"type":"Point","coordinates":[-97.657069999999976,30.313650000000052]},"properties":{"OBJECTID":881,"School ID":"LBJ","Feature ID":"63","Type":"Picnic table 2","Lat/Long":"30.31365, -97.65707","Infrastructure Quality":"H","Notes":"Four (4) hightop picnic tables with limestone block benches","LatNumber":30.313649999999999,"LongNumber":-97.657070000000004}},{"type":"Feature","id":882,"geometry":{"type":"Point","coordinates":[-97.65695999999997,30.313410000000033]},"properties":{"OBJECTID":882,"School ID":"LBJ","Feature ID":"64","Type":"Picnic table 3","Lat/Long":"30.31341, -97.65696","Infrastructure Quality":"H","Notes":"Ring of three (3) metal picnic tables, one is ADA accessible","LatNumber":30.313410000000001,"LongNumber":-97.656959999999998}},{"type":"Feature","id":883,"geometry":{"type":"Point","coordinates":[-97.656859999999938,30.313320000000033]},"properties":{"OBJECTID":883,"School ID":"LBJ","Feature ID":"65","Type":"Picnic table 4","Lat/Long":"30.31332, -97.65686","Infrastructure Quality":"L","Notes":"One (1) wood table, paint peeling","LatNumber":30.313320000000001,"LongNumber":-97.656859999999995}},{"type":"Feature","id":884,"geometry":{"type":"Point","coordinates":[-97.656909999999982,30.313390000000027]},"properties":{"OBJECTID":884,"School ID":"LBJ","Feature ID":"66","Type":"Picnic table 5","Lat/Long":"30.31339, -97.65691","Infrastructure Quality":"M","Notes":"Two (2) metal picnic tables under a tree (near the low quality wood table)","LatNumber":30.313389999999998,"LongNumber":-97.656909999999996}},{"type":"Feature","id":885,"geometry":{"type":"Point","coordinates":[-97.656879999999944,30.313190000000077]},"properties":{"OBJECTID":885,"School ID":"LBJ","Feature ID":"67","Type":"Picnic table 6","Lat/Long":"30.31319, -97.65688","Infrastructure Quality":"L","Notes":"Seven (7) painted picnic tables in a row under a protected overhang","LatNumber":30.313189999999999,"LongNumber":-97.656880000000001}},{"type":"Feature","id":886,"geometry":{"type":"Point","coordinates":[-97.657249999999976,30.313230000000033]},"properties":{"OBJECTID":886,"School ID":"LBJ","Feature ID":"68","Type":"Picnic table 7","Lat/Long":"30.31323, -97.65725","Infrastructure Quality":"H","Notes":"Single wooden table","LatNumber":30.313230000000001,"LongNumber":-97.657250000000005}},{"type":"Feature","id":887,"geometry":{"type":"Point","coordinates":[-97.65749999999997,30.313350000000071]},"properties":{"OBJECTID":887,"School ID":"LBJ","Feature ID":"69","Type":"Picnic table 8","Lat/Long":"30.31335, -97.6575","Infrastructure Quality":"H","Notes":"Three (3) wooden picnic tables","LatNumber":30.31335,"LongNumber":-97.657499999999999}},{"type":"Feature","id":888,"geometry":{"type":"Point","coordinates":[-97.657159999999976,30.313100000000077]},"properties":{"OBJECTID":888,"School ID":"LBJ","Feature ID":"70","Type":"Picnic table 9","Lat/Long":"30.3131, -97.65716","Infrastructure Quality":"H","Notes":"Ring of three (3) metal picnic tables","LatNumber":30.313099999999999,"LongNumber":-97.657160000000005}},{"type":"Feature","id":889,"geometry":{"type":"Point","coordinates":[-97.656619999999975,30.314450000000079]},"properties":{"OBJECTID":889,"School ID":"LBJ","Feature ID":"71","Type":"Picnic table 10","Lat/Long":"30.31445, -97.65662","Infrastructure Quality":"M","Notes":"Five (5) wooden picnic tables","LatNumber":30.314450000000001,"LongNumber":-97.656620000000004}},{"type":"Feature","id":890,"geometry":{"type":"Point","coordinates":[-97.655439999999942,30.311460000000068]},"properties":{"OBJECTID":890,"School ID":"LBJ","Feature ID":"72","Type":"Picnic table 11","Lat/Long":"30.31146, -97.65544","Infrastructure Quality":"L","Notes":"Three (3) metal picnic tables, vandalized","LatNumber":30.31146,"LongNumber":-97.655439999999999}},{"type":"Feature","id":891,"geometry":{"type":"Point","coordinates":[-97.655429999999967,30.311510000000055]},"properties":{"OBJECTID":891,"School ID":"LBJ","Feature ID":"73","Type":"Shade Structure 1","Lat/Long":"30.31151, -97.65543","Infrastructure Quality":"M","Notes":null,"LatNumber":30.311509999999998,"LongNumber":-97.655429999999996}},{"type":"Feature","id":892,"geometry":{"type":"Point","coordinates":[-97.655549999999948,30.311140000000023]},"properties":{"OBJECTID":892,"School ID":"LBJ","Feature ID":"74","Type":"Shade Structure 2","Lat/Long":"30.31114, -97.65555","Infrastructure Quality":"M","Notes":null,"LatNumber":30.311140000000002,"LongNumber":-97.655550000000005}},{"type":"Feature","id":893,"geometry":{"type":"Point","coordinates":[-97.65680999999995,30.312350000000038]},"properties":{"OBJECTID":893,"School ID":"LBJ","Feature ID":"80","Type":"Solar ","Lat/Long":"30.31235, -97.65681","Infrastructure Quality":"H","Notes":null,"LatNumber":30.312349999999999,"LongNumber":-97.656809999999993}},{"type":"Feature","id":894,"geometry":{"type":"Point","coordinates":[-97.654819999999972,30.311560000000043]},"properties":{"OBJECTID":894,"School ID":"LBJ","Feature ID":"81","Type":"Shed 1","Lat/Long":"30.31156, -97.65482","Infrastructure Quality":"L","Notes":"Shed with painted doors","LatNumber":30.31156,"LongNumber":-97.654820000000001}},{"type":"Feature","id":895,"geometry":{"type":"Point","coordinates":[-97.654759999999953,30.311560000000043]},"properties":{"OBJECTID":895,"School ID":"LBJ","Feature ID":"82","Type":"Shed 2","Lat/Long":"30.31156, -97.65476","Infrastructure Quality":"L","Notes":"Shipping container","LatNumber":30.31156,"LongNumber":-97.654759999999996}},{"type":"Feature","id":896,"geometry":{"type":"Point","coordinates":[-97.65444999999994,30.311140000000023]},"properties":{"OBJECTID":896,"School ID":"LBJ","Feature ID":"83","Type":"Shed 3","Lat/Long":"30.31114, -97.65445","Infrastructure Quality":"L","Notes":"Shipping container","LatNumber":30.311140000000002,"LongNumber":-97.654449999999997}},{"type":"Feature","id":897,"geometry":{"type":"Point","coordinates":[-97.655729999999949,30.311910000000069]},"properties":{"OBJECTID":897,"School ID":"LBJ","Feature ID":"84","Type":"Shed 4","Lat/Long":"30.31191, -97.65573","Infrastructure Quality":"L","Notes":"Not in use","LatNumber":30.311910000000001,"LongNumber":-97.655730000000005}},{"type":"Feature","id":898,"geometry":{"type":"Point","coordinates":[-97.656109999999956,30.311530000000062]},"properties":{"OBJECTID":898,"School ID":"LBJ","Feature ID":"85","Type":"Shed 5","Lat/Long":"30.31153, -97.65611","Infrastructure Quality":"L","Notes":"Shipping container","LatNumber":30.311530000000001,"LongNumber":-97.656109999999998}},{"type":"Feature","id":899,"geometry":{"type":"Point","coordinates":[-97.656159999999943,30.311580000000049]},"properties":{"OBJECTID":899,"School ID":"LBJ","Feature ID":"86","Type":"Shed 6","Lat/Long":"30.31158, -97.65616","Infrastructure Quality":"L","Notes":"Shed","LatNumber":30.311579999999999,"LongNumber":-97.65616}},{"type":"Feature","id":900,"geometry":{"type":"Point","coordinates":[-97.655349999999942,30.313000000000045]},"properties":{"OBJECTID":900,"School ID":"LBJ","Feature ID":"87","Type":"Shed 7","Lat/Long":"30.313, -97.65535","Infrastructure Quality":"L","Notes":"Shed between portables, door broken","LatNumber":30.312999999999999,"LongNumber":-97.655349999999999}},{"type":"Feature","id":901,"geometry":{"type":"Point","coordinates":[-97.656439999999975,30.31263000000007]},"properties":{"OBJECTID":901,"School ID":"LBJ","Feature ID":"88","Type":"Shed 8","Lat/Long":"30.31263, -97.65644","Infrastructure Quality":"H","Notes":"Two (2) shipping containers and trailer","LatNumber":30.312629999999999,"LongNumber":-97.656440000000003}},{"type":"Feature","id":902,"geometry":{"type":"Point","coordinates":[-97.656229999999937,30.312680000000057]},"properties":{"OBJECTID":902,"School ID":"LBJ","Feature ID":"89","Type":"Shed 9","Lat/Long":"30.31268, -97.65623","Infrastructure Quality":"H","Notes":"Storage for vehicles","LatNumber":30.31268,"LongNumber":-97.656229999999994}},{"type":"Feature","id":903,"geometry":{"type":"Point","coordinates":[-97.656219999999962,30.313220000000058]},"properties":{"OBJECTID":903,"School ID":"LBJ","Feature ID":"90","Type":"Shed 10","Lat/Long":"30.31322, -97.65622","Infrastructure Quality":"L","Notes":"Shed","LatNumber":30.313220000000001,"LongNumber":-97.656220000000005}},{"type":"Feature","id":904,"geometry":{"type":"Point","coordinates":[-97.657029999999963,30.311170000000061]},"properties":{"OBJECTID":904,"School ID":"LBJ","Feature ID":"91","Type":"Shed 11","Lat/Long":"30.31117, -97.65703","Infrastructure Quality":"L","Notes":"Two (2) shipping containers","LatNumber":30.311170000000001,"LongNumber":-97.657030000000006}},{"type":"Feature","id":905,"geometry":{"type":"Point","coordinates":[-97.654929999999979,30.311440000000061]},"properties":{"OBJECTID":905,"School ID":"LBJ","Feature ID":"92","Type":"Track ","Lat/Long":"30.31144, -97.65493","Infrastructure Quality":"L","Notes":null,"LatNumber":30.311440000000001,"LongNumber":-97.654929999999993}},{"type":"Feature","id":906,"geometry":{"type":"Point","coordinates":[-97.656479999999988,30.312160000000063]},"properties":{"OBJECTID":906,"School ID":"LBJ","Feature ID":"93","Type":"Water fountain","Lat/Long":"30.31216, -97.65648","Infrastructure Quality":"L","Notes":"Offline water fountain","LatNumber":30.312159999999999,"LongNumber":-97.656480000000002}},{"type":"Feature","id":907,"geometry":{"type":"Point","coordinates":[-97.657389999999964,30.313590000000033]},"properties":{"OBJECTID":907,"School ID":"LBJ","Feature ID":"94","Type":"Waste receptacle 1","Lat/Long":"30.31359, -97.65739","Infrastructure Quality":"M","Notes":null,"LatNumber":30.313590000000001,"LongNumber":-97.657390000000007}},{"type":"Feature","id":908,"geometry":{"type":"Point","coordinates":[-97.657239999999945,30.313600000000065]},"properties":{"OBJECTID":908,"School ID":"LBJ","Feature ID":"95","Type":"Waste receptacle 2","Lat/Long":"30.3136, -97.65724","Infrastructure Quality":"M","Notes":null,"LatNumber":30.313600000000001,"LongNumber":-97.657240000000002}},{"type":"Feature","id":909,"geometry":{"type":"Point","coordinates":[-97.656919999999957,30.313430000000039]},"properties":{"OBJECTID":909,"School ID":"LBJ","Feature ID":"96","Type":"Waste receptacle 3","Lat/Long":"30.31343, -97.65692","Infrastructure Quality":"M","Notes":null,"LatNumber":30.31343,"LongNumber":-97.65692}},{"type":"Feature","id":910,"geometry":{"type":"Point","coordinates":[-97.656969999999944,30.313260000000071]},"properties":{"OBJECTID":910,"School ID":"LBJ","Feature ID":"97","Type":"Waste receptacle 4","Lat/Long":"30.31326, -97.65697","Infrastructure Quality":"M","Notes":null,"LatNumber":30.31326,"LongNumber":-97.656970000000001}},{"type":"Feature","id":911,"geometry":{"type":"Point","coordinates":[-97.656939999999963,30.313210000000026]},"properties":{"OBJECTID":911,"School ID":"LBJ","Feature ID":"98","Type":"Waste receptacle 5","Lat/Long":"30.31321, -97.65694","Infrastructure Quality":"M","Notes":"Three (3) trash cans spaced near a collection of seven (7) painted picnic tables and two (2) wooden benches","LatNumber":30.313210000000002,"LongNumber":-97.656940000000006}},{"type":"Feature","id":912,"geometry":{"type":"Point","coordinates":[-97.657349999999951,30.313310000000058]},"properties":{"OBJECTID":912,"School ID":"LBJ","Feature ID":"99","Type":"Waste receptacle 6","Lat/Long":"30.31331, -97.65735","Infrastructure Quality":"L","Notes":"Two (2) metal trashcans, large ashtrays on top","LatNumber":30.313310000000001,"LongNumber":-97.657349999999994}},{"type":"Feature","id":913,"geometry":{"type":"Point","coordinates":[-97.657699999999977,30.312790000000064]},"properties":{"OBJECTID":913,"School ID":"LBJ","Feature ID":"100","Type":"Waste receptacles7","Lat/Long":"30.31279, -97.6577","Infrastructure Quality":"M","Notes":"One (1) metal trashcans outside of the theater","LatNumber":30.31279,"LongNumber":-97.657700000000006}},{"type":"Feature","id":914,"geometry":{"type":"Point","coordinates":[-97.657969999999978,30.31272000000007]},"properties":{"OBJECTID":914,"School ID":"LBJ","Feature ID":"101","Type":"Waste receptacle 8","Lat/Long":"30.31272, -97.65797","Infrastructure Quality":"M","Notes":"One (1) metal trashcans outside of the theater","LatNumber":30.312719999999999,"LongNumber":-97.657970000000006}},{"type":"Feature","id":915,"geometry":{"type":"Point","coordinates":[-97.656639999999982,30.314260000000047]},"properties":{"OBJECTID":915,"School ID":"LBJ","Feature ID":"102","Type":"Waste receptacle 9","Lat/Long":"30.31426, -97.65664","Infrastructure Quality":"L","Notes":"Two (2) trashcans, one on each side of door","LatNumber":30.314260000000001,"LongNumber":-97.656639999999996}},{"type":"Feature","id":916,"geometry":{"type":"Point","coordinates":[-97.655439999999942,30.311460000000068]},"properties":{"OBJECTID":916,"School ID":"LBJ","Feature ID":"103","Type":"Waste receptacle 10","Lat/Long":"30.31146, -97.65544","Infrastructure Quality":"L","Notes":"One (1) plastic trashcan","LatNumber":30.31146,"LongNumber":-97.655439999999999}},{"type":"Feature","id":917,"geometry":{"type":"Point","coordinates":[-97.655509999999936,30.311330000000055]},"properties":{"OBJECTID":917,"School ID":"LBJ","Feature ID":"104","Type":"Waste receptacle 11","Lat/Long":"30.31133, -97.65551","Infrastructure Quality":"L","Notes":"One (1) plastic trashcan, overflowing","LatNumber":30.311330000000002,"LongNumber":-97.655510000000007}},{"type":"Feature","id":918,"geometry":{"type":"Point","coordinates":[-97.657009999999957,30.312370000000044]},"properties":{"OBJECTID":918,"School ID":"LBJ","Feature ID":"105","Type":"Waste receptacle 12","Lat/Long":"30.31237, -97.65701","Infrastructure Quality":"H","Notes":"Two (2) trashcans by the gym","LatNumber":30.312370000000001,"LongNumber":-97.65701}},{"type":"Feature","id":919,"geometry":{"type":"Point","coordinates":[-97.657459999999958,30.311210000000074]},"properties":{"OBJECTID":919,"School ID":"LBJ","Feature ID":"106","Type":"Wildlife Habitat ","Lat/Long":"30.31121, -97.65746","Infrastructure Quality":"L","Notes":"Bird or bat house","LatNumber":30.311209999999999,"LongNumber":-97.65746}},{"type":"Feature","id":920,"geometry":{"type":"Point","coordinates":[-97.729990999999984,30.252479000000051]},"properties":{"OBJECTID":920,"School ID":"Martin","Feature ID":"1","Type":"Art 1","Lat/Long":"30.252479, -97.729991","Infrastructure Quality":"L","Notes":"mural ","LatNumber":30.252479000000001,"LongNumber":-97.729990999999998}},{"type":"Feature","id":921,"geometry":{"type":"Point","coordinates":[-97.729780999999946,30.252405000000067]},"properties":{"OBJECTID":921,"School ID":"Martin","Feature ID":"2","Type":"Art 2","Lat/Long":"30.252405, -97.729781","Infrastructure Quality":"L","Notes":"butterfly mural ","LatNumber":30.252405,"LongNumber":-97.729781000000003}},{"type":"Feature","id":922,"geometry":{"type":"Point","coordinates":[-97.730269999999962,30.253649000000053]},"properties":{"OBJECTID":922,"School ID":"Martin","Feature ID":"3","Type":"Bench 1 ","Lat/Long":"30.253649, -97.730270","Infrastructure Quality":"M","Notes":"metal, rust present w/ memorial ","LatNumber":30.253648999999999,"LongNumber":-97.730270000000004}},{"type":"Feature","id":923,"geometry":{"type":"Point","coordinates":[-97.72984299999996,30.25337200000007]},"properties":{"OBJECTID":923,"School ID":"Martin","Feature ID":"4","Type":"Bench 2","Lat/Long":"30.253372, -97.729843","Infrastructure Quality":"H","Notes":"4 limestone benches around flag pole, direct sun ","LatNumber":30.253371999999999,"LongNumber":-97.729843000000002}},{"type":"Feature","id":924,"geometry":{"type":"Point","coordinates":[-97.730050999999946,30.252351000000033]},"properties":{"OBJECTID":924,"School ID":"Martin","Feature ID":"5","Type":"Bench 3","Lat/Long":"30.252351, -97.730051","Infrastructure Quality":"M","Notes":"10 limestone","LatNumber":30.252351000000001,"LongNumber":-97.730051000000003}},{"type":"Feature","id":925,"geometry":{"type":"Point","coordinates":[-97.730000999999959,30.252312000000074]},"properties":{"OBJECTID":925,"School ID":"Martin","Feature ID":"6","Type":"Bench 4","Lat/Long":"30.252312, -97.730001","Infrastructure Quality":"M","Notes":"5 metal backless ","LatNumber":30.252312,"LongNumber":-97.730001000000001}},{"type":"Feature","id":926,"geometry":{"type":"Point","coordinates":[-97.730681999999945,30.253569000000027]},"properties":{"OBJECTID":926,"School ID":"Martin","Feature ID":"7","Type":"Bike Rack 1","Lat/Long":"30.253569, -97.730682","Infrastructure Quality":"H","Notes":null,"LatNumber":30.253568999999999,"LongNumber":-97.730682000000002}},{"type":"Feature","id":927,"geometry":{"type":"Point","coordinates":[-97.72992499999998,30.253423000000055]},"properties":{"OBJECTID":927,"School ID":"Martin","Feature ID":"8","Type":"Bike Rack 2","Lat/Long":"30.253423, -97.729925","Infrastructure Quality":"H","Notes":null,"LatNumber":30.253423000000002,"LongNumber":-97.729924999999994}},{"type":"Feature","id":928,"geometry":{"type":"Point","coordinates":[-97.72941499999996,30.252855000000068]},"properties":{"OBJECTID":928,"School ID":"Martin","Feature ID":"9","Type":"Bike Rack 3","Lat/Long":"30.252855, -97.729415","Infrastructure Quality":"M","Notes":null,"LatNumber":30.252855,"LongNumber":-97.729415000000003}},{"type":"Feature","id":929,"geometry":{"type":"Point","coordinates":[-97.729758999999945,30.252417000000037]},"properties":{"OBJECTID":929,"School ID":"Martin","Feature ID":"10","Type":"Compost ","Lat/Long":"30.252417, -97.729759","Infrastructure Quality":"M","Notes":"tumbler unit - needs base ","LatNumber":30.252417000000001,"LongNumber":-97.729759000000001}},{"type":"Feature","id":930,"geometry":{"type":"Point","coordinates":[-97.730613999999946,30.252492000000075]},"properties":{"OBJECTID":930,"School ID":"Martin","Feature ID":"11","Type":"Field","Lat/Long":"30.252492, -97.730614","Infrastructure Quality":"M","Notes":"goals broken, field looks great ","LatNumber":30.252492,"LongNumber":-97.730614000000003}},{"type":"Feature","id":931,"geometry":{"type":"Point","coordinates":[-97.731201999999939,30.252249000000063]},"properties":{"OBJECTID":931,"School ID":"Martin","Feature ID":"12","Type":"Fitness Station","Lat/Long":"30.252249, -97.731202","Infrastructure Quality":"L","Notes":"direct sun, metal equiptment ","LatNumber":30.252248999999999,"LongNumber":-97.731201999999996}},{"type":"Feature","id":932,"geometry":{"type":"Point","coordinates":[-97.731152999999949,30.252851000000078]},"properties":{"OBJECTID":932,"School ID":"Martin","Feature ID":"13","Type":"Habitat Garden 1","Lat/Long":"30.252851, -97.731153","Infrastructure Quality":"M","Notes":"2 raised metal beds, 1 cacti bed ","LatNumber":30.252851,"LongNumber":-97.731153000000006}},{"type":"Feature","id":933,"geometry":{"type":"Point","coordinates":[-97.730323999999939,30.253531000000066]},"properties":{"OBJECTID":933,"School ID":"Martin","Feature ID":"14","Type":"Habitat Garden 2","Lat/Long":"30.253531, -97.730324","Infrastructure Quality":"L","Notes":"large planting bed at entrace of school ","LatNumber":30.253530999999999,"LongNumber":-97.730323999999996}},{"type":"Feature","id":934,"geometry":{"type":"Point","coordinates":[-97.730001999999956,30.252470000000073]},"properties":{"OBJECTID":934,"School ID":"Martin","Feature ID":"15","Type":"Habitat Garden 3","Lat/Long":"30.252470, -97.730002","Infrastructure Quality":"L","Notes":"1 raised bed, structure falling apart ","LatNumber":30.252469999999999,"LongNumber":-97.730001999999999}},{"type":"Feature","id":935,"geometry":{"type":"Point","coordinates":[-97.729774999999961,30.252300000000048]},"properties":{"OBJECTID":935,"School ID":"Martin","Feature ID":"16","Type":"Habitat Garden 4","Lat/Long":"30.252300, -97.729775","Infrastructure Quality":"L","Notes":"3 raised beds, overgrown, need maintenance ","LatNumber":30.252300000000002,"LongNumber":-97.729775000000004}},{"type":"Feature","id":936,"geometry":{"type":"Point","coordinates":[-97.729796999999962,30.25235500000008]},"properties":{"OBJECTID":936,"School ID":"Martin","Feature ID":"17","Type":"Habitat Garden 5","Lat/Long":"30.252355, -97.729797","Infrastructure Quality":"L","Notes":"1 bed, flush to ground, outlined w/bricks ","LatNumber":30.252355000000001,"LongNumber":-97.729797000000005}},{"type":"Feature","id":937,"geometry":{"type":"Point","coordinates":[-97.73077399999994,30.253029000000026]},"properties":{"OBJECTID":937,"School ID":"Martin","Feature ID":"18","Type":"Livestock 1","Lat/Long":"30.253029, -97.730774","Infrastructure Quality":"M","Notes":"broken enclosure w/ delapidated coop ","LatNumber":30.253029000000002,"LongNumber":-97.730773999999997}},{"type":"Feature","id":938,"geometry":{"type":"Point","coordinates":[-97.730832999999961,30.252856000000065]},"properties":{"OBJECTID":938,"School ID":"Martin","Feature ID":"19","Type":"Livestock 2","Lat/Long":"30.252856, -97.730833","Infrastructure Quality":"L","Notes":"electric connections present ","LatNumber":30.252856000000001,"LongNumber":-97.730833000000004}},{"type":"Feature","id":939,"geometry":{"type":"Point","coordinates":[-97.730613999999946,30.252492000000075]},"properties":{"OBJECTID":939,"School ID":"Martin","Feature ID":"20","Type":"Track","Lat/Long":"30.252492, -97.730614","Infrastructure Quality":"H","Notes":null,"LatNumber":30.252492,"LongNumber":-97.730614000000003}},{"type":"Feature","id":940,"geometry":{"type":"Point","coordinates":[-97.730078999999989,30.251817000000074]},"properties":{"OBJECTID":940,"School ID":"Martin","Feature ID":"21","Type":"Lawn","Lat/Long":"30.251817, -97.730079","Infrastructure Quality":"H","Notes":null,"LatNumber":30.251816999999999,"LongNumber":-97.730079000000003}},{"type":"Feature","id":941,"geometry":{"type":"Point","coordinates":[-97.729907999999966,30.252443000000028]},"properties":{"OBJECTID":941,"School ID":"Martin","Feature ID":"22","Type":"Other 1","Lat/Long":"30.252443, -97.729908","Infrastructure Quality":"L","Notes":"water trough ","LatNumber":30.252443,"LongNumber":-97.729907999999995}},{"type":"Feature","id":942,"geometry":{"type":"Point","coordinates":[-97.729913999999951,30.252046000000064]},"properties":{"OBJECTID":942,"School ID":"Martin","Feature ID":"23","Type":"Other 2","Lat/Long":"30.252046, -97.729914","Infrastructure Quality":"M","Notes":"tennis court ","LatNumber":30.252046,"LongNumber":-97.729913999999994}},{"type":"Feature","id":943,"geometry":{"type":"Point","coordinates":[-97.729884999999967,30.252298000000053]},"properties":{"OBJECTID":943,"School ID":"Martin","Feature ID":"24","Type":"Outdoor Classroom ","Lat/Long":"30.252298, -97.729885","Infrastructure Quality":"M","Notes":"fenched area w/polinator plantings, shade and seating ","LatNumber":30.252298,"LongNumber":-97.729884999999996}},{"type":"Feature","id":944,"geometry":{"type":"Point","coordinates":[-97.730208999999945,30.253197000000057]},"properties":{"OBJECTID":944,"School ID":"Martin","Feature ID":"25","Type":"Picnic tables","Lat/Long":"30.253197, -97.730209","Infrastructure Quality":"M","Notes":"5 tables - located in locked area - need info from campus ","LatNumber":30.253197,"LongNumber":-97.730209000000002}},{"type":"Feature","id":945,"geometry":{"type":"Point","coordinates":[-97.730360999999959,30.252900000000068]},"properties":{"OBJECTID":945,"School ID":"Martin","Feature ID":"26","Type":"Solar ","Lat/Long":"30.252900, -97.730361","Infrastructure Quality":"H","Notes":null,"LatNumber":30.2529,"LongNumber":-97.730361000000002}},{"type":"Feature","id":946,"geometry":{"type":"Point","coordinates":[-97.730263999999977,30.25208200000003]},"properties":{"OBJECTID":946,"School ID":"Martin","Feature ID":"27","Type":"Shed","Lat/Long":"30.252082, -97.730264","Infrastructure Quality":"H","Notes":null,"LatNumber":30.252082000000001,"LongNumber":-97.730264000000005}},{"type":"Feature","id":947,"geometry":{"type":"Point","coordinates":[-97.731057999999962,30.252291000000071]},"properties":{"OBJECTID":947,"School ID":"Martin","Feature ID":"28","Type":"Water fountain","Lat/Long":"30.252291, -97.731058","Infrastructure Quality":"L","Notes":"not working ","LatNumber":30.252291,"LongNumber":-97.731058000000004}},{"type":"Feature","id":948,"geometry":{"type":"Point","coordinates":[-97.731245999999942,30.325144000000023]},"properties":{"OBJECTID":948,"School ID":"McCallum","Feature ID":"1","Type":"Art 1","Lat/Long":"30.325144, -97.731246","Infrastructure Quality":"H","Notes":"Custom Welded Art in courtyard","LatNumber":30.325144000000002,"LongNumber":-97.731245999999999}},{"type":"Feature","id":949,"geometry":{"type":"Point","coordinates":[-97.729233999999963,30.326530000000048]},"properties":{"OBJECTID":949,"School ID":"McCallum","Feature ID":"2","Type":"Art 2","Lat/Long":"30.326530, -97.729234","Infrastructure Quality":"H","Notes":"Mural on building","LatNumber":30.326530000000002,"LongNumber":-97.729234000000005}},{"type":"Feature","id":950,"geometry":{"type":"Point","coordinates":[-97.730001999999956,30.326817000000062]},"properties":{"OBJECTID":950,"School ID":"McCallum","Feature ID":"3","Type":"Art 3","Lat/Long":"30.326817, -97.730002","Infrastructure Quality":"H","Notes":"Mural on building","LatNumber":30.326816999999998,"LongNumber":-97.730001999999999}},{"type":"Feature","id":951,"geometry":{"type":"Point","coordinates":[-97.728985999999963,30.327338000000054]},"properties":{"OBJECTID":951,"School ID":"McCallum","Feature ID":"4","Type":"Art 4","Lat/Long":"30.327338, -97.728986","Infrastructure Quality":"H","Notes":"Concrete bench mosaic made by art students","LatNumber":30.327338000000001,"LongNumber":-97.728986000000006}},{"type":"Feature","id":952,"geometry":{"type":"Point","coordinates":[-97.731067999999937,30.325378000000057]},"properties":{"OBJECTID":952,"School ID":"McCallum","Feature ID":"5","Type":"Bench 1","Lat/Long":"30.325378, -97.731068","Infrastructure Quality":"H","Notes":"2 concrete in good condition","LatNumber":30.325378000000001,"LongNumber":-97.731067999999993}},{"type":"Feature","id":953,"geometry":{"type":"Point","coordinates":[-97.730413999999939,30.326437000000055]},"properties":{"OBJECTID":953,"School ID":"McCallum","Feature ID":"6","Type":"Bench 2","Lat/Long":"30.326437, -97.730414","Infrastructure Quality":"L","Notes":"wood","LatNumber":30.326436999999999,"LongNumber":-97.730413999999996}},{"type":"Feature","id":954,"geometry":{"type":"Point","coordinates":[-97.731245999999942,30.325144000000023]},"properties":{"OBJECTID":954,"School ID":"McCallum","Feature ID":"7","Type":"Bench 3","Lat/Long":"30.325144, -97.731246","Infrastructure Quality":"M","Notes":"metal and concrete","LatNumber":30.325144000000002,"LongNumber":-97.731245999999999}},{"type":"Feature","id":955,"geometry":{"type":"Point","coordinates":[-97.731245999999942,30.325144000000023]},"properties":{"OBJECTID":955,"School ID":"McCallum","Feature ID":"8","Type":"Bench 4","Lat/Long":"30.325144, -97.731246","Infrastructure Quality":"M","Notes":"2 concrete and metal","LatNumber":30.325144000000002,"LongNumber":-97.731245999999999}},{"type":"Feature","id":956,"geometry":{"type":"Point","coordinates":[-97.729344999999967,30.327445000000068]},"properties":{"OBJECTID":956,"School ID":"McCallum","Feature ID":"9","Type":"Bench 5","Lat/Long":"30.327445, -97.729345","Infrastructure Quality":"H","Notes":"limestone block memorial","LatNumber":30.327445000000001,"LongNumber":-97.729344999999995}},{"type":"Feature","id":957,"geometry":{"type":"Point","coordinates":[-97.730077999999992,30.325568000000032]},"properties":{"OBJECTID":957,"School ID":"McCallum","Feature ID":"10","Type":"Bench 6","Lat/Long":"30.325568, -97.730078","Infrastructure Quality":"M","Notes":"9 concrete benches at entry","LatNumber":30.325568000000001,"LongNumber":-97.730078000000006}},{"type":"Feature","id":958,"geometry":{"type":"Point","coordinates":[-97.730077999999992,30.325568000000032]},"properties":{"OBJECTID":958,"School ID":"McCallum","Feature ID":"11","Type":"Bench 7","Lat/Long":"30.325568, -97.730078","Infrastructure Quality":"L","Notes":"wood bench at entry in bad shape","LatNumber":30.325568000000001,"LongNumber":-97.730078000000006}},{"type":"Feature","id":959,"geometry":{"type":"Point","coordinates":[-97.730231999999944,30.325265000000059]},"properties":{"OBJECTID":959,"School ID":"McCallum","Feature ID":"12","Type":"Bench 8","Lat/Long":"30.325265, -97.730232","Infrastructure Quality":"M","Notes":"concrete bench low use","LatNumber":30.325265000000002,"LongNumber":-97.730232000000001}},{"type":"Feature","id":960,"geometry":{"type":"Point","coordinates":[-97.729772999999966,30.326290000000029]},"properties":{"OBJECTID":960,"School ID":"McCallum","Feature ID":"13","Type":"Bench 9","Lat/Long":"30.326290, -97.729773","Infrastructure Quality":"M","Notes":"(3) wood benches in good shape and used in courtyard","LatNumber":30.32629,"LongNumber":-97.729772999999994}},{"type":"Feature","id":961,"geometry":{"type":"Point","coordinates":[-97.730413999999939,30.326437000000055]},"properties":{"OBJECTID":961,"School ID":"McCallum","Feature ID":"14","Type":"Bench 10","Lat/Long":"30.326437, -97.730414","Infrastructure Quality":"M","Notes":"Limestone blocks","LatNumber":30.326436999999999,"LongNumber":-97.730413999999996}},{"type":"Feature","id":962,"geometry":{"type":"Point","coordinates":[-97.730413999999939,30.326437000000055]},"properties":{"OBJECTID":962,"School ID":"McCallum","Feature ID":"15","Type":"Bench 11","Lat/Long":"30.326437, -97.730414","Infrastructure Quality":"H","Notes":"Memorial gray granite bench","LatNumber":30.326436999999999,"LongNumber":-97.730413999999996}},{"type":"Feature","id":963,"geometry":{"type":"Point","coordinates":[-97.72936599999997,30.326918000000035]},"properties":{"OBJECTID":963,"School ID":"McCallum","Feature ID":"16","Type":"Bench 12","Lat/Long":"30.326918, -97.729366","Infrastructure Quality":"H","Notes":"Memorial black granite bench","LatNumber":30.326917999999999,"LongNumber":-97.729365999999999}},{"type":"Feature","id":964,"geometry":{"type":"Point","coordinates":[-97.728990999999951,30.326882000000069]},"properties":{"OBJECTID":964,"School ID":"McCallum","Feature ID":"17","Type":"Bench 13","Lat/Long":"30.326882, -97.728991","Infrastructure Quality":"M","Notes":"2 large limestone boulders","LatNumber":30.326882000000001,"LongNumber":-97.728990999999994}},{"type":"Feature","id":965,"geometry":{"type":"Point","coordinates":[-97.731073999999978,30.325902000000042]},"properties":{"OBJECTID":965,"School ID":"McCallum","Feature ID":"18","Type":"Bench 14","Lat/Long":"30.325902, -97.731074","Infrastructure Quality":"H","Notes":"Two tiered stone rows/walls that are used for seating","LatNumber":30.325901999999999,"LongNumber":-97.731074000000007}},{"type":"Feature","id":966,"geometry":{"type":"Point","coordinates":[-97.730564999999956,30.326077000000055]},"properties":{"OBJECTID":966,"School ID":"McCallum","Feature ID":"19","Type":"Bench 15","Lat/Long":"30.326077, -97.730565","Infrastructure Quality":"H","Notes":"circular trex bench","LatNumber":30.326077000000002,"LongNumber":-97.730564999999999}},{"type":"Feature","id":967,"geometry":{"type":"Point","coordinates":[-97.730723999999952,30.32478100000003]},"properties":{"OBJECTID":967,"School ID":"McCallum","Feature ID":"20","Type":"Berm/Swale","Lat/Long":"30.324781, -97.730724","Infrastructure Quality":"H","Notes":"1 berm for drainage out front","LatNumber":30.324781000000002,"LongNumber":-97.730723999999995}},{"type":"Feature","id":968,"geometry":{"type":"Point","coordinates":[-97.730723999999952,30.32478100000003]},"properties":{"OBJECTID":968,"School ID":"McCallum","Feature ID":"21","Type":"Bike Rack 1","Lat/Long":"30.324781, -97.730724","Infrastructure Quality":"H","Notes":"great condition and highly used","LatNumber":30.324781000000002,"LongNumber":-97.730723999999995}},{"type":"Feature","id":969,"geometry":{"type":"Point","coordinates":[-97.730723999999952,30.32478100000003]},"properties":{"OBJECTID":969,"School ID":"McCallum","Feature ID":"22","Type":"Bike Rack 2","Lat/Long":"30.324781, -97.730724","Infrastructure Quality":"H","Notes":"great condition and low use","LatNumber":30.324781000000002,"LongNumber":-97.730723999999995}},{"type":"Feature","id":970,"geometry":{"type":"Point","coordinates":[-97.730723999999952,30.32478100000003]},"properties":{"OBJECTID":970,"School ID":"McCallum","Feature ID":"23","Type":"Bike Rack 3","Lat/Long":"30.324781, -97.730724","Infrastructure Quality":"M","Notes":"bent, low use","LatNumber":30.324781000000002,"LongNumber":-97.730723999999995}},{"type":"Feature","id":971,"geometry":{"type":"Point","coordinates":[-97.729963999999939,30.32593600000007]},"properties":{"OBJECTID":971,"School ID":"McCallum","Feature ID":"24","Type":"Bike Rack 4","Lat/Long":"30.325936, -97.729964","Infrastructure Quality":"M","Notes":"4 bike racks in courtyard, high use. 1 is not bolted in ground","LatNumber":30.325935999999999,"LongNumber":-97.729963999999995}},{"type":"Feature","id":972,"geometry":{"type":"Point","coordinates":[-97.730019999999968,30.325738000000058]},"properties":{"OBJECTID":972,"School ID":"McCallum","Feature ID":"25","Type":"Bike Rack 5","Lat/Long":"30.325738, -97.730020","Infrastructure Quality":"H","Notes":"great condition and highly used","LatNumber":30.325738000000001,"LongNumber":-97.730019999999996}},{"type":"Feature","id":973,"geometry":{"type":"Point","coordinates":[-97.731245999999942,30.325144000000023]},"properties":{"OBJECTID":973,"School ID":"McCallum","Feature ID":"26","Type":"Bike Rack 6","Lat/Long":"30.325144, -97.731246","Infrastructure Quality":"H","Notes":"2 here and are great condition and highly used","LatNumber":30.325144000000002,"LongNumber":-97.731245999999999}},{"type":"Feature","id":974,"geometry":{"type":"Point","coordinates":[-97.72936599999997,30.326918000000035]},"properties":{"OBJECTID":974,"School ID":"McCallum","Feature ID":"27","Type":"Bike Rack 7","Lat/Long":"30.326918, -97.729366","Infrastructure Quality":"H","Notes":"16 spots, great condition and high use","LatNumber":30.326917999999999,"LongNumber":-97.729365999999999}},{"type":"Feature","id":975,"geometry":{"type":"Point","coordinates":[-97.731067999999937,30.325378000000057]},"properties":{"OBJECTID":975,"School ID":"McCallum","Feature ID":"28","Type":"Compost 1","Lat/Long":"30.325378, -97.731068","Infrastructure Quality":"L","Notes":"not used and not in good condition","LatNumber":30.325378000000001,"LongNumber":-97.731067999999993}},{"type":"Feature","id":976,"geometry":{"type":"Point","coordinates":[-97.731067999999937,30.325378000000057]},"properties":{"OBJECTID":976,"School ID":"McCallum","Feature ID":"29","Type":"Compost 2","Lat/Long":"30.325378, -97.731068","Infrastructure Quality":"L","Notes":"not used and not in good condition","LatNumber":30.325378000000001,"LongNumber":-97.731067999999993}},{"type":"Feature","id":977,"geometry":{"type":"Point","coordinates":[-97.730413999999939,30.326437000000055]},"properties":{"OBJECTID":977,"School ID":"McCallum","Feature ID":"30","Type":"Compost 3","Lat/Long":"30.326437, -97.730414","Infrastructure Quality":"L","Notes":"not used and not in good condition","LatNumber":30.326436999999999,"LongNumber":-97.730413999999996}},{"type":"Feature","id":978,"geometry":{"type":"Point","coordinates":[-97.73141499999997,30.326718000000028]},"properties":{"OBJECTID":978,"School ID":"McCallum","Feature ID":"31","Type":"Field 1","Lat/Long":"30.326718, -97.731415","Infrastructure Quality":"M","Notes":"2 goals, used for soccer + football","LatNumber":30.326718,"LongNumber":-97.731414999999998}},{"type":"Feature","id":979,"geometry":{"type":"Point","coordinates":[-97.731758999999954,30.326202000000023]},"properties":{"OBJECTID":979,"School ID":"McCallum","Feature ID":"32","Type":"Field 2","Lat/Long":"30.326202, -97.731759","Infrastructure Quality":"H","Notes":"baseball field","LatNumber":30.326201999999999,"LongNumber":-97.731758999999997}},{"type":"Feature","id":980,"geometry":{"type":"Point","coordinates":[-97.73141499999997,30.326718000000028]},"properties":{"OBJECTID":980,"School ID":"McCallum","Feature ID":"33","Type":"Field 3","Lat/Long":"30.326718, -97.731415","Infrastructure Quality":"H","Notes":"softball field - 3 pitchers mounds between this field and batting cage","LatNumber":30.326718,"LongNumber":-97.731414999999998}},{"type":"Feature","id":981,"geometry":{"type":"Point","coordinates":[-97.730762999999968,30.327359000000058]},"properties":{"OBJECTID":981,"School ID":"McCallum","Feature ID":"34","Type":"Field 4","Lat/Long":"30.327359, -97.730763","Infrastructure Quality":"H","Notes":"Shot put/Discus field ","LatNumber":30.327359000000001,"LongNumber":-97.730762999999996}},{"type":"Feature","id":982,"geometry":{"type":"Point","coordinates":[-97.730001999999956,30.326817000000062]},"properties":{"OBJECTID":982,"School ID":"McCallum","Feature ID":"35","Type":"Habitat Garden 1","Lat/Long":"30.326817, -97.730002","Infrastructure Quality":"L","Notes":"concrete planter near outdoor stage","LatNumber":30.326816999999998,"LongNumber":-97.730001999999999}},{"type":"Feature","id":983,"geometry":{"type":"Point","coordinates":[-97.72998199999995,30.325503000000026]},"properties":{"OBJECTID":983,"School ID":"McCallum","Feature ID":"36","Type":"Habitat Garden 2","Lat/Long":"30.325503, -97.729982","Infrastructure Quality":"L","Notes":"along entry walk , 2 long planters with minimal plants, unmaintained","LatNumber":30.325503000000001,"LongNumber":-97.729982000000007}},{"type":"Feature","id":984,"geometry":{"type":"Point","coordinates":[-97.730628999999965,30.324924000000067]},"properties":{"OBJECTID":984,"School ID":"McCallum","Feature ID":"37","Type":"Lawn 1","Lat/Long":"30.324924, -97.730629","Infrastructure Quality":"M","Notes":"lawn in front by outdoor classroom in good condition","LatNumber":30.324923999999999,"LongNumber":-97.730628999999993}},{"type":"Feature","id":985,"geometry":{"type":"Point","coordinates":[-97.730231999999944,30.325265000000059]},"properties":{"OBJECTID":985,"School ID":"McCallum","Feature ID":"38","Type":"Lawn 2","Lat/Long":"30.325265, -97.730232","Infrastructure Quality":"M","Notes":"lawn by front entry in medium condition. appears not irrigated","LatNumber":30.325265000000002,"LongNumber":-97.730232000000001}},{"type":"Feature","id":986,"geometry":{"type":"Point","coordinates":[-97.730786999999964,30.325743000000045]},"properties":{"OBJECTID":986,"School ID":"McCallum","Feature ID":"39","Type":"Lawn 3","Lat/Long":"30.325743, -97.730787","Infrastructure Quality":"H","Notes":null,"LatNumber":30.325742999999999,"LongNumber":-97.730787000000007}},{"type":"Feature","id":987,"geometry":{"type":"Point","coordinates":[-97.730789999999956,30.326664000000051]},"properties":{"OBJECTID":987,"School ID":"McCallum","Feature ID":"40","Type":"Lawn 4","Lat/Long":"30.326664, -97.730790","Infrastructure Quality":"H","Notes":null,"LatNumber":30.326664000000001,"LongNumber":-97.730789999999999}},{"type":"Feature","id":988,"geometry":{"type":"Point","coordinates":[-97.728437999999983,30.328332000000046]},"properties":{"OBJECTID":988,"School ID":"McCallum","Feature ID":"41","Type":"Lawn 5","Lat/Long":"30.328332, -97.728438","Infrastructure Quality":"H","Notes":"Small lawn with band tower","LatNumber":30.328332,"LongNumber":-97.728437999999997}},{"type":"Feature","id":989,"geometry":{"type":"Point","coordinates":[-97.728551999999979,30.327447000000063]},"properties":{"OBJECTID":989,"School ID":"McCallum","Feature ID":"42","Type":"Nature Trail 1","Lat/Long":"30.327447, -97.728552","Infrastructure Quality":"H","Notes":"Walkway with bricks recognizing different people","LatNumber":30.327446999999999,"LongNumber":-97.728551999999993}},{"type":"Feature","id":990,"geometry":{"type":"Point","coordinates":[-97.730628999999965,30.324924000000067]},"properties":{"OBJECTID":990,"School ID":"McCallum","Feature ID":"43","Type":"Other 1","Lat/Long":"30.324924, -97.730629","Infrastructure Quality":"H","Notes":"Weather station on top of Solar 1, not used by school, but outdoor seating used for lunch","LatNumber":30.324923999999999,"LongNumber":-97.730628999999993}},{"type":"Feature","id":991,"geometry":{"type":"Point","coordinates":[-97.72936599999997,30.326918000000035]},"properties":{"OBJECTID":991,"School ID":"McCallum","Feature ID":"44","Type":"Other 2","Lat/Long":"30.326918, -97.729366","Infrastructure Quality":"L","Notes":"Set of 3 connected exercise bars, outside of gym","LatNumber":30.326917999999999,"LongNumber":-97.729365999999999}},{"type":"Feature","id":992,"geometry":{"type":"Point","coordinates":[-97.731311999999946,30.326397000000043]},"properties":{"OBJECTID":992,"School ID":"McCallum","Feature ID":"45","Type":"Other 3","Lat/Long":"30.326397, -97.731312","Infrastructure Quality":"H","Notes":"Batting cage","LatNumber":30.326397,"LongNumber":-97.731312000000003}},{"type":"Feature","id":993,"geometry":{"type":"Point","coordinates":[-97.73141499999997,30.326718000000028]},"properties":{"OBJECTID":993,"School ID":"McCallum","Feature ID":"46","Type":"Other 4","Lat/Long":"30.326718, -97.731415","Infrastructure Quality":"H","Notes":"Pole vault area/equipment (low use)","LatNumber":30.326718,"LongNumber":-97.731414999999998}},{"type":"Feature","id":994,"geometry":{"type":"Point","coordinates":[-97.730628999999965,30.324924000000067]},"properties":{"OBJECTID":994,"School ID":"McCallum","Feature ID":"47","Type":"Outdoor Classroom 1","Lat/Long":"30.324924, -97.730629","Infrastructure Quality":"M","Notes":"Under Solar Shade in solar classroms, highly used","LatNumber":30.324923999999999,"LongNumber":-97.730628999999993}},{"type":"Feature","id":995,"geometry":{"type":"Point","coordinates":[-97.72936599999997,30.326918000000035]},"properties":{"OBJECTID":995,"School ID":"McCallum","Feature ID":"48","Type":"Outdoor Classroom 2","Lat/Long":"30.326918, -97.729366","Infrastructure Quality":"M","Notes":"circular bench in paver courtyard, high use","LatNumber":30.326917999999999,"LongNumber":-97.729365999999999}},{"type":"Feature","id":996,"geometry":{"type":"Point","coordinates":[-97.728990999999951,30.326882000000069]},"properties":{"OBJECTID":996,"School ID":"McCallum","Feature ID":"49","Type":"Outdoor Classroom 3","Lat/Long":"30.326882, -97.728991","Infrastructure Quality":"M","Notes":"circular bench and (6) limestone blocks at front entry, high use","LatNumber":30.326882000000001,"LongNumber":-97.728990999999994}},{"type":"Feature","id":997,"geometry":{"type":"Point","coordinates":[-97.731245999999942,30.325144000000023]},"properties":{"OBJECTID":997,"School ID":"McCallum","Feature ID":"50","Type":"Picnic table 1","Lat/Long":"30.325144, -97.731246","Infrastructure Quality":"M","Notes":"2 Wood benches used in ok condition","LatNumber":30.325144000000002,"LongNumber":-97.731245999999999}},{"type":"Feature","id":998,"geometry":{"type":"Point","coordinates":[-97.731245999999942,30.325144000000023]},"properties":{"OBJECTID":998,"School ID":"McCallum","Feature ID":"51","Type":"Picnic table 2","Lat/Long":"30.325144, -97.731246","Infrastructure Quality":"H","Notes":"10 picnic tables with built in benches, high usage","LatNumber":30.325144000000002,"LongNumber":-97.731245999999999}},{"type":"Feature","id":999,"geometry":{"type":"Point","coordinates":[-97.73146399999996,30.325333000000057]},"properties":{"OBJECTID":999,"School ID":"McCallum","Feature ID":"52","Type":"Picnic table 3","Lat/Long":"30.325333, -97.731464","Infrastructure Quality":"M","Notes":"5 wood picnic tables in high use ","LatNumber":30.325333000000001,"LongNumber":-97.731464000000003}},{"type":"Feature","id":1000,"geometry":{"type":"Point","coordinates":[-97.729859999999974,30.325597000000073]},"properties":{"OBJECTID":1000,"School ID":"McCallum","Feature ID":"53","Type":"Picnic table 4","Lat/Long":"30.325597, -97.729860","Infrastructure Quality":"H","Notes":"Wood, good condition, high use","LatNumber":30.325596999999998,"LongNumber":-97.729860000000002}},{"type":"Feature","id":1001,"geometry":{"type":"Point","coordinates":[-97.730009999999936,30.325310000000059]},"properties":{"OBJECTID":1001,"School ID":"McCallum","Feature ID":"54","Type":"Picnic table 5","Lat/Long":"30.325310, -97.730010","Infrastructure Quality":"H","Notes":"Wood, good condition","LatNumber":30.325310000000002,"LongNumber":-97.730009999999993}},{"type":"Feature","id":1002,"geometry":{"type":"Point","coordinates":[-97.729772999999966,30.326290000000029]},"properties":{"OBJECTID":1002,"School ID":"McCallum","Feature ID":"55","Type":"Picnic table 6","Lat/Long":"30.326290, -97.729773","Infrastructure Quality":"M","Notes":"6 picnic tables with built in benches, medium usage","LatNumber":30.32629,"LongNumber":-97.729772999999994}},{"type":"Feature","id":1003,"geometry":{"type":"Point","coordinates":[-97.730413999999939,30.326437000000055]},"properties":{"OBJECTID":1003,"School ID":"McCallum","Feature ID":"56","Type":"Picnic table 7","Lat/Long":"30.326437, -97.730414","Infrastructure Quality":"M","Notes":"5 composite picnic tables with built in benches, high usage","LatNumber":30.326436999999999,"LongNumber":-97.730413999999996}},{"type":"Feature","id":1004,"geometry":{"type":"Point","coordinates":[-97.730413999999939,30.326437000000055]},"properties":{"OBJECTID":1004,"School ID":"McCallum","Feature ID":"57","Type":"Picnic table 8","Lat/Long":"30.326437, -97.730414","Infrastructure Quality":"L","Notes":"2 wood picnic tables with built in benches, lowusage","LatNumber":30.326436999999999,"LongNumber":-97.730413999999996}},{"type":"Feature","id":1005,"geometry":{"type":"Point","coordinates":[-97.730413999999939,30.326437000000055]},"properties":{"OBJECTID":1005,"School ID":"McCallum","Feature ID":"58","Type":"Picnic table 9","Lat/Long":"30.326437, -97.730414","Infrastructure Quality":"L","Notes":"4 composite, 1 wood picnic tables with built in benches, high usage","LatNumber":30.326436999999999,"LongNumber":-97.730413999999996}},{"type":"Feature","id":1006,"geometry":{"type":"Point","coordinates":[-97.730413999999939,30.326437000000055]},"properties":{"OBJECTID":1006,"School ID":"McCallum","Feature ID":"59","Type":"Picnic table 10","Lat/Long":"30.326437, -97.730414","Infrastructure Quality":"M","Notes":"5 composite, 1 wood picnic tables with built in benches, high usage","LatNumber":30.326436999999999,"LongNumber":-97.730413999999996}},{"type":"Feature","id":1007,"geometry":{"type":"Point","coordinates":[-97.730001999999956,30.326817000000062]},"properties":{"OBJECTID":1007,"School ID":"McCallum","Feature ID":"60","Type":"Picnic table 11","Lat/Long":"30.326817, -97.730002","Infrastructure Quality":"H","Notes":"12 composite picnic tables with built in benches, high usage for lunch","LatNumber":30.326816999999998,"LongNumber":-97.730001999999999}},{"type":"Feature","id":1008,"geometry":{"type":"Point","coordinates":[-97.730001999999956,30.326817000000062]},"properties":{"OBJECTID":1008,"School ID":"McCallum","Feature ID":"61","Type":"Picnic table 12","Lat/Long":"30.326817, -97.730002","Infrastructure Quality":"M","Notes":"3 composite picnic tables with built in benches, high usage for lunch","LatNumber":30.326816999999998,"LongNumber":-97.730001999999999}},{"type":"Feature","id":1009,"geometry":{"type":"Point","coordinates":[-97.730564999999956,30.326077000000055]},"properties":{"OBJECTID":1009,"School ID":"McCallum","Feature ID":"62","Type":"Picnic table 13","Lat/Long":"30.326077, -97.730565","Infrastructure Quality":"L","Notes":"2 low quality wooden picnic tables","LatNumber":30.326077000000002,"LongNumber":-97.730564999999999}},{"type":"Feature","id":1010,"geometry":{"type":"Point","coordinates":[-97.730564999999956,30.326077000000055]},"properties":{"OBJECTID":1010,"School ID":"McCallum","Feature ID":"63","Type":"Picnic table 14","Lat/Long":"30.326077, -97.730565","Infrastructure Quality":"H","Notes":"1 high quality wooden picnic table","LatNumber":30.326077000000002,"LongNumber":-97.730564999999999}},{"type":"Feature","id":1011,"geometry":{"type":"Point","coordinates":[-97.730564999999956,30.326077000000055]},"properties":{"OBJECTID":1011,"School ID":"McCallum","Feature ID":"64","Type":"Picnic table 15","Lat/Long":"30.326077, -97.730565","Infrastructure Quality":"L","Notes":"6 low quality plastic/temporary picnic tables","LatNumber":30.326077000000002,"LongNumber":-97.730564999999999}},{"type":"Feature","id":1012,"geometry":{"type":"Point","coordinates":[-97.730266999999969,30.327037000000075]},"properties":{"OBJECTID":1012,"School ID":"McCallum","Feature ID":"65","Type":"Picnic table 16","Lat/Long":"30.327037, -97.730267","Infrastructure Quality":"H","Notes":null,"LatNumber":30.327037000000001,"LongNumber":-97.730266999999998}},{"type":"Feature","id":1013,"geometry":{"type":"Point","coordinates":[-97.730036999999982,30.328559000000041]},"properties":{"OBJECTID":1013,"School ID":"McCallum","Feature ID":"66","Type":"Picnic table 17","Lat/Long":"30.328559, -97.730037","Infrastructure Quality":"H","Notes":null,"LatNumber":30.328558999999998,"LongNumber":-97.730036999999996}},{"type":"Feature","id":1014,"geometry":{"type":"Point","coordinates":[-97.731067999999937,30.325378000000057]},"properties":{"OBJECTID":1014,"School ID":"McCallum","Feature ID":"67","Type":"Pond 1","Lat/Long":"30.325378, -97.731068","Infrastructure Quality":"M","Notes":"Dented stock tank,  plants","LatNumber":30.325378000000001,"LongNumber":-97.731067999999993}},{"type":"Feature","id":1015,"geometry":{"type":"Point","coordinates":[-97.728955999999982,30.328413000000069]},"properties":{"OBJECTID":1015,"School ID":"McCallum","Feature ID":"68","Type":"Rain Garden 3","Lat/Long":"30.328413, -97.728956","Infrastructure Quality":"H","Notes":"Retention pond","LatNumber":30.328413000000001,"LongNumber":-97.728955999999997}},{"type":"Feature","id":1016,"geometry":{"type":"Point","coordinates":[-97.730413999999939,30.326437000000055]},"properties":{"OBJECTID":1016,"School ID":"McCallum","Feature ID":"69","Type":"Produce Garden 1","Lat/Long":"30.326437, -97.730414","Infrastructure Quality":"L","Notes":"1 bed with cinderblock border","LatNumber":30.326436999999999,"LongNumber":-97.730413999999996}},{"type":"Feature","id":1017,"geometry":{"type":"Point","coordinates":[-97.731067999999937,30.325378000000057]},"properties":{"OBJECTID":1017,"School ID":"McCallum","Feature ID":"70","Type":"Produce Garden 2","Lat/Long":"30.325378, -97.731068","Infrastructure Quality":"L","Notes":"1 bed with paver border","LatNumber":30.325378000000001,"LongNumber":-97.731067999999993}},{"type":"Feature","id":1018,"geometry":{"type":"Point","coordinates":[-97.731067999999937,30.325378000000057]},"properties":{"OBJECTID":1018,"School ID":"McCallum","Feature ID":"71","Type":"Produce Garden 3","Lat/Long":"30.325378, -97.731068","Infrastructure Quality":"L","Notes":"1 bed with cinderblock","LatNumber":30.325378000000001,"LongNumber":-97.731067999999993}},{"type":"Feature","id":1019,"geometry":{"type":"Point","coordinates":[-97.730231999999944,30.325265000000059]},"properties":{"OBJECTID":1019,"School ID":"McCallum","Feature ID":"72","Type":"Rain Garden 1","Lat/Long":" 30.325265, -97.730232","Infrastructure Quality":"M","Notes":"Some plants, not well maintained, engineer student created a water system for it","LatNumber":30.325265000000002,"LongNumber":-97.730232000000001}},{"type":"Feature","id":1020,"geometry":{"type":"Point","coordinates":[-97.729953999999964,30.326371000000051]},"properties":{"OBJECTID":1020,"School ID":"McCallum","Feature ID":"73","Type":"Rain Garden 2","Lat/Long":"30.326371, -97.729954","Infrastructure Quality":"L","Notes":"Some plants, not maintained","LatNumber":30.326371000000002,"LongNumber":-97.729954000000006}},{"type":"Feature","id":1021,"geometry":{"type":"Point","coordinates":[-97.730001999999956,30.326817000000062]},"properties":{"OBJECTID":1021,"School ID":"McCallum","Feature ID":"74","Type":"Shade Structure 1","Lat/Long":"30.326817, -97.730002","Infrastructure Quality":"M","Notes":"Over outdoor eating space, holes in top, posts in good shape","LatNumber":30.326816999999998,"LongNumber":-97.730001999999999}},{"type":"Feature","id":1022,"geometry":{"type":"Point","coordinates":[-97.730001999999956,30.326817000000062]},"properties":{"OBJECTID":1022,"School ID":"McCallum","Feature ID":"75","Type":"Shade Structure 2","Lat/Long":"30.326817, -97.730002","Infrastructure Quality":"L","Notes":"Over outdoor eating space, holes in top, posts in good shape","LatNumber":30.326816999999998,"LongNumber":-97.730001999999999}},{"type":"Feature","id":1023,"geometry":{"type":"Point","coordinates":[-97.730036999999982,30.328559000000041]},"properties":{"OBJECTID":1023,"School ID":"McCallum","Feature ID":"76","Type":"Shade Structure 3","Lat/Long":"30.328559, -97.730037","Infrastructure Quality":"H","Notes":"Sun shades over seating next to track/storage","LatNumber":30.328558999999998,"LongNumber":-97.730036999999996}},{"type":"Feature","id":1024,"geometry":{"type":"Point","coordinates":[-97.728985999999963,30.327338000000054]},"properties":{"OBJECTID":1024,"School ID":"McCallum","Feature ID":"77","Type":"Shed 1","Lat/Long":"30.327338, -97.728986","Infrastructure Quality":"M","Notes":"Small shed for art studio","LatNumber":30.327338000000001,"LongNumber":-97.728986000000006}},{"type":"Feature","id":1025,"geometry":{"type":"Point","coordinates":[-97.728985999999963,30.327338000000054]},"properties":{"OBJECTID":1025,"School ID":"McCallum","Feature ID":"78","Type":"Shed 2","Lat/Long":"30.327338, -97.728986","Infrastructure Quality":"M","Notes":"Small shed for art studio","LatNumber":30.327338000000001,"LongNumber":-97.728986000000006}},{"type":"Feature","id":1026,"geometry":{"type":"Point","coordinates":[-97.731148999999959,30.326340000000073]},"properties":{"OBJECTID":1026,"School ID":"McCallum","Feature ID":"79","Type":"Shed 3","Lat/Long":"30.326340, -97.731149","Infrastructure Quality":"H","Notes":null,"LatNumber":30.326339999999998,"LongNumber":-97.731149000000002}},{"type":"Feature","id":1027,"geometry":{"type":"Point","coordinates":[-97.731097999999974,30.32638600000007]},"properties":{"OBJECTID":1027,"School ID":"McCallum","Feature ID":"80","Type":"Shed 4","Lat/Long":"30.326386, -97.731098","Infrastructure Quality":"H","Notes":null,"LatNumber":30.326385999999999,"LongNumber":-97.731098000000003}},{"type":"Feature","id":1028,"geometry":{"type":"Point","coordinates":[-97.731109999999944,30.326333000000034]},"properties":{"OBJECTID":1028,"School ID":"McCallum","Feature ID":"81","Type":"Shed 5","Lat/Long":"30.326333, -97.731110","Infrastructure Quality":"M","Notes":"Group of 3 sheds along perimeter of softball field","LatNumber":30.326333000000002,"LongNumber":-97.731110000000001}},{"type":"Feature","id":1029,"geometry":{"type":"Point","coordinates":[-97.730036999999982,30.328559000000041]},"properties":{"OBJECTID":1029,"School ID":"McCallum","Feature ID":"82","Type":"Shed 6","Lat/Long":"30.328559, -97.730037","Infrastructure Quality":"H","Notes":null,"LatNumber":30.328558999999998,"LongNumber":-97.730036999999996}},{"type":"Feature","id":1030,"geometry":{"type":"Point","coordinates":[-97.729469999999992,30.327935000000025]},"properties":{"OBJECTID":1030,"School ID":"McCallum","Feature ID":"83","Type":"Shed 7","Lat/Long":"30.327935, -97.729470","Infrastructure Quality":"H","Notes":null,"LatNumber":30.327935,"LongNumber":-97.729470000000006}},{"type":"Feature","id":1031,"geometry":{"type":"Point","coordinates":[-97.730628999999965,30.324924000000067]},"properties":{"OBJECTID":1031,"School ID":"McCallum","Feature ID":"84","Type":"Solar 1","Lat/Long":"30.324924, -97.730629","Infrastructure Quality":"M","Notes":"AE pavilion with educational signage in Outdoor Classroom 1","LatNumber":30.324923999999999,"LongNumber":-97.730628999999993}},{"type":"Feature","id":1032,"geometry":{"type":"Point","coordinates":[-97.730001999999956,30.326817000000062]},"properties":{"OBJECTID":1032,"School ID":"McCallum","Feature ID":"85","Type":"Stage 1","Lat/Long":"30.326817, -97.730002","Infrastructure Quality":"M","Notes":"courtyard concrete stage and stadium concrete benches","LatNumber":30.326816999999998,"LongNumber":-97.730001999999999}},{"type":"Feature","id":1033,"geometry":{"type":"Point","coordinates":[-97.729233999999963,30.326530000000048]},"properties":{"OBJECTID":1033,"School ID":"McCallum","Feature ID":"86","Type":"Stage 2","Lat/Long":"30.326530, -97.729234","Infrastructure Quality":"M","Notes":"wood and donated from Lowe's. Ok condition, needs shade","LatNumber":30.326530000000002,"LongNumber":-97.729234000000005}},{"type":"Feature","id":1034,"geometry":{"type":"Point","coordinates":[-97.730402999999967,30.328272000000027]},"properties":{"OBJECTID":1034,"School ID":"McCallum","Feature ID":"87","Type":"Tennis Court 1","Lat/Long":"30.328272, -97.730403","Infrastructure Quality":"H","Notes":null,"LatNumber":30.328271999999998,"LongNumber":-97.730402999999995}},{"type":"Feature","id":1035,"geometry":{"type":"Point","coordinates":[-97.72966299999996,30.328409000000079]},"properties":{"OBJECTID":1035,"School ID":"McCallum","Feature ID":"88","Type":"Track 1","Lat/Long":"30.328409, -97.729663","Infrastructure Quality":"H","Notes":null,"LatNumber":30.328409000000001,"LongNumber":-97.729663000000002}},{"type":"Feature","id":1036,"geometry":{"type":"Point","coordinates":[-97.731067999999937,30.325378000000057]},"properties":{"OBJECTID":1036,"School ID":"McCallum","Feature ID":"89","Type":"Waste receptacle 1","Lat/Long":"30.325378, -97.731068","Infrastructure Quality":"M","Notes":"Trash plastic","LatNumber":30.325378000000001,"LongNumber":-97.731067999999993}},{"type":"Feature","id":1037,"geometry":{"type":"Point","coordinates":[-97.730529999999987,30.32495300000005]},"properties":{"OBJECTID":1037,"School ID":"McCallum","Feature ID":"90","Type":"Waste receptacle 2","Lat/Long":"30.324953, -97.730530","Infrastructure Quality":"M","Notes":"Trash coffin metal","LatNumber":30.324953000000001,"LongNumber":-97.730530000000002}},{"type":"Feature","id":1038,"geometry":{"type":"Point","coordinates":[-97.729772999999966,30.326290000000029]},"properties":{"OBJECTID":1038,"School ID":"McCallum","Feature ID":"91","Type":"Waste receptacle 3","Lat/Long":"30.326290, -97.729773","Infrastructure Quality":"M","Notes":"Trash coffin metal","LatNumber":30.32629,"LongNumber":-97.729772999999994}},{"type":"Feature","id":1039,"geometry":{"type":"Point","coordinates":[-97.729772999999966,30.326290000000029]},"properties":{"OBJECTID":1039,"School ID":"McCallum","Feature ID":"92","Type":"Waste receptacle 4","Lat/Long":"30.326290, -97.729773","Infrastructure Quality":"M","Notes":"Trash plastic","LatNumber":30.32629,"LongNumber":-97.729772999999994}},{"type":"Feature","id":1040,"geometry":{"type":"Point","coordinates":[-97.730077999999992,30.325568000000032]},"properties":{"OBJECTID":1040,"School ID":"McCallum","Feature ID":"93","Type":"Waste receptacle 5","Lat/Long":"30.325568, -97.730078","Infrastructure Quality":"M","Notes":"Trash plastic","LatNumber":30.325568000000001,"LongNumber":-97.730078000000006}},{"type":"Feature","id":1041,"geometry":{"type":"Point","coordinates":[-97.730381999999963,30.325441000000069]},"properties":{"OBJECTID":1041,"School ID":"McCallum","Feature ID":"94","Type":"Waste receptacle 6","Lat/Long":"30.325441, -97.730382","Infrastructure Quality":"H","Notes":"Trash coffin metal green","LatNumber":30.325441000000001,"LongNumber":-97.730382000000006}},{"type":"Feature","id":1042,"geometry":{"type":"Point","coordinates":[-97.729859999999974,30.325597000000073]},"properties":{"OBJECTID":1042,"School ID":"McCallum","Feature ID":"95","Type":"Waste receptacle 7","Lat/Long":"30.325597, -97.729860","Infrastructure Quality":"H","Notes":"Trash coffin metal green","LatNumber":30.325596999999998,"LongNumber":-97.729860000000002}},{"type":"Feature","id":1043,"geometry":{"type":"Point","coordinates":[-97.730009999999936,30.325310000000059]},"properties":{"OBJECTID":1043,"School ID":"McCallum","Feature ID":"96","Type":"Waste receptacle 8","Lat/Long":"30.325310, -97.730010","Infrastructure Quality":"H","Notes":"Trash coffin metal green","LatNumber":30.325310000000002,"LongNumber":-97.730009999999993}},{"type":"Feature","id":1044,"geometry":{"type":"Point","coordinates":[-97.728087999999957,30.32820300000003]},"properties":{"OBJECTID":1044,"School ID":"McCallum","Feature ID":"97","Type":"Waste receptable 9","Lat/Long":"30.328203, -97.728088","Infrastructure Quality":"H","Notes":"small buckets with trash bags ziptied to gates/poles","LatNumber":30.328202999999998,"LongNumber":-97.728088}},{"type":"Feature","id":1045,"geometry":{"type":"Point","coordinates":[-97.72936599999997,30.326918000000035]},"properties":{"OBJECTID":1045,"School ID":"McCallum","Feature ID":"98","Type":"Waste Receptacle 10","Lat/Long":"30.326918, -97.729366","Infrastructure Quality":"H","Notes":"Trash coffin metal green","LatNumber":30.326917999999999,"LongNumber":-97.729365999999999}},{"type":"Feature","id":1046,"geometry":{"type":"Point","coordinates":[-97.730413999999939,30.326437000000055]},"properties":{"OBJECTID":1046,"School ID":"McCallum","Feature ID":"99","Type":"Waste Receptacle 11","Lat/Long":"30.326437, -97.730414","Infrastructure Quality":"H","Notes":"Trash coffin metal green","LatNumber":30.326436999999999,"LongNumber":-97.730413999999996}},{"type":"Feature","id":1047,"geometry":{"type":"Point","coordinates":[-97.730453999999952,30.32784300000003]},"properties":{"OBJECTID":1047,"School ID":"McCallum","Feature ID":"100","Type":"Other 5","Lat/Long":"30.327843, -97.730454","Infrastructure Quality":"L","Notes":"trough for athletes to drink out of ","LatNumber":30.327843000000001,"LongNumber":-97.730453999999995}},{"type":"Feature","id":1048,"geometry":{"type":"Point","coordinates":[-97.730413999999939,30.326437000000055]},"properties":{"OBJECTID":1048,"School ID":"McCallum","Feature ID":"101","Type":"Wildlife Habitat 1","Lat/Long":"30.326437, -97.730414","Infrastructure Quality":"H","Notes":"bird house","LatNumber":30.326436999999999,"LongNumber":-97.730413999999996}},{"type":"Feature","id":1049,"geometry":{"type":"Point","coordinates":[-97.730413999999939,30.326437000000055]},"properties":{"OBJECTID":1049,"School ID":"McCallum","Feature ID":"102","Type":"Wildlife Habitat 2","Lat/Long":"30.326437, -97.730414","Infrastructure Quality":"M","Notes":"bird house and feeder","LatNumber":30.326436999999999,"LongNumber":-97.730413999999996}},{"type":"Feature","id":1050,"geometry":{"type":"Point","coordinates":[-97.730413999999939,30.326437000000055]},"properties":{"OBJECTID":1050,"School ID":"McCallum","Feature ID":"103","Type":"Wildlife Habitat 3","Lat/Long":"30.326437, -97.730414","Infrastructure Quality":"M","Notes":"bird house","LatNumber":30.326436999999999,"LongNumber":-97.730413999999996}},{"type":"Feature","id":1051,"geometry":{"type":"Point","coordinates":[-97.729859999999974,30.325597000000073]},"properties":{"OBJECTID":1051,"School ID":"McCallum","Feature ID":"104","Type":"Wildlife Habitat 4","Lat/Long":"30.325597, -97.729860","Infrastructure Quality":"H","Notes":"bird house","LatNumber":30.325596999999998,"LongNumber":-97.729860000000002}},{"type":"Feature","id":1052,"geometry":{"type":"Point","coordinates":[-97.730024999999955,30.32779400000004]},"properties":{"OBJECTID":1052,"School ID":"McCallum","Feature ID":"105","Type":"Wildlife Habitat 5","Lat/Long":"30.327794, -97.730025","Infrastructure Quality":"L","Notes":"Bat house","LatNumber":30.327794000000001,"LongNumber":-97.730024999999998}},{"type":"Feature","id":1053,"geometry":{"type":"Point","coordinates":[-97.707907999999975,30.360339000000067]},"properties":{"OBJECTID":1053,"School ID":"Navarro","Feature ID":"1","Type":"Art 1","Lat/Long":"30.360339, -97.707908","Infrastructure Quality":"M","Notes":"Wood statue on raised platform, partially fenced, memorial plaque; in Courtyard b","LatNumber":30.360339,"LongNumber":-97.707908000000003}},{"type":"Feature","id":1054,"geometry":{"type":"Point","coordinates":[-97.708065999999974,30.36010600000003]},"properties":{"OBJECTID":1054,"School ID":"Navarro","Feature ID":"2","Type":"Art 2","Lat/Long":"30.360106, -97.708066","Infrastructure Quality":"H","Notes":"COVID-19 time capsule; in Courtyard C","LatNumber":30.360105999999998,"LongNumber":-97.708066000000002}},{"type":"Feature","id":1055,"geometry":{"type":"Point","coordinates":[-97.708477999999957,30.360189000000048]},"properties":{"OBJECTID":1055,"School ID":"Navarro","Feature ID":"3","Type":"Art 3","Lat/Long":"30.360189, -97.708478","Infrastructure Quality":"H","Notes":"Spray painted vikings on cement wall","LatNumber":30.360188999999998,"LongNumber":-97.708477999999999}},{"type":"Feature","id":1056,"geometry":{"type":"Point","coordinates":[-97.708556999999985,30.359643000000062]},"properties":{"OBJECTID":1056,"School ID":"Navarro","Feature ID":"4","Type":"Art 4","Lat/Long":"30.359643, -97.708557","Infrastructure Quality":"H","Notes":"Metal ag sign (made by class) with old farm equipment","LatNumber":30.359642999999998,"LongNumber":-97.708556999999999}},{"type":"Feature","id":1057,"geometry":{"type":"Point","coordinates":[-97.706019999999967,30.35983600000003]},"properties":{"OBJECTID":1057,"School ID":"Navarro","Feature ID":"5","Type":"Art 5","Lat/Long":"30.359836, -97.706020","Infrastructure Quality":"H","Notes":"Metal wind chime on stand in fenced childcare area","LatNumber":30.359836000000001,"LongNumber":-97.706019999999995}},{"type":"Feature","id":1058,"geometry":{"type":"Point","coordinates":[-97.706011999999987,30.359930000000077]},"properties":{"OBJECTID":1058,"School ID":"Navarro","Feature ID":"6","Type":"Art 6","Lat/Long":"30.359930, -97.706012","Infrastructure Quality":"H","Notes":"Spinning metal wind feature Spinning metal wind feature","LatNumber":30.359929999999999,"LongNumber":-97.706012000000001}},{"type":"Feature","id":1059,"geometry":{"type":"Point","coordinates":[-97.70777899999996,30.360512000000028]},"properties":{"OBJECTID":1059,"School ID":"Navarro","Feature ID":"7","Type":"Bench 1","Lat/Long":"30.360512, -97.707779","Infrastructure Quality":"L","Notes":"12 wood + metal, painted; in courtyard a","LatNumber":30.360512,"LongNumber":-97.707779000000002}},{"type":"Feature","id":1060,"geometry":{"type":"Point","coordinates":[-97.70777899999996,30.360512000000028]},"properties":{"OBJECTID":1060,"School ID":"Navarro","Feature ID":"8","Type":"Bench 2","Lat/Long":"30.360512, -97.707779","Infrastructure Quality":"H","Notes":"4 limestone blocks; in courtyard a","LatNumber":30.360512,"LongNumber":-97.707779000000002}},{"type":"Feature","id":1061,"geometry":{"type":"Point","coordinates":[-97.707881999999984,30.360382000000072]},"properties":{"OBJECTID":1061,"School ID":"Navarro","Feature ID":"9","Type":"Bench 3","Lat/Long":"30.360382, -97.707882","Infrastructure Quality":"H","Notes":"2 wide metal; in courtyard b","LatNumber":30.360382000000001,"LongNumber":-97.707881999999998}},{"type":"Feature","id":1062,"geometry":{"type":"Point","coordinates":[-97.707844999999963,30.360349000000042]},"properties":{"OBJECTID":1062,"School ID":"Navarro","Feature ID":"10","Type":"Bench 4","Lat/Long":"30.360349, -97.707845","Infrastructure Quality":"L","Notes":"10 wood + metal; in courtyard b","LatNumber":30.360348999999999,"LongNumber":-97.707845000000006}},{"type":"Feature","id":1063,"geometry":{"type":"Point","coordinates":[-97.708047999999962,30.360153000000025]},"properties":{"OBJECTID":1063,"School ID":"Navarro","Feature ID":"11","Type":"Bench 5","Lat/Long":"30.360153, -97.708048","Infrastructure Quality":"L","Notes":"12 wood + metal; in courtyard C","LatNumber":30.360153,"LongNumber":-97.708048000000005}},{"type":"Feature","id":1064,"geometry":{"type":"Point","coordinates":[-97.708299999999952,30.359996000000024]},"properties":{"OBJECTID":1064,"School ID":"Navarro","Feature ID":"12","Type":"Bench 6","Lat/Long":"30.359996, -97.708300","Infrastructure Quality":"H","Notes":"8 limestone blocks in tree shade; in Courtyard D","LatNumber":30.359995999999999,"LongNumber":-97.708299999999994}},{"type":"Feature","id":1065,"geometry":{"type":"Point","coordinates":[-97.708797999999945,30.360284000000036]},"properties":{"OBJECTID":1065,"School ID":"Navarro","Feature ID":"13","Type":"Bench 7","Lat/Long":"30.360284, -97.708798","Infrastructure Quality":"M","Notes":"6 metal with backs; in Courtyard D","LatNumber":30.360284,"LongNumber":-97.708798000000002}},{"type":"Feature","id":1066,"geometry":{"type":"Point","coordinates":[-97.708696999999972,30.360240000000033]},"properties":{"OBJECTID":1066,"School ID":"Navarro","Feature ID":"14","Type":"Bench 8","Lat/Long":"30.360240, -97.708697","Infrastructure Quality":"M","Notes":"3 metal without back; in Courtyard D","LatNumber":30.360240000000001,"LongNumber":-97.708697000000001}},{"type":"Feature","id":1067,"geometry":{"type":"Point","coordinates":[-97.708082999999988,30.359756000000061]},"properties":{"OBJECTID":1067,"School ID":"Navarro","Feature ID":"15","Type":"Bench 9","Lat/Long":"30.359756, -97.708083","Infrastructure Quality":"H","Notes":"Coated metal, converts to table","LatNumber":30.359756000000001,"LongNumber":-97.708083000000002}},{"type":"Feature","id":1068,"geometry":{"type":"Point","coordinates":[-97.707980999999961,30.359815000000026]},"properties":{"OBJECTID":1068,"School ID":"Navarro","Feature ID":"16","Type":"Bench 10","Lat/Long":"30.359815, -97.707981","Infrastructure Quality":"M","Notes":"9 stumps from winter storm","LatNumber":30.359815000000001,"LongNumber":-97.707981000000004}},{"type":"Feature","id":1069,"geometry":{"type":"Point","coordinates":[-97.706957999999986,30.359874000000048]},"properties":{"OBJECTID":1069,"School ID":"Navarro","Feature ID":"17","Type":"Bench 11","Lat/Long":"30.359874, -97.706958","Infrastructure Quality":"M","Notes":"2 metal, chained","LatNumber":30.359874000000001,"LongNumber":-97.706958}},{"type":"Feature","id":1070,"geometry":{"type":"Point","coordinates":[-97.707038999999952,30.36065300000007]},"properties":{"OBJECTID":1070,"School ID":"Navarro","Feature ID":"18","Type":"Bench 12","Lat/Long":"30.360653, -97.707039","Infrastructure Quality":"H","Notes":"11 limestone blocks around Lawn 12","LatNumber":30.360652999999999,"LongNumber":-97.707038999999995}},{"type":"Feature","id":1071,"geometry":{"type":"Point","coordinates":[-97.707285999999954,30.360422000000028]},"properties":{"OBJECTID":1071,"School ID":"Navarro","Feature ID":"19","Type":"Bench 13","Lat/Long":"30.360422, -97.707286","Infrastructure Quality":"H","Notes":"3 metal with base","LatNumber":30.360422,"LongNumber":-97.707285999999996}},{"type":"Feature","id":1072,"geometry":{"type":"Point","coordinates":[-97.708027999999956,30.361038000000065]},"properties":{"OBJECTID":1072,"School ID":"Navarro","Feature ID":"20","Type":"Bench 14","Lat/Long":"30.361038, -97.708028","Infrastructure Quality":"H","Notes":"18 limestone blocks along perimenter of Lawn 15","LatNumber":30.361038000000001,"LongNumber":-97.708027999999999}},{"type":"Feature","id":1073,"geometry":{"type":"Point","coordinates":[-97.70809799999995,30.360898000000077]},"properties":{"OBJECTID":1073,"School ID":"Navarro","Feature ID":"21","Type":"Bench 15","Lat/Long":"30.360898, -97.708098","Infrastructure Quality":"H","Notes":"5 limestone blocks along perimeter of Lawn 16","LatNumber":30.360897999999999,"LongNumber":-97.708098000000007}},{"type":"Feature","id":1074,"geometry":{"type":"Point","coordinates":[-97.706158999999957,30.358454000000052]},"properties":{"OBJECTID":1074,"School ID":"Navarro","Feature ID":"22","Type":"Berm/Swale","Lat/Long":"30.358454, -97.706159","Infrastructure Quality":"M","Notes":"Has drains","LatNumber":30.358453999999998,"LongNumber":-97.706159}},{"type":"Feature","id":1075,"geometry":{"type":"Point","coordinates":[-97.708436999999947,30.359771000000023]},"properties":{"OBJECTID":1075,"School ID":"Navarro","Feature ID":"23","Type":"Bike Rack 1","Lat/Long":"30.359771, -97.708437","Infrastructure Quality":"M","Notes":"Metal, no bikes","LatNumber":30.359770999999999,"LongNumber":-97.708437000000004}},{"type":"Feature","id":1076,"geometry":{"type":"Point","coordinates":[-97.705986999999936,30.360316000000068]},"properties":{"OBJECTID":1076,"School ID":"Navarro","Feature ID":"24","Type":"Bike Rack 2","Lat/Long":"30.360316, -97.705987","Infrastructure Quality":"M","Notes":"2 metal, with bikes","LatNumber":30.360316000000001,"LongNumber":-97.705986999999993}},{"type":"Feature","id":1077,"geometry":{"type":"Point","coordinates":[-97.707108999999946,30.36057100000005]},"properties":{"OBJECTID":1077,"School ID":"Navarro","Feature ID":"25","Type":"Bike Rack 3","Lat/Long":"30.360571, -97.707109","Infrastructure Quality":"M","Notes":"Lots of single loops, tons of bikes and scooters","LatNumber":30.360571,"LongNumber":-97.707109000000003}},{"type":"Feature","id":1078,"geometry":{"type":"Point","coordinates":[-97.70799199999999,30.359647000000052]},"properties":{"OBJECTID":1078,"School ID":"Navarro","Feature ID":"26","Type":"Cistern 1","Lat/Long":"30.359647, -97.707992","Infrastructure Quality":"H","Notes":"Small rain barrel, unconnected","LatNumber":30.359646999999999,"LongNumber":-97.707992000000004}},{"type":"Feature","id":1079,"geometry":{"type":"Point","coordinates":[-97.706164999999942,30.358225000000061]},"properties":{"OBJECTID":1079,"School ID":"Navarro","Feature ID":"27","Type":"Cistern 2","Lat/Long":"30.358225, -97.706165","Infrastructure Quality":"M","Notes":"2 large cisterns connected to Ag building","LatNumber":30.358225000000001,"LongNumber":-97.706164999999999}},{"type":"Feature","id":1080,"geometry":{"type":"Point","coordinates":[-97.708906999999954,30.359538000000043]},"properties":{"OBJECTID":1080,"School ID":"Navarro","Feature ID":"28","Type":"Compost 1","Lat/Long":"30.359538, -97.708907","Infrastructure Quality":"M","Notes":"Plastic bin, holds garden waste","LatNumber":30.359538000000001,"LongNumber":-97.708906999999996}},{"type":"Feature","id":1081,"geometry":{"type":"Point","coordinates":[-97.708946999999966,30.359631000000036]},"properties":{"OBJECTID":1081,"School ID":"Navarro","Feature ID":"29","Type":"Compost 2","Lat/Long":"30.359631, -97.708947","Infrastructure Quality":"H","Notes":"Metal wire, holds garden waste","LatNumber":30.359631,"LongNumber":-97.708946999999995}},{"type":"Feature","id":1082,"geometry":{"type":"Point","coordinates":[-97.709025999999938,30.359667000000059]},"properties":{"OBJECTID":1082,"School ID":"Navarro","Feature ID":"30","Type":"Compost 3","Lat/Long":"30.359667, -97.709026","Infrastructure Quality":"H","Notes":"Metal wire, holds garden waste","LatNumber":30.359667000000002,"LongNumber":-97.709025999999994}},{"type":"Feature","id":1083,"geometry":{"type":"Point","coordinates":[-97.706645999999978,30.358581000000072]},"properties":{"OBJECTID":1083,"School ID":"Navarro","Feature ID":"31","Type":"Compost 4","Lat/Long":"30.358581, -97.706646","Infrastructure Quality":"L","Notes":"Giant pile of Ag bedding waste, brush","LatNumber":30.358581000000001,"LongNumber":-97.706646000000006}},{"type":"Feature","id":1084,"geometry":{"type":"Point","coordinates":[-97.705450999999982,30.359142000000077]},"properties":{"OBJECTID":1084,"School ID":"Navarro","Feature ID":"32","Type":"Field","Lat/Long":"30.359142, -97.705451","Infrastructure Quality":"H","Notes":"Football with 2 goals, some soccer","LatNumber":30.359141999999999,"LongNumber":-97.705450999999996}},{"type":"Feature","id":1085,"geometry":{"type":"Point","coordinates":[-97.708919999999978,30.359725000000026]},"properties":{"OBJECTID":1085,"School ID":"Navarro","Feature ID":"33","Type":"Greenhouse 1","Lat/Long":"30.359725, -97.708920","Infrastructure Quality":"H","Notes":"Maintained by Ag; growing poinsettias + christmas cactus","LatNumber":30.359725000000001,"LongNumber":-97.708920000000006}},{"type":"Feature","id":1086,"geometry":{"type":"Point","coordinates":[-97.70911499999994,30.359646000000055]},"properties":{"OBJECTID":1086,"School ID":"Navarro","Feature ID":"34","Type":"Greenhouse 2","Lat/Long":"30.359646, -97.709115","Infrastructure Quality":"H","Notes":"Maintained by Ag; growing poinsettias + christmas cactus","LatNumber":30.359646000000001,"LongNumber":-97.709114999999997}},{"type":"Feature","id":1087,"geometry":{"type":"Point","coordinates":[-97.707797999999968,30.360516000000075]},"properties":{"OBJECTID":1087,"School ID":"Navarro","Feature ID":"35","Type":"Habitat Garden 1","Lat/Long":"30.360516, -97.707798","Infrastructure Quality":"H","Notes":"Courtyard a, maintained by classes","LatNumber":30.360516000000001,"LongNumber":-97.707797999999997}},{"type":"Feature","id":1088,"geometry":{"type":"Point","coordinates":[-97.708034999999938,30.360142000000053]},"properties":{"OBJECTID":1088,"School ID":"Navarro","Feature ID":"36","Type":"Habitat Garden 2","Lat/Long":"30.360142, -97.708035","Infrastructure Quality":"H","Notes":"4 planters with lantana, turks cap; in Courtyard c","LatNumber":30.360142,"LongNumber":-97.708034999999995}},{"type":"Feature","id":1089,"geometry":{"type":"Point","coordinates":[-97.709295999999938,30.359581000000048]},"properties":{"OBJECTID":1089,"School ID":"Navarro","Feature ID":"37","Type":"Habitat Garden 3","Lat/Long":"30.359581, -97.709296","Infrastructure Quality":"H","Notes":"3 cement block planters outside portables with 3 decorative bird houses","LatNumber":30.359580999999999,"LongNumber":-97.709295999999995}},{"type":"Feature","id":1090,"geometry":{"type":"Point","coordinates":[-97.708496999999966,30.359723000000031]},"properties":{"OBJECTID":1090,"School ID":"Navarro","Feature ID":"38","Type":"Habitat Garden 4","Lat/Long":"30.359723, -97.708497","Infrastructure Quality":"M","Notes":"Old, broken irrigation, some established plants","LatNumber":30.359722999999999,"LongNumber":-97.708496999999994}},{"type":"Feature","id":1091,"geometry":{"type":"Point","coordinates":[-97.707931999999971,30.359702000000027]},"properties":{"OBJECTID":1091,"School ID":"Navarro","Feature ID":"39","Type":"Habitat Garden 5","Lat/Long":"30.359702, -97.707932","Infrastructure Quality":"H","Notes":"4 large beds with tone borders, close hose access, NWF sign; maintained by Green Teens","LatNumber":30.359701999999999,"LongNumber":-97.707932}},{"type":"Feature","id":1092,"geometry":{"type":"Point","coordinates":[-97.708116999999959,30.359752000000071]},"properties":{"OBJECTID":1092,"School ID":"Navarro","Feature ID":"40","Type":"Habitat Garden 6","Lat/Long":"30.359752, -97.708117","Infrastructure Quality":"H","Notes":"Large L-shaped bed; maintained by Green Teens","LatNumber":30.359752,"LongNumber":-97.708117000000001}},{"type":"Feature","id":1093,"geometry":{"type":"Point","coordinates":[-97.705979999999954,30.359934000000067]},"properties":{"OBJECTID":1093,"School ID":"Navarro","Feature ID":"41","Type":"Habitat Garden 7","Lat/Long":"30.359934, -97.705980","Infrastructure Quality":"M","Notes":"4 wood beds, not planted in fenced childcare area","LatNumber":30.359933999999999,"LongNumber":-97.705979999999997}},{"type":"Feature","id":1094,"geometry":{"type":"Point","coordinates":[-97.706037999999978,30.359946000000036]},"properties":{"OBJECTID":1094,"School ID":"Navarro","Feature ID":"42","Type":"Habitat Garden 8","Lat/Long":"30.359946, -97.706038","Infrastructure Quality":"M","Notes":"stone border, not planted in fenced childcare area","LatNumber":30.359946000000001,"LongNumber":-97.706038000000007}},{"type":"Feature","id":1095,"geometry":{"type":"Point","coordinates":[-97.707509999999957,30.360871000000031]},"properties":{"OBJECTID":1095,"School ID":"Navarro","Feature ID":"43","Type":"Habitat Garden 9","Lat/Long":"30.360871, -97.707510","Infrastructure Quality":"H","Notes":"Established lantana, yucca, etc., needs mulch, along side and front of building","LatNumber":30.360870999999999,"LongNumber":-97.707509999999999}},{"type":"Feature","id":1096,"geometry":{"type":"Point","coordinates":[-97.707400999999948,30.360416000000043]},"properties":{"OBJECTID":1096,"School ID":"Navarro","Feature ID":"44","Type":"Habitat Garden 10","Lat/Long":"30.360416, -97.707401","Infrastructure Quality":"M","Notes":"4 beds with stone border, 1 has esteablished plants","LatNumber":30.360416000000001,"LongNumber":-97.707401000000004}},{"type":"Feature","id":1097,"geometry":{"type":"Point","coordinates":[-97.709035999999969,30.359594000000072]},"properties":{"OBJECTID":1097,"School ID":"Navarro","Feature ID":"45","Type":"Hydroponic Garden","Lat/Long":"30.359594, -97.709036","Infrastructure Quality":"H","Notes":"2, unused","LatNumber":30.359594000000001,"LongNumber":-97.709035999999998}},{"type":"Feature","id":1098,"geometry":{"type":"Point","coordinates":[-97.707915999999955,30.360322000000053]},"properties":{"OBJECTID":1098,"School ID":"Navarro","Feature ID":"46","Type":"Lawn 1","Lat/Long":"30.360322, -97.707916","Infrastructure Quality":"H","Notes":"Artificial turf in courtyard b","LatNumber":30.360322,"LongNumber":-97.707915999999997}},{"type":"Feature","id":1099,"geometry":{"type":"Point","coordinates":[-97.708055999999942,30.360134000000073]},"properties":{"OBJECTID":1099,"School ID":"Navarro","Feature ID":"47","Type":"Lawn 2","Lat/Long":"30.360134, -97.708056","Infrastructure Quality":"H","Notes":"Artificial turf in courtyard C with palms, bamboo, umbrellas, cushions","LatNumber":30.360133999999999,"LongNumber":-97.708055999999999}},{"type":"Feature","id":1100,"geometry":{"type":"Point","coordinates":[-97.708685999999943,30.359977000000072]},"properties":{"OBJECTID":1100,"School ID":"Navarro","Feature ID":"48","Type":"Lawn 3","Lat/Long":"30.359977, -97.708686","Infrastructure Quality":"L","Notes":null,"LatNumber":30.359977000000001,"LongNumber":-97.708686}},{"type":"Feature","id":1101,"geometry":{"type":"Point","coordinates":[-97.708642999999938,30.36029700000006]},"properties":{"OBJECTID":1101,"School ID":"Navarro","Feature ID":"49","Type":"Lawn 4","Lat/Long":"30.360297, -97.708643","Infrastructure Quality":"M","Notes":"4 lawn areas in Courtyard D area; includes Picnic Table 5","LatNumber":30.360296999999999,"LongNumber":-97.708642999999995}},{"type":"Feature","id":1102,"geometry":{"type":"Point","coordinates":[-97.709519999999941,30.359395000000063]},"properties":{"OBJECTID":1102,"School ID":"Navarro","Feature ID":"50","Type":"Lawn 5","Lat/Long":"30.359395, -97.709520","Infrastructure Quality":"M","Notes":"Fencing left over from trees that were planted, now dead/gone","LatNumber":30.359394999999999,"LongNumber":-97.709519999999998}},{"type":"Feature","id":1103,"geometry":{"type":"Point","coordinates":[-97.709977999999978,30.359618000000069]},"properties":{"OBJECTID":1103,"School ID":"Navarro","Feature ID":"51","Type":"Lawn 6","Lat/Long":"30.359618, -97.709978","Infrastructure Quality":"M","Notes":"Metal raiser (band?) with Waste 7 in area","LatNumber":30.359618000000001,"LongNumber":-97.709978000000007}},{"type":"Feature","id":1104,"geometry":{"type":"Point","coordinates":[-97.708976999999948,30.35921600000006]},"properties":{"OBJECTID":1104,"School ID":"Navarro","Feature ID":"52","Type":"Lawn 7","Lat/Long":"30.359216, -97.708977","Infrastructure Quality":"H","Notes":null,"LatNumber":30.359216,"LongNumber":-97.708977000000004}},{"type":"Feature","id":1105,"geometry":{"type":"Point","coordinates":[-97.708031999999946,30.358794000000046]},"properties":{"OBJECTID":1105,"School ID":"Navarro","Feature ID":"53","Type":"Lawn 8","Lat/Long":"30.358794, -97.708032","Infrastructure Quality":"H","Notes":"Behind tennis, fields","LatNumber":30.358794,"LongNumber":-97.708032000000003}},{"type":"Feature","id":1106,"geometry":{"type":"Point","coordinates":[-97.707719999999938,30.359874000000048]},"properties":{"OBJECTID":1106,"School ID":"Navarro","Feature ID":"54","Type":"Lawn 9","Lat/Long":"30.359874, -97.707720","Infrastructure Quality":"M","Notes":null,"LatNumber":30.359874000000001,"LongNumber":-97.707719999999995}},{"type":"Feature","id":1107,"geometry":{"type":"Point","coordinates":[-97.706788999999958,30.358456000000047]},"properties":{"OBJECTID":1107,"School ID":"Navarro","Feature ID":"55","Type":"Lawn 10","Lat/Long":"30.358456, -97.706789","Infrastructure Quality":"M","Notes":"Food forest planted through TreeFolks, trees mostly established","LatNumber":30.358456,"LongNumber":-97.706789000000001}},{"type":"Feature","id":1108,"geometry":{"type":"Point","coordinates":[-97.706942999999967,30.360536000000025]},"properties":{"OBJECTID":1108,"School ID":"Navarro","Feature ID":"56","Type":"Lawn 11","Lat/Long":"30.360536, -97.706943","Infrastructure Quality":"L","Notes":null,"LatNumber":30.360536,"LongNumber":-97.706942999999995}},{"type":"Feature","id":1109,"geometry":{"type":"Point","coordinates":[-97.707188999999971,30.360634000000061]},"properties":{"OBJECTID":1109,"School ID":"Navarro","Feature ID":"57","Type":"Lawn 12","Lat/Long":"30.360634, -97.707189","Infrastructure Quality":"H","Notes":null,"LatNumber":30.360634000000001,"LongNumber":-97.707189}},{"type":"Feature","id":1110,"geometry":{"type":"Point","coordinates":[-97.707318999999984,30.360362000000066]},"properties":{"OBJECTID":1110,"School ID":"Navarro","Feature ID":"58","Type":"Lawn 13","Lat/Long":"30.360362, -97.707319","Infrastructure Quality":"H","Notes":"Tiered area with Picnic Tables","LatNumber":30.360361999999999,"LongNumber":-97.707318999999998}},{"type":"Feature","id":1111,"geometry":{"type":"Point","coordinates":[-97.70739599999996,30.361038000000065]},"properties":{"OBJECTID":1111,"School ID":"Navarro","Feature ID":"59","Type":"Lawn 14","Lat/Long":"30.361038, -97.707396","Infrastructure Quality":"M","Notes":null,"LatNumber":30.361038000000001,"LongNumber":-97.707396000000003}},{"type":"Feature","id":1112,"geometry":{"type":"Point","coordinates":[-97.707931999999971,30.360992000000067]},"properties":{"OBJECTID":1112,"School ID":"Navarro","Feature ID":"60","Type":"Lawn 15","Lat/Long":"30.360992, -97.707932","Infrastructure Quality":"M","Notes":"2 sections split by sidewalk, limestone blocks along perimeter","LatNumber":30.360992,"LongNumber":-97.707932}},{"type":"Feature","id":1113,"geometry":{"type":"Point","coordinates":[-97.708114999999964,30.360823000000039]},"properties":{"OBJECTID":1113,"School ID":"Navarro","Feature ID":"61","Type":"Lawn 16","Lat/Long":"30.360823, -97.708115","Infrastructure Quality":"M","Notes":"Drain in middle, Bench 16 on edge","LatNumber":30.360823,"LongNumber":-97.708115000000006}},{"type":"Feature","id":1114,"geometry":{"type":"Point","coordinates":[-97.709059999999965,30.359551000000067]},"properties":{"OBJECTID":1114,"School ID":"Navarro","Feature ID":"62","Type":"Livestock 1","Lat/Long":"30.359551, -97.709060","Infrastructure Quality":"L","Notes":"Old chicken coop, only frame remains","LatNumber":30.359551,"LongNumber":-97.709059999999994}},{"type":"Feature","id":1115,"geometry":{"type":"Point","coordinates":[-97.706289999999967,30.358194000000026]},"properties":{"OBJECTID":1115,"School ID":"Navarro","Feature ID":"63","Type":"Livestock 2","Lat/Long":"30.358194, -97.706290","Infrastructure Quality":"M","Notes":"Rotates between rabbits, chickens, goats, pigs, through FFA","LatNumber":30.358194000000001,"LongNumber":-97.706289999999996}},{"type":"Feature","id":1116,"geometry":{"type":"Point","coordinates":[-97.708650999999975,30.359480000000076]},"properties":{"OBJECTID":1116,"School ID":"Navarro","Feature ID":"64","Type":"Mutt Mitt station","Lat/Long":"30.359480, -97.708651","Infrastructure Quality":"M","Notes":"in Dog Park for Vet students; needs new sign","LatNumber":30.359480000000001,"LongNumber":-97.708651000000003}},{"type":"Feature","id":1117,"geometry":{"type":"Point","coordinates":[-97.707797999999968,30.360516000000075]},"properties":{"OBJECTID":1117,"School ID":"Navarro","Feature ID":"65","Type":"Nature Trail 1","Lat/Long":"30.360516, -97.707798","Infrastructure Quality":"M","Notes":"Memorial stone path through Habitat Garden 1 in Courtyard a","LatNumber":30.360516000000001,"LongNumber":-97.707797999999997}},{"type":"Feature","id":1118,"geometry":{"type":"Point","coordinates":[-97.708354999999983,30.359987000000046]},"properties":{"OBJECTID":1118,"School ID":"Navarro","Feature ID":"66","Type":"Nature Trail 2","Lat/Long":"30.359987, -97.708355","Infrastructure Quality":"H","Notes":"Mosaic stone steps made by Art classes","LatNumber":30.359987,"LongNumber":-97.708354999999997}},{"type":"Feature","id":1119,"geometry":{"type":"Point","coordinates":[-97.708354999999983,30.359987000000046]},"properties":{"OBJECTID":1119,"School ID":"Navarro","Feature ID":"67","Type":"Nature Trail 3","Lat/Long":"30.359987, -97.708355","Infrastructure Quality":"H","Notes":"Stone path","LatNumber":30.359987,"LongNumber":-97.708354999999997}},{"type":"Feature","id":1120,"geometry":{"type":"Point","coordinates":[-97.708354999999983,30.359987000000046]},"properties":{"OBJECTID":1120,"School ID":"Navarro","Feature ID":"68","Type":"Nature Trail 4","Lat/Long":"30.359987, -97.708355","Infrastructure Quality":"H","Notes":"Mosaic stone steps made by Art classes","LatNumber":30.359987,"LongNumber":-97.708354999999997}},{"type":"Feature","id":1121,"geometry":{"type":"Point","coordinates":[-97.708723999999961,30.36048900000003]},"properties":{"OBJECTID":1121,"School ID":"Navarro","Feature ID":"69","Type":"Nature Trail 5","Lat/Long":"30.360489, -97.708724","Infrastructure Quality":"M","Notes":"Large stone path through Courtyard D","LatNumber":30.360489000000001,"LongNumber":-97.708724000000004}},{"type":"Feature","id":1122,"geometry":{"type":"Point","coordinates":[-97.708903999999961,30.359598000000062]},"properties":{"OBJECTID":1122,"School ID":"Navarro","Feature ID":"70","Type":"Nature Trail 6","Lat/Long":"30.359598, -97.708904","Infrastructure Quality":"L","Notes":"Grass, old DG, stone border","LatNumber":30.359597999999998,"LongNumber":-97.708904000000004}},{"type":"Feature","id":1123,"geometry":{"type":"Point","coordinates":[-97.707838999999979,30.360274000000061]},"properties":{"OBJECTID":1123,"School ID":"Navarro","Feature ID":"71","Type":"Other 1","Lat/Long":"30.360274, -97.707839","Infrastructure Quality":"H","Notes":"Little Free Library, painted; in Courtyard B","LatNumber":30.360274,"LongNumber":-97.707839000000007}},{"type":"Feature","id":1124,"geometry":{"type":"Point","coordinates":[-97.708650999999975,30.359480000000076]},"properties":{"OBJECTID":1124,"School ID":"Navarro","Feature ID":"72","Type":"Other 2","Lat/Long":"30.359480, -97.708651","Infrastructure Quality":"H","Notes":"Fenced dog park for Vet students","LatNumber":30.359480000000001,"LongNumber":-97.708651000000003}},{"type":"Feature","id":1125,"geometry":{"type":"Point","coordinates":[-97.706635999999946,30.360045000000071]},"properties":{"OBJECTID":1125,"School ID":"Navarro","Feature ID":"73","Type":"Other 3","Lat/Long":"30.360045, -97.706636","Infrastructure Quality":"M","Notes":"Awning with bench, built by Construction class usedfor lifeskills to wait for bus","LatNumber":30.360045,"LongNumber":-97.706636000000003}},{"type":"Feature","id":1126,"geometry":{"type":"Point","coordinates":[-97.706019999999967,30.35983600000003]},"properties":{"OBJECTID":1126,"School ID":"Navarro","Feature ID":"74","Type":"Other 4","Lat/Long":"30.359836, -97.706020","Infrastructure Quality":"H","Notes":"Sand table in fenced childcare area","LatNumber":30.359836000000001,"LongNumber":-97.706019999999995}},{"type":"Feature","id":1127,"geometry":{"type":"Point","coordinates":[-97.706234999999936,30.360069000000067]},"properties":{"OBJECTID":1127,"School ID":"Navarro","Feature ID":"75","Type":"Other 5","Lat/Long":"30.360069, -97.706235","Infrastructure Quality":"H","Notes":"Playhouse with planter","LatNumber":30.360068999999999,"LongNumber":-97.706235000000007}},{"type":"Feature","id":1128,"geometry":{"type":"Point","coordinates":[-97.707266999999945,30.360757000000035]},"properties":{"OBJECTID":1128,"School ID":"Navarro","Feature ID":"76","Type":"Other 6","Lat/Long":"30.360757, -97.707267","Infrastructure Quality":"M","Notes":"Little Free Library, painted, with books, glass on door","LatNumber":30.360757,"LongNumber":-97.707267000000002}},{"type":"Feature","id":1129,"geometry":{"type":"Point","coordinates":[-97.70776699999999,30.360554000000036]},"properties":{"OBJECTID":1129,"School ID":"Navarro","Feature ID":"77","Type":"Picnic table 1","Lat/Long":"30.360554, -97.707767","Infrastructure Quality":"M","Notes":"2 metal corregated in courtyard a","LatNumber":30.360554,"LongNumber":-97.707767000000004}},{"type":"Feature","id":1130,"geometry":{"type":"Point","coordinates":[-97.707795999999973,30.360557000000028]},"properties":{"OBJECTID":1130,"School ID":"Navarro","Feature ID":"78","Type":"Picnic table 2","Lat/Long":"30.360557, -97.707796","Infrastructure Quality":"M","Notes":"1 cement, painted with only 1 bench seat in courtyard a","LatNumber":30.360557,"LongNumber":-97.707796000000002}},{"type":"Feature","id":1131,"geometry":{"type":"Point","coordinates":[-97.70795899999996,30.360360000000071]},"properties":{"OBJECTID":1131,"School ID":"Navarro","Feature ID":"79","Type":"Picnic table 3","Lat/Long":"30.360360, -97.707959","Infrastructure Quality":"M","Notes":"3 cement with 2 benches/ea, painted; in courtyard b","LatNumber":30.36036,"LongNumber":-97.707959000000002}},{"type":"Feature","id":1132,"geometry":{"type":"Point","coordinates":[-97.708068999999966,30.360142000000053]},"properties":{"OBJECTID":1132,"School ID":"Navarro","Feature ID":"80","Type":"Picnic table 4","Lat/Long":"30.360142, -97.708069","Infrastructure Quality":"M","Notes":"3 cement but only 2 have tables; in courtyard c","LatNumber":30.360142,"LongNumber":-97.708068999999995}},{"type":"Feature","id":1133,"geometry":{"type":"Point","coordinates":[-97.708532999999989,30.360243000000025]},"properties":{"OBJECTID":1133,"School ID":"Navarro","Feature ID":"81","Type":"Picnic table 5","Lat/Long":"30.360243, -97.708533","Infrastructure Quality":"L","Notes":"18 wood in Lawn 5; in Courtyard D","LatNumber":30.360243000000001,"LongNumber":-97.708533000000003}},{"type":"Feature","id":1134,"geometry":{"type":"Point","coordinates":[-97.708684999999946,30.360409000000061]},"properties":{"OBJECTID":1134,"School ID":"Navarro","Feature ID":"82","Type":"Picnic table 6","Lat/Long":"30.360409, -97.708685","Infrastructure Quality":"M","Notes":"6 corrugated metal; in Courtyard D","LatNumber":30.360409000000001,"LongNumber":-97.708685000000003}},{"type":"Feature","id":1135,"geometry":{"type":"Point","coordinates":[-97.708821999999941,30.360437000000047]},"properties":{"OBJECTID":1135,"School ID":"Navarro","Feature ID":"83","Type":"Picnic table 7","Lat/Long":"30.360437, -97.708822","Infrastructure Quality":"H","Notes":"Wood; in Courtyard D","LatNumber":30.360437000000001,"LongNumber":-97.708821999999998}},{"type":"Feature","id":1136,"geometry":{"type":"Point","coordinates":[-97.708489999999983,30.359614000000079]},"properties":{"OBJECTID":1136,"School ID":"Navarro","Feature ID":"84","Type":"Picnic table 8","Lat/Long":"30.359614, -97.708490","Infrastructure Quality":"M","Notes":null,"LatNumber":30.359614000000001,"LongNumber":-97.708489999999998}},{"type":"Feature","id":1137,"geometry":{"type":"Point","coordinates":[-97.708055999999942,30.35970100000003]},"properties":{"OBJECTID":1137,"School ID":"Navarro","Feature ID":"85","Type":"Picnic table 9","Lat/Long":"30.359701, -97.708056","Infrastructure Quality":"M","Notes":"3 round wood, 1 needs to be replaced, umbrellas come out as requested, chained","LatNumber":30.359701000000001,"LongNumber":-97.708055999999999}},{"type":"Feature","id":1138,"geometry":{"type":"Point","coordinates":[-97.70804099999998,30.359848000000056]},"properties":{"OBJECTID":1138,"School ID":"Navarro","Feature ID":"86","Type":"Picnic table 10","Lat/Long":"30.359848, -97.708041","Infrastructure Quality":"H","Notes":"Round, plastic","LatNumber":30.359848,"LongNumber":-97.708040999999994}},{"type":"Feature","id":1139,"geometry":{"type":"Point","coordinates":[-97.707156999999938,30.359444000000053]},"properties":{"OBJECTID":1139,"School ID":"Navarro","Feature ID":"87","Type":"Picnic table 11","Lat/Long":"30.359444, -97.707157","Infrastructure Quality":"H","Notes":"Metal corrugated","LatNumber":30.359444,"LongNumber":-97.707156999999995}},{"type":"Feature","id":1140,"geometry":{"type":"Point","coordinates":[-97.705967999999984,30.359813000000031]},"properties":{"OBJECTID":1140,"School ID":"Navarro","Feature ID":"88","Type":"Picnic table 12","Lat/Long":"30.359813, -97.705968","Infrastructure Quality":"H","Notes":"2 kid's sized, wood, painted in fenced childcare area","LatNumber":30.359812999999999,"LongNumber":-97.705967999999999}},{"type":"Feature","id":1141,"geometry":{"type":"Point","coordinates":[-97.706041999999968,30.359858000000031]},"properties":{"OBJECTID":1141,"School ID":"Navarro","Feature ID":"89","Type":"Picnic table 13","Lat/Long":"30.359858, -97.706042","Infrastructure Quality":"M","Notes":"2 wood in fenced childcare area","LatNumber":30.359857999999999,"LongNumber":-97.706041999999997}},{"type":"Feature","id":1142,"geometry":{"type":"Point","coordinates":[-97.707311999999945,30.360502000000054]},"properties":{"OBJECTID":1142,"School ID":"Navarro","Feature ID":"90","Type":"Picnic table 14","Lat/Long":"30.360502, -97.707312","Infrastructure Quality":"H","Notes":"5 round metal, 1 rectangle metal","LatNumber":30.360502,"LongNumber":-97.707312000000002}},{"type":"Feature","id":1143,"geometry":{"type":"Point","coordinates":[-97.705987999999991,30.359860000000026]},"properties":{"OBJECTID":1143,"School ID":"Navarro","Feature ID":"91","Type":"Playground ","Lat/Long":"30.359860, -97.705988","Infrastructure Quality":"H","Notes":"New canopy over fenced student childcare 2-5 playground, EWF","LatNumber":30.359860000000001,"LongNumber":-97.705988000000005}},{"type":"Feature","id":1144,"geometry":{"type":"Point","coordinates":[-97.708797999999945,30.359733000000062]},"properties":{"OBJECTID":1144,"School ID":"Navarro","Feature ID":"92","Type":"Produce Garden 1","Lat/Long":"30.359733, -97.708798","Infrastructure Quality":"M","Notes":"8 metal beds, stone border for area; maintained by Ag classes","LatNumber":30.359732999999999,"LongNumber":-97.708798000000002}},{"type":"Feature","id":1145,"geometry":{"type":"Point","coordinates":[-97.708941999999979,30.35950900000006]},"properties":{"OBJECTID":1145,"School ID":"Navarro","Feature ID":"93","Type":"Produce Garden 2","Lat/Long":"30.359509, -97.708942","Infrastructure Quality":"M","Notes":"12 metal beds, stone border for area; maintained by Ag classes","LatNumber":30.359508999999999,"LongNumber":-97.708941999999993}},{"type":"Feature","id":1146,"geometry":{"type":"Point","coordinates":[-97.705873999999937,30.358129000000076]},"properties":{"OBJECTID":1146,"School ID":"Navarro","Feature ID":"94","Type":"Produce Garden 3","Lat/Long":"30.358129, -97.705874","Infrastructure Quality":"L","Notes":"Old community garden, sign made by shop class, fully overgrown, trees planted by YFC member + TreeFolks, fenced area next to Livestock 2","LatNumber":30.358129000000002,"LongNumber":-97.705873999999994}},{"type":"Feature","id":1147,"geometry":{"type":"Point","coordinates":[-97.708354999999983,30.359987000000046]},"properties":{"OBJECTID":1147,"School ID":"Navarro","Feature ID":"95","Type":"Rain Garden 1","Lat/Long":"30.359987, -97.708355","Infrastructure Quality":"H","Notes":"New and established plants, irrigation, mulched, maintained by Aquatic Sci. class; 3 nature trails through it","LatNumber":30.359987,"LongNumber":-97.708354999999997}},{"type":"Feature","id":1148,"geometry":{"type":"Point","coordinates":[-97.708456999999953,30.359001000000035]},"properties":{"OBJECTID":1148,"School ID":"Navarro","Feature ID":"96","Type":"Rain Garden 2","Lat/Long":"30.359001, -97.708457","Infrastructure Quality":"H","Notes":"Detention pond","LatNumber":30.359000999999999,"LongNumber":-97.708456999999996}},{"type":"Feature","id":1149,"geometry":{"type":"Point","coordinates":[-97.707928999999979,30.359479000000078]},"properties":{"OBJECTID":1149,"School ID":"Navarro","Feature ID":"97","Type":"Rain Garden 3","Lat/Long":"30.359479, -97.707929","Infrastructure Quality":"H","Notes":"Fenced detention pond","LatNumber":30.359479,"LongNumber":-97.707928999999993}},{"type":"Feature","id":1150,"geometry":{"type":"Point","coordinates":[-97.706491999999969,30.358146000000033]},"properties":{"OBJECTID":1150,"School ID":"Navarro","Feature ID":"98","Type":"Rain Garden 4","Lat/Long":"30.358146, -97.706492","Infrastructure Quality":"H","Notes":"Fenced detention pond","LatNumber":30.358146000000001,"LongNumber":-97.706491999999997}},{"type":"Feature","id":1151,"geometry":{"type":"Point","coordinates":[-97.708551999999941,30.361459000000025]},"properties":{"OBJECTID":1151,"School ID":"Navarro","Feature ID":"99","Type":"Rain Garden 5","Lat/Long":"30.361459, -97.708552","Infrastructure Quality":"H","Notes":"Fenced detention pond","LatNumber":30.361459,"LongNumber":-97.708551999999997}},{"type":"Feature","id":1152,"geometry":{"type":"Point","coordinates":[-97.708677999999964,30.360348000000045]},"properties":{"OBJECTID":1152,"School ID":"Navarro","Feature ID":"100","Type":"Shade Structure 1","Lat/Long":"30.360348, -97.708678","Infrastructure Quality":"H","Notes":"Permeant concrete with 3 sections in Courtyard D","LatNumber":30.360347999999998,"LongNumber":-97.708678000000006}},{"type":"Feature","id":1153,"geometry":{"type":"Point","coordinates":[-97.705894999999941,30.358208000000047]},"properties":{"OBJECTID":1153,"School ID":"Navarro","Feature ID":"101","Type":"Shade Structure 2","Lat/Long":"30.358208, -97.705895","Infrastructure Quality":"M","Notes":"In Prod. Garden 2 area","LatNumber":30.358208000000001,"LongNumber":-97.705894999999998}},{"type":"Feature","id":1154,"geometry":{"type":"Point","coordinates":[-97.705987999999991,30.359860000000026]},"properties":{"OBJECTID":1154,"School ID":"Navarro","Feature ID":"102","Type":"Shade Structure 3","Lat/Long":"30.359860, -97.705988","Infrastructure Quality":"H","Notes":"New canopy over fenced student childcare 2-5 playground","LatNumber":30.359860000000001,"LongNumber":-97.705988000000005}},{"type":"Feature","id":1155,"geometry":{"type":"Point","coordinates":[-97.708852999999976,30.359792000000027]},"properties":{"OBJECTID":1155,"School ID":"Navarro","Feature ID":"103","Type":"Shed 1","Lat/Long":"30.359792, -97.708853","Infrastructure Quality":"M","Notes":"Metal, holds mainteance supplies","LatNumber":30.359791999999999,"LongNumber":-97.708853000000005}},{"type":"Feature","id":1156,"geometry":{"type":"Point","coordinates":[-97.709121999999979,30.359767000000033]},"properties":{"OBJECTID":1156,"School ID":"Navarro","Feature ID":"104","Type":"Shed 2","Lat/Long":"30.359767, -97.709122","Infrastructure Quality":"M","Notes":"Wood, Construction Tech class","LatNumber":30.359767000000002,"LongNumber":-97.709121999999994}},{"type":"Feature","id":1157,"geometry":{"type":"Point","coordinates":[-97.709226999999942,30.359841000000074]},"properties":{"OBJECTID":1157,"School ID":"Navarro","Feature ID":"105","Type":"Shed 3","Lat/Long":"30.359841, -97.709227","Infrastructure Quality":"H","Notes":"Wood, Crime Justice class","LatNumber":30.359840999999999,"LongNumber":-97.709226999999998}},{"type":"Feature","id":1158,"geometry":{"type":"Point","coordinates":[-97.70910699999996,30.359870000000058]},"properties":{"OBJECTID":1158,"School ID":"Navarro","Feature ID":"106","Type":"Shed 4","Lat/Long":"30.359870, -97.709107","Infrastructure Quality":"M","Notes":"Shipping container","LatNumber":30.359870000000001,"LongNumber":-97.709107000000003}},{"type":"Feature","id":1159,"geometry":{"type":"Point","coordinates":[-97.70993999999996,30.360054000000048]},"properties":{"OBJECTID":1159,"School ID":"Navarro","Feature ID":"107","Type":"Shed 5","Lat/Long":"30.360054, -97.709940","Infrastructure Quality":"M","Notes":"Shipping container","LatNumber":30.360054000000002,"LongNumber":-97.709940000000003}},{"type":"Feature","id":1160,"geometry":{"type":"Point","coordinates":[-97.706905999999947,30.359947000000034]},"properties":{"OBJECTID":1160,"School ID":"Navarro","Feature ID":"108","Type":"Shed 6","Lat/Long":"30.359947, -97.706906","Infrastructure Quality":"L","Notes":"Metal, holds athletic supplies","LatNumber":30.359946999999998,"LongNumber":-97.706906000000004}},{"type":"Feature","id":1161,"geometry":{"type":"Point","coordinates":[-97.70590999999996,30.358227000000056]},"properties":{"OBJECTID":1161,"School ID":"Navarro","Feature ID":"109","Type":"Shed 7","Lat/Long":"30.358227, -97.705910","Infrastructure Quality":"L","Notes":"Plastic, holding garden supplies, looks broken","LatNumber":30.358226999999999,"LongNumber":-97.705910000000003}},{"type":"Feature","id":1162,"geometry":{"type":"Point","coordinates":[-97.706398999999976,30.358529000000033]},"properties":{"OBJECTID":1162,"School ID":"Navarro","Feature ID":"110","Type":"Shed 8","Lat/Long":"30.358529, -97.706399","Infrastructure Quality":"M","Notes":"Shipping container for Ag supplies","LatNumber":30.358529000000001,"LongNumber":-97.706399000000005}},{"type":"Feature","id":1163,"geometry":{"type":"Point","coordinates":[-97.70573799999994,30.359694000000047]},"properties":{"OBJECTID":1163,"School ID":"Navarro","Feature ID":"111","Type":"Shed 9","Lat/Long":"30.359694, -97.705738","Infrastructure Quality":"M","Notes":"3 shipping containers for Athletics","LatNumber":30.359694000000001,"LongNumber":-97.705737999999997}},{"type":"Feature","id":1164,"geometry":{"type":"Point","coordinates":[-97.70573399999995,30.359778000000063]},"properties":{"OBJECTID":1164,"School ID":"Navarro","Feature ID":"112","Type":"Shed 10","Lat/Long":"30.359778, -97.705734","Infrastructure Quality":"M","Notes":"Athletics storage, metal","LatNumber":30.359777999999999,"LongNumber":-97.705734000000007}},{"type":"Feature","id":1165,"geometry":{"type":"Point","coordinates":[-97.705656999999974,30.359736000000055]},"properties":{"OBJECTID":1165,"School ID":"Navarro","Feature ID":"113","Type":"Shed 11","Lat/Long":"30.359736, -97.705657","Infrastructure Quality":null,"Notes":"No picture","LatNumber":30.359736000000002,"LongNumber":-97.705657000000002}},{"type":"Feature","id":1166,"geometry":{"type":"Point","coordinates":[-97.705861999999968,30.35978700000004]},"properties":{"OBJECTID":1166,"School ID":"Navarro","Feature ID":"114","Type":"Shed 12","Lat/Long":"30.359787, -97.705862","Infrastructure Quality":"H","Notes":"Wood, green","LatNumber":30.359787000000001,"LongNumber":-97.705861999999996}},{"type":"Feature","id":1167,"geometry":{"type":"Point","coordinates":[-97.705849999999941,30.359808000000044]},"properties":{"OBJECTID":1167,"School ID":"Navarro","Feature ID":"115","Type":"Shed 13","Lat/Long":"30.359808, -97.705850","Infrastructure Quality":"M","Notes":"Metal","LatNumber":30.359808000000001,"LongNumber":-97.705849999999998}},{"type":"Feature","id":1168,"geometry":{"type":"Point","coordinates":[-97.705776999999955,30.359244000000047]},"properties":{"OBJECTID":1168,"School ID":"Navarro","Feature ID":"116","Type":"Track","Lat/Long":"30.359244, -97.705777","Infrastructure Quality":"M","Notes":"Needs new striping","LatNumber":30.359244,"LongNumber":-97.705776999999998}},{"type":"Feature","id":1169,"geometry":{"type":"Point","coordinates":[-97.707795999999973,30.360557000000028]},"properties":{"OBJECTID":1169,"School ID":"Navarro","Feature ID":"117","Type":"Waste receptacle 1","Lat/Long":"30.360557, -97.707796","Infrastructure Quality":"H","Notes":"2 Indoor trash in courtyard a","LatNumber":30.360557,"LongNumber":-97.707796000000002}},{"type":"Feature","id":1170,"geometry":{"type":"Point","coordinates":[-97.707891999999958,30.360264000000029]},"properties":{"OBJECTID":1170,"School ID":"Navarro","Feature ID":"118","Type":"Waste receptacle 2","Lat/Long":"30.360264, -97.707892","Infrastructure Quality":"M","Notes":"2 indoor trash, 1 indoor compost; in courtyard b","LatNumber":30.360264000000001,"LongNumber":-97.707892000000001}},{"type":"Feature","id":1171,"geometry":{"type":"Point","coordinates":[-97.708049999999957,30.360160000000064]},"properties":{"OBJECTID":1171,"School ID":"Navarro","Feature ID":"119","Type":"Waste receptacle 3","Lat/Long":"30.360160, -97.708050","Infrastructure Quality":"H","Notes":"2 indoor trash in Courtyard C","LatNumber":30.36016,"LongNumber":-97.70805}},{"type":"Feature","id":1172,"geometry":{"type":"Point","coordinates":[-97.708207999999956,30.359960000000058]},"properties":{"OBJECTID":1172,"School ID":"Navarro","Feature ID":"120","Type":"Waste receptacle 4","Lat/Long":"30.359960, -97.708208","Infrastructure Quality":"H","Notes":null,"LatNumber":30.359960000000001,"LongNumber":-97.708207999999999}},{"type":"Feature","id":1173,"geometry":{"type":"Point","coordinates":[-97.708764999999971,30.360381000000075]},"properties":{"OBJECTID":1173,"School ID":"Navarro","Feature ID":"121","Type":"Waste receptacle 5","Lat/Long":"30.360381, -97.708765","Infrastructure Quality":"H","Notes":"3 indoor trash cans in Courtyard D","LatNumber":30.360381,"LongNumber":-97.708765}},{"type":"Feature","id":1174,"geometry":{"type":"Point","coordinates":[-97.709273999999937,30.359563000000037]},"properties":{"OBJECTID":1174,"School ID":"Navarro","Feature ID":"122","Type":"Waste receptacle 6","Lat/Long":"30.359563, -97.709274","Infrastructure Quality":"H","Notes":"Metal","LatNumber":30.359563000000001,"LongNumber":-97.709273999999994}},{"type":"Feature","id":1175,"geometry":{"type":"Point","coordinates":[-97.709913999999969,30.359666000000061]},"properties":{"OBJECTID":1175,"School ID":"Navarro","Feature ID":"123","Type":"Waste receptacle 7","Lat/Long":"30.359666, -97.709914","Infrastructure Quality":"L","Notes":"Metal in Lawn 6","LatNumber":30.359666000000001,"LongNumber":-97.709913999999998}},{"type":"Feature","id":1176,"geometry":{"type":"Point","coordinates":[-97.707142999999974,30.359425000000044]},"properties":{"OBJECTID":1176,"School ID":"Navarro","Feature ID":"124","Type":"Waste receptacle 8","Lat/Long":"30.359425, -97.707143","Infrastructure Quality":"H","Notes":"Metal with lid","LatNumber":30.359425000000002,"LongNumber":-97.707143000000002}},{"type":"Feature","id":1177,"geometry":{"type":"Point","coordinates":[-97.706650999999965,30.360021000000074]},"properties":{"OBJECTID":1177,"School ID":"Navarro","Feature ID":"125","Type":"Waste receptacle 9","Lat/Long":"30.360021, -97.706651","Infrastructure Quality":"M","Notes":"Has lid","LatNumber":30.360021,"LongNumber":-97.706650999999994}},{"type":"Feature","id":1178,"geometry":{"type":"Point","coordinates":[-97.706035999999983,30.359508000000062]},"properties":{"OBJECTID":1178,"School ID":"Navarro","Feature ID":"126","Type":"Waste receptacle 10","Lat/Long":"30.359508, -97.706036","Infrastructure Quality":"H","Notes":"Metal","LatNumber":30.359508000000002,"LongNumber":-97.706035999999997}},{"type":"Feature","id":1179,"geometry":{"type":"Point","coordinates":[-97.706001999999955,30.358975000000044]},"properties":{"OBJECTID":1179,"School ID":"Navarro","Feature ID":"127","Type":"Waste receptacle 11","Lat/Long":"30.358975, -97.706002","Infrastructure Quality":"M","Notes":"Metal, on Track","LatNumber":30.358975000000001,"LongNumber":-97.706001999999998}},{"type":"Feature","id":1180,"geometry":{"type":"Point","coordinates":[-97.70567699999998,30.359486000000061]},"properties":{"OBJECTID":1180,"School ID":"Navarro","Feature ID":"128","Type":"Waste receptacle 12","Lat/Long":"30.359486, -97.705677","Infrastructure Quality":"M","Notes":"Metal, on Track","LatNumber":30.359486,"LongNumber":-97.705676999999994}},{"type":"Feature","id":1181,"geometry":{"type":"Point","coordinates":[-97.707329999999956,30.360234000000048]},"properties":{"OBJECTID":1181,"School ID":"Navarro","Feature ID":"129","Type":"Waste receptacle 13","Lat/Long":"30.360234, -97.707330","Infrastructure Quality":"M","Notes":"2 indoor trash, 1 cement trash","LatNumber":30.360233999999998,"LongNumber":-97.707329999999999}},{"type":"Feature","id":1182,"geometry":{"type":"Point","coordinates":[-97.707460999999967,30.360629000000074]},"properties":{"OBJECTID":1182,"School ID":"Navarro","Feature ID":"130","Type":"Waste receptacle 14","Lat/Long":"30.360629, -97.707461","Infrastructure Quality":"H","Notes":"Metal","LatNumber":30.360628999999999,"LongNumber":-97.707460999999995}},{"type":"Feature","id":1183,"geometry":{"type":"Point","coordinates":[-97.70786899999996,30.360834000000068]},"properties":{"OBJECTID":1183,"School ID":"Navarro","Feature ID":"131","Type":"Waste receptacle 15","Lat/Long":"30.360834, -97.707869","Infrastructure Quality":"H","Notes":"Metal with lid","LatNumber":30.360834000000001,"LongNumber":-97.707869000000002}},{"type":"Feature","id":1184,"geometry":{"type":"Point","coordinates":[-97.708153999999979,30.360829000000024]},"properties":{"OBJECTID":1184,"School ID":"Navarro","Feature ID":"132","Type":"Waste receptacle 16","Lat/Long":"30.360829, -97.708154","Infrastructure Quality":"M","Notes":"Metal, no lid","LatNumber":30.360828999999999,"LongNumber":-97.708153999999993}},{"type":"Feature","id":1185,"geometry":{"type":"Point","coordinates":[-97.705991999999981,30.359818000000075]},"properties":{"OBJECTID":1185,"School ID":"Navarro","Feature ID":"133","Type":"Wildlife Habitat","Lat/Long":"30.359818, -97.705992","Infrastructure Quality":"H","Notes":"Bird feeder with seed","LatNumber":30.359818000000001,"LongNumber":-97.705991999999995}},{"type":"Feature","id":1186,"geometry":{"type":"Point","coordinates":[-97.690643299999977,30.323495200000025]},"properties":{"OBJECTID":1186,"School ID":"Northeast","Feature ID":"1","Type":"Art 1","Lat/Long":"30.3234952, -97.6906433","Infrastructure Quality":"H","Notes":"Front door wrap","LatNumber":30.3234952,"LongNumber":-97.690643300000005}},{"type":"Feature","id":1187,"geometry":{"type":"Point","coordinates":[-97.690386099999955,30.323744100000056]},"properties":{"OBJECTID":1187,"School ID":"Northeast","Feature ID":"2","Type":"Art 2","Lat/Long":"30.3237441, -97.6903861","Infrastructure Quality":"H","Notes":"Tiles along covered walkway ","LatNumber":30.323744099999999,"LongNumber":-97.690386099999998}},{"type":"Feature","id":1188,"geometry":{"type":"Point","coordinates":[-97.690176599999972,30.324159400000042]},"properties":{"OBJECTID":1188,"School ID":"Northeast","Feature ID":"3","Type":"Art 3","Lat/Long":"30.3241594, -97.6901766","Infrastructure Quality":"H","Notes":"Hanging paper decor (paper picado) in IHS courtyard","LatNumber":30.324159399999999,"LongNumber":-97.690176600000001}},{"type":"Feature","id":1189,"geometry":{"type":"Point","coordinates":[-97.691226599999936,30.324086500000078]},"properties":{"OBJECTID":1189,"School ID":"Northeast","Feature ID":"4","Type":"Art 4","Lat/Long":"30.3240865, -97.6912266","Infrastructure Quality":"H","Notes":"Mural interior courtyard main school","LatNumber":30.3240865,"LongNumber":-97.691226599999993}},{"type":"Feature","id":1190,"geometry":{"type":"Point","coordinates":[-97.690798199999961,30.323332600000072]},"properties":{"OBJECTID":1190,"School ID":"Northeast","Feature ID":"5","Type":"Bench 1","Lat/Long":"30.3233326, -97.6907982","Infrastructure Quality":"H","Notes":"10 metal benches with backs along front walkway, some with minor rusting","LatNumber":30.323332600000001,"LongNumber":-97.690798200000003}},{"type":"Feature","id":1191,"geometry":{"type":"Point","coordinates":[-97.690851799999962,30.323499800000036]},"properties":{"OBJECTID":1191,"School ID":"Northeast","Feature ID":"6","Type":"Bench 2","Lat/Long":"30.3234998, -97.6908518","Infrastructure Quality":"H","Notes":"10 limestone blocks","LatNumber":30.3234998,"LongNumber":-97.690851800000004}},{"type":"Feature","id":1192,"geometry":{"type":"Point","coordinates":[-97.690723699999978,30.322953200000029]},"properties":{"OBJECTID":1192,"School ID":"Northeast","Feature ID":"7","Type":"Bench 3","Lat/Long":"30.3229532, -97.6907237","Infrastructure Quality":"H","Notes":"10 metal benches, no backs, could be ADA accessible","LatNumber":30.322953200000001,"LongNumber":-97.690723700000007}},{"type":"Feature","id":1193,"geometry":{"type":"Point","coordinates":[-97.690183299999944,30.323224000000039]},"properties":{"OBJECTID":1193,"School ID":"Northeast","Feature ID":"8","Type":"Bench 4 ","Lat/Long":"30.3232240, -97.6901833","Infrastructure Quality":"H","Notes":"4 metal benches","LatNumber":30.323224,"LongNumber":-97.690183300000001}},{"type":"Feature","id":1194,"geometry":{"type":"Point","coordinates":[-97.689556599999946,30.324618100000066]},"properties":{"OBJECTID":1194,"School ID":"Northeast","Feature ID":"9","Type":"Bench 5","Lat/Long":"30.3246181, -97.6895566","Infrastructure Quality":"H","Notes":"1 blue metal bench next to community garden, no back, good condition","LatNumber":30.324618099999999,"LongNumber":-97.689556600000003}},{"type":"Feature","id":1195,"geometry":{"type":"Point","coordinates":[-97.690877999999941,30.324362300000075]},"properties":{"OBJECTID":1195,"School ID":"Northeast","Feature ID":"10","Type":"Bench 6","Lat/Long":"30.3243623, -97.6908780","Infrastructure Quality":"H","Notes":"6 metal benches with backs along walkways","LatNumber":30.324362300000001,"LongNumber":-97.690877999999998}},{"type":"Feature","id":1196,"geometry":{"type":"Point","coordinates":[-97.690176599999972,30.324159400000042]},"properties":{"OBJECTID":1196,"School ID":"Northeast","Feature ID":"11","Type":"Bench 7","Lat/Long":"30.3241594, -97.6901766","Infrastructure Quality":"H","Notes":"5 concrete benches around IHS courtyard, in use at time of observation","LatNumber":30.324159399999999,"LongNumber":-97.690176600000001}},{"type":"Feature","id":1197,"geometry":{"type":"Point","coordinates":[-97.69043709999994,30.324263600000052]},"properties":{"OBJECTID":1197,"School ID":"Northeast","Feature ID":"12","Type":"Bench 8","Lat/Long":"30.3242636, -97.6904371","Infrastructure Quality":"H","Notes":"2 metal benches with backs near picnic tables","LatNumber":30.324263599999998,"LongNumber":-97.690437099999997}},{"type":"Feature","id":1198,"geometry":{"type":"Point","coordinates":[-97.691226599999936,30.324086500000078]},"properties":{"OBJECTID":1198,"School ID":"Northeast","Feature ID":"13","Type":"Bench 9","Lat/Long":"30.3240865, -97.6912266","Infrastructure Quality":"H","Notes":"5 concrete benches around main school courtyard","LatNumber":30.3240865,"LongNumber":-97.691226599999993}},{"type":"Feature","id":1199,"geometry":{"type":"Point","coordinates":[-97.691933399999982,30.324021400000049]},"properties":{"OBJECTID":1199,"School ID":"Northeast","Feature ID":"14","Type":"Bench 10","Lat/Long":"30.3240214, -97.6919334","Infrastructure Quality":"H","Notes":"2 metal benches with backs","LatNumber":30.324021399999999,"LongNumber":-97.691933399999996}},{"type":"Feature","id":1200,"geometry":{"type":"Point","coordinates":[-97.692118099999959,30.323664200000053]},"properties":{"OBJECTID":1200,"School ID":"Northeast","Feature ID":"15","Type":"Bench 11","Lat/Long":"30.3236642, -97.6921181","Infrastructure Quality":"H","Notes":"24 limestone blocks along tree lined pathway to football field ","LatNumber":30.3236642,"LongNumber":-97.692118100000002}},{"type":"Feature","id":1201,"geometry":{"type":"Point","coordinates":[-97.690183299999944,30.323224000000039]},"properties":{"OBJECTID":1201,"School ID":"Northeast","Feature ID":"16","Type":"Bike Rack","Lat/Long":"30.3232240, -97.6901833","Infrastructure Quality":"H","Notes":"2 metal s curve racks, no bikes present except for Jen's ","LatNumber":30.323224,"LongNumber":-97.690183300000001}},{"type":"Feature","id":1202,"geometry":{"type":"Point","coordinates":[-97.689556599999946,30.324618100000066]},"properties":{"OBJECTID":1202,"School ID":"Northeast","Feature ID":"17","Type":"Cistern","Lat/Long":"30.3246181, -97.6895566","Infrastructure Quality":"M","Notes":"4 blue plastic rain barrels elevated, tap open but doesn't appear to need used, part of former community garden; 2 more blue plastic rain barrels on ground nearby that may be catching run off from portable roof","LatNumber":30.324618099999999,"LongNumber":-97.689556600000003}},{"type":"Feature","id":1203,"geometry":{"type":"Point","coordinates":[-97.689840599999968,30.324379600000043]},"properties":{"OBJECTID":1203,"School ID":"Northeast","Feature ID":"18","Type":"Compost ","Lat/Long":"30.3243796, -97.6898406","Infrastructure Quality":"M","Notes":"Compost pile - in use, tumbler nearby - in use","LatNumber":30.3243796,"LongNumber":-97.689840599999997}},{"type":"Feature","id":1204,"geometry":{"type":"Point","coordinates":[-97.693065999999988,30.323864000000071]},"properties":{"OBJECTID":1204,"School ID":"Northeast","Feature ID":"19","Type":"Field 1","Lat/Long":"30.323864, -97.693066","Infrastructure Quality":"H","Notes":"Baseball field 1 - good shape, 2 sets of bleachers, along road with no tree buffer (high air pollutant exposure risk)","LatNumber":30.323864,"LongNumber":-97.693066000000002}},{"type":"Feature","id":1205,"geometry":{"type":"Point","coordinates":[-97.691665999999941,30.322488000000078]},"properties":{"OBJECTID":1205,"School ID":"Northeast","Feature ID":"20","Type":"Field 2","Lat/Long":"30.322488, -97.691666","Infrastructure Quality":"M","Notes":"Baseball field 2 - not as good of shape, no bleachers, along road with no tree buffer (high air pollutant exposure risk)","LatNumber":30.322488,"LongNumber":-97.691665999999998}},{"type":"Feature","id":1206,"geometry":{"type":"Point","coordinates":[-97.692987999999957,30.322877000000062]},"properties":{"OBJECTID":1206,"School ID":"Northeast","Feature ID":"21","Type":"Field 3","Lat/Long":"30.322877, -97.692988","Infrastructure Quality":"H","Notes":"Football field - good shape including track, practice underway at time of observation, along road with no tree buffer (high air pollutant exposure risk)","LatNumber":30.322876999999998,"LongNumber":-97.692988}},{"type":"Feature","id":1207,"geometry":{"type":"Point","coordinates":[-97.689785599999936,30.324166600000069]},"properties":{"OBJECTID":1207,"School ID":"Northeast","Feature ID":"22","Type":"Habitat garden 1","Lat/Long":"30.3241666, -97.6897856","Infrastructure Quality":"L","Notes":"Abandoned, overgrown, not in use, outside IHS, smaller cinder block garden next to in-ground garden","LatNumber":30.324166600000002,"LongNumber":-97.689785599999993}},{"type":"Feature","id":1208,"geometry":{"type":"Point","coordinates":[-97.691290999999978,30.323698400000069]},"properties":{"OBJECTID":1208,"School ID":"Northeast","Feature ID":"23","Type":"Habitat garden 2","Lat/Long":"30.3236984, -97.6912910","Infrastructure Quality":"M","Notes":"In ground plantings of pollinators, overgrown but alive, part of Monarch Heroes Garden","LatNumber":30.323698400000001,"LongNumber":-97.691291000000007}},{"type":"Feature","id":1209,"geometry":{"type":"Point","coordinates":[-97.690723699999978,30.322953200000029]},"properties":{"OBJECTID":1209,"School ID":"Northeast","Feature ID":"24","Type":"Other 1","Lat/Long":"30.3229532, -97.6907237","Infrastructure Quality":"H","Notes":"Soccer Pitch: In front parking lot, appears new, in use at time of observation, put in by Austin FC, available to community outside school hours","LatNumber":30.322953200000001,"LongNumber":-97.690723700000007}},{"type":"Feature","id":1210,"geometry":{"type":"Point","coordinates":[-97.689840599999968,30.324379600000043]},"properties":{"OBJECTID":1210,"School ID":"Northeast","Feature ID":"25","Type":"Other 2","Lat/Long":"30.3243796, -97.6898406","Infrastructure Quality":"H","Notes":"Bird bath - Next to compost pile/tumbler, not filled at time of observation","LatNumber":30.3243796,"LongNumber":-97.689840599999997}},{"type":"Feature","id":1211,"geometry":{"type":"Point","coordinates":[-97.691180399999951,30.324493700000062]},"properties":{"OBJECTID":1211,"School ID":"Northeast","Feature ID":"26","Type":"Other 3","Lat/Long":"30.3244937, -97.6911804","Infrastructure Quality":"H","Notes":"Little free library Near picnic tables, good condition, in use","LatNumber":30.324493700000001,"LongNumber":-97.691180399999993}},{"type":"Feature","id":1212,"geometry":{"type":"Point","coordinates":[-97.692792999999938,30.324637000000052]},"properties":{"OBJECTID":1212,"School ID":"Northeast","Feature ID":"27","Type":"Other 4","Lat/Long":"30.324637, -97.692793","Infrastructure Quality":"H","Notes":"Tennis courts - great shape, 1 set of bleachers under tree","LatNumber":30.324636999999999,"LongNumber":-97.692792999999995}},{"type":"Feature","id":1213,"geometry":{"type":"Point","coordinates":[-97.691216599999962,30.32368850000006]},"properties":{"OBJECTID":1213,"School ID":"Northeast","Feature ID":"28","Type":"Other 5","Lat/Long":"30.3236885, -97.6912166","Infrastructure Quality":"M","Notes":"Petrified wood and rock garden. Next to/part of Monarch Heroes, doesn't seem to be used, overgrown. There were several rock beds/gardens throughout the campus that seemed to be for drainage, but this one seemed more decorative and intentional.","LatNumber":30.323688499999999,"LongNumber":-97.691216600000004}},{"type":"Feature","id":1214,"geometry":{"type":"Point","coordinates":[-97.691216599999962,30.32368850000006]},"properties":{"OBJECTID":1214,"School ID":"Northeast","Feature ID":"29","Type":"Other 6","Lat/Long":"30.3236885, -97.6912166","Infrastructure Quality":"M","Notes":"3 bird feeders next to/part of Monarch Heroes; not seeded, don't appear to be used","LatNumber":30.323688499999999,"LongNumber":-97.691216600000004}},{"type":"Feature","id":1215,"geometry":{"type":"Point","coordinates":[-97.692409099999963,30.324518700000056]},"properties":{"OBJECTID":1215,"School ID":"Northeast","Feature ID":"30","Type":"Other 7","Lat/Long":"30.3245187, -97.6924091","Infrastructure Quality":"M","Notes":"Metal exercise equipment (pull up bars), weathered","LatNumber":30.324518699999999,"LongNumber":-97.692409100000006}},{"type":"Feature","id":1216,"geometry":{"type":"Point","coordinates":[-97.690386399999966,30.324421000000029]},"properties":{"OBJECTID":1216,"School ID":"Northeast","Feature ID":"31","Type":"Outdoor Classroom ","Lat/Long":"30.3244210, -97.6903864","Infrastructure Quality":"H","Notes":"Covered white board with wooden doors, closed and locked, metal roof, no chairs/stumps but in shaded area next to shed, not clear if used","LatNumber":30.324421000000001,"LongNumber":-97.690386399999994}},{"type":"Feature","id":1217,"geometry":{"type":"Point","coordinates":[-97.690327799999977,30.323966900000073]},"properties":{"OBJECTID":1217,"School ID":"Northeast","Feature ID":"32","Type":"Picnic table 1","Lat/Long":"30.3239669, -97.6903278","Infrastructure Quality":"H","Notes":"2 square blue metal tables, both in use at time of observation","LatNumber":30.323966899999999,"LongNumber":-97.690327800000006}},{"type":"Feature","id":1218,"geometry":{"type":"Point","coordinates":[-97.690176599999972,30.324159400000042]},"properties":{"OBJECTID":1218,"School ID":"Northeast","Feature ID":"33","Type":"Picnic table 2","Lat/Long":"30.3241594, -97.6901766","Infrastructure Quality":"H","Notes":"2 white wooden picnic tables, both in use at time of observation","LatNumber":30.324159399999999,"LongNumber":-97.690176600000001}},{"type":"Feature","id":1219,"geometry":{"type":"Point","coordinates":[-97.689556599999946,30.324618100000066]},"properties":{"OBJECTID":1219,"School ID":"Northeast","Feature ID":"34","Type":"Picnic table 3","Lat/Long":"30.3246181, -97.6895566","Infrastructure Quality":"H","Notes":"4 wooden picnic tables, 1 painted white, 1 in use at time of observation","LatNumber":30.324618099999999,"LongNumber":-97.689556600000003}},{"type":"Feature","id":1220,"geometry":{"type":"Point","coordinates":[-97.69043709999994,30.324263600000052]},"properties":{"OBJECTID":1220,"School ID":"Northeast","Feature ID":"35","Type":"Picnic table 4","Lat/Long":"30.3242636, -97.6904371","Infrastructure Quality":"H","Notes":"3 wooden picnic tables, painted white, not in use but next to mobile food station in covered walkway outside \"New Mall\"","LatNumber":30.324263599999998,"LongNumber":-97.690437099999997}},{"type":"Feature","id":1221,"geometry":{"type":"Point","coordinates":[-97.691180399999951,30.324493700000062]},"properties":{"OBJECTID":1221,"School ID":"Northeast","Feature ID":"36","Type":"Picnic table 5","Lat/Long":"30.3244937, -97.6911804","Infrastructure Quality":"H","Notes":"6 wood picnic tables painted white, good shape. 2 metal blue picnic tables - good shape. 2 high rise black metal tables with attached chairs. ","LatNumber":30.324493700000001,"LongNumber":-97.691180399999993}},{"type":"Feature","id":1222,"geometry":{"type":"Point","coordinates":[-97.69043709999994,30.324263600000052]},"properties":{"OBJECTID":1222,"School ID":"Northeast","Feature ID":"37","Type":"Picnic table 6","Lat/Long":"30.3242636, -97.6904371","Infrastructure Quality":"H","Notes":"2 metal picnic tables","LatNumber":30.324263599999998,"LongNumber":-97.690437099999997}},{"type":"Feature","id":1223,"geometry":{"type":"Point","coordinates":[-97.691578299999946,30.324409400000036]},"properties":{"OBJECTID":1223,"School ID":"Northeast","Feature ID":"38","Type":"Picnic table 7","Lat/Long":"30.3244094, -97.6915783","Infrastructure Quality":"H","Notes":"2 blue metal picnic tables ","LatNumber":30.3244094,"LongNumber":-97.691578300000003}},{"type":"Feature","id":1224,"geometry":{"type":"Point","coordinates":[-97.691180399999951,30.324493700000062]},"properties":{"OBJECTID":1224,"School ID":"Northeast","Feature ID":"39","Type":"Picnic table 8","Lat/Long":"30.3244937, -97.6911804","Infrastructure Quality":"H","Notes":"3 blue metal tables","LatNumber":30.324493700000001,"LongNumber":-97.691180399999993}},{"type":"Feature","id":1225,"geometry":{"type":"Point","coordinates":[-97.691226599999936,30.324086500000078]},"properties":{"OBJECTID":1225,"School ID":"Northeast","Feature ID":"40","Type":"Picnic table 9","Lat/Long":"30.3240865, -97.6912266","Infrastructure Quality":"H","Notes":"4 black metal tables, 2 high top metal tables with attached chairs in main school courtyard, all in good shape","LatNumber":30.3240865,"LongNumber":-97.691226599999993}},{"type":"Feature","id":1226,"geometry":{"type":"Point","coordinates":[-97.691216599999962,30.32368850000006]},"properties":{"OBJECTID":1226,"School ID":"Northeast","Feature ID":"41","Type":"Picnic table 10","Lat/Long":"30.3236885, -97.6912166","Infrastructure Quality":"H","Notes":"4 wood picnic tables painted bright colors, 1 metal and wood table, next to Monarch Heroes Garden","LatNumber":30.323688499999999,"LongNumber":-97.691216600000004}},{"type":"Feature","id":1227,"geometry":{"type":"Point","coordinates":[-97.691933399999982,30.324021400000049]},"properties":{"OBJECTID":1227,"School ID":"Northeast","Feature ID":"42","Type":"Picnic table 11","Lat/Long":"30.3240214, -97.6919334","Infrastructure Quality":"H","Notes":"1 wood picnic table - good shape","LatNumber":30.324021399999999,"LongNumber":-97.691933399999996}},{"type":"Feature","id":1228,"geometry":{"type":"Point","coordinates":[-97.690643299999977,30.323495200000025]},"properties":{"OBJECTID":1228,"School ID":"Northeast","Feature ID":"43","Type":"Planter 1","Lat/Long":"30.3234952, -97.6906433","Infrastructure Quality":"M","Notes":"2 by front entry, not used","LatNumber":30.3234952,"LongNumber":-97.690643300000005}},{"type":"Feature","id":1229,"geometry":{"type":"Point","coordinates":[-97.690643299999977,30.323495200000025]},"properties":{"OBJECTID":1229,"School ID":"Northeast","Feature ID":"44","Type":"Planter 2","Lat/Long":"30.3234952, -97.6906433","Infrastructure Quality":"H","Notes":"In ground rose bush, front entry ","LatNumber":30.3234952,"LongNumber":-97.690643300000005}},{"type":"Feature","id":1230,"geometry":{"type":"Point","coordinates":[-97.690777399999945,30.323519800000042]},"properties":{"OBJECTID":1230,"School ID":"Northeast","Feature ID":"45","Type":"Planter 3","Lat/Long":"30.3235198, -97.6907774","Infrastructure Quality":"H","Notes":"In ground plantings of Pride of Barbos, paddle cactus, and Turks Cap by flagpole","LatNumber":30.3235198,"LongNumber":-97.690777400000002}},{"type":"Feature","id":1231,"geometry":{"type":"Point","coordinates":[-97.690176599999972,30.324159400000042]},"properties":{"OBJECTID":1231,"School ID":"Northeast","Feature ID":"46","Type":"Planter 4","Lat/Long":"30.3241594, -97.6901766","Infrastructure Quality":"H","Notes":"4 in ground concrete planters with Purple Heart, ferns, other shade plants; being watered by hose at time of observation; interior courtyard IHS","LatNumber":30.324159399999999,"LongNumber":-97.690176600000001}},{"type":"Feature","id":1232,"geometry":{"type":"Point","coordinates":[-97.690176599999972,30.324159400000042]},"properties":{"OBJECTID":1232,"School ID":"Northeast","Feature ID":"47","Type":"Planter 5","Lat/Long":"30.3241594, -97.6901766","Infrastructure Quality":"H","Notes":"8 above ground containers with healthy plants, being watered by hose at time of observation, interior courtyard IHS","LatNumber":30.324159399999999,"LongNumber":-97.690176600000001}},{"type":"Feature","id":1233,"geometry":{"type":"Point","coordinates":[-97.691226599999936,30.324086500000078]},"properties":{"OBJECTID":1233,"School ID":"Northeast","Feature ID":"48","Type":"Planter 6","Lat/Long":"30.3240865, -97.6912266","Infrastructure Quality":"H","Notes":"4 in ground brick lined planters with live plants, good shape, interior courtyard main school","LatNumber":30.3240865,"LongNumber":-97.691226599999993}},{"type":"Feature","id":1234,"geometry":{"type":"Point","coordinates":[-97.691226599999936,30.324086500000078]},"properties":{"OBJECTID":1234,"School ID":"Northeast","Feature ID":"49","Type":"Planter 7","Lat/Long":"30.3240865, -97.6912266","Infrastructure Quality":"H","Notes":"2 planters with healthy plants, interior courtyard main school","LatNumber":30.3240865,"LongNumber":-97.691226599999993}},{"type":"Feature","id":1235,"geometry":{"type":"Point","coordinates":[-97.691216599999962,30.32368850000006]},"properties":{"OBJECTID":1235,"School ID":"Northeast","Feature ID":"50","Type":"Pond","Lat/Long":"30.3236885, -97.6912166","Infrastructure Quality":"H","Notes":"Full, healthy, part of/next to Monarch Heroes Garden","LatNumber":30.323688499999999,"LongNumber":-97.691216600000004}},{"type":"Feature","id":1236,"geometry":{"type":"Point","coordinates":[-97.689556599999946,30.324618100000066]},"properties":{"OBJECTID":1236,"School ID":"Northeast","Feature ID":"51","Type":"Produce Garden 1","Lat/Long":"30.3246181, -97.6895566","Infrastructure Quality":"L","Notes":"24 limestone block lined garden beds, appear to have been food gardens, abandoned, overgrown, by portables, sign says \"Reagan Community Gardens\", evidence of irrigation presumably connected to rain barrels, unused tomato cages ","LatNumber":30.324618099999999,"LongNumber":-97.689556600000003}},{"type":"Feature","id":1237,"geometry":{"type":"Point","coordinates":[-97.689818099999968,30.324478900000031]},"properties":{"OBJECTID":1237,"School ID":"Northeast","Feature ID":"52","Type":"Produce Garden 2","Lat/Long":"30.3244789, -97.6898181","Infrastructure Quality":"L","Notes":"1 limestone block lined vegetable garden, blocks painted in school colors, abandoned, overgrown, hose nearby, near community garden but doesn't appear to be part of it","LatNumber":30.324478899999999,"LongNumber":-97.689818099999997}},{"type":"Feature","id":1238,"geometry":{"type":"Point","coordinates":[-97.69024189999999,30.324649600000043]},"properties":{"OBJECTID":1238,"School ID":"Northeast","Feature ID":"53","Type":"Shade structure","Lat/Long":"30.3246496, -97.6902419","Infrastructure Quality":"H","Notes":"Wood pavilion/shade structure next to portable that seems to be child care, shingle roof, good shape, not currently in use during visit","LatNumber":30.324649600000001,"LongNumber":-97.690241900000004}},{"type":"Feature","id":1239,"geometry":{"type":"Point","coordinates":[-97.689564299999972,30.32302720000007]},"properties":{"OBJECTID":1239,"School ID":"Northeast","Feature ID":"54","Type":"Shed 1","Lat/Long":"30.3230272, -97.6895643","Infrastructure Quality":"L","Notes":"2 blue wooden sheds, locked, wood rotting, metal roofs look ok, appear to be used, next to Performance Arts building","LatNumber":30.323027199999999,"LongNumber":-97.689564300000001}},{"type":"Feature","id":1240,"geometry":{"type":"Point","coordinates":[-97.689556599999946,30.324618100000066]},"properties":{"OBJECTID":1240,"School ID":"Northeast","Feature ID":"55","Type":"Shed 2","Lat/Long":"30.3246181, -97.6895566","Infrastructure Quality":"H","Notes":"Plastic storage shed by former community garden, locked, unclear if in use","LatNumber":30.324618099999999,"LongNumber":-97.689556600000003}},{"type":"Feature","id":1241,"geometry":{"type":"Point","coordinates":[-97.69024189999999,30.324649600000043]},"properties":{"OBJECTID":1241,"School ID":"Northeast","Feature ID":"56","Type":"Shed 3","Lat/Long":"30.3246496, -97.6902419","Infrastructure Quality":"M","Notes":"2 storage sheds - 1 metal next to portable that might be child care - good condition, the other nearby - wood, some rotting along base where wet from ground - not clear if in use, locked","LatNumber":30.324649600000001,"LongNumber":-97.690241900000004}},{"type":"Feature","id":1242,"geometry":{"type":"Point","coordinates":[-97.692494699999941,30.324149800000043]},"properties":{"OBJECTID":1242,"School ID":"Northeast","Feature ID":"57","Type":"Shed 4","Lat/Long":"30.3241498, -97.6924947","Infrastructure Quality":"H","Notes":"1 shipping container used for storage, not clear if in use","LatNumber":30.324149800000001,"LongNumber":-97.692494699999997}},{"type":"Feature","id":1243,"geometry":{"type":"Point","coordinates":[-97.692077599999948,30.322914400000059]},"properties":{"OBJECTID":1243,"School ID":"Northeast","Feature ID":"58","Type":"Shed 5","Lat/Long":"30.3229144, -97.6920776","Infrastructure Quality":"H","Notes":"3 shipping containers next to football field - good shape, in use","LatNumber":30.322914399999998,"LongNumber":-97.692077600000005}},{"type":"Feature","id":1244,"geometry":{"type":"Point","coordinates":[-97.689910999999938,30.322317300000066]},"properties":{"OBJECTID":1244,"School ID":"Northeast","Feature ID":"59","Type":"Signage 1","Lat/Long":"30.3223173, -97.6899110","Infrastructure Quality":"H","Notes":"Best Communities 2011, good condition ","LatNumber":30.322317300000002,"LongNumber":-97.689910999999995}},{"type":"Feature","id":1245,"geometry":{"type":"Point","coordinates":[-97.689420799999937,30.322239800000034]},"properties":{"OBJECTID":1245,"School ID":"Northeast","Feature ID":"60","Type":"Signage 2","Lat/Long":"30.3222398, -97.6894208","Infrastructure Quality":"H","Notes":"School sign, digital, working","LatNumber":30.322239799999998,"LongNumber":-97.689420799999994}},{"type":"Feature","id":1246,"geometry":{"type":"Point","coordinates":[-97.689897599999938,30.323390700000061]},"properties":{"OBJECTID":1246,"School ID":"Northeast","Feature ID":"61","Type":"Signage 3","Lat/Long":"30.3233907, -97.6898976","Infrastructure Quality":"H","Notes":"Band sign + tobacco free campus sign","LatNumber":30.323390700000001,"LongNumber":-97.689897599999995}},{"type":"Feature","id":1247,"geometry":{"type":"Point","coordinates":[-97.69024189999999,30.324649600000043]},"properties":{"OBJECTID":1247,"School ID":"Northeast","Feature ID":"62","Type":"Signage 4","Lat/Long":"30.3246496, -97.6902419","Infrastructure Quality":"L","Notes":"Small wooden blue sign next to young oak tree - garden club class of 2022","LatNumber":30.324649600000001,"LongNumber":-97.690241900000004}},{"type":"Feature","id":1248,"geometry":{"type":"Point","coordinates":[-97.69125379999997,30.323768400000063]},"properties":{"OBJECTID":1248,"School ID":"Northeast","Feature ID":"63","Type":"Signage 5","Lat/Long":"30.3237684, -97.6912538","Infrastructure Quality":"H","Notes":"Wildlife signage in glass on wall outside main school","LatNumber":30.323768399999999,"LongNumber":-97.691253799999998}},{"type":"Feature","id":1249,"geometry":{"type":"Point","coordinates":[-97.691216599999962,30.32368850000006]},"properties":{"OBJECTID":1249,"School ID":"Northeast","Feature ID":"64","Type":"Signage 6","Lat/Long":"30.3236885, -97.6912166","Infrastructure Quality":"H","Notes":"3 pollinator signs: 1 official Monarch Heroes sign, 1 butterfly garden/no mow and 1 bird pollinator garden","LatNumber":30.323688499999999,"LongNumber":-97.691216600000004}},{"type":"Feature","id":1250,"geometry":{"type":"Point","coordinates":[-97.692340099999967,30.323989800000049]},"properties":{"OBJECTID":1250,"School ID":"Northeast","Feature ID":"65","Type":"Signage 7","Lat/Long":"30.3239898, -97.6923401","Infrastructure Quality":"H","Notes":"State champs","LatNumber":30.3239898,"LongNumber":-97.692340099999996}},{"type":"Feature","id":1251,"geometry":{"type":"Point","coordinates":[-97.689713499999982,30.322239800000034]},"properties":{"OBJECTID":1251,"School ID":"Northeast","Feature ID":"66","Type":"Solar ","Lat/Long":"30.3222398, -97.6897135","Infrastructure Quality":"H","Notes":"Solar classroom, looks recently refreshed, signage in excellent shape, 3 stools with holes for others, benches around outside, outlets, lighting, weather station, not clear if used","LatNumber":30.322239799999998,"LongNumber":-97.689713499999996}},{"type":"Feature","id":1252,"geometry":{"type":"Point","coordinates":[-97.692987999999957,30.322877000000062]},"properties":{"OBJECTID":1252,"School ID":"Northeast","Feature ID":"67","Type":"Track","Lat/Long":"30.322877, -97.692988","Infrastructure Quality":"H","Notes":"Around football field","LatNumber":30.322876999999998,"LongNumber":-97.692988}},{"type":"Feature","id":1253,"geometry":{"type":"Point","coordinates":[-97.690643299999977,30.323495200000025]},"properties":{"OBJECTID":1253,"School ID":"Northeast","Feature ID":"68","Type":"Waste receptacle 1","Lat/Long":"30.3234952, -97.6906433","Infrastructure Quality":"H","Notes":"1 metal bin with cover near front door","LatNumber":30.3234952,"LongNumber":-97.690643300000005}},{"type":"Feature","id":1254,"geometry":{"type":"Point","coordinates":[-97.690723699999978,30.322953200000029]},"properties":{"OBJECTID":1254,"School ID":"Northeast","Feature ID":"69","Type":"Waste receptacle 2","Lat/Long":"30.3229532, -97.6907237","Infrastructure Quality":"H","Notes":"2 gray plastic bins near parking lot soccer pitch","LatNumber":30.322953200000001,"LongNumber":-97.690723700000007}},{"type":"Feature","id":1255,"geometry":{"type":"Point","coordinates":[-97.690498799999943,30.323213000000067]},"properties":{"OBJECTID":1255,"School ID":"Northeast","Feature ID":"70","Type":"Waste receptacle 3","Lat/Long":"30.3232130, -97.6904988","Infrastructure Quality":"H","Notes":"4 metal bins with covers along front walk","LatNumber":30.323212999999999,"LongNumber":-97.6904988}},{"type":"Feature","id":1256,"geometry":{"type":"Point","coordinates":[-97.690183299999944,30.323224000000039]},"properties":{"OBJECTID":1256,"School ID":"Northeast","Feature ID":"71","Type":"Waste receptacle 4","Lat/Long":"30.3232240, -97.6901833","Infrastructure Quality":"H","Notes":"2 metal bins with covers near Performing Arts building","LatNumber":30.323224,"LongNumber":-97.690183300000001}},{"type":"Feature","id":1257,"geometry":{"type":"Point","coordinates":[-97.690327799999977,30.323966900000073]},"properties":{"OBJECTID":1257,"School ID":"Northeast","Feature ID":"72","Type":"Waste receptacle 5","Lat/Long":"30.3239669, -97.6903278","Infrastructure Quality":"H","Notes":"1 metal bin with cover and ashtray near IHS","LatNumber":30.323966899999999,"LongNumber":-97.690327800000006}},{"type":"Feature","id":1258,"geometry":{"type":"Point","coordinates":[-97.69043709999994,30.324263600000052]},"properties":{"OBJECTID":1258,"School ID":"Northeast","Feature ID":"73","Type":"Waste receptacle 6","Lat/Long":"30.3242636, -97.6904371","Infrastructure Quality":"H","Notes":"1 metal bin, no lid near New Mall","LatNumber":30.324263599999998,"LongNumber":-97.690437099999997}},{"type":"Feature","id":1259,"geometry":{"type":"Point","coordinates":[-97.691180399999951,30.324493700000062]},"properties":{"OBJECTID":1259,"School ID":"Northeast","Feature ID":"74","Type":"Waste receptacle 7","Lat/Long":"30.3244937, -97.6911804","Infrastructure Quality":"H","Notes":"1 metal bin with lid and ash tray","LatNumber":30.324493700000001,"LongNumber":-97.691180399999993}},{"type":"Feature","id":1260,"geometry":{"type":"Point","coordinates":[-97.691578299999946,30.324409400000036]},"properties":{"OBJECTID":1260,"School ID":"Northeast","Feature ID":"75","Type":"Waste receptable 8","Lat/Long":"30.3244094, -97.6915783","Infrastructure Quality":"H","Notes":"1 metal bin with lid and ashtray","LatNumber":30.3244094,"LongNumber":-97.691578300000003}},{"type":"Feature","id":1261,"geometry":{"type":"Point","coordinates":[-97.858298999999988,30.238462000000027]},"properties":{"OBJECTID":1261,"School ID":"Oak Hill","Feature ID":"1","Type":"Art 1","Lat/Long":"30.238462, -97.858299","Infrastructure Quality":"H","Notes":"Mural on building, painted by PTA member","LatNumber":30.238461999999998,"LongNumber":-97.858299000000002}},{"type":"Feature","id":1262,"geometry":{"type":"Point","coordinates":[-97.858013999999969,30.238118000000043]},"properties":{"OBJECTID":1262,"School ID":"Oak Hill","Feature ID":"2","Type":"Basketball","Lat/Long":"30.238118, -97.858014","Infrastructure Quality":"M","Notes":"2 permenant nets, 1 movable, 2 tetherball stands without balls, needs resurfacing","LatNumber":30.238118,"LongNumber":-97.858013999999997}},{"type":"Feature","id":1263,"geometry":{"type":"Point","coordinates":[-97.857895999999982,30.238005000000044]},"properties":{"OBJECTID":1263,"School ID":"Oak Hill","Feature ID":"3","Type":"Bench 1","Lat/Long":"30.238005, -97.857896","Infrastructure Quality":"L","Notes":"Metal corrugated, secured, in basketball, construction has made use difficult","LatNumber":30.238005000000001,"LongNumber":-97.857895999999997}},{"type":"Feature","id":1264,"geometry":{"type":"Point","coordinates":[-97.858101999999974,30.238173000000074]},"properties":{"OBJECTID":1264,"School ID":"Oak Hill","Feature ID":"4","Type":"Bench 2","Lat/Long":"30.238173, -97.858102","Infrastructure Quality":"L","Notes":"Metal corrugated, secured, in basketball, construction has made use difficult","LatNumber":30.238173,"LongNumber":-97.858102000000002}},{"type":"Feature","id":1265,"geometry":{"type":"Point","coordinates":[-97.858206999999936,30.237300000000062]},"properties":{"OBJECTID":1265,"School ID":"Oak Hill","Feature ID":"5","Type":"Bench 3","Lat/Long":"30.237300, -97.858207","Infrastructure Quality":"M","Notes":"Wood, next to GaGa","LatNumber":30.237300000000001,"LongNumber":-97.858206999999993}},{"type":"Feature","id":1266,"geometry":{"type":"Point","coordinates":[-97.858393999999976,30.237396000000047]},"properties":{"OBJECTID":1266,"School ID":"Oak Hill","Feature ID":"6","Type":"Bench 4","Lat/Long":"30.237396, -97.858394","Infrastructure Quality":"L","Notes":"Wood, legs gone, used as balance beam","LatNumber":30.237396,"LongNumber":-97.858394000000004}},{"type":"Feature","id":1267,"geometry":{"type":"Point","coordinates":[-97.857168999999942,30.237996000000066]},"properties":{"OBJECTID":1267,"School ID":"Oak Hill","Feature ID":"7","Type":"Bench 5","Lat/Long":"30.237996, -97.857169","Infrastructure Quality":"M","Notes":"3 wood throughout prek area","LatNumber":30.237995999999999,"LongNumber":-97.857168999999999}},{"type":"Feature","id":1268,"geometry":{"type":"Point","coordinates":[-97.857366999999954,30.237783000000036]},"properties":{"OBJECTID":1268,"School ID":"Oak Hill","Feature ID":"8","Type":"Bench 6","Lat/Long":"30.237783, -97.857367","Infrastructure Quality":"M","Notes":"Corrugated metal","LatNumber":30.237783,"LongNumber":-97.857366999999996}},{"type":"Feature","id":1269,"geometry":{"type":"Point","coordinates":[-97.857371999999941,30.237359000000026]},"properties":{"OBJECTID":1269,"School ID":"Oak Hill","Feature ID":"9","Type":"Bench 7","Lat/Long":"30.237359, -97.857372","Infrastructure Quality":"M","Notes":"Corrugated metal with back","LatNumber":30.237359000000001,"LongNumber":-97.857371999999998}},{"type":"Feature","id":1270,"geometry":{"type":"Point","coordinates":[-97.857644999999991,30.237225000000024]},"properties":{"OBJECTID":1270,"School ID":"Oak Hill","Feature ID":"10","Type":"Bench 8","Lat/Long":"30.237225, -97.857645","Infrastructure Quality":"M","Notes":"Corrugated metal with back","LatNumber":30.237224999999999,"LongNumber":-97.857645000000005}},{"type":"Feature","id":1271,"geometry":{"type":"Point","coordinates":[-97.858151999999961,30.237349000000052]},"properties":{"OBJECTID":1271,"School ID":"Oak Hill","Feature ID":"11","Type":"Bench 9","Lat/Long":"30.237349, -97.858152","Infrastructure Quality":"M","Notes":"Metal","LatNumber":30.237348999999998,"LongNumber":-97.858152000000004}},{"type":"Feature","id":1272,"geometry":{"type":"Point","coordinates":[-97.857993999999962,30.237377000000038]},"properties":{"OBJECTID":1272,"School ID":"Oak Hill","Feature ID":"12","Type":"Bench 10","Lat/Long":"30.237377, -97.857994","Infrastructure Quality":"M","Notes":"Wood by soccer goal","LatNumber":30.237376999999999,"LongNumber":-97.857994000000005}},{"type":"Feature","id":1273,"geometry":{"type":"Point","coordinates":[-97.857939999999985,30.237544000000071]},"properties":{"OBJECTID":1273,"School ID":"Oak Hill","Feature ID":"13","Type":"Bench 11","Lat/Long":"30.237544, -97.857940","Infrastructure Quality":"M","Notes":"Metal bench, under tree","LatNumber":30.237544,"LongNumber":-97.857939999999999}},{"type":"Feature","id":1274,"geometry":{"type":"Point","coordinates":[-97.856567999999982,30.238627000000065]},"properties":{"OBJECTID":1274,"School ID":"Oak Hill","Feature ID":"14","Type":"Bench 12","Lat/Long":"30.238627, -97.856568","Infrastructure Quality":"M","Notes":"3 stone benches, used during pick-up","LatNumber":30.238627000000001,"LongNumber":-97.856567999999996}},{"type":"Feature","id":1275,"geometry":{"type":"Point","coordinates":[-97.858546999999987,30.236893000000066]},"properties":{"OBJECTID":1275,"School ID":"Oak Hill","Feature ID":"15","Type":"Berm/Swale","Lat/Long":"30.236893, -97.858547","Infrastructure Quality":"H","Notes":"Routes field water to creek","LatNumber":30.236892999999998,"LongNumber":-97.858547000000002}},{"type":"Feature","id":1276,"geometry":{"type":"Point","coordinates":[-97.858189999999979,30.238455000000044]},"properties":{"OBJECTID":1276,"School ID":"Oak Hill","Feature ID":"16","Type":"Bike Rack 1","Lat/Long":"30.238455, -97.858190","Infrastructure Quality":"H","Notes":null,"LatNumber":30.238454999999998,"LongNumber":-97.858189999999993}},{"type":"Feature","id":1277,"geometry":{"type":"Point","coordinates":[-97.859255999999959,30.237781000000041]},"properties":{"OBJECTID":1277,"School ID":"Oak Hill","Feature ID":"17","Type":"Bike Rack 2","Lat/Long":"30.237781, -97.859256","Infrastructure Quality":"H","Notes":"Single, not used","LatNumber":30.237780999999998,"LongNumber":-97.859256000000002}},{"type":"Feature","id":1278,"geometry":{"type":"Point","coordinates":[-97.856811999999991,30.238265000000069]},"properties":{"OBJECTID":1278,"School ID":"Oak Hill","Feature ID":"18","Type":"Bike Rack 3","Lat/Long":"30.238265, -97.856812","Infrastructure Quality":"H","Notes":null,"LatNumber":30.238264999999998,"LongNumber":-97.856812000000005}},{"type":"Feature","id":1279,"geometry":{"type":"Point","coordinates":[-97.858241999999962,30.238108000000068]},"properties":{"OBJECTID":1279,"School ID":"Oak Hill","Feature ID":"19","Type":"Cistern 1","Lat/Long":"30.238108, -97.858242","Infrastructure Quality":"M","Notes":"Old, painted rain barrel with screen top, leaking spigot at bottom; unconnected","LatNumber":30.238108,"LongNumber":-97.858242000000004}},{"type":"Feature","id":1280,"geometry":{"type":"Point","coordinates":[-97.858897999999954,30.237434000000064]},"properties":{"OBJECTID":1280,"School ID":"Oak Hill","Feature ID":"20","Type":"Cistern 2","Lat/Long":"30.237434, -97.858898","Infrastructure Quality":"H","Notes":"Next to portable, waters wildflowers","LatNumber":30.237434,"LongNumber":-97.858897999999996}},{"type":"Feature","id":1281,"geometry":{"type":"Point","coordinates":[-97.858839999999987,30.237613000000067]},"properties":{"OBJECTID":1281,"School ID":"Oak Hill","Feature ID":"21","Type":"Cistern 3","Lat/Long":"30.237613, -97.858840","Infrastructure Quality":"H","Notes":"Next to portable, waters wildflowers","LatNumber":30.237613,"LongNumber":-97.858840000000001}},{"type":"Feature","id":1282,"geometry":{"type":"Point","coordinates":[-97.856629999999939,30.238147000000026]},"properties":{"OBJECTID":1282,"School ID":"Oak Hill","Feature ID":"22","Type":"Cistern 4","Lat/Long":"30.238147, -97.856630","Infrastructure Quality":"M","Notes":"Screen, unconnected","LatNumber":30.238147000000001,"LongNumber":-97.856629999999996}},{"type":"Feature","id":1283,"geometry":{"type":"Point","coordinates":[-97.858861999999988,30.237203000000079]},"properties":{"OBJECTID":1283,"School ID":"Oak Hill","Feature ID":"23","Type":"Compost ","Lat/Long":"30.237203, -97.858862","Infrastructure Quality":"L","Notes":"No frame, in Produce 3","LatNumber":30.237203000000001,"LongNumber":-97.858862000000002}},{"type":"Feature","id":1284,"geometry":{"type":"Point","coordinates":[-97.857773999999949,30.237627000000032]},"properties":{"OBJECTID":1284,"School ID":"Oak Hill","Feature ID":"24","Type":"Field 1","Lat/Long":"30.237627, -97.857774","Infrastructure Quality":"M","Notes":"Bond construction ruined half the field; contains 2 soccer goals with nets, backstop","LatNumber":30.237627,"LongNumber":-97.857774000000006}},{"type":"Feature","id":1285,"geometry":{"type":"Point","coordinates":[-97.859304999999949,30.236999000000026]},"properties":{"OBJECTID":1285,"School ID":"Oak Hill","Feature ID":"25","Type":"Field 2","Lat/Long":"30.236999, -97.859305","Infrastructure Quality":"H","Notes":"Contains Widlife 1, has backstop, small soccer goals set asicde, used to be used by YMCA soccer club, currently used for recess, in floodplain","LatNumber":30.236999000000001,"LongNumber":-97.859305000000006}},{"type":"Feature","id":1286,"geometry":{"type":"Point","coordinates":[-97.85791299999994,30.237222000000031]},"properties":{"OBJECTID":1286,"School ID":"Oak Hill","Feature ID":"26","Type":"Field 3","Lat/Long":"30.237222, -97.857913","Infrastructure Quality":"M","Notes":"Vollyball net on gravel","LatNumber":30.237221999999999,"LongNumber":-97.857912999999996}},{"type":"Feature","id":1287,"geometry":{"type":"Point","coordinates":[-97.855958999999984,30.238275000000044]},"properties":{"OBJECTID":1287,"School ID":"Oak Hill","Feature ID":"27","Type":"Field 4","Lat/Long":"30.238275, -97.855959","Infrastructure Quality":"M","Notes":"2 soccer nets","LatNumber":30.238275000000002,"LongNumber":-97.855958999999999}},{"type":"Feature","id":1288,"geometry":{"type":"Point","coordinates":[-97.858209999999985,30.237273000000073]},"properties":{"OBJECTID":1288,"School ID":"Oak Hill","Feature ID":"28","Type":"Gaga Ball Pit","Lat/Long":"30.237273, -97.858210","Infrastructure Quality":"H","Notes":"Large, painted, PTA maintains","LatNumber":30.237272999999998,"LongNumber":-97.85821}},{"type":"Feature","id":1289,"geometry":{"type":"Point","coordinates":[-97.858218999999963,30.238447000000065]},"properties":{"OBJECTID":1289,"School ID":"Oak Hill","Feature ID":"29","Type":"Habitat Garden 1","Lat/Long":"30.238447, -97.858219","Infrastructure Quality":"H","Notes":"Maintained by community work days","LatNumber":30.238447000000001,"LongNumber":-97.858219000000005}},{"type":"Feature","id":1290,"geometry":{"type":"Point","coordinates":[-97.858108999999956,30.238399000000072]},"properties":{"OBJECTID":1290,"School ID":"Oak Hill","Feature ID":"30","Type":"Habitat Garden 2","Lat/Long":"30.238399, -97.858109","Infrastructure Quality":"H","Notes":"2 metal raised beds on existing concrete pads; adopted by classes","LatNumber":30.238399000000001,"LongNumber":-97.858108999999999}},{"type":"Feature","id":1291,"geometry":{"type":"Point","coordinates":[-97.858258999999975,30.238181000000054]},"properties":{"OBJECTID":1291,"School ID":"Oak Hill","Feature ID":"31","Type":"Habitat Garden 3","Lat/Long":"30.238181, -97.858259","Infrastructure Quality":"M","Notes":"6 ceramic pots not currently in use, close to hose","LatNumber":30.238181000000001,"LongNumber":-97.858259000000004}},{"type":"Feature","id":1292,"geometry":{"type":"Point","coordinates":[-97.858809999999949,30.237443000000042]},"properties":{"OBJECTID":1292,"School ID":"Oak Hill","Feature ID":"32","Type":"Habitat Garden 4","Lat/Long":"30.237443, -97.858810","Infrastructure Quality":"M","Notes":"Wildflowers, Garden Club + Classes maintain","LatNumber":30.237442999999999,"LongNumber":-97.858810000000005}},{"type":"Feature","id":1293,"geometry":{"type":"Point","coordinates":[-97.85886499999998,30.237628000000029]},"properties":{"OBJECTID":1293,"School ID":"Oak Hill","Feature ID":"33","Type":"Habitat Garden 5","Lat/Long":"30.237628, -97.858865","Infrastructure Quality":"M","Notes":"5 metal beds, 2 are well established, not maintained currently","LatNumber":30.237628000000001,"LongNumber":-97.858864999999994}},{"type":"Feature","id":1294,"geometry":{"type":"Point","coordinates":[-97.85761999999994,30.237130000000036]},"properties":{"OBJECTID":1294,"School ID":"Oak Hill","Feature ID":"34","Type":"Habitat Garden 6","Lat/Long":"30.237130, -97.857620","Infrastructure Quality":"H","Notes":"Established, not currently maintained, has memorial ","LatNumber":30.237130000000001,"LongNumber":-97.857619999999997}},{"type":"Feature","id":1295,"geometry":{"type":"Point","coordinates":[-97.856575999999961,30.238532000000077]},"properties":{"OBJECTID":1295,"School ID":"Oak Hill","Feature ID":"35","Type":"Habitat Garden 7","Lat/Long":"30.238532, -97.856576","Infrastructure Quality":"H","Notes":"Old irrigation, established but not currently maintained, memorial plaque","LatNumber":30.238531999999999,"LongNumber":-97.856576000000004}},{"type":"Feature","id":1296,"geometry":{"type":"Point","coordinates":[-97.858378999999957,30.238721000000055]},"properties":{"OBJECTID":1296,"School ID":"Oak Hill","Feature ID":"36","Type":"Lawn 1","Lat/Long":"30.238721, -97.858379","Infrastructure Quality":"H","Notes":"Once was orchard, trees still present but area unused","LatNumber":30.238721000000002,"LongNumber":-97.858378999999999}},{"type":"Feature","id":1297,"geometry":{"type":"Point","coordinates":[-97.85816299999999,30.238365000000044]},"properties":{"OBJECTID":1297,"School ID":"Oak Hill","Feature ID":"37","Type":"Lawn 2","Lat/Long":"30.238365, -97.858163","Infrastructure Quality":"H","Notes":"Used for events+PE, has Picnic 1 and Habitat 2 in area","LatNumber":30.238365000000002,"LongNumber":-97.858163000000005}},{"type":"Feature","id":1298,"geometry":{"type":"Point","coordinates":[-97.859340999999972,30.237662000000057]},"properties":{"OBJECTID":1298,"School ID":"Oak Hill","Feature ID":"38","Type":"Lawn 3","Lat/Long":"30.237662, -97.859341","Infrastructure Quality":"H","Notes":"Contains Picnic 7","LatNumber":30.237662,"LongNumber":-97.859341000000001}},{"type":"Feature","id":1299,"geometry":{"type":"Point","coordinates":[-97.857250999999962,30.237293000000079]},"properties":{"OBJECTID":1299,"School ID":"Oak Hill","Feature ID":"39","Type":"Livestock ","Lat/Long":"30.237293, -97.857251","Infrastructure Quality":"L","Notes":"Old chicken coop area","LatNumber":30.237293000000001,"LongNumber":-97.857251000000005}},{"type":"Feature","id":1300,"geometry":{"type":"Point","coordinates":[-97.858392999999978,30.237317000000075]},"properties":{"OBJECTID":1300,"School ID":"Oak Hill","Feature ID":"40","Type":"Nature Play 1","Lat/Long":"30.237317, -97.858393","Infrastructure Quality":"H","Notes":"Logs, stumps, tires, wood border with pea gravel","LatNumber":30.237317000000001,"LongNumber":-97.858393000000007}},{"type":"Feature","id":1301,"geometry":{"type":"Point","coordinates":[-97.857232999999951,30.237986000000035]},"properties":{"OBJECTID":1301,"School ID":"Oak Hill","Feature ID":"41","Type":"Nature Play 2","Lat/Long":"30.237986, -97.857233","Infrastructure Quality":"H","Notes":"Stump jump, tires, installed by PTA","LatNumber":30.237985999999999,"LongNumber":-97.857232999999994}},{"type":"Feature","id":1302,"geometry":{"type":"Point","coordinates":[-97.856618999999966,30.238513000000069]},"properties":{"OBJECTID":1302,"School ID":"Oak Hill","Feature ID":"42","Type":"Nature Trail","Lat/Long":"30.238513, -97.856619","Infrastructure Quality":"H","Notes":"DG wtth stone border","LatNumber":30.238513000000001,"LongNumber":-97.856618999999995}},{"type":"Feature","id":1303,"geometry":{"type":"Point","coordinates":[-97.858218999999963,30.23780400000004]},"properties":{"OBJECTID":1303,"School ID":"Oak Hill","Feature ID":"43","Type":"Other 1","Lat/Long":"30.237804, -97.858219","Infrastructure Quality":"M","Notes":"Sandbox with plastic border, maintained by PTA, in tree shade","LatNumber":30.237804000000001,"LongNumber":-97.858219000000005}},{"type":"Feature","id":1304,"geometry":{"type":"Point","coordinates":[-97.858418999999969,30.237495000000024]},"properties":{"OBJECTID":1304,"School ID":"Oak Hill","Feature ID":"44","Type":"Other 2","Lat/Long":"30.237495, -97.858419","Infrastructure Quality":"M","Notes":"Sandbox with wood border, maintained by PTA, in tree shade","LatNumber":30.237494999999999,"LongNumber":-97.858418999999998}},{"type":"Feature","id":1305,"geometry":{"type":"Point","coordinates":[-97.858482999999978,30.237201000000027]},"properties":{"OBJECTID":1305,"School ID":"Oak Hill","Feature ID":"45","Type":"Other 3","Lat/Long":"30.237201, -97.858483","Infrastructure Quality":"L","Notes":"Old curbing sections, possibly for picnic tables, wood border with pea gravel","LatNumber":30.237200999999999,"LongNumber":-97.858483000000007}},{"type":"Feature","id":1306,"geometry":{"type":"Point","coordinates":[-97.858180999999945,30.236894000000063]},"properties":{"OBJECTID":1306,"School ID":"Oak Hill","Feature ID":"46","Type":"Other 4","Lat/Long":"30.236894, -97.858181","Infrastructure Quality":"H","Notes":"Natural creek with small wooden \"bridge\", not often used due to snakes","LatNumber":30.236893999999999,"LongNumber":-97.858181000000002}},{"type":"Feature","id":1307,"geometry":{"type":"Point","coordinates":[-97.857782999999984,30.237123000000054]},"properties":{"OBJECTID":1307,"School ID":"Oak Hill","Feature ID":"47","Type":"Other 5","Lat/Long":"30.237123, -97.857783","Infrastructure Quality":"L","Notes":"Remenant stone benches (4), stone hobscotch, old soccer goals on ground","LatNumber":30.237123,"LongNumber":-97.857782999999998}},{"type":"Feature","id":1308,"geometry":{"type":"Point","coordinates":[-97.857246999999973,30.236949000000038]},"properties":{"OBJECTID":1308,"School ID":"Oak Hill","Feature ID":"48","Type":"Other 6","Lat/Long":"30.236949, -97.857247","Infrastructure Quality":"H","Notes":"Forest between old and new fence","LatNumber":30.236948999999999,"LongNumber":-97.857247000000001}},{"type":"Feature","id":1309,"geometry":{"type":"Point","coordinates":[-97.857266999999979,30.238077000000033]},"properties":{"OBJECTID":1309,"School ID":"Oak Hill","Feature ID":"49","Type":"Other 7","Lat/Long":"30.238077, -97.857267","Infrastructure Quality":"M","Notes":"Plastic border, lots of sand, has cover but not on","LatNumber":30.238077000000001,"LongNumber":-97.857266999999993}},{"type":"Feature","id":1310,"geometry":{"type":"Point","coordinates":[-97.857391999999948,30.237137000000075]},"properties":{"OBJECTID":1310,"School ID":"Oak Hill","Feature ID":"50","Type":"Outdoor Classroom ","Lat/Long":"30.237137, -97.857392","Infrastructure Quality":"M","Notes":"13 boulders, 3 wood tables, 3 bench rows, with stage/white board - bat facts on back, too far to use regularly","LatNumber":30.237137000000001,"LongNumber":-97.857392000000004}},{"type":"Feature","id":1311,"geometry":{"type":"Point","coordinates":[-97.858218999999963,30.238270000000057]},"properties":{"OBJECTID":1311,"School ID":"Oak Hill","Feature ID":"51","Type":"Picnic table 1","Lat/Long":"30.238270, -97.858219","Infrastructure Quality":"M","Notes":"16 painted wood, used for lunch with parents, unshaded, many tables within defined mulch pad areas","LatNumber":30.23827,"LongNumber":-97.858219000000005}},{"type":"Feature","id":1312,"geometry":{"type":"Point","coordinates":[-97.857903999999962,30.238138000000049]},"properties":{"OBJECTID":1312,"School ID":"Oak Hill","Feature ID":"52","Type":"Picnic table 2","Lat/Long":"30.238138, -97.857904","Infrastructure Quality":"M","Notes":"3 wood (2 painted + 1 ADA but not accessible)","LatNumber":30.238137999999999,"LongNumber":-97.857904000000005}},{"type":"Feature","id":1313,"geometry":{"type":"Point","coordinates":[-97.858357999999953,30.237420000000043]},"properties":{"OBJECTID":1313,"School ID":"Oak Hill","Feature ID":"53","Type":"Picnic table 3","Lat/Long":"30.237420, -97.858358","Infrastructure Quality":"L","Notes":"1 wood and metal, in tree shade, next to Picnic 4 and Waste 4","LatNumber":30.23742,"LongNumber":-97.858357999999996}},{"type":"Feature","id":1314,"geometry":{"type":"Point","coordinates":[-97.858357999999953,30.237420000000043]},"properties":{"OBJECTID":1314,"School ID":"Oak Hill","Feature ID":"54","Type":"Picnic table 4","Lat/Long":"30.237420, -97.858358","Infrastructure Quality":"H","Notes":"1 plastic , in tree shade, next to Picnic 3 and Waste 4","LatNumber":30.23742,"LongNumber":-97.858357999999996}},{"type":"Feature","id":1315,"geometry":{"type":"Point","coordinates":[-97.858393999999976,30.23728600000004]},"properties":{"OBJECTID":1315,"School ID":"Oak Hill","Feature ID":"55","Type":"Picnic table 5","Lat/Long":"30.237286, -97.858394","Infrastructure Quality":"H","Notes":"2 plastic under tree shade","LatNumber":30.237286000000001,"LongNumber":-97.858394000000004}},{"type":"Feature","id":1316,"geometry":{"type":"Point","coordinates":[-97.858763999999951,30.237530000000049]},"properties":{"OBJECTID":1316,"School ID":"Oak Hill","Feature ID":"56","Type":"Picnic table 6","Lat/Long":"30.237530, -97.858764","Infrastructure Quality":"H","Notes":"6 plastic, used for recess, umbrella holders","LatNumber":30.23753,"LongNumber":-97.858763999999994}},{"type":"Feature","id":1317,"geometry":{"type":"Point","coordinates":[-97.859329999999943,30.237556000000041]},"properties":{"OBJECTID":1317,"School ID":"Oak Hill","Feature ID":"57","Type":"Picnic table 7","Lat/Long":"30.237556, -97.859330","Infrastructure Quality":"H","Notes":"In Lawn 7","LatNumber":30.237556000000001,"LongNumber":-97.85933}},{"type":"Feature","id":1318,"geometry":{"type":"Point","coordinates":[-97.857939999999985,30.237544000000071]},"properties":{"OBJECTID":1318,"School ID":"Oak Hill","Feature ID":"58","Type":"Picnic table 8","Lat/Long":"30.237544, -97.857940","Infrastructure Quality":"H","Notes":"Plastic, under tree","LatNumber":30.237544,"LongNumber":-97.857939999999999}},{"type":"Feature","id":1319,"geometry":{"type":"Point","coordinates":[-97.858100999999976,30.237839000000065]},"properties":{"OBJECTID":1319,"School ID":"Oak Hill","Feature ID":"59","Type":"Playground 1","Lat/Long":"30.237839, -97.858101","Infrastructure Quality":"L","Notes":"5-12 swing set, 4 swings, desperately needs mulch and new mats","LatNumber":30.237839000000001,"LongNumber":-97.858101000000005}},{"type":"Feature","id":1320,"geometry":{"type":"Point","coordinates":[-97.85813399999995,30.237718000000029]},"properties":{"OBJECTID":1320,"School ID":"Oak Hill","Feature ID":"60","Type":"Playground 2","Lat/Long":"30.237718, -97.858134","Infrastructure Quality":"L","Notes":"Dome climber, desperately needs mulch, missing attachments at bottom - safety concern","LatNumber":30.237718000000001,"LongNumber":-97.858134000000007}},{"type":"Feature","id":1321,"geometry":{"type":"Point","coordinates":[-97.858150999999964,30.237514000000033]},"properties":{"OBJECTID":1321,"School ID":"Oak Hill","Feature ID":"61","Type":"Playground 3","Lat/Long":"30.237514, -97.858151","Infrastructure Quality":"L","Notes":"5-12 playscape, desperately needs mulch","LatNumber":30.237514000000001,"LongNumber":-97.858151000000007}},{"type":"Feature","id":1322,"geometry":{"type":"Point","coordinates":[-97.858297999999991,30.23732700000005]},"properties":{"OBJECTID":1322,"School ID":"Oak Hill","Feature ID":"62","Type":"Playground 4","Lat/Long":"30.237327, -97.858298","Infrastructure Quality":"L","Notes":"2-5 swings, set of 4, pea gravel, needs resurfacing/gravel","LatNumber":30.237327000000001,"LongNumber":-97.858298000000005}},{"type":"Feature","id":1323,"geometry":{"type":"Point","coordinates":[-97.857052999999951,30.23797200000007]},"properties":{"OBJECTID":1323,"School ID":"Oak Hill","Feature ID":"63","Type":"Playground 5","Lat/Long":"30.237972, -97.857053","Infrastructure Quality":"L","Notes":"2-5 swings, set of 4, ada path but no ada swing, not shade","LatNumber":30.237971999999999,"LongNumber":-97.857052999999993}},{"type":"Feature","id":1324,"geometry":{"type":"Point","coordinates":[-97.857123999999942,30.238064000000065]},"properties":{"OBJECTID":1324,"School ID":"Oak Hill","Feature ID":"64","Type":"Playground 6","Lat/Long":"30.238064, -97.857124","Infrastructure Quality":"L","Notes":"2-5 playscape with music, bots missing, needs mulch","LatNumber":30.238064000000001,"LongNumber":-97.857123999999999}},{"type":"Feature","id":1325,"geometry":{"type":"Point","coordinates":[-97.856988999999942,30.238068000000055]},"properties":{"OBJECTID":1325,"School ID":"Oak Hill","Feature ID":"65","Type":"Playground 7","Lat/Long":"30.238068, -97.856989","Infrastructure Quality":"M","Notes":"Unsecured airplane","LatNumber":30.238067999999998,"LongNumber":-97.856988999999999}},{"type":"Feature","id":1326,"geometry":{"type":"Point","coordinates":[-97.857226999999966,30.238122000000033]},"properties":{"OBJECTID":1326,"School ID":"Oak Hill","Feature ID":"66","Type":"Playground 8","Lat/Long":"30.238122, -97.857227","Infrastructure Quality":"L","Notes":"Being replaced, unsecured dome climber","LatNumber":30.238122000000001,"LongNumber":-97.857226999999995}},{"type":"Feature","id":1327,"geometry":{"type":"Point","coordinates":[-97.85720699999996,30.238082000000077]},"properties":{"OBJECTID":1327,"School ID":"Oak Hill","Feature ID":"67","Type":"Playground 9","Lat/Long":"30.238082, -97.857207","Infrastructure Quality":"H","Notes":"3 painted wood throughout preK area","LatNumber":30.238081999999999,"LongNumber":-97.857207000000002}},{"type":"Feature","id":1328,"geometry":{"type":"Point","coordinates":[-97.858798999999976,30.237359000000026]},"properties":{"OBJECTID":1328,"School ID":"Oak Hill","Feature ID":"68","Type":"Produce Garden 1","Lat/Long":"30.237359, -97.858799","Infrastructure Quality":"H","Notes":"PEAS maintained, ollas, 5 wooden beds","LatNumber":30.237359000000001,"LongNumber":-97.858799000000005}},{"type":"Feature","id":1329,"geometry":{"type":"Point","coordinates":[-97.858840999999984,30.237272000000075]},"properties":{"OBJECTID":1329,"School ID":"Oak Hill","Feature ID":"69","Type":"Produce Garden 2","Lat/Long":"30.237272, -97.858841","Infrastructure Quality":"H","Notes":"Garden club maintained, ollas, scouts recently remade beds with wood, 13 total beds","LatNumber":30.237272000000001,"LongNumber":-97.858840999999998}},{"type":"Feature","id":1330,"geometry":{"type":"Point","coordinates":[-97.856705999999974,30.237982000000045]},"properties":{"OBJECTID":1330,"School ID":"Oak Hill","Feature ID":"70","Type":"Produce Garden 3","Lat/Long":"30.237982, -97.856706","Infrastructure Quality":"H","Notes":"Installed by scouts, ollas","LatNumber":30.237981999999999,"LongNumber":-97.856706000000003}},{"type":"Feature","id":1331,"geometry":{"type":"Point","coordinates":[-97.85831799999994,30.238380000000063]},"properties":{"OBJECTID":1331,"School ID":"Oak Hill","Feature ID":"71","Type":"Rain Garden 1","Lat/Long":"30.238380, -97.858318","Infrastructure Quality":"H","Notes":"Smells when fills with water","LatNumber":30.238379999999999,"LongNumber":-97.858317999999997}},{"type":"Feature","id":1332,"geometry":{"type":"Point","coordinates":[-97.85886099999999,30.237504000000058]},"properties":{"OBJECTID":1332,"School ID":"Oak Hill","Feature ID":"72","Type":"Rain Garden 2","Lat/Long":"30.237504, -97.858861","Infrastructure Quality":"M","Notes":"Needs cleaning ","LatNumber":30.237504000000001,"LongNumber":-97.858861000000005}},{"type":"Feature","id":1333,"geometry":{"type":"Point","coordinates":[-97.857506999999941,30.237154000000032]},"properties":{"OBJECTID":1333,"School ID":"Oak Hill","Feature ID":"73","Type":"Rain Garden 3","Lat/Long":"30.237154, -97.857507","Infrastructure Quality":"M","Notes":"Needs cleaning ","LatNumber":30.237154,"LongNumber":-97.857506999999998}},{"type":"Feature","id":1334,"geometry":{"type":"Point","coordinates":[-97.857395999999937,30.237201000000027]},"properties":{"OBJECTID":1334,"School ID":"Oak Hill","Feature ID":"74","Type":"Rain Garden 4","Lat/Long":"30.237201, -97.857396","Infrastructure Quality":"M","Notes":"Needs cleaning ","LatNumber":30.237200999999999,"LongNumber":-97.857395999999994}},{"type":"Feature","id":1335,"geometry":{"type":"Point","coordinates":[-97.856673999999941,30.238052000000039]},"properties":{"OBJECTID":1335,"School ID":"Oak Hill","Feature ID":"75","Type":"Rain Garden 5","Lat/Long":"30.238052, -97.856674","Infrastructure Quality":"H","Notes":"Detention pond","LatNumber":30.238052,"LongNumber":-97.856673999999998}},{"type":"Feature","id":1336,"geometry":{"type":"Point","coordinates":[-97.858290999999952,30.238332000000071]},"properties":{"OBJECTID":1336,"School ID":"Oak Hill","Feature ID":"76","Type":"Shade Structure 1","Lat/Long":"30.238332, -97.858291","Infrastructure Quality":"H","Notes":"Covers sidewalk between buildings","LatNumber":30.238332,"LongNumber":-97.858290999999994}},{"type":"Feature","id":1337,"geometry":{"type":"Point","coordinates":[-97.858013999999969,30.238118000000043]},"properties":{"OBJECTID":1337,"School ID":"Oak Hill","Feature ID":"77","Type":"Shade Structure 2","Lat/Long":"30.238118, -97.858014","Infrastructure Quality":"H","Notes":"Over basketball","LatNumber":30.238118,"LongNumber":-97.858013999999997}},{"type":"Feature","id":1338,"geometry":{"type":"Point","coordinates":[-97.858258999999975,30.237963000000036]},"properties":{"OBJECTID":1338,"School ID":"Oak Hill","Feature ID":"78","Type":"Shed 1","Lat/Long":"30.237963, -97.858259","Infrastructure Quality":"M","Notes":"Primarily garden supplies, some PE, unlocked","LatNumber":30.237963000000001,"LongNumber":-97.858259000000004}},{"type":"Feature","id":1339,"geometry":{"type":"Point","coordinates":[-97.856813999999986,30.238220000000069]},"properties":{"OBJECTID":1339,"School ID":"Oak Hill","Feature ID":"79","Type":"Shed 2","Lat/Long":"30.238220, -97.856814","Infrastructure Quality":"H","Notes":"3 plastic sheds","LatNumber":30.238219999999998,"LongNumber":-97.856814}},{"type":"Feature","id":1340,"geometry":{"type":"Point","coordinates":[-97.857873999999981,30.237314000000026]},"properties":{"OBJECTID":1340,"School ID":"Oak Hill","Feature ID":"80","Type":"Track","Lat/Long":"30.237314, -97.857874","Infrastructure Quality":"M","Notes":"DG by field, pea gravel by creek","LatNumber":30.237314000000001,"LongNumber":-97.857873999999995}},{"type":"Feature","id":1341,"geometry":{"type":"Point","coordinates":[-97.858346999999981,30.238201000000061]},"properties":{"OBJECTID":1341,"School ID":"Oak Hill","Feature ID":"81","Type":"Waste receptacle 1","Lat/Long":"30.238201, -97.858347","Infrastructure Quality":"H","Notes":"Has bag, indoor trashcan with lid","LatNumber":30.238201,"LongNumber":-97.858346999999995}},{"type":"Feature","id":1342,"geometry":{"type":"Point","coordinates":[-97.858208999999988,30.237743000000023]},"properties":{"OBJECTID":1342,"School ID":"Oak Hill","Feature ID":"82","Type":"Waste receptacle 2","Lat/Long":"30.237743, -97.858209","Infrastructure Quality":"H","Notes":"Has bag, indoor trashcan with lid","LatNumber":30.237742999999998,"LongNumber":-97.858209000000002}},{"type":"Feature","id":1343,"geometry":{"type":"Point","coordinates":[-97.858233999999982,30.237590000000068]},"properties":{"OBJECTID":1343,"School ID":"Oak Hill","Feature ID":"83","Type":"Waste receptacle 3","Lat/Long":"30.237590, -97.858234","Infrastructure Quality":"H","Notes":"Has bag, indoor trashcan with lid","LatNumber":30.237590000000001,"LongNumber":-97.858233999999996}},{"type":"Feature","id":1344,"geometry":{"type":"Point","coordinates":[-97.858382999999947,30.237440000000049]},"properties":{"OBJECTID":1344,"School ID":"Oak Hill","Feature ID":"84","Type":"Waste receptacle 4","Lat/Long":"30.237440, -97.858383","Infrastructure Quality":"H","Notes":"Has bag, indoor trashcan with lid","LatNumber":30.237439999999999,"LongNumber":-97.858383000000003}},{"type":"Feature","id":1345,"geometry":{"type":"Point","coordinates":[-97.858377999999959,30.237306000000046]},"properties":{"OBJECTID":1345,"School ID":"Oak Hill","Feature ID":"85","Type":"Waste receptacle 5","Lat/Long":"30.237306, -97.858378","Infrastructure Quality":"H","Notes":"Has bag, indoor trashcan with lid","LatNumber":30.237306,"LongNumber":-97.858378000000002}},{"type":"Feature","id":1346,"geometry":{"type":"Point","coordinates":[-97.857167999999945,30.238131000000067]},"properties":{"OBJECTID":1346,"School ID":"Oak Hill","Feature ID":"86","Type":"Waste receptacle 6","Lat/Long":"30.238131, -97.857168","Infrastructure Quality":"H","Notes":"Has bag, indoor trashcan with lid, 2 in preK space","LatNumber":30.238130999999999,"LongNumber":-97.857168000000001}},{"type":"Feature","id":1347,"geometry":{"type":"Point","coordinates":[-97.858285999999964,30.237968000000023]},"properties":{"OBJECTID":1347,"School ID":"Oak Hill","Feature ID":"87","Type":"Water fountain 1","Lat/Long":"30.237968, -97.858286","Infrastructure Quality":"L","Notes":"Broken, memorial","LatNumber":30.237967999999999,"LongNumber":-97.858286000000007}},{"type":"Feature","id":1348,"geometry":{"type":"Point","coordinates":[-97.858372999999972,30.237650000000031]},"properties":{"OBJECTID":1348,"School ID":"Oak Hill","Feature ID":"88","Type":"Water fountain 2","Lat/Long":"30.237650, -97.858373","Infrastructure Quality":"L","Notes":"Broken, memorial","LatNumber":30.237649999999999,"LongNumber":-97.858373}},{"type":"Feature","id":1349,"geometry":{"type":"Point","coordinates":[-97.85687999999999,30.238152000000071]},"properties":{"OBJECTID":1349,"School ID":"Oak Hill","Feature ID":"89","Type":"Water fountain 3","Lat/Long":"30.238152, -97.856880","Infrastructure Quality":"L","Notes":"Broken","LatNumber":30.238151999999999,"LongNumber":-97.856880000000004}},{"type":"Feature","id":1350,"geometry":{"type":"Point","coordinates":[-97.859594999999956,30.237030000000061]},"properties":{"OBJECTID":1350,"School ID":"Oak Hill","Feature ID":"90","Type":"Wildlife Habitat 1","Lat/Long":"30.237030, -97.859595","Infrastructure Quality":"M","Notes":"Purple martin house, needs cleaning","LatNumber":30.237030000000001,"LongNumber":-97.859594999999999}},{"type":"Feature","id":1351,"geometry":{"type":"Point","coordinates":[-97.858618999999976,30.236965000000055]},"properties":{"OBJECTID":1351,"School ID":"Oak Hill","Feature ID":"91","Type":"Wildlife Habitat 2","Lat/Long":"30.236965, -97.858619","Infrastructure Quality":"L","Notes":"2 bat boxes on pole, wasps, top rotting","LatNumber":30.236965000000001,"LongNumber":-97.858619000000004}},{"type":"Feature","id":1352,"geometry":{"type":"Point","coordinates":[-97.858159999999941,30.237067000000025]},"properties":{"OBJECTID":1352,"School ID":"Oak Hill","Feature ID":"92","Type":"Wildlife Habitat 3","Lat/Long":"30.237067, -97.858160","Infrastructure Quality":"L","Notes":"Painted bird house","LatNumber":30.237067,"LongNumber":-97.858159999999998}},{"type":"Feature","id":1353,"geometry":{"type":"Point","coordinates":[-97.857266999999979,30.237116000000071]},"properties":{"OBJECTID":1353,"School ID":"Oak Hill","Feature ID":"93","Type":"Wildlife Habitat 4","Lat/Long":"30.237116, -97.857267","Infrastructure Quality":"L","Notes":"2 bat boxes on pole, top rotting","LatNumber":30.237116,"LongNumber":-97.857266999999993}},{"type":"Feature","id":1354,"geometry":{"type":"Point","coordinates":[-97.857348999999942,30.237154000000032]},"properties":{"OBJECTID":1354,"School ID":"Oak Hill","Feature ID":"94","Type":"Wildlife Habitat 5","Lat/Long":"30.237154, -97.857349","Infrastructure Quality":"L","Notes":"Painted bird house","LatNumber":30.237154,"LongNumber":-97.857348999999999}},{"type":"Feature","id":1355,"geometry":{"type":"Point","coordinates":[-97.856662999999969,30.238571000000036]},"properties":{"OBJECTID":1355,"School ID":"Oak Hill","Feature ID":"95","Type":"Wildlife Habitat 6","Lat/Long":"30.238571, -97.856663","Infrastructure Quality":"H","Notes":"Bird bath, needs cleaning","LatNumber":30.238571,"LongNumber":-97.856662999999998}},{"type":"Feature","id":1356,"geometry":{"type":"Point","coordinates":[-97.773620999999991,30.285802000000047]},"properties":{"OBJECTID":1356,"School ID":"O Henry","Feature ID":"1","Type":"Art 1","Lat/Long":"30.285802, -97.773621","Infrastructure Quality":"H","Notes":"Painted mural on electrical box; in fenced area with Produce 1, etc.","LatNumber":30.285802,"LongNumber":-97.773621000000006}},{"type":"Feature","id":1357,"geometry":{"type":"Point","coordinates":[-97.773227999999961,30.286086000000068]},"properties":{"OBJECTID":1357,"School ID":"O Henry","Feature ID":"2","Type":"Art 2","Lat/Long":"30.286086, -97.773228","Infrastructure Quality":"H","Notes":"Mosaic tiles on building","LatNumber":30.286086000000001,"LongNumber":-97.773228000000003}},{"type":"Feature","id":1358,"geometry":{"type":"Point","coordinates":[-97.773312999999973,30.285511000000042]},"properties":{"OBJECTID":1358,"School ID":"O Henry","Feature ID":"3","Type":"Art 3","Lat/Long":"30.285511, -97.773313","Infrastructure Quality":"H","Notes":"Pottery class planters","LatNumber":30.285511,"LongNumber":-97.773313000000002}},{"type":"Feature","id":1359,"geometry":{"type":"Point","coordinates":[-97.773387999999954,30.285617000000059]},"properties":{"OBJECTID":1359,"School ID":"O Henry","Feature ID":"4","Type":"Art 4","Lat/Long":"30.285617, -97.773388","Infrastructure Quality":"H","Notes":"Metal bunny wind chime","LatNumber":30.285616999999998,"LongNumber":-97.773387999999997}},{"type":"Feature","id":1360,"geometry":{"type":"Point","coordinates":[-97.774109999999951,30.285259000000053]},"properties":{"OBJECTID":1360,"School ID":"O Henry","Feature ID":"5","Type":"Art 5","Lat/Long":"30.285259, -97.774110","Infrastructure Quality":"H","Notes":"Tile mosaic on building","LatNumber":30.285259,"LongNumber":-97.774109999999993}},{"type":"Feature","id":1361,"geometry":{"type":"Point","coordinates":[-97.774137999999937,30.285446000000036]},"properties":{"OBJECTID":1361,"School ID":"O Henry","Feature ID":"6","Type":"Art 6","Lat/Long":"30.285446, -97.774138","Infrastructure Quality":"H","Notes":"Metal stallion statue","LatNumber":30.285446,"LongNumber":-97.774137999999994}},{"type":"Feature","id":1362,"geometry":{"type":"Point","coordinates":[-97.774651999999946,30.285916000000043]},"properties":{"OBJECTID":1362,"School ID":"O Henry","Feature ID":"7","Type":"Art 7","Lat/Long":"30.285916, -97.774652","Infrastructure Quality":"H","Notes":"Mosaic OHMS on chimney swift tower","LatNumber":30.285916,"LongNumber":-97.774652000000003}},{"type":"Feature","id":1363,"geometry":{"type":"Point","coordinates":[-97.774620999999968,30.285909000000061]},"properties":{"OBJECTID":1363,"School ID":"O Henry","Feature ID":"8","Type":"Art 8","Lat/Long":"30.285909, -97.774621","Infrastructure Quality":"M","Notes":"Mosaic OHMS on building","LatNumber":30.285909,"LongNumber":-97.774620999999996}},{"type":"Feature","id":1364,"geometry":{"type":"Point","coordinates":[-97.772837999999979,30.286563000000058]},"properties":{"OBJECTID":1364,"School ID":"O Henry","Feature ID":"9","Type":"Basketball","Lat/Long":"30.286563, -97.772838","Infrastructure Quality":"M","Notes":"4 hoop, all need new nets; in Tennis Court","LatNumber":30.286563000000001,"LongNumber":-97.772837999999993}},{"type":"Feature","id":1365,"geometry":{"type":"Point","coordinates":[-97.773838999999953,30.285732000000053]},"properties":{"OBJECTID":1365,"School ID":"O Henry","Feature ID":"10","Type":"Bench 1","Lat/Long":"30.285732, -97.773839","Infrastructure Quality":"M","Notes":"3 metal with Picnic 1, DG area under tree","LatNumber":30.285731999999999,"LongNumber":-97.773838999999995}},{"type":"Feature","id":1366,"geometry":{"type":"Point","coordinates":[-97.773613999999952,30.285754000000054]},"properties":{"OBJECTID":1366,"School ID":"O Henry","Feature ID":"11","Type":"Bench 2","Lat/Long":"30.285754, -97.773614","Infrastructure Quality":"H","Notes":"7 plastic in fenced area with Livestock 1, etc","LatNumber":30.285754000000001,"LongNumber":-97.773613999999995}},{"type":"Feature","id":1367,"geometry":{"type":"Point","coordinates":[-97.773601999999983,30.285203000000024]},"properties":{"OBJECTID":1367,"School ID":"O Henry","Feature ID":"12","Type":"Bench 3","Lat/Long":"30.285203, -97.773602","Infrastructure Quality":"H","Notes":"1 plastic with plaque space; area used for brain breaks","LatNumber":30.285202999999999,"LongNumber":-97.773601999999997}},{"type":"Feature","id":1368,"geometry":{"type":"Point","coordinates":[-97.773601999999983,30.285203000000024]},"properties":{"OBJECTID":1368,"School ID":"O Henry","Feature ID":"13","Type":"Bench 4","Lat/Long":"30.285203, -97.773602","Infrastructure Quality":"L","Notes":"2 metal; area used for brain breaks","LatNumber":30.285202999999999,"LongNumber":-97.773601999999997}},{"type":"Feature","id":1369,"geometry":{"type":"Point","coordinates":[-97.773136999999963,30.285469000000035]},"properties":{"OBJECTID":1369,"School ID":"O Henry","Feature ID":"14","Type":"Bench 5","Lat/Long":"30.285469, -97.773137","Infrastructure Quality":"L","Notes":"2 wood backyard chairs with cushions","LatNumber":30.285468999999999,"LongNumber":-97.773137000000006}},{"type":"Feature","id":1370,"geometry":{"type":"Point","coordinates":[-97.773136999999963,30.285469000000035]},"properties":{"OBJECTID":1370,"School ID":"O Henry","Feature ID":"15","Type":"Bench 6","Lat/Long":"30.285469, -97.773137","Infrastructure Quality":"M","Notes":"2 stumps","LatNumber":30.285468999999999,"LongNumber":-97.773137000000006}},{"type":"Feature","id":1371,"geometry":{"type":"Point","coordinates":[-97.773320999999953,30.285617000000059]},"properties":{"OBJECTID":1371,"School ID":"O Henry","Feature ID":"16","Type":"Bench 7","Lat/Long":"30.285617, -97.773321","Infrastructure Quality":"L","Notes":"1 wood","LatNumber":30.285616999999998,"LongNumber":-97.773320999999996}},{"type":"Feature","id":1372,"geometry":{"type":"Point","coordinates":[-97.774371999999971,30.285121000000061]},"properties":{"OBJECTID":1372,"School ID":"O Henry","Feature ID":"17","Type":"Bench 8","Lat/Long":"30.285121, -97.774372","Infrastructure Quality":"L","Notes":"2 metal","LatNumber":30.285121,"LongNumber":-97.774372}},{"type":"Feature","id":1373,"geometry":{"type":"Point","coordinates":[-97.774295999999936,30.285128000000043]},"properties":{"OBJECTID":1373,"School ID":"O Henry","Feature ID":"18","Type":"Bench 9","Lat/Long":"30.285128, -97.774296","Infrastructure Quality":"H","Notes":"4 stone blocks, plaque on 2","LatNumber":30.285128,"LongNumber":-97.774296000000007}},{"type":"Feature","id":1374,"geometry":{"type":"Point","coordinates":[-97.774295999999936,30.285128000000043]},"properties":{"OBJECTID":1374,"School ID":"O Henry","Feature ID":"19","Type":"Bench 10","Lat/Long":"30.285128, -97.774296","Infrastructure Quality":"H","Notes":"2 stone benches","LatNumber":30.285128,"LongNumber":-97.774296000000007}},{"type":"Feature","id":1375,"geometry":{"type":"Point","coordinates":[-97.774421999999959,30.285206000000073]},"properties":{"OBJECTID":1375,"School ID":"O Henry","Feature ID":"20","Type":"Bench 11","Lat/Long":"30.285206, -97.774422","Infrastructure Quality":"H","Notes":"4 stone blocks, plaque on 3","LatNumber":30.285205999999999,"LongNumber":-97.774422000000001}},{"type":"Feature","id":1376,"geometry":{"type":"Point","coordinates":[-97.774421999999959,30.285206000000073]},"properties":{"OBJECTID":1376,"School ID":"O Henry","Feature ID":"21","Type":"Bench 12","Lat/Long":"30.285206, -97.774422","Infrastructure Quality":"H","Notes":"2 stone benches","LatNumber":30.285205999999999,"LongNumber":-97.774422000000001}},{"type":"Feature","id":1377,"geometry":{"type":"Point","coordinates":[-97.774250999999936,30.285195000000044]},"properties":{"OBJECTID":1377,"School ID":"O Henry","Feature ID":"22","Type":"Bench 13","Lat/Long":"30.285195, -97.774251","Infrastructure Quality":"H","Notes":"7 stone blocks around flagpole","LatNumber":30.285195000000002,"LongNumber":-97.774251000000007}},{"type":"Feature","id":1378,"geometry":{"type":"Point","coordinates":[-97.774223999999947,30.285177000000033]},"properties":{"OBJECTID":1378,"School ID":"O Henry","Feature ID":"23","Type":"Bench 14","Lat/Long":"30.285177, -97.774224","Infrastructure Quality":"M","Notes":"6 stumps, 2 cut like chairs, slanty tops","LatNumber":30.285177000000001,"LongNumber":-97.774224000000004}},{"type":"Feature","id":1379,"geometry":{"type":"Point","coordinates":[-97.774382999999943,30.285359000000028]},"properties":{"OBJECTID":1379,"School ID":"O Henry","Feature ID":"24","Type":"Bench 15","Lat/Long":"30.285359, -97.774383","Infrastructure Quality":"H","Notes":"4 metal","LatNumber":30.285359,"LongNumber":-97.774383}},{"type":"Feature","id":1380,"geometry":{"type":"Point","coordinates":[-97.774269999999945,30.285397000000046]},"properties":{"OBJECTID":1380,"School ID":"O Henry","Feature ID":"25","Type":"Bench 16","Lat/Long":"30.285397, -97.774270","Infrastructure Quality":"H","Notes":"6 stone blocks","LatNumber":30.285397,"LongNumber":-97.774270000000001}},{"type":"Feature","id":1381,"geometry":{"type":"Point","coordinates":[-97.774152999999956,30.285464000000047]},"properties":{"OBJECTID":1381,"School ID":"O Henry","Feature ID":"26","Type":"Bench 17","Lat/Long":"30.285464, -97.774153","Infrastructure Quality":"M","Notes":"2 wood/metal decorative bench","LatNumber":30.285464000000001,"LongNumber":-97.774152999999998}},{"type":"Feature","id":1382,"geometry":{"type":"Point","coordinates":[-97.774239999999963,30.286024000000054]},"properties":{"OBJECTID":1382,"School ID":"O Henry","Feature ID":"27","Type":"Bench 18","Lat/Long":"30.286024, -97.774240","Infrastructure Quality":"M","Notes":"2 metal under building awning","LatNumber":30.286024000000001,"LongNumber":-97.774240000000006}},{"type":"Feature","id":1383,"geometry":{"type":"Point","coordinates":[-97.774456999999984,30.286238000000026]},"properties":{"OBJECTID":1383,"School ID":"O Henry","Feature ID":"28","Type":"Bench 19","Lat/Long":"30.286238, -97.774457","Infrastructure Quality":"H","Notes":"20 limestone blocks, may act as barrier for cars","LatNumber":30.286238000000001,"LongNumber":-97.774456999999998}},{"type":"Feature","id":1384,"geometry":{"type":"Point","coordinates":[-97.774428999999941,30.286524000000043]},"properties":{"OBJECTID":1384,"School ID":"O Henry","Feature ID":"29","Type":"Bench 20","Lat/Long":"30.286524, -97.774429","Infrastructure Quality":"H","Notes":"6 limestone blocks in Lawn 9","LatNumber":30.286524,"LongNumber":-97.774428999999998}},{"type":"Feature","id":1385,"geometry":{"type":"Point","coordinates":[-97.772899999999936,30.285631000000024]},"properties":{"OBJECTID":1385,"School ID":"O Henry","Feature ID":"30","Type":"Bench 21","Lat/Long":"30.285631, -97.772900","Infrastructure Quality":"H","Notes":"Metal","LatNumber":30.285630999999999,"LongNumber":-97.772900000000007}},{"type":"Feature","id":1386,"geometry":{"type":"Point","coordinates":[-97.774318999999991,30.285541000000023]},"properties":{"OBJECTID":1386,"School ID":"O Henry","Feature ID":"31","Type":"Bike Rack","Lat/Long":"30.285541, -97.774319","Infrastructure Quality":"H","Notes":"Cluster of 6: 2 metal District, 4 school-installed; lots of bikes (regular + electric)","LatNumber":30.285540999999998,"LongNumber":-97.774319000000006}},{"type":"Feature","id":1387,"geometry":{"type":"Point","coordinates":[-97.77356199999997,30.285914000000048]},"properties":{"OBJECTID":1387,"School ID":"O Henry","Feature ID":"32","Type":"Cistern/Rain Barrel","Lat/Long":"30.285914, -97.773562","Infrastructure Quality":"H","Notes":"Newly purchased with BGFG, unconnected, on sand area but not cement pad; in fenced area with Produce 1, Livestock 1","LatNumber":30.285913999999998,"LongNumber":-97.773561999999998}},{"type":"Feature","id":1388,"geometry":{"type":"Point","coordinates":[-97.773552999999936,30.28577400000006]},"properties":{"OBJECTID":1388,"School ID":"O Henry","Feature ID":"33","Type":"Compost 1","Lat/Long":"30.285774, -97.773553","Infrastructure Quality":"H","Notes":"2 rollers","LatNumber":30.285774,"LongNumber":-97.773553000000007}},{"type":"Feature","id":1389,"geometry":{"type":"Point","coordinates":[-97.773172999999986,30.285542000000078]},"properties":{"OBJECTID":1389,"School ID":"O Henry","Feature ID":"34","Type":"Compost 2","Lat/Long":"30.285542, -97.773173","Infrastructure Quality":"H","Notes":"Wood frame, yard clippings","LatNumber":30.285542,"LongNumber":-97.773173}},{"type":"Feature","id":1390,"geometry":{"type":"Point","coordinates":[-97.773758999999984,30.286831000000063]},"properties":{"OBJECTID":1390,"School ID":"O Henry","Feature ID":"35","Type":"Field","Lat/Long":"30.286831, -97.773759","Infrastructure Quality":"H","Notes":"Football with lighting and digital score board; 3 soccer goals set aside","LatNumber":30.286830999999999,"LongNumber":-97.773758999999998}},{"type":"Feature","id":1391,"geometry":{"type":"Point","coordinates":[-97.773796999999945,30.284947000000045]},"properties":{"OBJECTID":1391,"School ID":"O Henry","Feature ID":"36","Type":"Gaga Ball Pit 1","Lat/Long":"30.284947, -97.773797","Infrastructure Quality":"H","Notes":"Plastic","LatNumber":30.284946999999999,"LongNumber":-97.773797000000002}},{"type":"Feature","id":1392,"geometry":{"type":"Point","coordinates":[-97.773435999999947,30.286467000000073]},"properties":{"OBJECTID":1392,"School ID":"O Henry","Feature ID":"37","Type":"Gaga Ball Pit 2","Lat/Long":"30.286467, -97.773436","Infrastructure Quality":"M","Notes":"Wood","LatNumber":30.286466999999998,"LongNumber":-97.773436000000004}},{"type":"Feature","id":1393,"geometry":{"type":"Point","coordinates":[-97.773394999999937,30.285097000000064]},"properties":{"OBJECTID":1393,"School ID":"O Henry","Feature ID":"38","Type":"Habitat Garden 1","Lat/Long":"30.285097, -97.773395","Infrastructure Quality":"H","Notes":"Well established plants; in courtyard area with Nature Trail 1, etc.","LatNumber":30.285097,"LongNumber":-97.773394999999994}},{"type":"Feature","id":1394,"geometry":{"type":"Point","coordinates":[-97.773278999999945,30.285546000000068]},"properties":{"OBJECTID":1394,"School ID":"O Henry","Feature ID":"39","Type":"Habitat Garden 2","Lat/Long":"30.285546, -97.773279","Infrastructure Quality":"H","Notes":"Well established plants + NWF sign for area; in courtyard area with Nature Trail 2, etc.","LatNumber":30.285546,"LongNumber":-97.773279000000002}},{"type":"Feature","id":1395,"geometry":{"type":"Point","coordinates":[-97.773571999999945,30.285948000000076]},"properties":{"OBJECTID":1395,"School ID":"O Henry","Feature ID":"40","Type":"Lawn 1","Lat/Long":"30.285948, -97.773572","Infrastructure Quality":"M","Notes":null,"LatNumber":30.285948000000001,"LongNumber":-97.773572000000001}},{"type":"Feature","id":1396,"geometry":{"type":"Point","coordinates":[-97.772934999999961,30.285243000000037]},"properties":{"OBJECTID":1396,"School ID":"O Henry","Feature ID":"41","Type":"Lawn 2","Lat/Long":"30.285243, -97.772935","Infrastructure Quality":"M","Notes":null,"LatNumber":30.285243000000001,"LongNumber":-97.772935000000004}},{"type":"Feature","id":1397,"geometry":{"type":"Point","coordinates":[-97.773067999999967,30.284964000000059]},"properties":{"OBJECTID":1397,"School ID":"O Henry","Feature ID":"42","Type":"Lawn 3","Lat/Long":"30.284964, -97.773068","Infrastructure Quality":"L","Notes":"Extensive erosion right at building","LatNumber":30.284963999999999,"LongNumber":-97.773067999999995}},{"type":"Feature","id":1398,"geometry":{"type":"Point","coordinates":[-97.773622999999986,30.284800000000075]},"properties":{"OBJECTID":1398,"School ID":"O Henry","Feature ID":"43","Type":"Lawn 4","Lat/Long":"30.284800, -97.773623","Infrastructure Quality":"M","Notes":null,"LatNumber":30.284800000000001,"LongNumber":-97.773623000000001}},{"type":"Feature","id":1399,"geometry":{"type":"Point","coordinates":[-97.774036999999964,30.285063000000036]},"properties":{"OBJECTID":1399,"School ID":"O Henry","Feature ID":"44","Type":"Lawn 5","Lat/Long":"30.285063, -97.774037","Infrastructure Quality":"L","Notes":null,"LatNumber":30.285063000000001,"LongNumber":-97.774037000000007}},{"type":"Feature","id":1400,"geometry":{"type":"Point","coordinates":[-97.774235999999974,30.285239000000047]},"properties":{"OBJECTID":1400,"School ID":"O Henry","Feature ID":"45","Type":"Lawn 6","Lat/Long":"30.285239, -97.774236","Infrastructure Quality":"H","Notes":"3 sets of artifical turf","LatNumber":30.285239000000001,"LongNumber":-97.774236000000002}},{"type":"Feature","id":1401,"geometry":{"type":"Point","coordinates":[-97.774999999999977,30.285581000000036]},"properties":{"OBJECTID":1401,"School ID":"O Henry","Feature ID":"46","Type":"Lawn 7","Lat/Long":"30.285581, -97.775000","Infrastructure Quality":"M","Notes":"Contains Nature Trail 3 ","LatNumber":30.285581000000001,"LongNumber":-97.775000000000006}},{"type":"Feature","id":1402,"geometry":{"type":"Point","coordinates":[-97.774626999999953,30.28606300000007]},"properties":{"OBJECTID":1402,"School ID":"O Henry","Feature ID":"47","Type":"Lawn 8","Lat/Long":"30.286063, -97.774627","Infrastructure Quality":"H","Notes":"Contains Nature Trail 4","LatNumber":30.286062999999999,"LongNumber":-97.774626999999995}},{"type":"Feature","id":1403,"geometry":{"type":"Point","coordinates":[-97.774428999999941,30.28643900000003]},"properties":{"OBJECTID":1403,"School ID":"O Henry","Feature ID":"48","Type":"Lawn 9","Lat/Long":"30.286439, -97.774429","Infrastructure Quality":"H","Notes":"Contains 3 soccer nets and Bench 20","LatNumber":30.286439000000001,"LongNumber":-97.774428999999998}},{"type":"Feature","id":1404,"geometry":{"type":"Point","coordinates":[-97.772654999999986,30.286481000000038]},"properties":{"OBJECTID":1404,"School ID":"O Henry","Feature ID":"49","Type":"Lawn 10","Lat/Long":"30.286481, -97.772655","Infrastructure Quality":"M","Notes":null,"LatNumber":30.286480999999998,"LongNumber":-97.772655}},{"type":"Feature","id":1405,"geometry":{"type":"Point","coordinates":[-97.773003999999958,30.285990000000027]},"properties":{"OBJECTID":1405,"School ID":"O Henry","Feature ID":"50","Type":"Lawn 11","Lat/Long":"30.285990, -97.773004","Infrastructure Quality":"M","Notes":"Contains Solar","LatNumber":30.285990000000002,"LongNumber":-97.773004}},{"type":"Feature","id":1406,"geometry":{"type":"Point","coordinates":[-97.772943999999939,30.28572500000007]},"properties":{"OBJECTID":1406,"School ID":"O Henry","Feature ID":"51","Type":"Lawn 12","Lat/Long":"30.285725, -97.772944","Infrastructure Quality":"M","Notes":"Contains Outdoor Classroom 2","LatNumber":30.285724999999999,"LongNumber":-97.772943999999995}},{"type":"Feature","id":1407,"geometry":{"type":"Point","coordinates":[-97.77356199999997,30.285815000000071]},"properties":{"OBJECTID":1407,"School ID":"O Henry","Feature ID":"52","Type":"Livestock 1","Lat/Long":"30.285815, -97.773562","Infrastructure Quality":"H","Notes":"2 chicken coops with chickens, used by Native Plants & Animals class, in fenced area with Produce 1, Cistern","LatNumber":30.285814999999999,"LongNumber":-97.773561999999998}},{"type":"Feature","id":1408,"geometry":{"type":"Point","coordinates":[-97.773404999999968,30.285213000000056]},"properties":{"OBJECTID":1408,"School ID":"O Henry","Feature ID":"53","Type":"Livestock 2","Lat/Long":"30.285213, -97.773405","Infrastructure Quality":"H","Notes":"Wooden goat enclosure, painted; goats kept off site","LatNumber":30.285212999999999,"LongNumber":-97.773404999999997}},{"type":"Feature","id":1409,"geometry":{"type":"Point","coordinates":[-97.773560999999972,30.285248000000024]},"properties":{"OBJECTID":1409,"School ID":"O Henry","Feature ID":"54","Type":"Nature Trail 1","Lat/Long":"30.285248, -97.773561","Infrastructure Quality":"M","Notes":"DG with stone border, grass encroaching","LatNumber":30.285247999999999,"LongNumber":-97.773561000000001}},{"type":"Feature","id":1410,"geometry":{"type":"Point","coordinates":[-97.773212999999942,30.28546700000004]},"properties":{"OBJECTID":1410,"School ID":"O Henry","Feature ID":"55","Type":"Nature Trail 2","Lat/Long":"30.285467, -97.773213","Infrastructure Quality":"M","Notes":"DG with stone border, grass encroaching","LatNumber":30.285467000000001,"LongNumber":-97.773212999999998}},{"type":"Feature","id":1411,"geometry":{"type":"Point","coordinates":[-97.774854999999945,30.285585000000026]},"properties":{"OBJECTID":1411,"School ID":"O Henry","Feature ID":"56","Type":"Nature Trail 3","Lat/Long":"30.285585, -97.774855","Infrastructure Quality":"L","Notes":"Old path with broken metal edge; in Lawn 7","LatNumber":30.285585000000001,"LongNumber":-97.774855000000002}},{"type":"Feature","id":1412,"geometry":{"type":"Point","coordinates":[-97.774596999999972,30.285953000000063]},"properties":{"OBJECTID":1412,"School ID":"O Henry","Feature ID":"57","Type":"Nature Trail 4","Lat/Long":"30.285953, -97.774597","Infrastructure Quality":"M","Notes":"Stone steps through Lawn 8","LatNumber":30.285952999999999,"LongNumber":-97.774597}},{"type":"Feature","id":1413,"geometry":{"type":"Point","coordinates":[-97.773201999999969,30.285390000000064]},"properties":{"OBJECTID":1413,"School ID":"O Henry","Feature ID":"58","Type":"Other 1","Lat/Long":"30.285390, -97.773202","Infrastructure Quality":"M","Notes":"Wood pergola with trellis + grapvine, benches; NWF sign attached","LatNumber":30.28539,"LongNumber":-97.773201999999998}},{"type":"Feature","id":1414,"geometry":{"type":"Point","coordinates":[-97.773423999999977,30.285650000000032]},"properties":{"OBJECTID":1414,"School ID":"O Henry","Feature ID":"59","Type":"Other 2","Lat/Long":"30.285650, -97.773424","Infrastructure Quality":"L","Notes":"White plastic trellis","LatNumber":30.28565,"LongNumber":-97.773424000000006}},{"type":"Feature","id":1415,"geometry":{"type":"Point","coordinates":[-97.774171999999965,30.285479000000066]},"properties":{"OBJECTID":1415,"School ID":"O Henry","Feature ID":"60","Type":"Other 3","Lat/Long":"30.285479, -97.774172","Infrastructure Quality":"M","Notes":"Little Free Library, no door, no books","LatNumber":30.285478999999999,"LongNumber":-97.774171999999993}},{"type":"Feature","id":1416,"geometry":{"type":"Point","coordinates":[-97.774269999999945,30.286858000000052]},"properties":{"OBJECTID":1416,"School ID":"O Henry","Feature ID":"61","Type":"Other 4","Lat/Long":"30.286858, -97.774270","Infrastructure Quality":"M","Notes":"5 bleachers along track","LatNumber":30.286857999999999,"LongNumber":-97.774270000000001}},{"type":"Feature","id":1417,"geometry":{"type":"Point","coordinates":[-97.774343999999985,30.285465000000045]},"properties":{"OBJECTID":1417,"School ID":"O Henry","Feature ID":"62","Type":"Outdoor Classroom 1","Lat/Long":"30.285465, -97.774344","Infrastructure Quality":"H","Notes":"18 stumps","LatNumber":30.285464999999999,"LongNumber":-97.774343999999999}},{"type":"Feature","id":1418,"geometry":{"type":"Point","coordinates":[-97.773078999999939,30.285764000000029]},"properties":{"OBJECTID":1418,"School ID":"O Henry","Feature ID":"63","Type":"Outdoor Classroom 2","Lat/Long":"30.285764, -97.773079","Infrastructure Quality":"L","Notes":"5 wood benches, whiteboard frame with no whiteboard","LatNumber":30.285764,"LongNumber":-97.773078999999996}},{"type":"Feature","id":1419,"geometry":{"type":"Point","coordinates":[-97.773883999999953,30.28568400000006]},"properties":{"OBJECTID":1419,"School ID":"O Henry","Feature ID":"64","Type":"Picnic table 1","Lat/Long":"30.285684, -97.773884","Infrastructure Quality":"M","Notes":"3 metal with Bench 1, DG area under tree","LatNumber":30.285684,"LongNumber":-97.773883999999995}},{"type":"Feature","id":1420,"geometry":{"type":"Point","coordinates":[-97.77357399999994,30.286002000000053]},"properties":{"OBJECTID":1420,"School ID":"O Henry","Feature ID":"65","Type":"Picnic table 2","Lat/Long":"30.286002, -97.773574","Infrastructure Quality":"L","Notes":"metal","LatNumber":30.286002,"LongNumber":-97.773573999999996}},{"type":"Feature","id":1421,"geometry":{"type":"Point","coordinates":[-97.773632999999961,30.285848000000044]},"properties":{"OBJECTID":1421,"School ID":"O Henry","Feature ID":"66","Type":"Picnic table 3","Lat/Long":"30.285848, -97.773633","Infrastructure Quality":"M","Notes":"1 wood, painted; in fenced area with Produce 1","LatNumber":30.285848000000001,"LongNumber":-97.773633000000004}},{"type":"Feature","id":1422,"geometry":{"type":"Point","coordinates":[-97.773601999999983,30.285203000000024]},"properties":{"OBJECTID":1422,"School ID":"O Henry","Feature ID":"67","Type":"Picnic table 4","Lat/Long":"30.285203, -97.773602","Infrastructure Quality":"L","Notes":"1 wood; area used for brain breaks","LatNumber":30.285202999999999,"LongNumber":-97.773601999999997}},{"type":"Feature","id":1423,"geometry":{"type":"Point","coordinates":[-97.773601999999983,30.285203000000024]},"properties":{"OBJECTID":1423,"School ID":"O Henry","Feature ID":"68","Type":"Picnic table 5","Lat/Long":"30.285203, -97.773602","Infrastructure Quality":"M","Notes":"2 wood, painted; area used for brain breaks","LatNumber":30.285202999999999,"LongNumber":-97.773601999999997}},{"type":"Feature","id":1424,"geometry":{"type":"Point","coordinates":[-97.773856999999964,30.285169000000053]},"properties":{"OBJECTID":1424,"School ID":"O Henry","Feature ID":"69","Type":"Picnic table 6","Lat/Long":"30.285169, -97.773857","Infrastructure Quality":"M","Notes":"1 wood, painted; in fenced area with Produce 2","LatNumber":30.285169,"LongNumber":-97.773857000000007}},{"type":"Feature","id":1425,"geometry":{"type":"Point","coordinates":[-97.774382999999943,30.285359000000028]},"properties":{"OBJECTID":1425,"School ID":"O Henry","Feature ID":"70","Type":"Picnic table 7","Lat/Long":"30.285359, -97.774383","Infrastructure Quality":"H","Notes":"6 square metal, 11 rectangle metal","LatNumber":30.285359,"LongNumber":-97.774383}},{"type":"Feature","id":1426,"geometry":{"type":"Point","coordinates":[-97.774420999999961,30.285466000000042]},"properties":{"OBJECTID":1426,"School ID":"O Henry","Feature ID":"71","Type":"Picnic table 8","Lat/Long":"30.285466, -97.774421","Infrastructure Quality":"M","Notes":"9 wood, painted","LatNumber":30.285466,"LongNumber":-97.774421000000004}},{"type":"Feature","id":1427,"geometry":{"type":"Point","coordinates":[-97.773135999999965,30.285398000000043]},"properties":{"OBJECTID":1427,"School ID":"O Henry","Feature ID":"72","Type":"Pond","Lat/Long":"30.285398, -97.773136","Infrastructure Quality":"M","Notes":"Stock tank with water, no bubbler, etc","LatNumber":30.285398000000001,"LongNumber":-97.773135999999994}},{"type":"Feature","id":1428,"geometry":{"type":"Point","coordinates":[-97.773616999999945,30.285898000000032]},"properties":{"OBJECTID":1428,"School ID":"O Henry","Feature ID":"73","Type":"Produce Garden 1","Lat/Long":"30.285898, -97.773617","Infrastructure Quality":"H","Notes":"7 beds with stone border, used by Native Plants & Animals class; in fenced area with Cistern 1, Livestock 1","LatNumber":30.285898,"LongNumber":-97.773617000000002}},{"type":"Feature","id":1429,"geometry":{"type":"Point","coordinates":[-97.773923999999965,30.28518500000007]},"properties":{"OBJECTID":1429,"School ID":"O Henry","Feature ID":"74","Type":"Produce Garden 2","Lat/Long":"30.285185, -97.773924","Infrastructure Quality":"M","Notes":"2 beds with stone borders; in fenced area with Picnic 6","LatNumber":30.285184999999998,"LongNumber":-97.773923999999994}},{"type":"Feature","id":1430,"geometry":{"type":"Point","coordinates":[-97.773691999999983,30.285642000000053]},"properties":{"OBJECTID":1430,"School ID":"O Henry","Feature ID":"75","Type":"Rain Garden 1","Lat/Long":"30.285642, -97.773692","Infrastructure Quality":"M","Notes":"Detention pond, floods","LatNumber":30.285641999999999,"LongNumber":-97.773691999999997}},{"type":"Feature","id":1431,"geometry":{"type":"Point","coordinates":[-97.773657999999955,30.285811000000024]},"properties":{"OBJECTID":1431,"School ID":"O Henry","Feature ID":"76","Type":"Rain Garden 2","Lat/Long":"30.285811, -97.773658","Infrastructure Quality":"H","Notes":"Detention area with drain grate","LatNumber":30.285810999999999,"LongNumber":-97.773657999999998}},{"type":"Feature","id":1432,"geometry":{"type":"Point","coordinates":[-97.773282999999992,30.284625000000062]},"properties":{"OBJECTID":1432,"School ID":"O Henry","Feature ID":"77","Type":"Rain Garden 3","Lat/Long":"30.284625, -97.773283","Infrastructure Quality":"M","Notes":null,"LatNumber":30.284624999999998,"LongNumber":-97.773283000000006}},{"type":"Feature","id":1433,"geometry":{"type":"Point","coordinates":[-97.775121999999953,30.285521000000074]},"properties":{"OBJECTID":1433,"School ID":"O Henry","Feature ID":"78","Type":"Rain Garden 4","Lat/Long":"30.285521, -97.775122","Infrastructure Quality":"H","Notes":"Detention pond","LatNumber":30.285520999999999,"LongNumber":-97.775121999999996}},{"type":"Feature","id":1434,"geometry":{"type":"Point","coordinates":[-97.774109999999951,30.286229000000048]},"properties":{"OBJECTID":1434,"School ID":"O Henry","Feature ID":"79","Type":"Shade Structure","Lat/Long":"30.286229, -97.774110","Infrastructure Quality":"M","Notes":"Some holes, over Water Fountain 2","LatNumber":30.286228999999999,"LongNumber":-97.774109999999993}},{"type":"Feature","id":1435,"geometry":{"type":"Point","coordinates":[-97.773400999999978,30.286121000000037]},"properties":{"OBJECTID":1435,"School ID":"O Henry","Feature ID":"80","Type":"Shed 1","Lat/Long":"30.286121, -97.773401","Infrastructure Quality":"M","Notes":"Wood with ramp","LatNumber":30.286121000000001,"LongNumber":-97.773401000000007}},{"type":"Feature","id":1436,"geometry":{"type":"Point","coordinates":[-97.773146999999938,30.285534000000041]},"properties":{"OBJECTID":1436,"School ID":"O Henry","Feature ID":"81","Type":"Shed 2","Lat/Long":"30.285534, -97.773147","Infrastructure Quality":"M","Notes":"Plastic, missing door, empty","LatNumber":30.285533999999998,"LongNumber":-97.773146999999994}},{"type":"Feature","id":1437,"geometry":{"type":"Point","coordinates":[-97.774266999999952,30.28550400000006]},"properties":{"OBJECTID":1437,"School ID":"O Henry","Feature ID":"82","Type":"Shed 3","Lat/Long":"30.285504, -97.774267","Infrastructure Quality":"M","Notes":"Plastic, empty","LatNumber":30.285504,"LongNumber":-97.774266999999995}},{"type":"Feature","id":1438,"geometry":{"type":"Point","coordinates":[-97.773215999999991,30.286512000000073]},"properties":{"OBJECTID":1438,"School ID":"O Henry","Feature ID":"83","Type":"Shed 4","Lat/Long":"30.286512, -97.773216","Infrastructure Quality":"H","Notes":"Wood","LatNumber":30.286511999999998,"LongNumber":-97.773216000000005}},{"type":"Feature","id":1439,"geometry":{"type":"Point","coordinates":[-97.772940999999946,30.286072000000047]},"properties":{"OBJECTID":1439,"School ID":"O Henry","Feature ID":"84","Type":"Solar ","Lat/Long":"30.286072, -97.772941","Infrastructure Quality":"H","Notes":"2 panels, fenced","LatNumber":30.286072000000001,"LongNumber":-97.772941000000003}},{"type":"Feature","id":1440,"geometry":{"type":"Point","coordinates":[-97.772837999999979,30.286563000000058]},"properties":{"OBJECTID":1440,"School ID":"O Henry","Feature ID":"85","Type":"Tennis Court","Lat/Long":"30.286563, -97.772838","Infrastructure Quality":"M","Notes":"Striped with 1 net; Basketball hoops in same area","LatNumber":30.286563000000001,"LongNumber":-97.772837999999993}},{"type":"Feature","id":1441,"geometry":{"type":"Point","coordinates":[-97.774096999999983,30.286391000000037]},"properties":{"OBJECTID":1441,"School ID":"O Henry","Feature ID":"86","Type":"Track","Lat/Long":"30.286391, -97.774097","Infrastructure Quality":"H","Notes":"Striped","LatNumber":30.286390999999998,"LongNumber":-97.774096999999998}},{"type":"Feature","id":1442,"geometry":{"type":"Point","coordinates":[-97.773892999999987,30.285762000000034]},"properties":{"OBJECTID":1442,"School ID":"O Henry","Feature ID":"87","Type":"Waste receptacle 1","Lat/Long":"30.285762, -97.773893","Infrastructure Quality":"M","Notes":"Metal","LatNumber":30.285761999999998,"LongNumber":-97.773893000000001}},{"type":"Feature","id":1443,"geometry":{"type":"Point","coordinates":[-97.773937999999987,30.284917000000064]},"properties":{"OBJECTID":1443,"School ID":"O Henry","Feature ID":"88","Type":"Waste receptacle 2","Lat/Long":"30.284917, -97.773938","Infrastructure Quality":"M","Notes":"Metal","LatNumber":30.284917,"LongNumber":-97.773938000000001}},{"type":"Feature","id":1444,"geometry":{"type":"Point","coordinates":[-97.774036999999964,30.285063000000036]},"properties":{"OBJECTID":1444,"School ID":"O Henry","Feature ID":"89","Type":"Waste receptacle 3","Lat/Long":"30.285063, -97.774037","Infrastructure Quality":"M","Notes":"Metal","LatNumber":30.285063000000001,"LongNumber":-97.774037000000007}},{"type":"Feature","id":1445,"geometry":{"type":"Point","coordinates":[-97.774332999999956,30.285412000000065]},"properties":{"OBJECTID":1445,"School ID":"O Henry","Feature ID":"90","Type":"Waste receptacle 4","Lat/Long":"30.285412, -97.774333","Infrastructure Quality":"M","Notes":"Metal","LatNumber":30.285412000000001,"LongNumber":-97.774332999999999}},{"type":"Feature","id":1446,"geometry":{"type":"Point","coordinates":[-97.774233999999979,30.285453000000075]},"properties":{"OBJECTID":1446,"School ID":"O Henry","Feature ID":"91","Type":"Waste receptacle 5","Lat/Long":"30.285453, -97.774234","Infrastructure Quality":"M","Notes":"Wood trash coffin","LatNumber":30.285453,"LongNumber":-97.774234000000007}},{"type":"Feature","id":1447,"geometry":{"type":"Point","coordinates":[-97.774368999999979,30.285544000000073]},"properties":{"OBJECTID":1447,"School ID":"O Henry","Feature ID":"92","Type":"Waste receptacle 6","Lat/Long":"30.285544, -97.774369","Infrastructure Quality":"H","Notes":"Metal, behind bike rack","LatNumber":30.285544000000002,"LongNumber":-97.774368999999993}},{"type":"Feature","id":1448,"geometry":{"type":"Point","coordinates":[-97.774365999999986,30.285986000000037]},"properties":{"OBJECTID":1448,"School ID":"O Henry","Feature ID":"93","Type":"Waste receptacle 7","Lat/Long":"30.285986, -97.774366","Infrastructure Quality":"M","Notes":"Metal","LatNumber":30.285986000000001,"LongNumber":-97.774366000000001}},{"type":"Feature","id":1449,"geometry":{"type":"Point","coordinates":[-97.77412099999998,30.286190000000033]},"properties":{"OBJECTID":1449,"School ID":"O Henry","Feature ID":"94","Type":"Water fountain 1","Lat/Long":"30.286190, -97.774121","Infrastructure Quality":"H","Notes":"2 spouts + bottle filler","LatNumber":30.286190000000001,"LongNumber":-97.774120999999994}},{"type":"Feature","id":1450,"geometry":{"type":"Point","coordinates":[-97.774109999999951,30.286229000000048]},"properties":{"OBJECTID":1450,"School ID":"O Henry","Feature ID":"95","Type":"Water fountain 2","Lat/Long":"30.286229, -97.774110","Infrastructure Quality":"H","Notes":null,"LatNumber":30.286228999999999,"LongNumber":-97.774109999999993}},{"type":"Feature","id":1451,"geometry":{"type":"Point","coordinates":[-97.773620999999991,30.285802000000047]},"properties":{"OBJECTID":1451,"School ID":"O Henry","Feature ID":"96","Type":"Wildlife Habitat 1","Lat/Long":"30.285802, -97.773621","Infrastructure Quality":"M","Notes":"Bird houses on top of electrical box, decorative; in fenced area with Produce 1, etc.","LatNumber":30.285802,"LongNumber":-97.773621000000006}},{"type":"Feature","id":1452,"geometry":{"type":"Point","coordinates":[-97.773542999999961,30.285166000000061]},"properties":{"OBJECTID":1452,"School ID":"O Henry","Feature ID":"97","Type":"Wildlife Habitat 2","Lat/Long":"30.285166, -97.773543","Infrastructure Quality":"H","Notes":"4 bird feeders; filled by teacher","LatNumber":30.285166,"LongNumber":-97.773543000000004}},{"type":"Feature","id":1453,"geometry":{"type":"Point","coordinates":[-97.773542999999961,30.285166000000061]},"properties":{"OBJECTID":1453,"School ID":"O Henry","Feature ID":"98","Type":"Wildlife Habitat 3","Lat/Long":"30.285166, -97.773543","Infrastructure Quality":"M","Notes":"wood bird house; filled by teacher","LatNumber":30.285166,"LongNumber":-97.773543000000004}},{"type":"Feature","id":1454,"geometry":{"type":"Point","coordinates":[-97.773542999999961,30.285166000000061]},"properties":{"OBJECTID":1454,"School ID":"O Henry","Feature ID":"99","Type":"Wildlife Habitat 4","Lat/Long":"30.285166, -97.773543","Infrastructure Quality":"H","Notes":"bird bath; filled by teacher","LatNumber":30.285166,"LongNumber":-97.773543000000004}},{"type":"Feature","id":1455,"geometry":{"type":"Point","coordinates":[-97.773442999999986,30.285617000000059]},"properties":{"OBJECTID":1455,"School ID":"O Henry","Feature ID":"100","Type":"Wildlife Habitat 5","Lat/Long":"30.285617, -97.773443","Infrastructure Quality":"H","Notes":"2 bird feeders","LatNumber":30.285616999999998,"LongNumber":-97.773443}},{"type":"Feature","id":1456,"geometry":{"type":"Point","coordinates":[-97.773442999999986,30.285617000000059]},"properties":{"OBJECTID":1456,"School ID":"O Henry","Feature ID":"101","Type":"Wildlife Habitat 6","Lat/Long":"30.285617, -97.773443","Infrastructure Quality":"M","Notes":"Wood bird house","LatNumber":30.285616999999998,"LongNumber":-97.773443}},{"type":"Feature","id":1457,"geometry":{"type":"Point","coordinates":[-97.774307999999962,30.285448000000031]},"properties":{"OBJECTID":1457,"School ID":"O Henry","Feature ID":"102","Type":"Wildlife Habitat 7","Lat/Long":"30.285448, -97.774308","Infrastructure Quality":"M","Notes":"Bird bath, ceramic","LatNumber":30.285447999999999,"LongNumber":-97.774308000000005}},{"type":"Feature","id":1458,"geometry":{"type":"Point","coordinates":[-97.774651999999946,30.285916000000043]},"properties":{"OBJECTID":1458,"School ID":"O Henry","Feature ID":"103","Type":"Wildlife Habitat 8","Lat/Long":"30.285916, -97.774652","Infrastructure Quality":"H","Notes":"Chimney swift tower with sign","LatNumber":30.285916,"LongNumber":-97.774652000000003}},{"type":"Feature","id":1459,"geometry":{"type":"Point","coordinates":[-97.70479899999998,30.271693000000027]},"properties":{"OBJECTID":1459,"School ID":"Oak Springs","Feature ID":"1","Type":"Art 1","Lat/Long":"30.271693, -97.704799","Infrastructure Quality":"H","Notes":"Mural on both sides courtyard on buildings","LatNumber":30.271692999999999,"LongNumber":-97.704798999999994}},{"type":"Feature","id":1460,"geometry":{"type":"Point","coordinates":[-97.704823999999974,30.271614000000056]},"properties":{"OBJECTID":1460,"School ID":"Oak Springs","Feature ID":"2","Type":"Art 2","Lat/Long":"30.271614, -97.704824","Infrastructure Quality":"H","Notes":"Mosaic stone steps","LatNumber":30.271614,"LongNumber":-97.704824000000002}},{"type":"Feature","id":1461,"geometry":{"type":"Point","coordinates":[-97.70494199999996,30.271828000000028]},"properties":{"OBJECTID":1461,"School ID":"Oak Springs","Feature ID":"3","Type":"Art 3","Lat/Long":"30.271828, -97.704942","Infrastructure Quality":"M","Notes":"Encased mural on building","LatNumber":30.271827999999999,"LongNumber":-97.704942000000003}},{"type":"Feature","id":1462,"geometry":{"type":"Point","coordinates":[-97.704902999999945,30.271956000000046]},"properties":{"OBJECTID":1462,"School ID":"Oak Springs","Feature ID":"4","Type":"Art 4","Lat/Long":"30.271956, -97.704903","Infrastructure Quality":"H","Notes":"Mural on building","LatNumber":30.271955999999999,"LongNumber":-97.704903000000002}},{"type":"Feature","id":1463,"geometry":{"type":"Point","coordinates":[-97.70438699999994,30.271794000000057]},"properties":{"OBJECTID":1463,"School ID":"Oak Springs","Feature ID":"5","Type":"Art 5","Lat/Long":"30.271794, -97.704387","Infrastructure Quality":"M","Notes":"Mural on building","LatNumber":30.271794,"LongNumber":-97.704386999999997}},{"type":"Feature","id":1464,"geometry":{"type":"Point","coordinates":[-97.703618999999946,30.271701000000064]},"properties":{"OBJECTID":1464,"School ID":"Oak Springs","Feature ID":"6","Type":"Basketball","Lat/Long":"30.271701, -97.703619","Infrastructure Quality":"M","Notes":"2 new nets","LatNumber":30.271701,"LongNumber":-97.703619000000003}},{"type":"Feature","id":1465,"geometry":{"type":"Point","coordinates":[-97.704835999999943,30.271674000000075]},"properties":{"OBJECTID":1465,"School ID":"Oak Springs","Feature ID":"7","Type":"Bench 1","Lat/Long":"30.271674, -97.704836","Infrastructure Quality":"M","Notes":"Metal","LatNumber":30.271674000000001,"LongNumber":-97.704836}},{"type":"Feature","id":1466,"geometry":{"type":"Point","coordinates":[-97.70429299999995,30.271846000000039]},"properties":{"OBJECTID":1466,"School ID":"Oak Springs","Feature ID":"8","Type":"Bench 2","Lat/Long":"30.271846, -97.704293","Infrastructure Quality":"M","Notes":"2 metal under walkway awning","LatNumber":30.271846,"LongNumber":-97.704293000000007}},{"type":"Feature","id":1467,"geometry":{"type":"Point","coordinates":[-97.704638999999986,30.271715000000029]},"properties":{"OBJECTID":1467,"School ID":"Oak Springs","Feature ID":"9","Type":"Bench 3","Lat/Long":"30.271715, -97.704639","Infrastructure Quality":"L","Notes":"Metal","LatNumber":30.271715,"LongNumber":-97.704639}},{"type":"Feature","id":1468,"geometry":{"type":"Point","coordinates":[-97.703620999999941,30.271621000000039]},"properties":{"OBJECTID":1468,"School ID":"Oak Springs","Feature ID":"10","Type":"Bench 4","Lat/Long":"30.271621, -97.703621","Infrastructure Quality":"H","Notes":"PARD","LatNumber":30.271621,"LongNumber":-97.703620999999998}},{"type":"Feature","id":1469,"geometry":{"type":"Point","coordinates":[-97.704187999999988,30.271469000000025]},"properties":{"OBJECTID":1469,"School ID":"Oak Springs","Feature ID":"11","Type":"Bench 5","Lat/Long":"30.271469, -97.704188","Infrastructure Quality":"H","Notes":"PARD","LatNumber":30.271469,"LongNumber":-97.704188000000002}},{"type":"Feature","id":1470,"geometry":{"type":"Point","coordinates":[-97.704123999999979,30.271169000000043]},"properties":{"OBJECTID":1470,"School ID":"Oak Springs","Feature ID":"12","Type":"Bench 6","Lat/Long":"30.271169, -97.704124","Infrastructure Quality":"H","Notes":"PARD","LatNumber":30.271169,"LongNumber":-97.704123999999993}},{"type":"Feature","id":1471,"geometry":{"type":"Point","coordinates":[-97.704234999999983,30.271158000000071]},"properties":{"OBJECTID":1471,"School ID":"Oak Springs","Feature ID":"13","Type":"Bench 7","Lat/Long":"30.271158, -97.704235","Infrastructure Quality":"L","Notes":"Wood","LatNumber":30.271158,"LongNumber":-97.704234999999997}},{"type":"Feature","id":1472,"geometry":{"type":"Point","coordinates":[-97.704217999999969,30.271327000000042]},"properties":{"OBJECTID":1472,"School ID":"Oak Springs","Feature ID":"14","Type":"Bench 8","Lat/Long":"30.271327, -97.704218","Infrastructure Quality":"L","Notes":"Concrete, painted, significantly chipped but kids huddled on it","LatNumber":30.271326999999999,"LongNumber":-97.704217999999997}},{"type":"Feature","id":1473,"geometry":{"type":"Point","coordinates":[-97.704209999999989,30.272134000000051]},"properties":{"OBJECTID":1473,"School ID":"Oak Springs","Feature ID":"15","Type":"Berm/Swale","Lat/Long":"30.272134, -97.704210","Infrastructure Quality":"H","Notes":null,"LatNumber":30.272134000000001,"LongNumber":-97.704210000000003}},{"type":"Feature","id":1474,"geometry":{"type":"Point","coordinates":[-97.704373999999973,30.271576000000039]},"properties":{"OBJECTID":1474,"School ID":"Oak Springs","Feature ID":"16","Type":"Bike Rack 1","Lat/Long":"30.271576, -97.704374","Infrastructure Quality":"M","Notes":null,"LatNumber":30.271576,"LongNumber":-97.704374000000001}},{"type":"Feature","id":1475,"geometry":{"type":"Point","coordinates":[-97.704062999999962,30.271668000000034]},"properties":{"OBJECTID":1475,"School ID":"Oak Springs","Feature ID":"17","Type":"Bike Rack 2","Lat/Long":"30.271668, -97.704063","Infrastructure Quality":"H","Notes":null,"LatNumber":30.271667999999998,"LongNumber":-97.704063000000005}},{"type":"Feature","id":1476,"geometry":{"type":"Point","coordinates":[-97.703206999999964,30.272098000000028]},"properties":{"OBJECTID":1476,"School ID":"Oak Springs","Feature ID":"18","Type":"Fields","Lat/Long":"30.272098, -97.703207","Infrastructure Quality":"H","Notes":"In center of track","LatNumber":30.272098,"LongNumber":-97.703207000000006}},{"type":"Feature","id":1477,"geometry":{"type":"Point","coordinates":[-97.70485199999996,30.271659000000056]},"properties":{"OBJECTID":1477,"School ID":"Oak Springs","Feature ID":"19","Type":"Habitat Garden 1","Lat/Long":"30.271659, -97.704852","Infrastructure Quality":"L","Notes":"3 raised beds with limestone border, one has 4H sign","LatNumber":30.271659,"LongNumber":-97.704852000000002}},{"type":"Feature","id":1478,"geometry":{"type":"Point","coordinates":[-97.704795999999988,30.272045000000048]},"properties":{"OBJECTID":1478,"School ID":"Oak Springs","Feature ID":"20","Type":"Habitat Garden 2","Lat/Long":"30.272045, -97.704796","Infrastructure Quality":"H","Notes":"7 raised wood beds in defined area with stone path throughout","LatNumber":30.272044999999999,"LongNumber":-97.704796000000002}},{"type":"Feature","id":1479,"geometry":{"type":"Point","coordinates":[-97.703362999999968,30.27215700000005]},"properties":{"OBJECTID":1479,"School ID":"Oak Springs","Feature ID":"21","Type":"Track","Lat/Long":"30.272157, -97.703363","Infrastructure Quality":"L","Notes":"Limestone border, fully overgrown","LatNumber":30.272157,"LongNumber":-97.703362999999996}},{"type":"Feature","id":1480,"geometry":{"type":"Point","coordinates":[-97.70438699999994,30.271214000000043]},"properties":{"OBJECTID":1480,"School ID":"Oak Springs","Feature ID":"22","Type":"Mutt Mitt station","Lat/Long":"30.271214, -97.704387","Infrastructure Quality":"H","Notes":"Bags available","LatNumber":30.271214000000001,"LongNumber":-97.704386999999997}},{"type":"Feature","id":1481,"geometry":{"type":"Point","coordinates":[-97.703904999999963,30.272326000000078]},"properties":{"OBJECTID":1481,"School ID":"Oak Springs","Feature ID":"23","Type":"Lawn","Lat/Long":"30.272326, -97.703905","Infrastructure Quality":"H","Notes":null,"LatNumber":30.272326,"LongNumber":-97.703905000000006}},{"type":"Feature","id":1482,"geometry":{"type":"Point","coordinates":[-97.70476999999994,30.271665000000041]},"properties":{"OBJECTID":1482,"School ID":"Oak Springs","Feature ID":"24","Type":"Nature Trail 1","Lat/Long":"30.271665, -97.704770","Infrastructure Quality":"M","Notes":null,"LatNumber":30.271664999999999,"LongNumber":-97.704769999999996}},{"type":"Feature","id":1483,"geometry":{"type":"Point","coordinates":[-97.704955999999981,30.271890000000042]},"properties":{"OBJECTID":1483,"School ID":"Oak Springs","Feature ID":"25","Type":"Nature Trail 2","Lat/Long":"30.271890, -97.704956","Infrastructure Quality":"M","Notes":"DG, limestone border","LatNumber":30.271889999999999,"LongNumber":-97.704955999999996}},{"type":"Feature","id":1484,"geometry":{"type":"Point","coordinates":[-97.70498299999997,30.271829000000025]},"properties":{"OBJECTID":1484,"School ID":"Oak Springs","Feature ID":"26","Type":"Other 1","Lat/Long":"30.271829, -97.704983","Infrastructure Quality":"L","Notes":"2 single boot scrapers","LatNumber":30.271829,"LongNumber":-97.704982999999999}},{"type":"Feature","id":1485,"geometry":{"type":"Point","coordinates":[-97.704926999999941,30.271606000000077]},"properties":{"OBJECTID":1485,"School ID":"Oak Springs","Feature ID":"27","Type":"Outdoor Classroom 1","Lat/Long":"30.271606, -97.704927","Infrastructure Quality":"M","Notes":"Small limestone block seating in semi-circle, defined space but falling apart","LatNumber":30.271605999999998,"LongNumber":-97.704926999999998}},{"type":"Feature","id":1486,"geometry":{"type":"Point","coordinates":[-97.704787999999951,30.271974000000057]},"properties":{"OBJECTID":1486,"School ID":"Oak Springs","Feature ID":"28","Type":"Outdoor Classroom 2","Lat/Long":"30.271974, -97.704788","Infrastructure Quality":"H","Notes":"4 limestone blocks near Habitat Garden 2","LatNumber":30.271974,"LongNumber":-97.704787999999994}},{"type":"Feature","id":1487,"geometry":{"type":"Point","coordinates":[-97.704216999999971,30.272019000000057]},"properties":{"OBJECTID":1487,"School ID":"Oak Springs","Feature ID":"29","Type":"Outdoor Classroom 3","Lat/Long":"30.272019, -97.704217","Infrastructure Quality":"M","Notes":"Circle of stumps, defined area but overgrown","LatNumber":30.272019,"LongNumber":-97.704217}},{"type":"Feature","id":1488,"geometry":{"type":"Point","coordinates":[-97.70373699999999,30.271202000000073]},"properties":{"OBJECTID":1488,"School ID":"Oak Springs","Feature ID":"30","Type":"Outdoor Classroom 4","Lat/Long":"30.271202, -97.703737","Infrastructure Quality":"H","Notes":"5 limestone blocks under tree","LatNumber":30.271201999999999,"LongNumber":-97.703737000000004}},{"type":"Feature","id":1489,"geometry":{"type":"Point","coordinates":[-97.704772999999989,30.271642000000043]},"properties":{"OBJECTID":1489,"School ID":"Oak Springs","Feature ID":"31","Type":"Picnic table 1","Lat/Long":"30.271642, -97.704773","Infrastructure Quality":"M","Notes":"3 painted wood","LatNumber":30.271642,"LongNumber":-97.704773000000003}},{"type":"Feature","id":1490,"geometry":{"type":"Point","coordinates":[-97.704858999999942,30.271578000000034]},"properties":{"OBJECTID":1490,"School ID":"Oak Springs","Feature ID":"32","Type":"Picnic table 2","Lat/Long":"30.271578, -97.704859","Infrastructure Quality":"L","Notes":"2 plastic under tree","LatNumber":30.271578000000002,"LongNumber":-97.704858999999999}},{"type":"Feature","id":1491,"geometry":{"type":"Point","coordinates":[-97.704656999999941,30.271734000000038]},"properties":{"OBJECTID":1491,"School ID":"Oak Springs","Feature ID":"33","Type":"Picnic table 3","Lat/Long":"30.271734, -97.704657","Infrastructure Quality":"L","Notes":"plastic","LatNumber":30.271733999999999,"LongNumber":-97.704656999999997}},{"type":"Feature","id":1492,"geometry":{"type":"Point","coordinates":[-97.703670999999986,30.271781000000033]},"properties":{"OBJECTID":1492,"School ID":"Oak Springs","Feature ID":"34","Type":"Picnic table 4","Lat/Long":"30.271781, -97.703671","Infrastructure Quality":"H","Notes":"Wood, one side ADA","LatNumber":30.271781000000001,"LongNumber":-97.703671}},{"type":"Feature","id":1493,"geometry":{"type":"Point","coordinates":[-97.703593999999953,30.271538000000078]},"properties":{"OBJECTID":1493,"School ID":"Oak Springs","Feature ID":"35","Type":"Picnic table 5","Lat/Long":"30.271538, -97.703594","Infrastructure Quality":"H","Notes":"3 wood under tree","LatNumber":30.271538,"LongNumber":-97.703593999999995}},{"type":"Feature","id":1494,"geometry":{"type":"Point","coordinates":[-97.703886999999952,30.271699000000069]},"properties":{"OBJECTID":1494,"School ID":"Oak Springs","Feature ID":"36","Type":"Picnic table 6","Lat/Long":"30.271699, -97.703887","Infrastructure Quality":"H","Notes":"2 wood under tree","LatNumber":30.271699000000002,"LongNumber":-97.703886999999995}},{"type":"Feature","id":1495,"geometry":{"type":"Point","coordinates":[-97.704388999999992,30.27137700000003]},"properties":{"OBJECTID":1495,"School ID":"Oak Springs","Feature ID":"37","Type":"Picnic table 7","Lat/Long":"30.271377, -97.704389","Infrastructure Quality":"L","Notes":"PARD cement under tree","LatNumber":30.271377000000001,"LongNumber":-97.704389000000006}},{"type":"Feature","id":1496,"geometry":{"type":"Point","coordinates":[-97.704323999999986,30.271370000000047]},"properties":{"OBJECTID":1496,"School ID":"Oak Springs","Feature ID":"38","Type":"Picnic table 8","Lat/Long":"30.271370, -97.704324","Infrastructure Quality":"H","Notes":"3 wood under tree","LatNumber":30.271370000000001,"LongNumber":-97.704324}},{"type":"Feature","id":1497,"geometry":{"type":"Point","coordinates":[-97.704213999999979,30.271368000000052]},"properties":{"OBJECTID":1497,"School ID":"Oak Springs","Feature ID":"39","Type":"Picnic table 9","Lat/Long":"30.271368, -97.704214","Infrastructure Quality":"H","Notes":"PARD under tree","LatNumber":30.271367999999999,"LongNumber":-97.704213999999993}},{"type":"Feature","id":1498,"geometry":{"type":"Point","coordinates":[-97.704373999999973,30.271576000000039]},"properties":{"OBJECTID":1498,"School ID":"Oak Springs","Feature ID":"40","Type":"Picnic table 10","Lat/Long":"30.271576, -97.704374","Infrastructure Quality":"M","Notes":"wood, in front of Bike Rack 1","LatNumber":30.271576,"LongNumber":-97.704374000000001}},{"type":"Feature","id":1499,"geometry":{"type":"Point","coordinates":[-97.704187999999988,30.271417000000042]},"properties":{"OBJECTID":1499,"School ID":"Oak Springs","Feature ID":"41","Type":"Picnic table 11","Lat/Long":"30.271417, -97.704188","Infrastructure Quality":"H","Notes":"PARD under tree","LatNumber":30.271417,"LongNumber":-97.704188000000002}},{"type":"Feature","id":1500,"geometry":{"type":"Point","coordinates":[-97.704016999999965,30.271116000000063]},"properties":{"OBJECTID":1500,"School ID":"Oak Springs","Feature ID":"42","Type":"Playground 1","Lat/Long":"30.271116, -97.704017","Infrastructure Quality":"M","Notes":"2-5 playscape, fenced, shaded by trees","LatNumber":30.271115999999999,"LongNumber":-97.704016999999993}},{"type":"Feature","id":1501,"geometry":{"type":"Point","coordinates":[-97.704056999999978,30.27141000000006]},"properties":{"OBJECTID":1501,"School ID":"Oak Springs","Feature ID":"43","Type":"Playground 2","Lat/Long":"30.271410, -97.704057","Infrastructure Quality":"H","Notes":"5-12 playscape, partially shaded by trees","LatNumber":30.271409999999999,"LongNumber":-97.704057000000006}},{"type":"Feature","id":1502,"geometry":{"type":"Point","coordinates":[-97.704156999999952,30.271257000000048]},"properties":{"OBJECTID":1502,"School ID":"Oak Springs","Feature ID":"44","Type":"Playground 3","Lat/Long":"30.271257, -97.704157","Infrastructure Quality":"M","Notes":"4 swings, 5-12","LatNumber":30.271256999999999,"LongNumber":-97.704156999999995}},{"type":"Feature","id":1503,"geometry":{"type":"Point","coordinates":[-97.704529999999977,30.271828000000028]},"properties":{"OBJECTID":1503,"School ID":"Oak Springs","Feature ID":"45","Type":"Produce Garden","Lat/Long":"30.271828, -97.704530","Infrastructure Quality":"L","Notes":"2 raised wood beds, close hose","LatNumber":30.271827999999999,"LongNumber":-97.704530000000005}},{"type":"Feature","id":1504,"geometry":{"type":"Point","coordinates":[-97.703618999999946,30.271701000000064]},"properties":{"OBJECTID":1504,"School ID":"Oak Springs","Feature ID":"46","Type":"Shade Structure","Lat/Long":"30.271701, -97.703619","Infrastructure Quality":"M","Notes":"Over basketball","LatNumber":30.271701,"LongNumber":-97.703619000000003}},{"type":"Feature","id":1505,"geometry":{"type":"Point","coordinates":[-97.704012999999975,30.271735000000035]},"properties":{"OBJECTID":1505,"School ID":"Oak Springs","Feature ID":"47","Type":"Storage/Shed","Lat/Long":"30.271735, -97.704013","Infrastructure Quality":"H","Notes":"Shipping container, possibly Ghisallo for bike club","LatNumber":30.271735,"LongNumber":-97.704013000000003}},{"type":"Feature","id":1506,"geometry":{"type":"Point","coordinates":[-97.70438699999994,30.271214000000043]},"properties":{"OBJECTID":1506,"School ID":"Oak Springs","Feature ID":"48","Type":"Waste receptacles","Lat/Long":"30.271214, -97.704387","Infrastructure Quality":"H","Notes":"PARD","LatNumber":30.271214000000001,"LongNumber":-97.704386999999997}},{"type":"Feature","id":1507,"geometry":{"type":"Point","coordinates":[-97.70476199999996,30.271618000000046]},"properties":{"OBJECTID":1507,"School ID":"Oak Springs","Feature ID":"49","Type":"Wildlife Habitat (owl box, native bee box, etc.)","Lat/Long":"30.271618, -97.704762","Infrastructure Quality":"H","Notes":"4 hummingbird feeder on poles","LatNumber":30.271618,"LongNumber":-97.704762000000002}},{"type":"Feature","id":1508,"geometry":{"type":"Point","coordinates":[-97.789282999999955,30.205777000000069]},"properties":{"OBJECTID":1508,"School ID":"Odom","Feature ID":"1","Type":"Amphitheater","Lat/Long":"30.205777, -97.789283","Infrastructure Quality":"H","Notes":"tiered seating in area w/ cluster of picnic tables ","LatNumber":30.205777000000001,"LongNumber":-97.789282999999998}},{"type":"Feature","id":1509,"geometry":{"type":"Point","coordinates":[-97.789306999999951,30.205636000000027]},"properties":{"OBJECTID":1509,"School ID":"Odom","Feature ID":"2","Type":"Art 1","Lat/Long":"30.205636, -97.789307","Infrastructure Quality":"H","Notes":"mosaic art ","LatNumber":30.205635999999998,"LongNumber":-97.789306999999994}},{"type":"Feature","id":1510,"geometry":{"type":"Point","coordinates":[-97.788735999999972,30.20585600000004]},"properties":{"OBJECTID":1510,"School ID":"Odom","Feature ID":"3","Type":"Art 2","Lat/Long":"30.205856, -97.788736","Infrastructure Quality":"H","Notes":"united states map painted by playgrounds ","LatNumber":30.205856000000001,"LongNumber":-97.788736}},{"type":"Feature","id":1511,"geometry":{"type":"Point","coordinates":[-97.788917999999967,30.205980000000068]},"properties":{"OBJECTID":1511,"School ID":"Odom","Feature ID":"4","Type":"Art 3","Lat/Long":"30.205980, -97.788918","Infrastructure Quality":"M","Notes":"ABCs painted on walkway ","LatNumber":30.20598,"LongNumber":-97.788917999999995}},{"type":"Feature","id":1512,"geometry":{"type":"Point","coordinates":[-97.789165999999966,30.20519500000006]},"properties":{"OBJECTID":1512,"School ID":"Odom","Feature ID":"5","Type":"Art 4","Lat/Long":"30.205195, -97.789166","Infrastructure Quality":"H","Notes":"painted rock decor in pollinator planting ","LatNumber":30.205195,"LongNumber":-97.789165999999994}},{"type":"Feature","id":1513,"geometry":{"type":"Point","coordinates":[-97.788612999999941,30.205967000000044]},"properties":{"OBJECTID":1513,"School ID":"Odom","Feature ID":"6","Type":"Basketball","Lat/Long":"30.205967, -97.788613","Infrastructure Quality":"M","Notes":null,"LatNumber":30.205967000000001,"LongNumber":-97.788612999999998}},{"type":"Feature","id":1514,"geometry":{"type":"Point","coordinates":[-97.789514999999938,30.205439000000069]},"properties":{"OBJECTID":1514,"School ID":"Odom","Feature ID":"7","Type":"Bench 1","Lat/Long":"30.205439, -97.789515","Infrastructure Quality":"H","Notes":"(3) concrete blocks - red, blue, purple ","LatNumber":30.205438999999998,"LongNumber":-97.789514999999994}},{"type":"Feature","id":1515,"geometry":{"type":"Point","coordinates":[-97.788881999999944,30.205386000000033]},"properties":{"OBJECTID":1515,"School ID":"Odom","Feature ID":"8","Type":"Bench 2","Lat/Long":"30.205386, -97.788882","Infrastructure Quality":"M","Notes":"yellow wooden bench","LatNumber":30.205386000000001,"LongNumber":-97.788882000000001}},{"type":"Feature","id":1516,"geometry":{"type":"Point","coordinates":[-97.788898999999958,30.205463000000066]},"properties":{"OBJECTID":1516,"School ID":"Odom","Feature ID":"9","Type":"Bench 3","Lat/Long":"30.205463, -97.788899","Infrastructure Quality":"M","Notes":"2 yellow wooden benches ","LatNumber":30.205463000000002,"LongNumber":-97.788899000000001}},{"type":"Feature","id":1517,"geometry":{"type":"Point","coordinates":[-97.78841099999994,30.206054000000051]},"properties":{"OBJECTID":1517,"School ID":"Odom","Feature ID":"10","Type":"Bench 4","Lat/Long":"30.206054, -97.788411","Infrastructure Quality":"H","Notes":"PARD bench ","LatNumber":30.206054000000002,"LongNumber":-97.788410999999996}},{"type":"Feature","id":1518,"geometry":{"type":"Point","coordinates":[-97.788862999999992,30.206214000000045]},"properties":{"OBJECTID":1518,"School ID":"Odom","Feature ID":"11","Type":"Bench 5","Lat/Long":"30.206214, -97.788863","Infrastructure Quality":"H","Notes":"(3) limestone blocks ","LatNumber":30.206213999999999,"LongNumber":-97.788863000000006}},{"type":"Feature","id":1519,"geometry":{"type":"Point","coordinates":[-97.787919999999986,30.205876000000046]},"properties":{"OBJECTID":1519,"School ID":"Odom","Feature ID":"12","Type":"Bench 6","Lat/Long":"30.205876, -97.787920","Infrastructure Quality":"H","Notes":"PARD","LatNumber":30.205876,"LongNumber":-97.78792}},{"type":"Feature","id":1520,"geometry":{"type":"Point","coordinates":[-97.788040999999964,30.205842000000075]},"properties":{"OBJECTID":1520,"School ID":"Odom","Feature ID":"13","Type":"Berm/Swale","Lat/Long":"30.205842, -97.788041","Infrastructure Quality":"H","Notes":"rain drainage pipe ","LatNumber":30.205842000000001,"LongNumber":-97.788041000000007}},{"type":"Feature","id":1521,"geometry":{"type":"Point","coordinates":[-97.789315999999985,30.205677000000037]},"properties":{"OBJECTID":1521,"School ID":"Odom","Feature ID":"14","Type":"Bike Rack","Lat/Long":"30.205677, -97.789316","Infrastructure Quality":"H","Notes":"interior courtyard ","LatNumber":30.205677000000001,"LongNumber":-97.789315999999999}},{"type":"Feature","id":1522,"geometry":{"type":"Point","coordinates":[-97.789438999999959,30.205793000000028]},"properties":{"OBJECTID":1522,"School ID":"Odom","Feature ID":"15","Type":"Cistern/Rain Barrel","Lat/Long":"30.205793, -97.789439","Infrastructure Quality":"H","Notes":"needs maintenance ","LatNumber":30.205793,"LongNumber":-97.789439000000002}},{"type":"Feature","id":1523,"geometry":{"type":"Point","coordinates":[-97.787875999999983,30.20547300000004]},"properties":{"OBJECTID":1523,"School ID":"Odom","Feature ID":"16","Type":"Field","Lat/Long":"30.205473, -97.787876","Infrastructure Quality":"M","Notes":"rusty soccer goal present ","LatNumber":30.205473000000001,"LongNumber":-97.787875999999997}},{"type":"Feature","id":1524,"geometry":{"type":"Point","coordinates":[-97.78852599999999,30.205148000000065]},"properties":{"OBJECTID":1524,"School ID":"Odom","Feature ID":"17","Type":"Gaga Ball Pit 1","Lat/Long":"30.205148, -97.788526","Infrastructure Quality":"H","Notes":null,"LatNumber":30.205148000000001,"LongNumber":-97.788526000000005}},{"type":"Feature","id":1525,"geometry":{"type":"Point","coordinates":[-97.788799999999981,30.20598300000006]},"properties":{"OBJECTID":1525,"School ID":"Odom","Feature ID":"18","Type":"Gaga Ball Pit 2","Lat/Long":"30.205983, -97.788800","Infrastructure Quality":"H","Notes":null,"LatNumber":30.205983,"LongNumber":-97.788799999999995}},{"type":"Feature","id":1526,"geometry":{"type":"Point","coordinates":[-97.788913999999977,30.205223000000046]},"properties":{"OBJECTID":1526,"School ID":"Odom","Feature ID":"19","Type":"Habitat Garden 1","Lat/Long":"30.205223, -97.788914","Infrastructure Quality":"H","Notes":"(6) tire beds ","LatNumber":30.205223,"LongNumber":-97.788914000000005}},{"type":"Feature","id":1527,"geometry":{"type":"Point","coordinates":[-97.788849999999968,30.205266000000051]},"properties":{"OBJECTID":1527,"School ID":"Odom","Feature ID":"20","Type":"Habitat Garden 2","Lat/Long":"30.205266, -97.788850","Infrastructure Quality":"H","Notes":"native plant bed","LatNumber":30.205266000000002,"LongNumber":-97.788849999999996}},{"type":"Feature","id":1528,"geometry":{"type":"Point","coordinates":[-97.788881999999944,30.205386000000033]},"properties":{"OBJECTID":1528,"School ID":"Odom","Feature ID":"21","Type":"Habitat Garden 3","Lat/Long":"30.205386, -97.788882","Infrastructure Quality":"H","Notes":"Tire garden, teacher will use for planting in the fall ","LatNumber":30.205386000000001,"LongNumber":-97.788882000000001}},{"type":"Feature","id":1529,"geometry":{"type":"Point","coordinates":[-97.788861999999938,30.205372000000068]},"properties":{"OBJECTID":1529,"School ID":"Odom","Feature ID":"22","Type":"Habitat Garden 4","Lat/Long":"30.205372, -97.788862","Infrastructure Quality":"H","Notes":"Tire garden down the side of the fence, teacher will use for planting in the fall ","LatNumber":30.205372000000001,"LongNumber":-97.788861999999995}},{"type":"Feature","id":1530,"geometry":{"type":"Point","coordinates":[-97.788965999999959,30.205629000000044]},"properties":{"OBJECTID":1530,"School ID":"Odom","Feature ID":"23","Type":"Habitat Garden 5","Lat/Long":"30.205629, -97.788966","Infrastructure Quality":"H","Notes":"(5) small square garden beds w/native plants by rain garden ","LatNumber":30.205628999999998,"LongNumber":-97.788966000000002}},{"type":"Feature","id":1531,"geometry":{"type":"Point","coordinates":[-97.789373999999953,30.205774000000076]},"properties":{"OBJECTID":1531,"School ID":"Odom","Feature ID":"24","Type":"Habitat Garden 6","Lat/Long":"30.205774, -97.789374","Infrastructure Quality":"H","Notes":"(3) small square tiered beds","LatNumber":30.205774000000002,"LongNumber":-97.789373999999995}},{"type":"Feature","id":1532,"geometry":{"type":"Point","coordinates":[-97.789438999999959,30.205793000000028]},"properties":{"OBJECTID":1532,"School ID":"Odom","Feature ID":"25","Type":"Habitat Garden 7","Lat/Long":"30.205793, -97.789439","Infrastructure Quality":"H","Notes":"1 smalll rectangular bed ","LatNumber":30.205793,"LongNumber":-97.789439000000002}},{"type":"Feature","id":1533,"geometry":{"type":"Point","coordinates":[-97.789249999999981,30.205584000000044]},"properties":{"OBJECTID":1533,"School ID":"Odom","Feature ID":"26","Type":"Habitat Garden 8","Lat/Long":"30.205584, -97.789250","Infrastructure Quality":"H","Notes":"garden bed area ready for planting ","LatNumber":30.205584000000002,"LongNumber":-97.789249999999996}},{"type":"Feature","id":1534,"geometry":{"type":"Point","coordinates":[-97.789165999999966,30.20519500000006]},"properties":{"OBJECTID":1534,"School ID":"Odom","Feature ID":"27","Type":"Habitat Garden 9","Lat/Long":"30.205195, -97.789166","Infrastructure Quality":"H","Notes":"small beds, side of school","LatNumber":30.205195,"LongNumber":-97.789165999999994}},{"type":"Feature","id":1535,"geometry":{"type":"Point","coordinates":[-97.788302999999985,30.205420000000061]},"properties":{"OBJECTID":1535,"School ID":"Odom","Feature ID":"28","Type":"Lawn","Lat/Long":"30.205420, -97.788303","Infrastructure Quality":"H","Notes":null,"LatNumber":30.20542,"LongNumber":-97.788302999999999}},{"type":"Feature","id":1536,"geometry":{"type":"Point","coordinates":[-97.788919999999962,30.205390000000079]},"properties":{"OBJECTID":1536,"School ID":"Odom","Feature ID":"29","Type":"Livestock ","Lat/Long":"30.205390, -97.788920","Infrastructure Quality":"H","Notes":null,"LatNumber":30.205390000000001,"LongNumber":-97.788920000000005}},{"type":"Feature","id":1537,"geometry":{"type":"Point","coordinates":[-97.788974999999937,30.20613000000003]},"properties":{"OBJECTID":1537,"School ID":"Odom","Feature ID":"30","Type":"Music","Lat/Long":"30.206130, -97.788975","Infrastructure Quality":"H","Notes":"PARD, part of Playground 3","LatNumber":30.206130000000002,"LongNumber":-97.788974999999994}},{"type":"Feature","id":1538,"geometry":{"type":"Point","coordinates":[-97.787498999999968,30.205775000000074]},"properties":{"OBJECTID":1538,"School ID":"Odom","Feature ID":"31","Type":"Mutt Mitt station 1","Lat/Long":"30.205775, -97.787499","Infrastructure Quality":"H","Notes":null,"LatNumber":30.205774999999999,"LongNumber":-97.787498999999997}},{"type":"Feature","id":1539,"geometry":{"type":"Point","coordinates":[-97.788486999999975,30.206222000000025]},"properties":{"OBJECTID":1539,"School ID":"Odom","Feature ID":"32","Type":"Mutt Mitt station 2","Lat/Long":"30.206222, -97.788487","Infrastructure Quality":"NA","Notes":"leaning against fence, needs installation - might have been removed during fence installatin ","LatNumber":30.206222,"LongNumber":-97.788487000000003}},{"type":"Feature","id":1540,"geometry":{"type":"Point","coordinates":[-97.788913999999977,30.205685000000074]},"properties":{"OBJECTID":1540,"School ID":"Odom","Feature ID":"33","Type":"Nature Trail","Lat/Long":"30.205685, -97.788914","Infrastructure Quality":"M","Notes":"trail marked w/rocks by rain garden, needs weeding ","LatNumber":30.205684999999999,"LongNumber":-97.788914000000005}},{"type":"Feature","id":1541,"geometry":{"type":"Point","coordinates":[-97.788919999999962,30.205390000000079]},"properties":{"OBJECTID":1541,"School ID":"Odom","Feature ID":"34","Type":"Other 1","Lat/Long":"30.205390, -97.788920","Infrastructure Quality":"H","Notes":"tire seats ","LatNumber":30.205390000000001,"LongNumber":-97.788920000000005}},{"type":"Feature","id":1542,"geometry":{"type":"Point","coordinates":[-97.788043999999957,30.204924000000062]},"properties":{"OBJECTID":1542,"School ID":"Odom","Feature ID":"35","Type":"Other 2","Lat/Long":"30.204924, -97.788044","Infrastructure Quality":"L","Notes":"Backstop ","LatNumber":30.204923999999998,"LongNumber":-97.788043999999999}},{"type":"Feature","id":1543,"geometry":{"type":"Point","coordinates":[-97.789039999999943,30.206325000000049]},"properties":{"OBJECTID":1543,"School ID":"Odom","Feature ID":"36","Type":"Other 3","Lat/Long":"30.206325, -97.789040","Infrastructure Quality":"L","Notes":"Pool ","LatNumber":30.206325,"LongNumber":-97.78904}},{"type":"Feature","id":1544,"geometry":{"type":"Point","coordinates":[-97.789038999999946,30.206001000000072]},"properties":{"OBJECTID":1544,"School ID":"Odom","Feature ID":"37","Type":"Other 4","Lat/Long":"30.206001, -97.789039","Infrastructure Quality":"L","Notes":"metal pole trellis, tire base ","LatNumber":30.206001000000001,"LongNumber":-97.789039000000002}},{"type":"Feature","id":1545,"geometry":{"type":"Point","coordinates":[-97.788799999999981,30.20598300000006]},"properties":{"OBJECTID":1545,"School ID":"Odom","Feature ID":"38","Type":"Outdoor Classroom ","Lat/Long":"30.205983, -97.788800","Infrastructure Quality":"H","Notes":"need to move blocks to shade area, not in use due to direct sun","LatNumber":30.205983,"LongNumber":-97.788799999999995}},{"type":"Feature","id":1546,"geometry":{"type":"Point","coordinates":[-97.789282999999955,30.205777000000069]},"properties":{"OBJECTID":1546,"School ID":"Odom","Feature ID":"39","Type":"Picnic table 1","Lat/Long":"30.205777, -97.789283","Infrastructure Quality":"M","Notes":"cluster of 4 plastic picnic tables ","LatNumber":30.205777000000001,"LongNumber":-97.789282999999998}},{"type":"Feature","id":1547,"geometry":{"type":"Point","coordinates":[-97.789359999999988,30.205679000000032]},"properties":{"OBJECTID":1547,"School ID":"Odom","Feature ID":"40","Type":"Picnic table 2","Lat/Long":"30.205679, -97.789360","Infrastructure Quality":"M","Notes":"4 blue wood picnic tables ","LatNumber":30.205679,"LongNumber":-97.789360000000002}},{"type":"Feature","id":1548,"geometry":{"type":"Point","coordinates":[-97.788685999999984,30.205952000000025]},"properties":{"OBJECTID":1548,"School ID":"Odom","Feature ID":"41","Type":"Picnic table 3","Lat/Long":"30.205952, -97.788686","Infrastructure Quality":"M","Notes":"ADA table","LatNumber":30.205952,"LongNumber":-97.788685999999998}},{"type":"Feature","id":1549,"geometry":{"type":"Point","coordinates":[-97.788910999999985,30.20607700000005]},"properties":{"OBJECTID":1549,"School ID":"Odom","Feature ID":"42","Type":"Picnic table 4","Lat/Long":"30.206077, -97.788911","Infrastructure Quality":"H","Notes":"4 picnic tables under shade sails ","LatNumber":30.206077000000001,"LongNumber":-97.788910999999999}},{"type":"Feature","id":1550,"geometry":{"type":"Point","coordinates":[-97.790080999999986,30.205733000000066]},"properties":{"OBJECTID":1550,"School ID":"Odom","Feature ID":"43","Type":"Picnic table 5","Lat/Long":"30.205733, -97.790081","Infrastructure Quality":"H","Notes":"round plastic ","LatNumber":30.205732999999999,"LongNumber":-97.790081000000001}},{"type":"Feature","id":1551,"geometry":{"type":"Point","coordinates":[-97.789148999999952,30.20616300000006]},"properties":{"OBJECTID":1551,"School ID":"Odom","Feature ID":"44","Type":"Picnic table 6","Lat/Long":"30.206163, -97.789149","Infrastructure Quality":"M","Notes":"metal frame, wood benches and table top ","LatNumber":30.206163,"LongNumber":-97.789148999999995}},{"type":"Feature","id":1552,"geometry":{"type":"Point","coordinates":[-97.78863199999995,30.206064000000026]},"properties":{"OBJECTID":1552,"School ID":"Odom","Feature ID":"45","Type":"Picnic table 7","Lat/Long":"30.206064, -97.788632","Infrastructure Quality":"M","Notes":"wood, ADA","LatNumber":30.206064000000001,"LongNumber":-97.788632000000007}},{"type":"Feature","id":1553,"geometry":{"type":"Point","coordinates":[-97.788373999999976,30.20606900000007]},"properties":{"OBJECTID":1553,"School ID":"Odom","Feature ID":"46","Type":"Playground 1","Lat/Long":"30.206069, -97.788374","Infrastructure Quality":"H","Notes":"45424","LatNumber":30.206068999999999,"LongNumber":-97.788374000000005}},{"type":"Feature","id":1554,"geometry":{"type":"Point","coordinates":[-97.789038999999946,30.206001000000072]},"properties":{"OBJECTID":1554,"School ID":"Odom","Feature ID":"47","Type":"Playground 2","Lat/Long":"30.206001, -97.789039","Infrastructure Quality":"M","Notes":"no shade; 2-5, fenced area, with 2 swings","LatNumber":30.206001000000001,"LongNumber":-97.789039000000002}},{"type":"Feature","id":1555,"geometry":{"type":"Point","coordinates":[-97.788750999999991,30.206151000000034]},"properties":{"OBJECTID":1555,"School ID":"Odom","Feature ID":"48","Type":"Playground 3","Lat/Long":"30.206151, -97.788751","Infrastructure Quality":"H","Notes":"PARD; 5-12","LatNumber":30.206150999999998,"LongNumber":-97.788751000000005}},{"type":"Feature","id":1556,"geometry":null,"properties":{"OBJECTID":1556,"Shape":null,"School ID":"Odom","Feature ID":"49","Type":"Playground 4","Lat/Long":null,"Infrastructure Quality":"H","Notes":"PARD, 5-12 swings","LatNumber":null,"LongNumber":null}},{"type":"Feature","id":1557,"geometry":{"type":"Point","coordinates":[-97.789240999999947,30.205643000000066]},"properties":{"OBJECTID":1557,"School ID":"Odom","Feature ID":"50","Type":"Pond","Lat/Long":"30.205643, -97.789241","Infrastructure Quality":"H","Notes":null,"LatNumber":30.205642999999998,"LongNumber":-97.789241000000004}},{"type":"Feature","id":1558,"geometry":{"type":"Point","coordinates":[-97.788898999999958,30.205463000000066]},"properties":{"OBJECTID":1558,"School ID":"Odom","Feature ID":"51","Type":"Produce Garden","Lat/Long":"30.205463, -97.788899","Infrastructure Quality":"H","Notes":"4 raised beds, multiple white tire beds ","LatNumber":30.205463000000002,"LongNumber":-97.788899000000001}},{"type":"Feature","id":1559,"geometry":{"type":"Point","coordinates":[-97.789018999999939,30.205700000000036]},"properties":{"OBJECTID":1559,"School ID":"Odom","Feature ID":"52","Type":"Rain Garden 1","Lat/Long":"30.205700, -97.789019","Infrastructure Quality":"H","Notes":null,"LatNumber":30.2057,"LongNumber":-97.789018999999996}},{"type":"Feature","id":1560,"geometry":{"type":"Point","coordinates":[-97.78848499999998,30.206243000000029]},"properties":{"OBJECTID":1560,"School ID":"Odom","Feature ID":"53","Type":"Rain Garden 2","Lat/Long":"30.206243, -97.788485","Infrastructure Quality":"H","Notes":null,"LatNumber":30.206243000000001,"LongNumber":-97.788484999999994}},{"type":"Feature","id":1561,"geometry":{"type":"Point","coordinates":[-97.788919999999962,30.205390000000079]},"properties":{"OBJECTID":1561,"School ID":"Odom","Feature ID":"54","Type":"Sensory Path","Lat/Long":"30.205390, -97.788920","Infrastructure Quality":"H","Notes":null,"LatNumber":30.205390000000001,"LongNumber":-97.788920000000005}},{"type":"Feature","id":1562,"geometry":{"type":"Point","coordinates":[-97.788612999999941,30.205967000000044]},"properties":{"OBJECTID":1562,"School ID":"Odom","Feature ID":"55","Type":"Shade Structure 1","Lat/Long":"30.205967, -97.788613","Infrastructure Quality":"M","Notes":"Over basketball","LatNumber":30.205967000000001,"LongNumber":-97.788612999999998}},{"type":"Feature","id":1563,"geometry":{"type":"Point","coordinates":[-97.788910999999985,30.20607700000005]},"properties":{"OBJECTID":1563,"School ID":"Odom","Feature ID":"56","Type":"Shade Structure 2","Lat/Long":"30.206077, -97.788911","Infrastructure Quality":"H","Notes":"2 shade sails; PARD","LatNumber":30.206077000000001,"LongNumber":-97.788910999999999}},{"type":"Feature","id":1564,"geometry":{"type":"Point","coordinates":[-97.789530999999954,30.20575400000007]},"properties":{"OBJECTID":1564,"School ID":"Odom","Feature ID":"57","Type":"Shed","Lat/Long":"30.205754, -97.789531","Infrastructure Quality":"H","Notes":null,"LatNumber":30.205753999999999,"LongNumber":-97.789530999999997}},{"type":"Feature","id":1565,"geometry":{"type":"Point","coordinates":[-97.787875999999983,30.20547300000004]},"properties":{"OBJECTID":1565,"School ID":"Odom","Feature ID":"58","Type":"Track","Lat/Long":"30.205473, -97.787876","Infrastructure Quality":"M","Notes":null,"LatNumber":30.205473000000001,"LongNumber":-97.787875999999997}},{"type":"Feature","id":1566,"geometry":{"type":"Point","coordinates":[-97.787498999999968,30.205775000000074]},"properties":{"OBJECTID":1566,"School ID":"Odom","Feature ID":"59","Type":"Waste receptacle 1","Lat/Long":"30.205775, -97.787499","Infrastructure Quality":"H","Notes":"PARD ","LatNumber":30.205774999999999,"LongNumber":-97.787498999999997}},{"type":"Feature","id":1567,"geometry":{"type":"Point","coordinates":[-97.788486999999975,30.206222000000025]},"properties":{"OBJECTID":1567,"School ID":"Odom","Feature ID":"60","Type":"Waste receptacle 2","Lat/Long":"30.206222, -97.788487","Infrastructure Quality":"H","Notes":"PARD ","LatNumber":30.206222,"LongNumber":-97.788487000000003}},{"type":"Feature","id":1568,"geometry":{"type":"Point","coordinates":[-97.789029999999968,30.206142000000057]},"properties":{"OBJECTID":1568,"School ID":"Odom","Feature ID":"61","Type":"Waste receptacle 3","Lat/Long":"30.206142, -97.789030","Infrastructure Quality":"H","Notes":"PARD","LatNumber":30.206142,"LongNumber":-97.789029999999997}},{"type":"Feature","id":1569,"geometry":{"type":"Point","coordinates":[-97.789021999999989,30.20616700000005]},"properties":{"OBJECTID":1569,"School ID":"Odom","Feature ID":"62","Type":"Water fountain","Lat/Long":"30.206167, -97.789022","Infrastructure Quality":"H","Notes":"not working; PARD","LatNumber":30.206167000000001,"LongNumber":-97.789022000000003}},{"type":"Feature","id":1570,"geometry":{"type":"Point","coordinates":[-97.788917999999967,30.205371000000071]},"properties":{"OBJECTID":1570,"School ID":"Odom","Feature ID":"63","Type":"Wildlife Habitat 1","Lat/Long":"30.205371, -97.788918","Infrastructure Quality":"H","Notes":"bird bath ","LatNumber":30.205371,"LongNumber":-97.788917999999995}},{"type":"Feature","id":1571,"geometry":{"type":"Point","coordinates":[-97.788917999999967,30.205371000000071]},"properties":{"OBJECTID":1571,"School ID":"Odom","Feature ID":"64","Type":"Wildlife Habitat 2","Lat/Long":"30.205371, -97.788918","Infrastructure Quality":"H","Notes":"bird house ","LatNumber":30.205371,"LongNumber":-97.788917999999995}},{"type":"Feature","id":1572,"geometry":{"type":"Point","coordinates":[-97.788918999999964,30.205371000000071]},"properties":{"OBJECTID":1572,"School ID":"Odom","Feature ID":"65","Type":"Wildlife Habitat 3","Lat/Long":"30.205371, -97.788919","Infrastructure Quality":"H","Notes":"mealworm feeder ","LatNumber":30.205371,"LongNumber":-97.788919000000007}},{"type":"Feature","id":1573,"geometry":{"type":"Point","coordinates":[-97.788919999999962,30.205371000000071]},"properties":{"OBJECTID":1573,"School ID":"Odom","Feature ID":"66","Type":"Wildlife Habitat 4","Lat/Long":"30.205371, -97.788920","Infrastructure Quality":"H","Notes":"squirrel table ","LatNumber":30.205371,"LongNumber":-97.788920000000005}},{"type":"Feature","id":1574,"geometry":{"type":"Point","coordinates":[-97.789342999999974,30.205761000000052]},"properties":{"OBJECTID":1574,"School ID":"Odom","Feature ID":"67","Type":"Wildlife Habitat 5","Lat/Long":"30.205761, -97.789343","Infrastructure Quality":"M","Notes":"habitat box ","LatNumber":30.205760999999999,"LongNumber":-97.789343000000002}},{"type":"Feature","id":1575,"geometry":{"type":"Point","coordinates":[-97.720016999999984,30.327376000000072]},"properties":{"OBJECTID":1575,"School ID":"Reilly","Feature ID":"1","Type":"Basketball","Lat/Long":"30.327376, -97.720017","Infrastructure Quality":"M","Notes":"Shade structure covering court, new nets + restriping needed, aging hoops; Area used for programs, lessons, eating","LatNumber":30.327376000000001,"LongNumber":-97.720016999999999}},{"type":"Feature","id":1576,"geometry":{"type":"Point","coordinates":[-97.719871999999953,30.328475000000026]},"properties":{"OBJECTID":1576,"School ID":"Reilly","Feature ID":"2","Type":"Bench 1","Lat/Long":"30.328475, -97.719872","Infrastructure Quality":"M","Notes":"rust present ","LatNumber":30.328475000000001,"LongNumber":-97.719871999999995}},{"type":"Feature","id":1577,"geometry":{"type":"Point","coordinates":[-97.719871999999953,30.328475000000026]},"properties":{"OBJECTID":1577,"School ID":"Reilly","Feature ID":"3","Type":"Bench 2","Lat/Long":"30.328475, -97.719872","Infrastructure Quality":"M","Notes":"rust present ","LatNumber":30.328475000000001,"LongNumber":-97.719871999999995}},{"type":"Feature","id":1578,"geometry":{"type":"Point","coordinates":[-97.720856999999967,30.327727000000039]},"properties":{"OBJECTID":1578,"School ID":"Reilly","Feature ID":"4","Type":"Bench 3","Lat/Long":"30.327727, -97.720857","Infrastructure Quality":"H","Notes":"PARD bench, installed 2022","LatNumber":30.327726999999999,"LongNumber":-97.720856999999995}},{"type":"Feature","id":1579,"geometry":{"type":"Point","coordinates":[-97.720567999999957,30.327756000000079]},"properties":{"OBJECTID":1579,"School ID":"Reilly","Feature ID":"5","Type":"Bench 4","Lat/Long":"30.327756, -97.720568","Infrastructure Quality":"H","Notes":"PARD bench, installed 2023","LatNumber":30.327756000000001,"LongNumber":-97.720568}},{"type":"Feature","id":1580,"geometry":{"type":"Point","coordinates":[-97.720084999999983,30.328038000000049]},"properties":{"OBJECTID":1580,"School ID":"Reilly","Feature ID":"6","Type":"Bench 5","Lat/Long":"30.328038, -97.720085","Infrastructure Quality":"M","Notes":"Iron butterfly bench","LatNumber":30.328037999999999,"LongNumber":-97.720084999999997}},{"type":"Feature","id":1581,"geometry":{"type":"Point","coordinates":[-97.719985999999949,30.328090000000032]},"properties":{"OBJECTID":1581,"School ID":"Reilly","Feature ID":"7","Type":"Bench 6","Lat/Long":"30.328090, -97.719986","Infrastructure Quality":"M","Notes":"wooden bench ","LatNumber":30.32809,"LongNumber":-97.719986000000006}},{"type":"Feature","id":1582,"geometry":{"type":"Point","coordinates":[-97.720025999999962,30.328061000000048]},"properties":{"OBJECTID":1582,"School ID":"Reilly","Feature ID":"8","Type":"Bench 7","Lat/Long":"30.328061, -97.720026","Infrastructure Quality":"M","Notes":"wooden bench ","LatNumber":30.328061000000002,"LongNumber":-97.720026000000004}},{"type":"Feature","id":1583,"geometry":{"type":"Point","coordinates":[-97.720502999999951,30.327052000000037]},"properties":{"OBJECTID":1583,"School ID":"Reilly","Feature ID":"9","Type":"Berm/Swale 1","Lat/Long":"30.327052, -97.720503","Infrastructure Quality":"H","Notes":"runs length of property behind playground ","LatNumber":30.327051999999998,"LongNumber":-97.720502999999994}},{"type":"Feature","id":1584,"geometry":{"type":"Point","coordinates":[-97.720258999999942,30.327125000000024]},"properties":{"OBJECTID":1584,"School ID":"Reilly","Feature ID":"10","Type":"Berm/Swale 2","Lat/Long":"30.327125, -97.720259","Infrastructure Quality":"H","Notes":"above track, close to building ","LatNumber":30.327124999999999,"LongNumber":-97.720258999999999}},{"type":"Feature","id":1585,"geometry":{"type":"Point","coordinates":[-97.720086999999978,30.328613000000075]},"properties":{"OBJECTID":1585,"School ID":"Reilly","Feature ID":"11","Type":"Bike Rack 1","Lat/Long":"30.328613, -97.720087","Infrastructure Quality":"H","Notes":"2 bikes present","LatNumber":30.328613000000001,"LongNumber":-97.720087000000007}},{"type":"Feature","id":1586,"geometry":{"type":"Point","coordinates":[-97.720784999999978,30.328079000000059]},"properties":{"OBJECTID":1586,"School ID":"Reilly","Feature ID":"12","Type":"Bike Rack 2","Lat/Long":"30.328079, -97.720785","Infrastructure Quality":"H","Notes":"0 bikes present","LatNumber":30.328078999999999,"LongNumber":-97.720785000000006}},{"type":"Feature","id":1587,"geometry":{"type":"Point","coordinates":[-97.721006999999986,30.327815000000044]},"properties":{"OBJECTID":1587,"School ID":"Reilly","Feature ID":"13","Type":"Bike Rack 3","Lat/Long":"30.327815, -97.721007","Infrastructure Quality":"L","Notes":"3 bikes attached to very old/faded Scoop the Poop sign","LatNumber":30.327815000000001,"LongNumber":-97.721007}},{"type":"Feature","id":1588,"geometry":{"type":"Point","coordinates":[-97.719840999999974,30.328331000000048]},"properties":{"OBJECTID":1588,"School ID":"Reilly","Feature ID":"14","Type":"Cistern 1","Lat/Long":"30.328331, -97.719841","Infrastructure Quality":"H","Notes":"Art on feature ","LatNumber":30.328330999999999,"LongNumber":-97.719841000000002}},{"type":"Feature","id":1589,"geometry":{"type":"Point","coordinates":[-97.720265999999981,30.327855000000056]},"properties":{"OBJECTID":1589,"School ID":"Reilly","Feature ID":"15","Type":"Cistern 10","Lat/Long":"30.327855, -97.720266","Infrastructure Quality":"H","Notes":null,"LatNumber":30.327855,"LongNumber":-97.720265999999995}},{"type":"Feature","id":1590,"geometry":{"type":"Point","coordinates":[-97.72005699999994,30.327904000000046]},"properties":{"OBJECTID":1590,"School ID":"Reilly","Feature ID":"16","Type":"Cistern 11","Lat/Long":"30.327904, -97.720057","Infrastructure Quality":"H","Notes":null,"LatNumber":30.327904,"LongNumber":-97.720056999999997}},{"type":"Feature","id":1591,"geometry":{"type":"Point","coordinates":[-97.720014999999989,30.328422000000046]},"properties":{"OBJECTID":1591,"School ID":"Reilly","Feature ID":"17","Type":"Cistern 2","Lat/Long":"30.328422, -97.720015","Infrastructure Quality":"H","Notes":null,"LatNumber":30.328422,"LongNumber":-97.720015000000004}},{"type":"Feature","id":1592,"geometry":{"type":"Point","coordinates":[-97.72028499999999,30.328331000000048]},"properties":{"OBJECTID":1592,"School ID":"Reilly","Feature ID":"18","Type":"Cistern 3","Lat/Long":"30.328331, -97.720285","Infrastructure Quality":"H","Notes":"Art of feature","LatNumber":30.328330999999999,"LongNumber":-97.720285000000004}},{"type":"Feature","id":1593,"geometry":{"type":"Point","coordinates":[-97.719964999999945,30.32765900000004]},"properties":{"OBJECTID":1593,"School ID":"Reilly","Feature ID":"19","Type":"Cistern 4","Lat/Long":"30.327659, -97.719965","Infrastructure Quality":"H","Notes":"2 cisterns connected together","LatNumber":30.327659000000001,"LongNumber":-97.719965000000002}},{"type":"Feature","id":1594,"geometry":{"type":"Point","coordinates":[-97.720519999999965,30.328051000000073]},"properties":{"OBJECTID":1594,"School ID":"Reilly","Feature ID":"20","Type":"Cistern 5","Lat/Long":"30.328051, -97.720520","Infrastructure Quality":"H","Notes":null,"LatNumber":30.328050999999999,"LongNumber":-97.720519999999993}},{"type":"Feature","id":1595,"geometry":{"type":"Point","coordinates":[-97.72024399999998,30.328119000000072]},"properties":{"OBJECTID":1595,"School ID":"Reilly","Feature ID":"21","Type":"Cistern 6","Lat/Long":"30.328119, -97.720244","Infrastructure Quality":"H","Notes":null,"LatNumber":30.328119000000001,"LongNumber":-97.720243999999994}},{"type":"Feature","id":1596,"geometry":{"type":"Point","coordinates":[-97.720080999999936,30.328152000000046]},"properties":{"OBJECTID":1596,"School ID":"Reilly","Feature ID":"22","Type":"Cistern 7","Lat/Long":"30.328152, -97.720081","Infrastructure Quality":"H","Notes":null,"LatNumber":30.328151999999999,"LongNumber":-97.720080999999993}},{"type":"Feature","id":1597,"geometry":{"type":"Point","coordinates":[-97.720215999999937,30.32801500000005]},"properties":{"OBJECTID":1597,"School ID":"Reilly","Feature ID":"23","Type":"Cistern 8","Lat/Long":"30.328015, -97.720216","Infrastructure Quality":"H","Notes":null,"LatNumber":30.328015000000001,"LongNumber":-97.720215999999994}},{"type":"Feature","id":1598,"geometry":{"type":"Point","coordinates":[-97.720215999999937,30.32801500000005]},"properties":{"OBJECTID":1598,"School ID":"Reilly","Feature ID":"24","Type":"Cistern 9","Lat/Long":"30.328015, -97.720216","Infrastructure Quality":"H","Notes":null,"LatNumber":30.328015000000001,"LongNumber":-97.720215999999994}},{"type":"Feature","id":1599,"geometry":{"type":"Point","coordinates":[-97.720915999999988,30.327505000000031]},"properties":{"OBJECTID":1599,"School ID":"Reilly","Feature ID":"25","Type":"Compost 1","Lat/Long":"30.327505, -97.720916","Infrastructure Quality":"H","Notes":"outside of perimeter of garden 7","LatNumber":30.327504999999999,"LongNumber":-97.720916000000003}},{"type":"Feature","id":1600,"geometry":{"type":"Point","coordinates":[-97.720293999999967,30.328062000000045]},"properties":{"OBJECTID":1600,"School ID":"Reilly","Feature ID":"26","Type":"Compost 2","Lat/Long":"30.328062, -97.720294","Infrastructure Quality":"H","Notes":"roller style, in livestock enclosure ","LatNumber":30.328061999999999,"LongNumber":-97.720293999999996}},{"type":"Feature","id":1601,"geometry":{"type":"Point","coordinates":[-97.71912999999995,30.327632000000051]},"properties":{"OBJECTID":1601,"School ID":"Reilly","Feature ID":"27","Type":"Field","Lat/Long":"30.327632, -97.719130","Infrastructure Quality":"M","Notes":"middle of track ","LatNumber":30.327632000000001,"LongNumber":-97.719130000000007}},{"type":"Feature","id":1602,"geometry":{"type":"Point","coordinates":[-97.720604999999978,30.327809000000059]},"properties":{"OBJECTID":1602,"School ID":"Reilly","Feature ID":"28","Type":"Gaga Ball Pit","Lat/Long":"30.327809, -97.720605","Infrastructure Quality":"H","Notes":null,"LatNumber":30.327808999999998,"LongNumber":-97.720605000000006}},{"type":"Feature","id":1603,"geometry":{"type":"Point","coordinates":[-97.720847999999989,30.32784300000003]},"properties":{"OBJECTID":1603,"School ID":"Reilly","Feature ID":"29","Type":"Habitat Garden 1","Lat/Long":"30.327843, -97.720848","Infrastructure Quality":"M","Notes":"Installed with SEL garden 2021, maintained by community","LatNumber":30.327843000000001,"LongNumber":-97.720848000000004}},{"type":"Feature","id":1604,"geometry":{"type":"Point","coordinates":[-97.720901999999967,30.327656000000047]},"properties":{"OBJECTID":1604,"School ID":"Reilly","Feature ID":"30","Type":"Habitat Garden 2","Lat/Long":"30.327656, -97.720902","Infrastructure Quality":"M","Notes":"Installed with SEL garden 2021, maintained by community","LatNumber":30.327656000000001,"LongNumber":-97.720901999999995}},{"type":"Feature","id":1605,"geometry":{"type":"Point","coordinates":[-97.720782999999983,30.327580000000069]},"properties":{"OBJECTID":1605,"School ID":"Reilly","Feature ID":"31","Type":"Habitat Garden 3","Lat/Long":"30.327580, -97.720783","Infrastructure Quality":"H","Notes":"Installed with SEL garden 2021, maintained by community, kids run through space, 5 bed areas with garden signage","LatNumber":30.327580000000001,"LongNumber":-97.720782999999997}},{"type":"Feature","id":1606,"geometry":{"type":"Point","coordinates":[-97.720639999999946,30.327485000000024]},"properties":{"OBJECTID":1606,"School ID":"Reilly","Feature ID":"32","Type":"Habitat Garden 4","Lat/Long":"30.327485, -97.720640","Infrastructure Quality":"M","Notes":"Installed with SEL garden 2021, maintained by community, kids run through space, 5 bed areas with garden signage + nature trail, dead tree present ","LatNumber":30.327484999999999,"LongNumber":-97.720640000000003}},{"type":"Feature","id":1607,"geometry":{"type":"Point","coordinates":[-97.720748999999955,30.327505000000031]},"properties":{"OBJECTID":1607,"School ID":"Reilly","Feature ID":"33","Type":"Habitat Garden 5","Lat/Long":"30.327505, -97.720749","Infrastructure Quality":"M","Notes":"Installed with SEL garden 2021, maintained by community","LatNumber":30.327504999999999,"LongNumber":-97.720748999999998}},{"type":"Feature","id":1608,"geometry":{"type":"Point","coordinates":[-97.720798999999943,30.327440000000024]},"properties":{"OBJECTID":1608,"School ID":"Reilly","Feature ID":"34","Type":"Habitat Garden 6","Lat/Long":"30.327440, -97.720799","Infrastructure Quality":"M","Notes":"Installed with SEL garden 2021, maintained by community","LatNumber":30.327439999999999,"LongNumber":-97.720799}},{"type":"Feature","id":1609,"geometry":{"type":"Point","coordinates":[-97.720915999999988,30.327505000000031]},"properties":{"OBJECTID":1609,"School ID":"Reilly","Feature ID":"35","Type":"Habitat Garden 7","Lat/Long":"30.327505, -97.720916","Infrastructure Quality":"M","Notes":"Installed with SEL garden 2021, maintained by community, nature trail 3 ","LatNumber":30.327504999999999,"LongNumber":-97.720916000000003}},{"type":"Feature","id":1610,"geometry":{"type":"Point","coordinates":[-97.720856999999967,30.327587000000051]},"properties":{"OBJECTID":1610,"School ID":"Reilly","Feature ID":"36","Type":"Habitat Garden 8","Lat/Long":"30.327587, -97.720857","Infrastructure Quality":"M","Notes":"Installed with SEL garden 2021, maintained by community","LatNumber":30.327587000000001,"LongNumber":-97.720856999999995}},{"type":"Feature","id":1611,"geometry":{"type":"Point","coordinates":[-97.719998999999973,30.328141000000073]},"properties":{"OBJECTID":1611,"School ID":"Reilly","Feature ID":"37","Type":"Habitat Garden 9","Lat/Long":"30.328141, -97.719999","Infrastructure Quality":"M","Notes":"5 beds, overgrown, stone brick beds ","LatNumber":30.328140999999999,"LongNumber":-97.719999000000001}},{"type":"Feature","id":1612,"geometry":{"type":"Point","coordinates":[-97.720258999999942,30.327125000000024]},"properties":{"OBJECTID":1612,"School ID":"Reilly","Feature ID":"38","Type":"Lawn 1","Lat/Long":"30.327125, -97.720259","Infrastructure Quality":"H","Notes":"next to berm & swale 1, behind playground ","LatNumber":30.327124999999999,"LongNumber":-97.720258999999999}},{"type":"Feature","id":1613,"geometry":{"type":"Point","coordinates":[-97.719295999999986,30.327990000000057]},"properties":{"OBJECTID":1613,"School ID":"Reilly","Feature ID":"39","Type":"Lawn 2","Lat/Long":"30.327990, -97.719296","Infrastructure Quality":"H","Notes":"front left side of portables facing track, close to picnic table 7","LatNumber":30.32799,"LongNumber":-97.719296}},{"type":"Feature","id":1614,"geometry":{"type":"Point","coordinates":[-97.71899899999994,30.328094000000078]},"properties":{"OBJECTID":1614,"School ID":"Reilly","Feature ID":"40","Type":"Lawn 3","Lat/Long":"30.328094, -97.718999","Infrastructure Quality":"H","Notes":"other side of portables","LatNumber":30.328094,"LongNumber":-97.718998999999997}},{"type":"Feature","id":1615,"geometry":{"type":"Point","coordinates":[-97.720206999999959,30.327550000000031]},"properties":{"OBJECTID":1615,"School ID":"Reilly","Feature ID":"41","Type":"Lawn 4","Lat/Long":"30.327550, -97.720207","Infrastructure Quality":"H","Notes":"PEAS has classes sit in grass under tree shade for programming","LatNumber":30.327549999999999,"LongNumber":-97.720207000000002}},{"type":"Feature","id":1616,"geometry":{"type":"Point","coordinates":[-97.72005699999994,30.327904000000046]},"properties":{"OBJECTID":1616,"School ID":"Reilly","Feature ID":"42","Type":"Livestock ","Lat/Long":"30.327904, -97.720057","Infrastructure Quality":"L","Notes":"Chicken coop is going to be removed for more gardens ","LatNumber":30.327904,"LongNumber":-97.720056999999997}},{"type":"Feature","id":1617,"geometry":{"type":"Point","coordinates":[-97.720954999999947,30.327864000000034]},"properties":{"OBJECTID":1617,"School ID":"Reilly","Feature ID":"43","Type":"Mutt Mitt station","Lat/Long":"30.327864, -97.720955","Infrastructure Quality":"H","Notes":"Trash coffin interior waste bin attached, low quality","LatNumber":30.327864000000002,"LongNumber":-97.720955000000004}},{"type":"Feature","id":1618,"geometry":{"type":"Point","coordinates":[-97.720782999999983,30.327580000000069]},"properties":{"OBJECTID":1618,"School ID":"Reilly","Feature ID":"44","Type":"Nature Trail 1","Lat/Long":"30.327580, -97.720783","Infrastructure Quality":"M","Notes":"path through middle of garden 3","LatNumber":30.327580000000001,"LongNumber":-97.720782999999997}},{"type":"Feature","id":1619,"geometry":{"type":"Point","coordinates":[-97.720639999999946,30.327485000000024]},"properties":{"OBJECTID":1619,"School ID":"Reilly","Feature ID":"45","Type":"Nature Trail 2","Lat/Long":"30.327485, -97.720640","Infrastructure Quality":"M","Notes":"path through middle of garden 4","LatNumber":30.327484999999999,"LongNumber":-97.720640000000003}},{"type":"Feature","id":1620,"geometry":{"type":"Point","coordinates":[-97.720915999999988,30.327505000000031]},"properties":{"OBJECTID":1620,"School ID":"Reilly","Feature ID":"46","Type":"Nature Trail 3","Lat/Long":"30.327505, -97.720916","Infrastructure Quality":"M","Notes":"trail in pollinator garden 7","LatNumber":30.327504999999999,"LongNumber":-97.720916000000003}},{"type":"Feature","id":1621,"geometry":{"type":"Point","coordinates":[-97.71912999999995,30.327632000000051]},"properties":{"OBJECTID":1621,"School ID":"Reilly","Feature ID":"47","Type":"Other - backstop ","Lat/Long":"30.327632, -97.719130","Infrastructure Quality":"H","Notes":"far end of track ","LatNumber":30.327632000000001,"LongNumber":-97.719130000000007}},{"type":"Feature","id":1622,"geometry":{"type":"Point","coordinates":[-97.72001199999994,30.328454000000079]},"properties":{"OBJECTID":1622,"School ID":"Reilly","Feature ID":"48","Type":"Other - LFL","Lat/Long":"30.328454, -97.720012","Infrastructure Quality":"H","Notes":"Little free library ","LatNumber":30.328454000000001,"LongNumber":-97.720011999999997}},{"type":"Feature","id":1623,"geometry":{"type":"Point","coordinates":[-97.720683999999949,30.32760200000007]},"properties":{"OBJECTID":1623,"School ID":"Reilly","Feature ID":"49","Type":"Outdoor Classroom 1","Lat/Long":"30.327602, -97.720684","Infrastructure Quality":"M","Notes":"Stumps, some degrading significantly; installed with SEL garden, 2021","LatNumber":30.327601999999999,"LongNumber":-97.720684000000006}},{"type":"Feature","id":1624,"geometry":null,"properties":{"OBJECTID":1624,"Shape":null,"School ID":"Reilly","Feature ID":"50","Type":"Outdoor Classroom 2","Lat/Long":null,"Infrastructure Quality":"M","Notes":"PEAS has classes sit in grass under tree shade for programming","LatNumber":null,"LongNumber":null}},{"type":"Feature","id":1625,"geometry":{"type":"Point","coordinates":[-97.720789999999965,30.32775300000003]},"properties":{"OBJECTID":1625,"School ID":"Reilly","Feature ID":"51","Type":"Picnic table 1","Lat/Long":"30.327753, -97.720790","Infrastructure Quality":"H","Notes":"AISD, wooden, extra long","LatNumber":30.327753000000001,"LongNumber":-97.720789999999994}},{"type":"Feature","id":1626,"geometry":{"type":"Point","coordinates":[-97.720602999999983,30.32765100000006]},"properties":{"OBJECTID":1626,"School ID":"Reilly","Feature ID":"52","Type":"Picnic table 2","Lat/Long":"30.327651, -97.720603","Infrastructure Quality":"H","Notes":"PARD, installed 2022","LatNumber":30.327650999999999,"LongNumber":-97.720602999999997}},{"type":"Feature","id":1627,"geometry":{"type":"Point","coordinates":[-97.720666999999992,30.327576000000079]},"properties":{"OBJECTID":1627,"School ID":"Reilly","Feature ID":"53","Type":"Picnic table 3","Lat/Long":"30.327576, -97.720667","Infrastructure Quality":"H","Notes":"PARD, installed 2022","LatNumber":30.327576000000001,"LongNumber":-97.720667000000006}},{"type":"Feature","id":1628,"geometry":{"type":"Point","coordinates":[-97.720573999999942,30.327548000000036]},"properties":{"OBJECTID":1628,"School ID":"Reilly","Feature ID":"54","Type":"Picnic table 4","Lat/Long":"30.327548, -97.720574","Infrastructure Quality":"M","Notes":"AISD, wooden","LatNumber":30.327548,"LongNumber":-97.720573999999999}},{"type":"Feature","id":1629,"geometry":{"type":"Point","coordinates":[-97.720379999999977,30.327428000000054]},"properties":{"OBJECTID":1629,"School ID":"Reilly","Feature ID":"55","Type":"Picnic table 5","Lat/Long":"30.327428, -97.720380","Infrastructure Quality":"M","Notes":"AISD, wooden","LatNumber":30.327428000000001,"LongNumber":-97.720380000000006}},{"type":"Feature","id":1630,"geometry":{"type":"Point","coordinates":[-97.720014999999989,30.327348000000029]},"properties":{"OBJECTID":1630,"School ID":"Reilly","Feature ID":"56","Type":"Picnic table 6","Lat/Long":"30.327348, -97.720015","Infrastructure Quality":"M","Notes":"AISD, group of # wooden picnic tables on basketball court, 2 look wheelchair accessible","LatNumber":30.327348000000001,"LongNumber":-97.720015000000004}},{"type":"Feature","id":1631,"geometry":{"type":"Point","coordinates":[-97.720017999999982,30.327488000000073]},"properties":{"OBJECTID":1631,"School ID":"Reilly","Feature ID":"57","Type":"Picnic table 7","Lat/Long":"30.327488, -97.720018","Infrastructure Quality":"M","Notes":"AISD wooden ","LatNumber":30.327487999999999,"LongNumber":-97.720017999999996}},{"type":"Feature","id":1632,"geometry":{"type":"Point","coordinates":[-97.719069999999988,30.327903000000049]},"properties":{"OBJECTID":1632,"School ID":"Reilly","Feature ID":"58","Type":"Picnic table 8","Lat/Long":"30.327903, -97.719070","Infrastructure Quality":"M","Notes":null,"LatNumber":30.327902999999999,"LongNumber":-97.719070000000002}},{"type":"Feature","id":1633,"geometry":{"type":"Point","coordinates":[-97.720353999999986,30.328037000000052]},"properties":{"OBJECTID":1633,"School ID":"Reilly","Feature ID":"59","Type":"Picnic table 9","Lat/Long":"30.328037, -97.720354","Infrastructure Quality":"L","Notes":"painted table by livestock enclosure ","LatNumber":30.328036999999998,"LongNumber":-97.720354}},{"type":"Feature","id":1634,"geometry":{"type":"Point","coordinates":[-97.720683999999949,30.32760200000007]},"properties":{"OBJECTID":1634,"School ID":"Reilly","Feature ID":"60","Type":"Playground  1","Lat/Long":"30.327602, -97.720684","Infrastructure Quality":"H","Notes":"AISD, Swings, uncovered","LatNumber":30.327601999999999,"LongNumber":-97.720684000000006}},{"type":"Feature","id":1635,"geometry":{"type":"Point","coordinates":[-97.720591999999954,30.32727600000004]},"properties":{"OBJECTID":1635,"School ID":"Reilly","Feature ID":"61","Type":"Playground  2","Lat/Long":"30.327276, -97.720592","Infrastructure Quality":"H","Notes":"AISD, Fully fenced, preK, no shade over plastic climbing animals, shade over 2-5 playscape","LatNumber":30.327276000000001,"LongNumber":-97.720591999999996}},{"type":"Feature","id":1636,"geometry":{"type":"Point","coordinates":[-97.720391999999947,30.327336000000059]},"properties":{"OBJECTID":1636,"School ID":"Reilly","Feature ID":"62","Type":"Playground  3","Lat/Long":"30.327336, -97.720392","Infrastructure Quality":"H","Notes":"AISD, shade over 5-12 playscape","LatNumber":30.327335999999999,"LongNumber":-97.720392000000004}},{"type":"Feature","id":1637,"geometry":{"type":"Point","coordinates":[-97.720466999999985,30.327784000000065]},"properties":{"OBJECTID":1637,"School ID":"Reilly","Feature ID":"63","Type":"Playground  4","Lat/Long":"30.327784, -97.720467","Infrastructure Quality":"H","Notes":null,"LatNumber":30.327784000000001,"LongNumber":-97.720466999999999}},{"type":"Feature","id":1638,"geometry":{"type":"Point","coordinates":[-97.719638999999972,30.328127000000052]},"properties":{"OBJECTID":1638,"School ID":"Reilly","Feature ID":"64","Type":"Rain Garden 1","Lat/Long":"30.328127, -97.719639","Infrastructure Quality":"H","Notes":"ACCC + WPD maintenance June 2023","LatNumber":30.328126999999999,"LongNumber":-97.719639000000001}},{"type":"Feature","id":1639,"geometry":{"type":"Point","coordinates":[-97.719949999999983,30.32840200000004]},"properties":{"OBJECTID":1639,"School ID":"Reilly","Feature ID":"65","Type":"Rain Garden 2 ","Lat/Long":"30.328402, -97.719950","Infrastructure Quality":"H","Notes":"WPD Educational Rain Garden Sign ","LatNumber":30.328402000000001,"LongNumber":-97.719949999999997}},{"type":"Feature","id":1640,"geometry":{"type":"Point","coordinates":[-97.720441999999991,30.328270000000032]},"properties":{"OBJECTID":1640,"School ID":"Reilly","Feature ID":"66","Type":"Rain Garden 3","Lat/Long":"30.328270, -97.720442","Infrastructure Quality":"H","Notes":null,"LatNumber":30.32827,"LongNumber":-97.720442000000006}},{"type":"Feature","id":1641,"geometry":{"type":"Point","coordinates":[-97.720143999999948,30.327625000000069]},"properties":{"OBJECTID":1641,"School ID":"Reilly","Feature ID":"67","Type":"Rain Garden 4","Lat/Long":"30.327625, -97.720144","Infrastructure Quality":"H","Notes":"High quality, high use - PEAS staff onsite confirmed use for lessons","LatNumber":30.327625000000001,"LongNumber":-97.720144000000005}},{"type":"Feature","id":1642,"geometry":{"type":"Point","coordinates":[-97.719554999999957,30.327776000000028]},"properties":{"OBJECTID":1642,"School ID":"Reilly","Feature ID":"68","Type":"Rain Garden 5","Lat/Long":"30.327776, -97.719555","Infrastructure Quality":"H","Notes":"close to berm 2, by building ","LatNumber":30.327776,"LongNumber":-97.719555}},{"type":"Feature","id":1643,"geometry":{"type":"Point","coordinates":[-97.720591999999954,30.32727600000004]},"properties":{"OBJECTID":1643,"School ID":"Reilly","Feature ID":"69","Type":"Shade Structure 1","Lat/Long":"30.327276, -97.720592","Infrastructure Quality":"H","Notes":"Over 0-5 Playscape","LatNumber":30.327276000000001,"LongNumber":-97.720591999999996}},{"type":"Feature","id":1644,"geometry":{"type":"Point","coordinates":[-97.720591999999954,30.32727600000004]},"properties":{"OBJECTID":1644,"School ID":"Reilly","Feature ID":"70","Type":"Shade Structure 2","Lat/Long":"30.327276, -97.720592","Infrastructure Quality":"H","Notes":"Over 5-15 playscape","LatNumber":30.327276000000001,"LongNumber":-97.720591999999996}},{"type":"Feature","id":1645,"geometry":{"type":"Point","coordinates":[-97.720016999999984,30.327376000000072]},"properties":{"OBJECTID":1645,"School ID":"Reilly","Feature ID":"71","Type":"Shade Structure 3","Lat/Long":"30.327376, -97.720017","Infrastructure Quality":"H","Notes":"Over basketball court","LatNumber":30.327376000000001,"LongNumber":-97.720016999999999}},{"type":"Feature","id":1646,"geometry":{"type":"Point","coordinates":[-97.720466999999985,30.327784000000065]},"properties":{"OBJECTID":1646,"School ID":"Reilly","Feature ID":"72","Type":"Shade Structure 4","Lat/Long":"30.327784, -97.720467","Infrastructure Quality":"H","Notes":null,"LatNumber":30.327784000000001,"LongNumber":-97.720466999999999}},{"type":"Feature","id":1647,"geometry":{"type":"Point","coordinates":[-97.720293999999967,30.328062000000045]},"properties":{"OBJECTID":1647,"School ID":"Reilly","Feature ID":"73","Type":"Storage/Shed","Lat/Long":"30.328062, -97.720294","Infrastructure Quality":"M","Notes":"in  livestock enclosure ","LatNumber":30.328061999999999,"LongNumber":-97.720293999999996}},{"type":"Feature","id":1648,"geometry":{"type":"Point","coordinates":[-97.71912999999995,30.327632000000051]},"properties":{"OBJECTID":1648,"School ID":"Reilly","Feature ID":"74","Type":"Track","Lat/Long":"30.327632, -97.719130","Infrastructure Quality":"M","Notes":"Needs DG, water pooling on track - back loop ","LatNumber":30.327632000000001,"LongNumber":-97.719130000000007}},{"type":"Feature","id":1649,"geometry":{"type":"Point","coordinates":[-97.720683999999949,30.327721000000054]},"properties":{"OBJECTID":1649,"School ID":"Reilly","Feature ID":"75","Type":"Waste receptacle","Lat/Long":"30.327721, -97.720684","Infrastructure Quality":"H","Notes":"PARD, trash/recycle, installed 2022","LatNumber":30.327721,"LongNumber":-97.720684000000006}},{"type":"Feature","id":1650,"geometry":{"type":"Point","coordinates":[-97.720710999999937,30.32779800000003]},"properties":{"OBJECTID":1650,"School ID":"Reilly","Feature ID":"76","Type":"Water fountain","Lat/Long":"30.327798, -97.720711","Infrastructure Quality":"L","Notes":"AISD, doesn't flow well","LatNumber":30.327798000000001,"LongNumber":-97.720710999999994}},{"type":"Feature","id":1651,"geometry":{"type":"Point","coordinates":[-97.676824999999951,30.302952000000062]},"properties":{"OBJECTID":1651,"School ID":"Pecan Springs","Feature ID":"1","Type":"Art 1","Lat/Long":"30.302952, -97.676825","Infrastructure Quality":"H","Notes":"mural on side of building","LatNumber":30.302952000000001,"LongNumber":-97.676824999999994}},{"type":"Feature","id":1652,"geometry":{"type":"Point","coordinates":[-97.67684799999995,30.303459000000032]},"properties":{"OBJECTID":1652,"School ID":"Pecan Springs","Feature ID":"2","Type":"Art 2","Lat/Long":"30.303459, -97.676848","Infrastructure Quality":"M","Notes":"art enclosed in glass on side of building ","LatNumber":30.303459,"LongNumber":-97.676848000000007}},{"type":"Feature","id":1653,"geometry":{"type":"Point","coordinates":[-97.67666399999996,30.303623000000073]},"properties":{"OBJECTID":1653,"School ID":"Pecan Springs","Feature ID":"3","Type":"Basketball","Lat/Long":"30.303623, -97.676664","Infrastructure Quality":"M","Notes":"2 hoops, 1 net ripped, court needs to be relined ","LatNumber":30.303623000000002,"LongNumber":-97.676664000000002}},{"type":"Feature","id":1654,"geometry":{"type":"Point","coordinates":[-97.676563999999985,30.302738000000033]},"properties":{"OBJECTID":1654,"School ID":"Pecan Springs","Feature ID":"5","Type":"Bench 1","Lat/Long":"30.302738, -97.676564","Infrastructure Quality":"H","Notes":"Set of 8 blue metal ","LatNumber":30.302738000000002,"LongNumber":-97.676563999999999}},{"type":"Feature","id":1655,"geometry":{"type":"Point","coordinates":[-97.676064999999937,30.302849000000037]},"properties":{"OBJECTID":1655,"School ID":"Pecan Springs","Feature ID":"6","Type":"Bench 2","Lat/Long":"30.302849, -97.676065","Infrastructure Quality":"L","Notes":"bench rusty and not secure ","LatNumber":30.302848999999998,"LongNumber":-97.676064999999994}},{"type":"Feature","id":1656,"geometry":{"type":"Point","coordinates":[-97.67666399999996,30.303623000000073]},"properties":{"OBJECTID":1656,"School ID":"Pecan Springs","Feature ID":"7","Type":"Bench 3","Lat/Long":"30.303623, -97.676664","Infrastructure Quality":"H","Notes":"3 metal benches","LatNumber":30.303623000000002,"LongNumber":-97.676664000000002}},{"type":"Feature","id":1657,"geometry":{"type":"Point","coordinates":[-97.676438999999959,30.303796000000034]},"properties":{"OBJECTID":1657,"School ID":"Pecan Springs","Feature ID":"8","Type":"Bench 4","Lat/Long":"30.303796, -97.676439","Infrastructure Quality":"H","Notes":"4 metal benches","LatNumber":30.303795999999998,"LongNumber":-97.676439000000002}},{"type":"Feature","id":1658,"geometry":{"type":"Point","coordinates":[-97.676491999999939,30.304152000000045]},"properties":{"OBJECTID":1658,"School ID":"Pecan Springs","Feature ID":"9","Type":"Bench 5","Lat/Long":"30.304152, -97.676492","Infrastructure Quality":"L","Notes":"wooden, sun damage","LatNumber":30.304151999999998,"LongNumber":-97.676491999999996}},{"type":"Feature","id":1659,"geometry":{"type":"Point","coordinates":[-97.676301999999964,30.304066000000034]},"properties":{"OBJECTID":1659,"School ID":"Pecan Springs","Feature ID":"10","Type":"Bench 6","Lat/Long":"30.304066, -97.676302","Infrastructure Quality":"L","Notes":"wooden, sun damage","LatNumber":30.304065999999999,"LongNumber":-97.676302000000007}},{"type":"Feature","id":1660,"geometry":{"type":"Point","coordinates":[-97.676552999999956,30.302447000000029]},"properties":{"OBJECTID":1660,"School ID":"Pecan Springs","Feature ID":"11","Type":"Bench 7","Lat/Long":"30.302447, -97.676553","Infrastructure Quality":"L","Notes":"3 wooden benches, no back","LatNumber":30.302447000000001,"LongNumber":-97.676552999999998}},{"type":"Feature","id":1661,"geometry":{"type":"Point","coordinates":[-97.676119999999969,30.303942000000063]},"properties":{"OBJECTID":1661,"School ID":"Pecan Springs","Feature ID":"14","Type":"Berm/Swale 1","Lat/Long":"30.303942, -97.676120","Infrastructure Quality":"H","Notes":null,"LatNumber":30.303941999999999,"LongNumber":-97.676119999999997}},{"type":"Feature","id":1662,"geometry":{"type":"Point","coordinates":[-97.67632599999996,30.303582000000063]},"properties":{"OBJECTID":1662,"School ID":"Pecan Springs","Feature ID":"15","Type":"Berm/Swale 2","Lat/Long":"30.303582, -97.676326","Infrastructure Quality":"H","Notes":null,"LatNumber":30.303581999999999,"LongNumber":-97.676326000000003}},{"type":"Feature","id":1663,"geometry":{"type":"Point","coordinates":[-97.676117999999974,30.302740000000028]},"properties":{"OBJECTID":1663,"School ID":"Pecan Springs","Feature ID":"16","Type":"Bike Rack","Lat/Long":"30.302740, -97.676118","Infrastructure Quality":null,"Notes":null,"LatNumber":30.30274,"LongNumber":-97.676118000000002}},{"type":"Feature","id":1664,"geometry":{"type":"Point","coordinates":[-97.676260999999954,30.302865000000054]},"properties":{"OBJECTID":1664,"School ID":"Pecan Springs","Feature ID":"19","Type":"Compost ","Lat/Long":"30.302865, -97.676261","Infrastructure Quality":"H","Notes":"container is being used for trash","LatNumber":30.302865000000001,"LongNumber":-97.676260999999997}},{"type":"Feature","id":1665,"geometry":{"type":"Point","coordinates":[-97.675698999999952,30.303612000000044]},"properties":{"OBJECTID":1665,"School ID":"Pecan Springs","Feature ID":"21","Type":"Fields","Lat/Long":"30.303612, -97.675699","Infrastructure Quality":"M","Notes":null,"LatNumber":30.303612000000001,"LongNumber":-97.675698999999994}},{"type":"Feature","id":1666,"geometry":{"type":"Point","coordinates":[-97.675134999999955,30.303571000000034]},"properties":{"OBJECTID":1666,"School ID":"Pecan Springs","Feature ID":"22","Type":"Fitness Station","Lat/Long":"30.303571, -97.675135","Infrastructure Quality":"L","Notes":"Old exercise equiptment ","LatNumber":30.303571000000002,"LongNumber":-97.675134999999997}},{"type":"Feature","id":1667,"geometry":{"type":"Point","coordinates":[-97.676603999999941,30.302725000000066]},"properties":{"OBJECTID":1667,"School ID":"Pecan Springs","Feature ID":"26","Type":"Habitat Garden 1","Lat/Long":"30.302725, -97.676604","Infrastructure Quality":"M","Notes":"Raised wooden bed, well established rock rose","LatNumber":30.302724999999999,"LongNumber":-97.676603999999998}},{"type":"Feature","id":1668,"geometry":{"type":"Point","coordinates":[-97.67647999999997,30.302732000000049]},"properties":{"OBJECTID":1668,"School ID":"Pecan Springs","Feature ID":"27","Type":"Habitat Garden 2","Lat/Long":"30.302732, -97.676480\n","Infrastructure Quality":"M","Notes":null,"LatNumber":30.302731999999999,"LongNumber":-97.676479999999998}},{"type":"Feature","id":1669,"geometry":{"type":"Point","coordinates":[-97.676405999999986,30.302733000000046]},"properties":{"OBJECTID":1669,"School ID":"Pecan Springs","Feature ID":"28","Type":"Habitat Garden 3","Lat/Long":"30.302733, -97.676406","Infrastructure Quality":"M","Notes":null,"LatNumber":30.302733,"LongNumber":-97.676406}},{"type":"Feature","id":1670,"geometry":{"type":"Point","coordinates":[-97.676279999999963,30.302737000000036]},"properties":{"OBJECTID":1670,"School ID":"Pecan Springs","Feature ID":"29","Type":"Habitat Garden 4","Lat/Long":"30.302737, -97.676280","Infrastructure Quality":"M","Notes":null,"LatNumber":30.302737,"LongNumber":-97.676280000000006}},{"type":"Feature","id":1671,"geometry":{"type":"Point","coordinates":[-97.676238999999953,30.302738000000033]},"properties":{"OBJECTID":1671,"School ID":"Pecan Springs","Feature ID":"30","Type":"Habitat Garden 5","Lat/Long":"30.302738, -97.676239","Infrastructure Quality":"M","Notes":null,"LatNumber":30.302738000000002,"LongNumber":-97.676238999999995}},{"type":"Feature","id":1672,"geometry":{"type":"Point","coordinates":[-97.676045999999985,30.302706000000057]},"properties":{"OBJECTID":1672,"School ID":"Pecan Springs","Feature ID":"31","Type":"Habitat Garden 6","Lat/Long":"30.302706, -97.676046","Infrastructure Quality":"H","Notes":"Well tended, not accesible due to caution tape ","LatNumber":30.302706000000001,"LongNumber":-97.676045999999999}},{"type":"Feature","id":1673,"geometry":{"type":"Point","coordinates":[-97.676107999999942,30.302601000000038]},"properties":{"OBJECTID":1673,"School ID":"Pecan Springs","Feature ID":"32","Type":"Habitat Garden 7","Lat/Long":"30.302601, -97.676108\n","Infrastructure Quality":"M","Notes":null,"LatNumber":30.302600999999999,"LongNumber":-97.676107999999999}},{"type":"Feature","id":1674,"geometry":{"type":"Point","coordinates":[-97.676150999999948,30.302537000000029]},"properties":{"OBJECTID":1674,"School ID":"Pecan Springs","Feature ID":"33","Type":"Habitat Garden 8","Lat/Long":"30.302537, -97.676151","Infrastructure Quality":"M","Notes":null,"LatNumber":30.302537000000001,"LongNumber":-97.676151000000004}},{"type":"Feature","id":1675,"geometry":{"type":"Point","coordinates":[-97.676289999999938,30.30289300000004]},"properties":{"OBJECTID":1675,"School ID":"Pecan Springs","Feature ID":"34","Type":"Habitat Garden 9","Lat/Long":"30.302893, -97.676290","Infrastructure Quality":"L","Notes":"2 beds, falling apart ","LatNumber":30.302893000000001,"LongNumber":-97.676289999999995}},{"type":"Feature","id":1676,"geometry":{"type":"Point","coordinates":[-97.675705999999991,30.303377000000069]},"properties":{"OBJECTID":1676,"School ID":"Pecan Springs","Feature ID":"37","Type":"Track","Lat/Long":"30.303377, -97.675706","Infrastructure Quality":"L","Notes":"Needs DG and does not have border ","LatNumber":30.303377000000001,"LongNumber":-97.675706000000005}},{"type":"Feature","id":1677,"geometry":{"type":"Point","coordinates":[-97.676607999999987,30.303970000000049]},"properties":{"OBJECTID":1677,"School ID":"Pecan Springs","Feature ID":"39","Type":"Mutt Mitt station","Lat/Long":"30.303970, -97.676608","Infrastructure Quality":"H","Notes":"needs sign and bag holder ","LatNumber":30.30397,"LongNumber":-97.676608000000002}},{"type":"Feature","id":1678,"geometry":{"type":"Point","coordinates":[-97.675708999999983,30.303877000000057]},"properties":{"OBJECTID":1678,"School ID":"Pecan Springs","Feature ID":"40","Type":"Lawn 1","Lat/Long":"30.303877, -97.675709","Infrastructure Quality":"H","Notes":null,"LatNumber":30.303877,"LongNumber":-97.675708999999998}},{"type":"Feature","id":1679,"geometry":{"type":"Point","coordinates":[-97.676633999999979,30.302469000000031]},"properties":{"OBJECTID":1679,"School ID":"Pecan Springs","Feature ID":"41","Type":"Lawn 2","Lat/Long":"30.302469, -97.676634","Infrastructure Quality":"M","Notes":"grass ankle height ","LatNumber":30.302468999999999,"LongNumber":-97.676634000000007}},{"type":"Feature","id":1680,"geometry":{"type":"Point","coordinates":[-97.676564999999982,30.302711000000045]},"properties":{"OBJECTID":1680,"School ID":"Pecan Springs","Feature ID":"43","Type":"Nature Trail ","Lat/Long":"30.302711, -97.676565","Infrastructure Quality":"M","Notes":null,"LatNumber":30.302710999999999,"LongNumber":-97.676564999999997}},{"type":"Feature","id":1681,"geometry":{"type":"Point","coordinates":[-97.675161999999943,30.303643000000079]},"properties":{"OBJECTID":1681,"School ID":"Pecan Springs","Feature ID":"45","Type":"Other 1","Lat/Long":"30.303643, -97.675162","Infrastructure Quality":"L","Notes":"backstop for field use ","LatNumber":30.303643000000001,"LongNumber":-97.675162}},{"type":"Feature","id":1682,"geometry":{"type":"Point","coordinates":[-97.676575999999955,30.302402000000029]},"properties":{"OBJECTID":1682,"School ID":"Pecan Springs","Feature ID":"46","Type":"Other 2","Lat/Long":"30.302402, -97.676576","Infrastructure Quality":"L","Notes":"little free library, missing glass on door panel,books present and water damage present ","LatNumber":30.302402000000001,"LongNumber":-97.676575999999997}},{"type":"Feature","id":1683,"geometry":{"type":"Point","coordinates":[-97.676270999999986,30.302648000000033]},"properties":{"OBJECTID":1683,"School ID":"Pecan Springs","Feature ID":"47","Type":"Outdoor Classroom 1","Lat/Long":"30.302648, -97.676271","Infrastructure Quality":"M","Notes":"area needs mulch, one block broken","LatNumber":30.302648000000001,"LongNumber":-97.676271}},{"type":"Feature","id":1684,"geometry":{"type":"Point","coordinates":[-97.676425999999992,30.302909000000056]},"properties":{"OBJECTID":1684,"School ID":"Pecan Springs","Feature ID":"48","Type":"Outdoor Classroom 2","Lat/Long":"30.302909, -97.676426","Infrastructure Quality":"L","Notes":null,"LatNumber":30.302909,"LongNumber":-97.676426000000006}},{"type":"Feature","id":1685,"geometry":{"type":"Point","coordinates":[-97.675697999999954,30.303153000000066]},"properties":{"OBJECTID":1685,"School ID":"Pecan Springs","Feature ID":"49","Type":"Outdoor Classroom 3","Lat/Long":"30.303153, -97.675698","Infrastructure Quality":"L","Notes":"overgrown outdoor classroom Pe","LatNumber":30.303152999999998,"LongNumber":-97.675697999999997}},{"type":"Feature","id":1686,"geometry":{"type":"Point","coordinates":[-97.676155999999992,30.303682000000038]},"properties":{"OBJECTID":1686,"School ID":"Pecan Springs","Feature ID":"50","Type":"Outdoor Classroom 4","Lat/Long":"30.303682, -97.676156","Infrastructure Quality":"H","Notes":"office staff said space is uesed sometimes ","LatNumber":30.303681999999998,"LongNumber":-97.676156000000006}},{"type":"Feature","id":1687,"geometry":{"type":"Point","coordinates":[-97.676304999999957,30.302707000000055]},"properties":{"OBJECTID":1687,"School ID":"Pecan Springs","Feature ID":"51","Type":"Picnic table 1","Lat/Long":"30.302707, -97.676305","Infrastructure Quality":"H","Notes":"Set of 5 wooden tables, 1 wheel chair accesible ","LatNumber":30.302707000000002,"LongNumber":-97.676304999999999}},{"type":"Feature","id":1688,"geometry":{"type":"Point","coordinates":[-97.676691999999946,30.302903000000072]},"properties":{"OBJECTID":1688,"School ID":"Pecan Springs","Feature ID":"52","Type":"Picnic table 2","Lat/Long":"30.302903, -97.676692","Infrastructure Quality":null,"Notes":"Set of 3 plastic tables, holes from ware and tear ","LatNumber":30.302903000000001,"LongNumber":-97.676692000000003}},{"type":"Feature","id":1689,"geometry":{"type":"Point","coordinates":[-97.676328999999953,30.302912000000049]},"properties":{"OBJECTID":1689,"School ID":"Pecan Springs","Feature ID":"53","Type":"Picnic table 3","Lat/Long":"30.302912, -97.676329","Infrastructure Quality":"H","Notes":"Set of 4 wooden tables ","LatNumber":30.302911999999999,"LongNumber":-97.676328999999996}},{"type":"Feature","id":1690,"geometry":{"type":"Point","coordinates":[-97.675926999999945,30.30298700000003]},"properties":{"OBJECTID":1690,"School ID":"Pecan Springs","Feature ID":"54","Type":"Picnic table 4","Lat/Long":"30.302987, -97.675927","Infrastructure Quality":"H","Notes":"Set of 3 wooden tables ","LatNumber":30.302987000000002,"LongNumber":-97.675927000000001}},{"type":"Feature","id":1691,"geometry":{"type":"Point","coordinates":[-97.676044999999988,30.303176000000065]},"properties":{"OBJECTID":1691,"School ID":"Pecan Springs","Feature ID":"55","Type":"Picnic table 5","Lat/Long":"30.303176, -97.676045","Infrastructure Quality":"L","Notes":"Set of two metal ","LatNumber":30.303176000000001,"LongNumber":-97.676045000000002}},{"type":"Feature","id":1692,"geometry":{"type":"Point","coordinates":[-97.676067999999987,30.303398000000072]},"properties":{"OBJECTID":1692,"School ID":"Pecan Springs","Feature ID":"56","Type":"Picnic table 6","Lat/Long":"30.303398, -97.676068","Infrastructure Quality":"H","Notes":"Set of two wooden picnic tables ","LatNumber":30.303398000000001,"LongNumber":-97.676068000000001}},{"type":"Feature","id":1693,"geometry":{"type":"Point","coordinates":[-97.67599899999999,30.303837000000044]},"properties":{"OBJECTID":1693,"School ID":"Pecan Springs","Feature ID":"57","Type":"Picnic table 7","Lat/Long":"30.303837, -97.675999","Infrastructure Quality":"H","Notes":null,"LatNumber":30.303837000000001,"LongNumber":-97.675999000000004}},{"type":"Feature","id":1694,"geometry":{"type":"Point","coordinates":[-97.676564999999982,30.303826000000072]},"properties":{"OBJECTID":1694,"School ID":"Pecan Springs","Feature ID":"58","Type":"Picnic table 8","Lat/Long":"30.303826, -97.676565","Infrastructure Quality":"H","Notes":"Set of three tables, two PARD, 1 wooden ","LatNumber":30.303826000000001,"LongNumber":-97.676564999999997}},{"type":"Feature","id":1695,"geometry":{"type":"Point","coordinates":[-97.676275999999973,30.303599000000077]},"properties":{"OBJECTID":1695,"School ID":"Pecan Springs","Feature ID":"59","Type":"Picnic table 9","Lat/Long":"30.303599, -97.676276","Infrastructure Quality":"M","Notes":"Plastic and metal","LatNumber":30.303598999999998,"LongNumber":-97.676276000000001}},{"type":"Feature","id":1696,"geometry":{"type":"Point","coordinates":[-97.676370999999961,30.304111000000034]},"properties":{"OBJECTID":1696,"School ID":"Pecan Springs","Feature ID":"60","Type":"Playground 1","Lat/Long":"30.304111, -97.676371","Infrastructure Quality":"H","Notes":"5-12yr old, nteractive playground panel ","LatNumber":30.304110999999999,"LongNumber":-97.676371000000003}},{"type":"Feature","id":1697,"geometry":{"type":"Point","coordinates":[-97.676530999999954,30.304017000000044]},"properties":{"OBJECTID":1697,"School ID":"Pecan Springs","Feature ID":"61","Type":"Playground 2","Lat/Long":"30.304017, -97.676531","Infrastructure Quality":"H","Notes":"set of 4 swings","LatNumber":30.304017000000002,"LongNumber":-97.676530999999997}},{"type":"Feature","id":1698,"geometry":{"type":"Point","coordinates":[-97.676437999999962,30.303889000000026]},"properties":{"OBJECTID":1698,"School ID":"Pecan Springs","Feature ID":"62","Type":"Playground 3","Lat/Long":"30.303889, -97.676438","Infrastructure Quality":"H","Notes":"set of three swings ","LatNumber":30.303889000000002,"LongNumber":-97.676438000000005}},{"type":"Feature","id":1699,"geometry":{"type":"Point","coordinates":[-97.676397999999949,30.303737000000069]},"properties":{"OBJECTID":1699,"School ID":"Pecan Springs","Feature ID":"63","Type":"Playground 4","Lat/Long":"30.303737, -97.676398","Infrastructure Quality":null,"Notes":"2-5yr old, set of two swing sets","LatNumber":30.303737000000002,"LongNumber":-97.676398000000006}},{"type":"Feature","id":1700,"geometry":{"type":"Point","coordinates":[-97.676038999999946,30.302209000000062]},"properties":{"OBJECTID":1700,"School ID":"Pecan Springs","Feature ID":"64","Type":"Rain Garden/Infiltration Garden","Lat/Long":"30.302209, -97.676039","Infrastructure Quality":"H","Notes":null,"LatNumber":30.302209000000001,"LongNumber":-97.676039000000003}},{"type":"Feature","id":1701,"geometry":{"type":"Point","coordinates":[-97.676765999999986,30.30294200000003]},"properties":{"OBJECTID":1701,"School ID":"Pecan Springs","Feature ID":"65","Type":"Sensory Path","Lat/Long":"30.302942, -97.676766","Infrastructure Quality":"L","Notes":"overgrown, needs to be redone ","LatNumber":30.302942000000002,"LongNumber":-97.676766000000001}},{"type":"Feature","id":1702,"geometry":{"type":"Point","coordinates":[-97.676691999999946,30.302903000000072]},"properties":{"OBJECTID":1702,"School ID":"Pecan Springs","Feature ID":"66","Type":"Shade Structure 1","Lat/Long":"30.302903, -97.676692","Infrastructure Quality":"H","Notes":"wooden w/metal top ","LatNumber":30.302903000000001,"LongNumber":-97.676692000000003}},{"type":"Feature","id":1703,"geometry":{"type":"Point","coordinates":[-97.67666399999996,30.303623000000073]},"properties":{"OBJECTID":1703,"School ID":"Pecan Springs","Feature ID":"67","Type":"Shade Structure 2","Lat/Long":"30.303623, -97.676664","Infrastructure Quality":"H","Notes":"shade structure over bball court","LatNumber":30.303623000000002,"LongNumber":-97.676664000000002}},{"type":"Feature","id":1704,"geometry":{"type":"Point","coordinates":[-97.676093999999978,30.302681000000064]},"properties":{"OBJECTID":1704,"School ID":"Pecan Springs","Feature ID":"68","Type":"Storage/Shed 1","Lat/Long":"30.302681, -97.676094","Infrastructure Quality":"H","Notes":"lock preessent ","LatNumber":30.302681,"LongNumber":-97.676094000000006}},{"type":"Feature","id":1705,"geometry":{"type":"Point","coordinates":[-97.676682999999969,30.302732000000049]},"properties":{"OBJECTID":1705,"School ID":"Pecan Springs","Feature ID":"69","Type":"Waste receptacle 1","Lat/Long":"30.302732, -97.676683","Infrastructure Quality":"H","Notes":null,"LatNumber":30.302731999999999,"LongNumber":-97.676682999999997}},{"type":"Feature","id":1706,"geometry":{"type":"Point","coordinates":[-97.67614199999997,30.302735000000041]},"properties":{"OBJECTID":1706,"School ID":"Pecan Springs","Feature ID":"70","Type":"Waste receptacle 2","Lat/Long":"30.302735, -97.676142","Infrastructure Quality":"H","Notes":null,"LatNumber":30.302734999999998,"LongNumber":-97.676141999999999}},{"type":"Feature","id":1707,"geometry":{"type":"Point","coordinates":[-97.67666399999996,30.303623000000073]},"properties":{"OBJECTID":1707,"School ID":"Pecan Springs","Feature ID":"71","Type":"Waste receptacle 3","Lat/Long":"30.303623, -97.676664","Infrastructure Quality":"L","Notes":"cover over top, trash present ","LatNumber":30.303623000000002,"LongNumber":-97.676664000000002}},{"type":"Feature","id":1708,"geometry":{"type":"Point","coordinates":[-97.676607999999987,30.303970000000049]},"properties":{"OBJECTID":1708,"School ID":"Pecan Springs","Feature ID":"72","Type":"Waste receptacle 4","Lat/Long":"30.303970, -97.676608","Infrastructure Quality":"H","Notes":null,"LatNumber":30.30397,"LongNumber":-97.676608000000002}},{"type":"Feature","id":1709,"geometry":{"type":"Point","coordinates":[-97.676304999999957,30.30266400000005]},"properties":{"OBJECTID":1709,"School ID":"Pecan Springs","Feature ID":"73","Type":"Wildlife Habitat 1","Lat/Long":"30.302664, -97.676305","Infrastructure Quality":"H","Notes":"bat box - looks new, fresh paint ","LatNumber":30.302664,"LongNumber":-97.676304999999999}},{"type":"Feature","id":1710,"geometry":{"type":"Point","coordinates":[-97.676691999999946,30.302903000000072]},"properties":{"OBJECTID":1710,"School ID":"Pecan Springs","Feature ID":"74","Type":"Wildlife Habitat 2","Lat/Long":"30.302903, -97.676692","Infrastructure Quality":"H","Notes":"bat box - looks new, fresh paint ","LatNumber":30.302903000000001,"LongNumber":-97.676692000000003}},{"type":"Feature","id":1711,"geometry":{"type":"Point","coordinates":[-97.841737999999964,30.23228000000006]},"properties":{"OBJECTID":1711,"School ID":"Small","Feature ID":"1","Type":"Apiary ","Lat/Long":"30.232280, -97.841738","Infrastructure Quality":"H","Notes":"5 hives","LatNumber":30.232279999999999,"LongNumber":-97.841738000000007}},{"type":"Feature","id":1712,"geometry":{"type":"Point","coordinates":[-97.84175399999998,30.234330000000057]},"properties":{"OBJECTID":1712,"School ID":"Small","Feature ID":"2","Type":"Art 1","Lat/Long":"30.234330, -97.841754","Infrastructure Quality":"H","Notes":"\"Small\" mural on building","LatNumber":30.23433,"LongNumber":-97.841753999999995}},{"type":"Feature","id":1713,"geometry":{"type":"Point","coordinates":[-97.841632999999945,30.234410000000025]},"properties":{"OBJECTID":1713,"School ID":"Small","Feature ID":"3","Type":"Art 2","Lat/Long":"30.234410, -97.841633","Infrastructure Quality":"H","Notes":"\"Eres me sol\" mural on building, color slighly fading","LatNumber":30.23441,"LongNumber":-97.841633000000002}},{"type":"Feature","id":1714,"geometry":{"type":"Point","coordinates":[-97.842637999999965,30.234017000000051]},"properties":{"OBJECTID":1714,"School ID":"Small","Feature ID":"4","Type":"Basketball","Lat/Long":"30.234017, -97.842638","Infrastructure Quality":"M","Notes":"Two metal basketball hoops on uncovered blacktop, no striping, nets look new","LatNumber":30.234017000000001,"LongNumber":-97.842637999999994}},{"type":"Feature","id":1715,"geometry":{"type":"Point","coordinates":[-97.841501999999991,30.234436000000073]},"properties":{"OBJECTID":1715,"School ID":"Small","Feature ID":"5","Type":"Bench 1","Lat/Long":"30.234436, -97.841502","Infrastructure Quality":"H","Notes":"Wooden","LatNumber":30.234435999999999,"LongNumber":-97.841502000000006}},{"type":"Feature","id":1716,"geometry":{"type":"Point","coordinates":[-97.841631999999947,30.234659000000079]},"properties":{"OBJECTID":1716,"School ID":"Small","Feature ID":"6","Type":"Bench 2","Lat/Long":"30.234659, -97.841632","Infrastructure Quality":"H","Notes":"Wooden, built by student","LatNumber":30.234659000000001,"LongNumber":-97.841632000000004}},{"type":"Feature","id":1717,"geometry":{"type":"Point","coordinates":[-97.841811999999948,30.234662000000071]},"properties":{"OBJECTID":1717,"School ID":"Small","Feature ID":"7","Type":"Bench 3","Lat/Long":"30.234662, -97.841812","Infrastructure Quality":"L","Notes":"Wooden, built by student","LatNumber":30.234662,"LongNumber":-97.841812000000004}},{"type":"Feature","id":1718,"geometry":{"type":"Point","coordinates":[-97.842080999999951,30.234688000000062]},"properties":{"OBJECTID":1718,"School ID":"Small","Feature ID":"8","Type":"Bench 4","Lat/Long":"30.234688, -97.842081","Infrastructure Quality":"M","Notes":"Wooden ","LatNumber":30.234687999999998,"LongNumber":-97.842080999999993}},{"type":"Feature","id":1719,"geometry":{"type":"Point","coordinates":[-97.842501999999968,30.234425000000044]},"properties":{"OBJECTID":1719,"School ID":"Small","Feature ID":"9","Type":"Bench 5","Lat/Long":"30.234425, -97.842502","Infrastructure Quality":"H","Notes":"Two wood benches and metal table ","LatNumber":30.234425000000002,"LongNumber":-97.842501999999996}},{"type":"Feature","id":1720,"geometry":{"type":"Point","coordinates":[-97.842616999999962,30.234155000000044]},"properties":{"OBJECTID":1720,"School ID":"Small","Feature ID":"10","Type":"Bench 6","Lat/Long":"30.234155, -97.842617","Infrastructure Quality":"M","Notes":"metal bench ","LatNumber":30.234155000000001,"LongNumber":-97.842617000000004}},{"type":"Feature","id":1721,"geometry":{"type":"Point","coordinates":[-97.841471999999953,30.233948000000055]},"properties":{"OBJECTID":1721,"School ID":"Small","Feature ID":"11","Type":"Bench 7","Lat/Long":"30.233948, -97.841472","Infrastructure Quality":"H","Notes":"cluster of 4 benches, hight use ","LatNumber":30.233948000000002,"LongNumber":-97.841471999999996}},{"type":"Feature","id":1722,"geometry":{"type":"Point","coordinates":[-97.841269999999952,30.233652000000063]},"properties":{"OBJECTID":1722,"School ID":"Small","Feature ID":"12","Type":"Bench 8","Lat/Long":"30.233652, -97.841270","Infrastructure Quality":"H","Notes":"cluster of 8 limestone blocks used for seating during pick-up and drop-off ","LatNumber":30.233651999999999,"LongNumber":-97.841269999999994}},{"type":"Feature","id":1723,"geometry":{"type":"Point","coordinates":[-97.84152499999999,30.234618000000069]},"properties":{"OBJECTID":1723,"School ID":"Small","Feature ID":"13","Type":"Berm/Swale 1","Lat/Long":"30.234618, -97.841525","Infrastructure Quality":"H","Notes":"Installed by students","LatNumber":30.234618000000001,"LongNumber":-97.841525000000004}},{"type":"Feature","id":1724,"geometry":{"type":"Point","coordinates":[-97.841953999999987,30.231894000000068]},"properties":{"OBJECTID":1724,"School ID":"Small","Feature ID":"14","Type":"Berm/Swale 2","Lat/Long":"30.231894, -97.841954","Infrastructure Quality":"M","Notes":"class project in progress ","LatNumber":30.231894,"LongNumber":-97.841954000000001}},{"type":"Feature","id":1725,"geometry":{"type":"Point","coordinates":[-97.841947999999945,30.23539500000004]},"properties":{"OBJECTID":1725,"School ID":"Small","Feature ID":"15","Type":"Berm/Swale 3","Lat/Long":"30.235395, -97.841948","Infrastructure Quality":"M","Notes":"class project in progress ","LatNumber":30.235395,"LongNumber":-97.841948000000002}},{"type":"Feature","id":1726,"geometry":{"type":"Point","coordinates":[-97.842347999999959,30.235917000000029]},"properties":{"OBJECTID":1726,"School ID":"Small","Feature ID":"16","Type":"Berm/Swale 4","Lat/Long":"30.235917, -97.842348","Infrastructure Quality":"M","Notes":"class project in progress ","LatNumber":30.235917000000001,"LongNumber":-97.842348000000001}},{"type":"Feature","id":1727,"geometry":{"type":"Point","coordinates":[-97.842823999999951,30.233518000000061]},"properties":{"OBJECTID":1727,"School ID":"Small","Feature ID":"17","Type":"Bike Rack","Lat/Long":"30.233518, -97.842824","Infrastructure Quality":"H","Notes":"Bike rack, behind fence and not accessible for students ","LatNumber":30.233518,"LongNumber":-97.842823999999993}},{"type":"Feature","id":1728,"geometry":{"type":"Point","coordinates":[-97.841731999999979,30.234397000000058]},"properties":{"OBJECTID":1728,"School ID":"Small","Feature ID":"18","Type":"Cistern 1","Lat/Long":"30.234397, -97.841732","Infrastructure Quality":"H","Notes":null,"LatNumber":30.234397000000001,"LongNumber":-97.841731999999993}},{"type":"Feature","id":1729,"geometry":{"type":"Point","coordinates":[-97.842411999999968,30.23426900000004]},"properties":{"OBJECTID":1729,"School ID":"Small","Feature ID":"19","Type":"Cistern 10","Lat/Long":"30.234269, -97.842412","Infrastructure Quality":"H","Notes":"connected to cistern 10, no base - tilting ","LatNumber":30.234269000000001,"LongNumber":-97.842411999999996}},{"type":"Feature","id":1730,"geometry":{"type":"Point","coordinates":[-97.842673999999988,30.233876000000066]},"properties":{"OBJECTID":1730,"School ID":"Small","Feature ID":"20","Type":"Cistern 11","Lat/Long":"30.233876, -97.842674","Infrastructure Quality":"M","Notes":"Side of portable ","LatNumber":30.233875999999999,"LongNumber":-97.842674000000002}},{"type":"Feature","id":1731,"geometry":{"type":"Point","coordinates":[-97.842673999999988,30.233876000000066]},"properties":{"OBJECTID":1731,"School ID":"Small","Feature ID":"21","Type":"Cistern 12","Lat/Long":"30.233876, -97.842674","Infrastructure Quality":"M","Notes":"Side of portable ","LatNumber":30.233875999999999,"LongNumber":-97.842674000000002}},{"type":"Feature","id":1732,"geometry":{"type":"Point","coordinates":[-97.84264399999995,30.233681000000047]},"properties":{"OBJECTID":1732,"School ID":"Small","Feature ID":"22","Type":"Cistern 13","Lat/Long":"30.233681, -97.842644","Infrastructure Quality":"M","Notes":"black barrell ","LatNumber":30.233681000000001,"LongNumber":-97.842644000000007}},{"type":"Feature","id":1733,"geometry":{"type":"Point","coordinates":[-97.841358999999954,30.233677000000057]},"properties":{"OBJECTID":1733,"School ID":"Small","Feature ID":"23","Type":"Cistern 14","Lat/Long":"30.233677, -97.841359","Infrastructure Quality":"H","Notes":"cistern w/ green tech art ","LatNumber":30.233677,"LongNumber":-97.841358999999997}},{"type":"Feature","id":1734,"geometry":{"type":"Point","coordinates":[-97.841599999999971,30.234402000000046]},"properties":{"OBJECTID":1734,"School ID":"Small","Feature ID":"24","Type":"Cistern 2","Lat/Long":"30.234402, -97.841600","Infrastructure Quality":"H","Notes":"Slight leak","LatNumber":30.234401999999999,"LongNumber":-97.8416}},{"type":"Feature","id":1735,"geometry":{"type":"Point","coordinates":[-97.841545999999937,30.234390000000076]},"properties":{"OBJECTID":1735,"School ID":"Small","Feature ID":"25","Type":"Cistern 3","Lat/Long":"30.234390, -97.841546","Infrastructure Quality":"H","Notes":"Slight leak","LatNumber":30.234390000000001,"LongNumber":-97.841545999999994}},{"type":"Feature","id":1736,"geometry":{"type":"Point","coordinates":[-97.841694999999959,30.234525000000076]},"properties":{"OBJECTID":1736,"School ID":"Small","Feature ID":"26","Type":"Cistern 4","Lat/Long":"30.234525, -97.841695","Infrastructure Quality":"H","Notes":"Looks new but unconnected to shed","LatNumber":30.234525000000001,"LongNumber":-97.841695000000001}},{"type":"Feature","id":1737,"geometry":{"type":"Point","coordinates":[-97.842264999999941,30.234491000000048]},"properties":{"OBJECTID":1737,"School ID":"Small","Feature ID":"27","Type":"Cistern 5","Lat/Long":"30.234491, -97.842265","Infrastructure Quality":"M","Notes":"slight leak, base needs replacing ","LatNumber":30.234490999999998,"LongNumber":-97.842264999999998}},{"type":"Feature","id":1738,"geometry":{"type":"Point","coordinates":[-97.842143999999962,30.234467000000052]},"properties":{"OBJECTID":1738,"School ID":"Small","Feature ID":"28","Type":"Cistern 6","Lat/Long":"30.234467, -97.842144","Infrastructure Quality":"M","Notes":"slight leak, base needs replacing ","LatNumber":30.234466999999999,"LongNumber":-97.842144000000005}},{"type":"Feature","id":1739,"geometry":{"type":"Point","coordinates":[-97.841913999999974,30.234463000000062]},"properties":{"OBJECTID":1739,"School ID":"Small","Feature ID":"29","Type":"Cistern 7","Lat/Long":"30.234463, -97.841914","Infrastructure Quality":"M","Notes":"slight leak, base needs replacing ","LatNumber":30.234463000000002,"LongNumber":-97.841914000000003}},{"type":"Feature","id":1740,"geometry":{"type":"Point","coordinates":[-97.84181099999995,30.234440000000063]},"properties":{"OBJECTID":1740,"School ID":"Small","Feature ID":"30","Type":"Cistern 8","Lat/Long":"30.234440, -97.841811","Infrastructure Quality":"M","Notes":"slight leak, base needs replacing ","LatNumber":30.234439999999999,"LongNumber":-97.841811000000007}},{"type":"Feature","id":1741,"geometry":{"type":"Point","coordinates":[-97.842411999999968,30.23426900000004]},"properties":{"OBJECTID":1741,"School ID":"Small","Feature ID":"31","Type":"Cistern 9","Lat/Long":"30.234269, -97.842412","Infrastructure Quality":"H","Notes":"connected to cistern 10, no base - tilting ","LatNumber":30.234269000000001,"LongNumber":-97.842411999999996}},{"type":"Feature","id":1742,"geometry":{"type":"Point","coordinates":[-97.841713999999968,30.23455400000006]},"properties":{"OBJECTID":1742,"School ID":"Small","Feature ID":"32","Type":"Compost 1","Lat/Long":"30.234554, -97.841714","Infrastructure Quality":"M","Notes":null,"LatNumber":30.234553999999999,"LongNumber":-97.841713999999996}},{"type":"Feature","id":1743,"geometry":{"type":"Point","coordinates":[-97.841869999999972,30.23473800000005]},"properties":{"OBJECTID":1743,"School ID":"Small","Feature ID":"33","Type":"Compost 2","Lat/Long":"30.234738, -97.841870","Infrastructure Quality":"H","Notes":"compost tumbler on ground, overgrown grass ","LatNumber":30.234738,"LongNumber":-97.84187}},{"type":"Feature","id":1744,"geometry":{"type":"Point","coordinates":[-97.842133999999987,30.234782000000052]},"properties":{"OBJECTID":1744,"School ID":"Small","Feature ID":"34","Type":"Compost 3","Lat/Long":"30.234782, -97.842134","Infrastructure Quality":"H","Notes":"Worm compost container, not in use ","LatNumber":30.234781999999999,"LongNumber":-97.842134000000001}},{"type":"Feature","id":1745,"geometry":{"type":"Point","coordinates":[-97.842318999999975,30.234844000000066]},"properties":{"OBJECTID":1745,"School ID":"Small","Feature ID":"35","Type":"Compost 4","Lat/Long":"30.234844, -97.842319","Infrastructure Quality":"H","Notes":"Metal compost enclosure ","LatNumber":30.234843999999999,"LongNumber":-97.842319000000003}},{"type":"Feature","id":1746,"geometry":null,"properties":{"OBJECTID":1746,"Shape":null,"School ID":"Small","Feature ID":"36","Type":"Field","Lat/Long":null,"Infrastructure Quality":"H","Notes":"4 soccer goals ","LatNumber":null,"LongNumber":null}},{"type":"Feature","id":1747,"geometry":{"type":"Point","coordinates":[-97.842848999999944,30.234276000000079]},"properties":{"OBJECTID":1747,"School ID":"Small","Feature ID":"37","Type":"Gaga Ball Pit","Lat/Long":"30.234276, -97.842849","Infrastructure Quality":"H","Notes":"In full sun, likely not sued ","LatNumber":30.234276000000001,"LongNumber":-97.842849000000001}},{"type":"Feature","id":1748,"geometry":{"type":"Point","coordinates":[-97.842212999999958,30.234806000000049]},"properties":{"OBJECTID":1748,"School ID":"Small","Feature ID":"38","Type":"Greenhouse","Lat/Long":"30.234806, -97.842213","Infrastructure Quality":"M","Notes":"Missing windows, filled with tools, propogating plants, roof replaced 01/24, venting fans added","LatNumber":30.234805999999999,"LongNumber":-97.842213000000001}},{"type":"Feature","id":1749,"geometry":{"type":"Point","coordinates":[-97.841885999999988,30.234600000000057]},"properties":{"OBJECTID":1749,"School ID":"Small","Feature ID":"39","Type":"Habitat Garden 1","Lat/Long":"30.234600, -97.841886","Infrastructure Quality":"M","Notes":"3 raised wooden beds - degrading ","LatNumber":30.2346,"LongNumber":-97.841886000000002}},{"type":"Feature","id":1750,"geometry":{"type":"Point","coordinates":[-97.841678999999942,30.234980000000064]},"properties":{"OBJECTID":1750,"School ID":"Small","Feature ID":"40","Type":"Habitat Garden 2","Lat/Long":"30.234980, -97.841679","Infrastructure Quality":"H","Notes":"students do not maintain ","LatNumber":30.23498,"LongNumber":-97.841678999999999}},{"type":"Feature","id":1751,"geometry":{"type":"Point","coordinates":[-97.841424999999958,30.234063000000049]},"properties":{"OBJECTID":1751,"School ID":"Small","Feature ID":"41","Type":"Habitat Garden 3","Lat/Long":"30.234063, -97.841425","Infrastructure Quality":"M","Notes":"beds present, not maintained ","LatNumber":30.234062999999999,"LongNumber":-97.841425000000001}},{"type":"Feature","id":1752,"geometry":{"type":"Point","coordinates":[-97.842212999999958,30.234806000000049]},"properties":{"OBJECTID":1752,"School ID":"Small","Feature ID":"42","Type":"Hydroponic Garden","Lat/Long":"30.234806, -97.842213","Infrastructure Quality":"H","Notes":"set up inside greenhouse ","LatNumber":30.234805999999999,"LongNumber":-97.842213000000001}},{"type":"Feature","id":1753,"geometry":{"type":"Point","coordinates":[-97.84161899999998,30.234420000000057]},"properties":{"OBJECTID":1753,"School ID":"Small","Feature ID":"43","Type":"Livestock 1","Lat/Long":"30.234420, -97.841619","Infrastructure Quality":"H","Notes":"Looks like temporary space for animals to get sun, water container present, fencing looks new","LatNumber":30.23442,"LongNumber":-97.841618999999994}},{"type":"Feature","id":1754,"geometry":{"type":"Point","coordinates":[-97.842096999999967,30.234830000000045]},"properties":{"OBJECTID":1754,"School ID":"Small","Feature ID":"44","Type":"Livestock 2","Lat/Long":"30.234830, -97.842097","Infrastructure Quality":"H","Notes":"Sheep enclosure, 2 sheep","LatNumber":30.234829999999999,"LongNumber":-97.842096999999995}},{"type":"Feature","id":1755,"geometry":{"type":"Point","coordinates":[-97.842247999999984,30.234750000000076]},"properties":{"OBJECTID":1755,"School ID":"Small","Feature ID":"45","Type":"Livestock 3","Lat/Long":"30.234750, -97.842248","Infrastructure Quality":"H","Notes":"duck enclosure ","LatNumber":30.234749999999998,"LongNumber":-97.842247999999998}},{"type":"Feature","id":1756,"geometry":{"type":"Point","coordinates":[-97.842306999999948,30.234811000000036]},"properties":{"OBJECTID":1756,"School ID":"Small","Feature ID":"46","Type":"Livestock 4","Lat/Long":"30.234811, -97.842307","Infrastructure Quality":"H","Notes":"chicken coop ","LatNumber":30.234811000000001,"LongNumber":-97.842307000000005}},{"type":"Feature","id":1757,"geometry":{"type":"Point","coordinates":[-97.842262999999946,30.234849000000054]},"properties":{"OBJECTID":1757,"School ID":"Small","Feature ID":"47","Type":"Livestock 5","Lat/Long":"30.234849, -97.842263","Infrastructure Quality":"H","Notes":"goat enclosure - 3 goats ","LatNumber":30.234849000000001,"LongNumber":-97.842263000000003}},{"type":"Feature","id":1758,"geometry":{"type":"Point","coordinates":[-97.842366999999967,30.234741000000042]},"properties":{"OBJECTID":1758,"School ID":"Small","Feature ID":"48","Type":"Livestock 6","Lat/Long":"30.234741, -97.842367","Infrastructure Quality":"H","Notes":"large free roam area for chickens and ducks, chicken coop enclosure ","LatNumber":30.234741,"LongNumber":-97.842366999999996}},{"type":"Feature","id":1759,"geometry":{"type":"Point","coordinates":[-97.843123999999989,30.234582000000046]},"properties":{"OBJECTID":1759,"School ID":"Small","Feature ID":"49","Type":"Livestock 7","Lat/Long":"30.234582, -97.843124","Infrastructure Quality":"H","Notes":"new grazing space for goats and sheep ","LatNumber":30.234582,"LongNumber":-97.843124000000003}},{"type":"Feature","id":1760,"geometry":null,"properties":{"OBJECTID":1760,"Shape":null,"School ID":"Small","Feature ID":"50","Type":"Natural Grass Lawn","Lat/Long":null,"Infrastructure Quality":"H","Notes":"in front of school, formally livestock enclosure ","LatNumber":null,"LongNumber":null}},{"type":"Feature","id":1761,"geometry":{"type":"Point","coordinates":[-97.841772999999989,30.234778000000063]},"properties":{"OBJECTID":1761,"School ID":"Small","Feature ID":"51","Type":"Nature Play 1","Lat/Long":"30.234778, -97.841773","Infrastructure Quality":"M","Notes":"Stick Tepee, with tire inside ","LatNumber":30.234777999999999,"LongNumber":-97.841773000000003}},{"type":"Feature","id":1762,"geometry":{"type":"Point","coordinates":[-97.841922999999952,30.234793000000025]},"properties":{"OBJECTID":1762,"School ID":"Small","Feature ID":"52","Type":"Nature Play 2","Lat/Long":"30.234793, -97.841923","Infrastructure Quality":"M","Notes":"Stick Tepee","LatNumber":30.234793,"LongNumber":-97.841922999999994}},{"type":"Feature","id":1763,"geometry":{"type":"Point","coordinates":[-97.842294999999979,30.234647000000052]},"properties":{"OBJECTID":1763,"School ID":"Small","Feature ID":"53","Type":"Nature Play 3","Lat/Long":"30.234647, -97.842295","Infrastructure Quality":"M","Notes":"stick tepee w/ brush ","LatNumber":30.234646999999999,"LongNumber":-97.842294999999993}},{"type":"Feature","id":1764,"geometry":{"type":"Point","coordinates":[-97.842567999999972,30.234496000000036]},"properties":{"OBJECTID":1764,"School ID":"Small","Feature ID":"54","Type":"Nature Play 4","Lat/Long":"30.234496, -97.842568","Infrastructure Quality":"M","Notes":"Paddock style hut ","LatNumber":30.234496,"LongNumber":-97.842568}},{"type":"Feature","id":1765,"geometry":{"type":"Point","coordinates":[-97.842543999999975,30.234365000000025]},"properties":{"OBJECTID":1765,"School ID":"Small","Feature ID":"55","Type":"Nature Play 5","Lat/Long":"30.234365, -97.842544\n","Infrastructure Quality":"H","Notes":"Tepee with metal bench iside structure ","LatNumber":30.234365,"LongNumber":-97.842544000000004}},{"type":"Feature","id":1766,"geometry":{"type":"Point","coordinates":[-97.841783999999961,30.234602000000052]},"properties":{"OBJECTID":1766,"School ID":"Small","Feature ID":"56","Type":"Nature Trail 1","Lat/Long":"30.234602, -97.841784","Infrastructure Quality":"M","Notes":null,"LatNumber":30.234601999999999,"LongNumber":-97.841784000000004}},{"type":"Feature","id":1767,"geometry":{"type":"Point","coordinates":[-97.842127999999946,30.234578000000056]},"properties":{"OBJECTID":1767,"School ID":"Small","Feature ID":"57","Type":"Nature Trail 2","Lat/Long":"30.234578, -97.842128","Infrastructure Quality":"M","Notes":"cuts through trees, mulch ","LatNumber":30.234577999999999,"LongNumber":-97.842128000000002}},{"type":"Feature","id":1768,"geometry":{"type":"Point","coordinates":[-97.841406999999947,30.234547000000077]},"properties":{"OBJECTID":1768,"School ID":"Small","Feature ID":"58","Type":"Other 1","Lat/Long":"30.234547, -97.841407","Infrastructure Quality":"H","Notes":"Wooden swing, built by student","LatNumber":30.234546999999999,"LongNumber":-97.841407000000004}},{"type":"Feature","id":1769,"geometry":{"type":"Point","coordinates":[-97.842223999999987,30.234672000000046]},"properties":{"OBJECTID":1769,"School ID":"Small","Feature ID":"59","Type":"Other 2","Lat/Long":"30.234672, -97.842224","Infrastructure Quality":"H","Notes":"wooden adirondack chair ","LatNumber":30.234672,"LongNumber":-97.842224000000002}},{"type":"Feature","id":1770,"geometry":{"type":"Point","coordinates":[-97.842223999999987,30.234672000000046]},"properties":{"OBJECTID":1770,"School ID":"Small","Feature ID":"60","Type":"Other 3","Lat/Long":"30.234672, -97.842224","Infrastructure Quality":"H","Notes":"wooden adirondack chair ","LatNumber":30.234672,"LongNumber":-97.842224000000002}},{"type":"Feature","id":1771,"geometry":{"type":"Point","coordinates":[-97.841481999999985,30.234496000000036]},"properties":{"OBJECTID":1771,"School ID":"Small","Feature ID":"61","Type":"Picnic table 1","Lat/Long":"30.234496, -97.841482","Infrastructure Quality":"H","Notes":"Wooden, painted","LatNumber":30.234496,"LongNumber":-97.841481999999999}},{"type":"Feature","id":1772,"geometry":{"type":"Point","coordinates":[-97.841605999999956,30.233945000000062]},"properties":{"OBJECTID":1772,"School ID":"Small","Feature ID":"62","Type":"Picnic table 10","Lat/Long":"30.233945, -97.841606","Infrastructure Quality":"M","Notes":"cluster of 12 tables, used for outdoor dining and events ","LatNumber":30.233944999999999,"LongNumber":-97.841605999999999}},{"type":"Feature","id":1773,"geometry":{"type":"Point","coordinates":[-97.841481999999985,30.234496000000036]},"properties":{"OBJECTID":1773,"School ID":"Small","Feature ID":"63","Type":"Picnic table 2","Lat/Long":"30.234496, -97.841482","Infrastructure Quality":"H","Notes":"Wooden, painted","LatNumber":30.234496,"LongNumber":-97.841481999999999}},{"type":"Feature","id":1774,"geometry":{"type":"Point","coordinates":[-97.842187999999965,30.234650000000045]},"properties":{"OBJECTID":1774,"School ID":"Small","Feature ID":"64","Type":"Picnic table 3","Lat/Long":"30.234650, -97.842188","Infrastructure Quality":"M","Notes":"Wooden, white paint ","LatNumber":30.234649999999998,"LongNumber":-97.842187999999993}},{"type":"Feature","id":1775,"geometry":{"type":"Point","coordinates":[-97.842187999999965,30.234650000000045]},"properties":{"OBJECTID":1775,"School ID":"Small","Feature ID":"65","Type":"Picnic table 4","Lat/Long":"30.234650, -97.842188","Infrastructure Quality":"M","Notes":"Wooden, white paint ","LatNumber":30.234649999999998,"LongNumber":-97.842187999999993}},{"type":"Feature","id":1776,"geometry":{"type":"Point","coordinates":[-97.842104999999947,30.234773000000075]},"properties":{"OBJECTID":1776,"School ID":"Small","Feature ID":"66","Type":"Picnic table 5","Lat/Long":"30.234773, -97.842105","Infrastructure Quality":"M","Notes":"Wooden, white paint ","LatNumber":30.234773000000001,"LongNumber":-97.842105000000004}},{"type":"Feature","id":1777,"geometry":{"type":"Point","coordinates":[-97.842056999999954,30.234784000000047]},"properties":{"OBJECTID":1777,"School ID":"Small","Feature ID":"67","Type":"Picnic table 6","Lat/Long":"30.234784, -97.842057","Infrastructure Quality":"M","Notes":"Wooden, white paint ","LatNumber":30.234784000000001,"LongNumber":-97.842056999999997}},{"type":"Feature","id":1778,"geometry":{"type":"Point","coordinates":[-97.842436999999961,30.234531000000061]},"properties":{"OBJECTID":1778,"School ID":"Small","Feature ID":"68","Type":"Picnic table 7","Lat/Long":"30.234531, -97.842437","Infrastructure Quality":"M","Notes":"Wooden ","LatNumber":30.234531,"LongNumber":-97.842437000000004}},{"type":"Feature","id":1779,"geometry":{"type":"Point","coordinates":[-97.842510999999945,30.234108000000049]},"properties":{"OBJECTID":1779,"School ID":"Small","Feature ID":"69","Type":"Picnic table 8","Lat/Long":"30.234108, -97.842511","Infrastructure Quality":"M","Notes":"Wooden, no benches ","LatNumber":30.234107999999999,"LongNumber":-97.842511000000002}},{"type":"Feature","id":1780,"geometry":{"type":"Point","coordinates":[-97.842298999999969,30.234181000000035]},"properties":{"OBJECTID":1780,"School ID":"Small","Feature ID":"70","Type":"Picnic table 9","Lat/Long":"30.234181, -97.842299","Infrastructure Quality":"M","Notes":"cluster of picnic tables, used for outdoor dining, area currently under construction ","LatNumber":30.234181,"LongNumber":-97.842298999999997}},{"type":"Feature","id":1781,"geometry":{"type":"Point","coordinates":[-97.841787999999951,30.23464000000007]},"properties":{"OBJECTID":1781,"School ID":"Small","Feature ID":"71","Type":"Pond 1","Lat/Long":"30.234640, -97.841788","Infrastructure Quality":"M","Notes":"Pump not visable, mosquitos & plants present ","LatNumber":30.234639999999999,"LongNumber":-97.841787999999994}},{"type":"Feature","id":1782,"geometry":{"type":"Point","coordinates":[-97.842028999999968,30.23464000000007]},"properties":{"OBJECTID":1782,"School ID":"Small","Feature ID":"72","Type":"Pond 2","Lat/Long":"30.234640, -97.842029","Infrastructure Quality":"M","Notes":"stock tank,no fish,  plants growing, unsure if pump is present ","LatNumber":30.234639999999999,"LongNumber":-97.842028999999997}},{"type":"Feature","id":1783,"geometry":{"type":"Point","coordinates":[-97.842334999999991,30.234889000000067]},"properties":{"OBJECTID":1783,"School ID":"Small","Feature ID":"73","Type":"Pond 3","Lat/Long":"30.234889, -97.842335","Infrastructure Quality":"H","Notes":"not connected or in use, empty, plastic - meant to be in ground ","LatNumber":30.234888999999999,"LongNumber":-97.842335000000006}},{"type":"Feature","id":1784,"geometry":{"type":"Point","coordinates":[-97.841995999999938,30.234435000000076]},"properties":{"OBJECTID":1784,"School ID":"Small","Feature ID":"74","Type":"Pond 4","Lat/Long":"30.234435, -97.841996","Infrastructure Quality":"H","Notes":"in ground, working pump, full of plants ","LatNumber":30.234435000000001,"LongNumber":-97.841995999999995}},{"type":"Feature","id":1785,"geometry":{"type":"Point","coordinates":[-97.842416999999955,30.234285000000057]},"properties":{"OBJECTID":1785,"School ID":"Small","Feature ID":"75","Type":"Pond 5","Lat/Long":"30.234285, -97.842417","Infrastructure Quality":"H","Notes":"Pond w/ pump working and turtles and plants ","LatNumber":30.234285,"LongNumber":-97.842416999999998}},{"type":"Feature","id":1786,"geometry":{"type":"Point","coordinates":[-97.841579999999965,30.234521000000029]},"properties":{"OBJECTID":1786,"School ID":"Small","Feature ID":"76","Type":"Produce Garden 1","Lat/Long":"30.234521, -97.841580","Infrastructure Quality":"H","Notes":"Fruit trees, herbs, veggies, ollas; 4 circle beds, 7 long mounded beds","LatNumber":30.234521000000001,"LongNumber":-97.841579999999993}},{"type":"Feature","id":1787,"geometry":{"type":"Point","coordinates":[-97.841697999999951,30.234601000000055]},"properties":{"OBJECTID":1787,"School ID":"Small","Feature ID":"77","Type":"Produce Garden 2","Lat/Long":"30.234601, -97.841698","Infrastructure Quality":"H","Notes":"Tire border, 3 long + 1 circle bed, ollas, veggies","LatNumber":30.234601000000001,"LongNumber":-97.841697999999994}},{"type":"Feature","id":1788,"geometry":{"type":"Point","coordinates":[-97.841957999999977,30.23469700000004]},"properties":{"OBJECTID":1788,"School ID":"Small","Feature ID":"78","Type":"Produce Garden 3","Lat/Long":"30.234697, -97.841958","Infrastructure Quality":"H","Notes":"6 row beds, 4 unused raised beds, 1  working raise bed, 1 circle bed, sundial, scarecrow, ollas ","LatNumber":30.234697000000001,"LongNumber":-97.841958000000005}},{"type":"Feature","id":1789,"geometry":{"type":"Point","coordinates":[-97.842061999999942,30.234608000000037]},"properties":{"OBJECTID":1789,"School ID":"Small","Feature ID":"79","Type":"Produce Garden 4","Lat/Long":"30.234608, -97.842062","Infrastructure Quality":"M","Notes":"6 raised, 2 unused, hummingbird feeder, nature trails throughout the space ","LatNumber":30.234608000000001,"LongNumber":-97.842061999999999}},{"type":"Feature","id":1790,"geometry":{"type":"Point","coordinates":[-97.842895999999939,30.234906000000024]},"properties":{"OBJECTID":1790,"School ID":"Small","Feature ID":"80","Type":"Produce Garden 5","Lat/Long":"30.234906, -97.842896","Infrastructure Quality":"N/A","Notes":"Future site for gardens ","LatNumber":30.234905999999999,"LongNumber":-97.842895999999996}},{"type":"Feature","id":1791,"geometry":null,"properties":{"OBJECTID":1791,"Shape":null,"School ID":"Small","Feature ID":"81","Type":"Rain Garden","Lat/Long":null,"Infrastructure Quality":"H","Notes":"fenced in front of campus ","LatNumber":null,"LongNumber":null}},{"type":"Feature","id":1792,"geometry":{"type":"Point","coordinates":[-97.841986999999961,30.234551000000067]},"properties":{"OBJECTID":1792,"School ID":"Small","Feature ID":"82","Type":"Shade Structure 1","Lat/Long":"30.234551, -97.841987","Infrastructure Quality":"H","Notes":"2 shade sails over pathway ","LatNumber":30.234551,"LongNumber":-97.841987000000003}},{"type":"Feature","id":1793,"geometry":{"type":"Point","coordinates":[-97.84172099999995,30.234534000000053]},"properties":{"OBJECTID":1793,"School ID":"Small","Feature ID":"83","Type":"Shed 1","Lat/Long":"30.234534, -97.841721","Infrastructure Quality":"H","Notes":"Houses garden tools, art on exterior","LatNumber":30.234534,"LongNumber":-97.841721000000007}},{"type":"Feature","id":1794,"geometry":{"type":"Point","coordinates":[-97.842270999999982,30.234797000000071]},"properties":{"OBJECTID":1794,"School ID":"Small","Feature ID":"84","Type":"Shed 2","Lat/Long":"30.234797, -97.842271","Infrastructure Quality":"H","Notes":"stores animal feed, tools ","LatNumber":30.234797,"LongNumber":-97.842270999999997}},{"type":"Feature","id":1795,"geometry":{"type":"Point","coordinates":[-97.841437999999982,30.234492000000046]},"properties":{"OBJECTID":1795,"School ID":"Small","Feature ID":"85","Type":"Solar ","Lat/Long":"30.234492, -97.841438","Infrastructure Quality":"H","Notes":"Defunct pizza oven and sink/counter in space","LatNumber":30.234491999999999,"LongNumber":-97.841437999999997}},{"type":"Feature","id":1796,"geometry":null,"properties":{"OBJECTID":1796,"Shape":null,"School ID":"Small","Feature ID":"86","Type":"Track","Lat/Long":null,"Infrastructure Quality":"H","Notes":"temporary lighting around track, grass lawn surrounding area ","LatNumber":null,"LongNumber":null}},{"type":"Feature","id":1797,"geometry":{"type":"Point","coordinates":[-97.841669999999965,30.234403000000043]},"properties":{"OBJECTID":1797,"School ID":"Small","Feature ID":"87","Type":"Waste receptacle 1","Lat/Long":"30.234403, -97.841670","Infrastructure Quality":"H","Notes":"Trash can","LatNumber":30.234403,"LongNumber":-97.841669999999993}},{"type":"Feature","id":1798,"geometry":{"type":"Point","coordinates":[-97.842440999999951,30.234407000000033]},"properties":{"OBJECTID":1798,"School ID":"Small","Feature ID":"88","Type":"Waste receptacle 2","Lat/Long":"30.234407, -97.842441","Infrastructure Quality":"H","Notes":"Recycle ","LatNumber":30.234407000000001,"LongNumber":-97.842440999999994}},{"type":"Feature","id":1799,"geometry":{"type":"Point","coordinates":[-97.842393999999956,30.234381000000042]},"properties":{"OBJECTID":1799,"School ID":"Small","Feature ID":"89","Type":"Waste receptacle 3","Lat/Long":"30.234381, -97.842394","Infrastructure Quality":"H","Notes":"Trash ","LatNumber":30.234380999999999,"LongNumber":-97.842393999999999}},{"type":"Feature","id":1800,"geometry":{"type":"Point","coordinates":[-97.842450999999983,30.234258000000068]},"properties":{"OBJECTID":1800,"School ID":"Small","Feature ID":"90","Type":"Waste receptacle 4","Lat/Long":"30.234258, -97.842451","Infrastructure Quality":"H","Notes":"Recycle ","LatNumber":30.234258000000001,"LongNumber":-97.842450999999997}},{"type":"Feature","id":1801,"geometry":{"type":"Point","coordinates":[-97.84253799999999,30.23412200000007]},"properties":{"OBJECTID":1801,"School ID":"Small","Feature ID":"91","Type":"Waste receptacle 5","Lat/Long":"30.234122, -97.842538","Infrastructure Quality":"H","Notes":"Trash ","LatNumber":30.234121999999999,"LongNumber":-97.842538000000005}},{"type":"Feature","id":1802,"geometry":{"type":"Point","coordinates":[-97.841926999999941,30.234629000000041]},"properties":{"OBJECTID":1802,"School ID":"Small","Feature ID":"92","Type":"Wildlife Habitat 1","Lat/Long":"30.234629, -97.841927","Infrastructure Quality":"H","Notes":"Native Bees ","LatNumber":30.234629000000002,"LongNumber":-97.841926999999998}},{"type":"Feature","id":1803,"geometry":{"type":"Point","coordinates":[-97.841090999999949,30.233583000000067]},"properties":{"OBJECTID":1803,"School ID":"Small","Feature ID":"93","Type":"Wildlife Habitat 10","Lat/Long":"30.233583, -97.841091","Infrastructure Quality":"H","Notes":"Purple martin houses ","LatNumber":30.233582999999999,"LongNumber":-97.841091000000006}},{"type":"Feature","id":1804,"geometry":{"type":"Point","coordinates":[-97.842408999999975,30.234503000000075]},"properties":{"OBJECTID":1804,"School ID":"Small","Feature ID":"94","Type":"Wildlife Habitat 5","Lat/Long":"30.234503, -97.842409","Infrastructure Quality":"H","Notes":"New owl box ","LatNumber":30.234503,"LongNumber":-97.842409000000004}},{"type":"Feature","id":1805,"geometry":{"type":"Point","coordinates":[-97.842534999999941,30.234281000000067]},"properties":{"OBJECTID":1805,"School ID":"Small","Feature ID":"95","Type":"Wildlife Habitat 6","Lat/Long":"30.234281, -97.842535","Infrastructure Quality":"H","Notes":"bug house ","LatNumber":30.234280999999999,"LongNumber":-97.842534999999998}},{"type":"Feature","id":1806,"geometry":{"type":"Point","coordinates":[-97.842430999999976,30.234185000000025]},"properties":{"OBJECTID":1806,"School ID":"Small","Feature ID":"96","Type":"Wildlife Habitat 7","Lat/Long":"30.234185, -97.842431","Infrastructure Quality":"H","Notes":"New owl box ","LatNumber":30.234185,"LongNumber":-97.842431000000005}},{"type":"Feature","id":1807,"geometry":{"type":"Point","coordinates":[-97.841085999999962,30.233707000000038]},"properties":{"OBJECTID":1807,"School ID":"Small","Feature ID":"97","Type":"Wildlife Habitat 9","Lat/Long":"30.233707, -97.841086","Infrastructure Quality":"H","Notes":"Purple martin houses ","LatNumber":30.233706999999999,"LongNumber":-97.841086000000004}},{"type":"Feature","id":1808,"geometry":{"type":"Point","coordinates":[-97.841927999999939,30.234629000000041]},"properties":{"OBJECTID":1808,"School ID":"Small","Feature ID":"98","Type":"Wildlife Habitiat 2","Lat/Long":"30.234629, -97.841928","Infrastructure Quality":"M","Notes":"Guitar bird house ","LatNumber":30.234629000000002,"LongNumber":-97.841927999999996}},{"type":"Feature","id":1809,"geometry":{"type":"Point","coordinates":[-97.842092999999977,30.234559000000047]},"properties":{"OBJECTID":1809,"School ID":"Small","Feature ID":"99","Type":"Wildlife Habitiat 3","Lat/Long":"30.234559, -97.842093","Infrastructure Quality":"L","Notes":"wooden owl box","LatNumber":30.234559000000001,"LongNumber":-97.842093000000006}},{"type":"Feature","id":1810,"geometry":{"type":"Point","coordinates":[-97.842191999999955,30.23460300000005]},"properties":{"OBJECTID":1810,"School ID":"Small","Feature ID":"100","Type":"Wildlife Habitiat 4","Lat/Long":"30.234603, -97.842192","Infrastructure Quality":"M","Notes":"wooden bird house ","LatNumber":30.234603,"LongNumber":-97.842191999999997}},{"type":"Feature","id":1811,"geometry":{"type":"Point","coordinates":[-97.744873999999982,30.232809000000032]},"properties":{"OBJECTID":1811,"School ID":"Travis","Feature ID":"1","Type":"Basketball","Lat/Long":"30.232809, -97.744874","Infrastructure Quality":"M","Notes":"New stripes, 2 hoops that need nets","LatNumber":30.232809,"LongNumber":-97.744873999999996}},{"type":"Feature","id":1812,"geometry":{"type":"Point","coordinates":[-97.745061999999962,30.234785000000045]},"properties":{"OBJECTID":1812,"School ID":"Travis","Feature ID":"2","Type":"Bench 1","Lat/Long":"30.234785, -97.745062","Infrastructure Quality":"H","Notes":"5 limestone blocks","LatNumber":30.234784999999999,"LongNumber":-97.745062000000004}},{"type":"Feature","id":1813,"geometry":{"type":"Point","coordinates":[-97.745265999999958,30.234467000000052]},"properties":{"OBJECTID":1813,"School ID":"Travis","Feature ID":"3","Type":"Bench 2","Lat/Long":"30.234467, -97.745266","Infrastructure Quality":"H","Notes":"13 limestone blocks","LatNumber":30.234466999999999,"LongNumber":-97.745266000000001}},{"type":"Feature","id":1814,"geometry":{"type":"Point","coordinates":[-97.744694999999979,30.23357800000008]},"properties":{"OBJECTID":1814,"School ID":"Travis","Feature ID":"4","Type":"Bench 3","Lat/Long":"30.233578, -97.744695","Infrastructure Quality":"H","Notes":"9 limestone blocks","LatNumber":30.233578000000001,"LongNumber":-97.744694999999993}},{"type":"Feature","id":1815,"geometry":{"type":"Point","coordinates":[-97.744714999999985,30.233697000000063]},"properties":{"OBJECTID":1815,"School ID":"Travis","Feature ID":"5","Type":"Bench 4","Lat/Long":"30.233697, -97.744715","Infrastructure Quality":"H","Notes":"1 wood, stained; looks like it was made by school","LatNumber":30.233696999999999,"LongNumber":-97.744714999999999}},{"type":"Feature","id":1816,"geometry":{"type":"Point","coordinates":[-97.744317999999964,30.234260000000063]},"properties":{"OBJECTID":1816,"School ID":"Travis","Feature ID":"6","Type":"Bench 5","Lat/Long":"30.234260, -97.744318","Infrastructure Quality":"H","Notes":"1 wood, stained; looks like it was made by school","LatNumber":30.234259999999999,"LongNumber":-97.744318000000007}},{"type":"Feature","id":1817,"geometry":{"type":"Point","coordinates":[-97.744127999999989,30.234508000000062]},"properties":{"OBJECTID":1817,"School ID":"Travis","Feature ID":"7","Type":"Bench 6","Lat/Long":"30.234508, -97.744128","Infrastructure Quality":"H","Notes":"15 limestone blocks on DG","LatNumber":30.234508000000002,"LongNumber":-97.744128000000003}},{"type":"Feature","id":1818,"geometry":{"type":"Point","coordinates":[-97.744447999999977,30.23465600000003]},"properties":{"OBJECTID":1818,"School ID":"Travis","Feature ID":"8","Type":"Bench 7","Lat/Long":"30.234656, -97.744448","Infrastructure Quality":"H","Notes":"14 limestone blocks by flagpole","LatNumber":30.234656000000001,"LongNumber":-97.744448000000006}},{"type":"Feature","id":1819,"geometry":{"type":"Point","coordinates":[-97.744197999999983,30.234444000000053]},"properties":{"OBJECTID":1819,"School ID":"Travis","Feature ID":"9","Type":"Bike Rack","Lat/Long":"30.234444, -97.744198","Infrastructure Quality":"M","Notes":"No bikes","LatNumber":30.234444,"LongNumber":-97.744197999999997}},{"type":"Feature","id":1820,"geometry":{"type":"Point","coordinates":[-97.745419999999967,30.230641000000048]},"properties":{"OBJECTID":1820,"School ID":"Travis","Feature ID":"10","Type":"Field","Lat/Long":"30.230641, -97.745420","Infrastructure Quality":"H","Notes":"Football, 2 soccer goals with nets, striped","LatNumber":30.230640999999999,"LongNumber":-97.745419999999996}},{"type":"Feature","id":1821,"geometry":{"type":"Point","coordinates":[-97.744960999999989,30.234304000000066]},"properties":{"OBJECTID":1821,"School ID":"Travis","Feature ID":"11","Type":"Habitat Garden 1","Lat/Long":"30.234304, -97.744961","Infrastructure Quality":"H","Notes":"Established butterfly bush with nearby hose in galvanized tub","LatNumber":30.234304000000002,"LongNumber":-97.744961000000004}},{"type":"Feature","id":1822,"geometry":{"type":"Point","coordinates":[-97.745623999999964,30.233892000000026]},"properties":{"OBJECTID":1822,"School ID":"Travis","Feature ID":"12","Type":"Habitat Garden 2","Lat/Long":"30.233892, -97.745624","Infrastructure Quality":"H","Notes":"Established plants with rock border","LatNumber":30.233892000000001,"LongNumber":-97.745624000000007}},{"type":"Feature","id":1823,"geometry":{"type":"Point","coordinates":[-97.745849999999962,30.233884000000046]},"properties":{"OBJECTID":1823,"School ID":"Travis","Feature ID":"13","Type":"Habitat Garden 3","Lat/Long":"30.233884, -97.745850","Infrastructure Quality":"H","Notes":"Established plants with rock border","LatNumber":30.233884,"LongNumber":-97.745850000000004}},{"type":"Feature","id":1824,"geometry":{"type":"Point","coordinates":[-97.745506999999975,30.233718000000067]},"properties":{"OBJECTID":1824,"School ID":"Travis","Feature ID":"14","Type":"Habitat Garden 4","Lat/Long":"30.233718, -97.745507","Infrastructure Quality":"H","Notes":"Established plants - 5 galvanzied metal tubs + 2 in-ground with rock border; irrigation; NWF sign","LatNumber":30.233718,"LongNumber":-97.745507000000003}},{"type":"Feature","id":1825,"geometry":{"type":"Point","coordinates":[-97.744158999999968,30.233851000000072]},"properties":{"OBJECTID":1825,"School ID":"Travis","Feature ID":"15","Type":"Habitat Garden 5","Lat/Long":"30.233851, -97.744159","Infrastructure Quality":"M","Notes":"Establish lantana + potted plant, next to hose","LatNumber":30.233851000000001,"LongNumber":-97.744158999999996}},{"type":"Feature","id":1826,"geometry":{"type":"Point","coordinates":[-97.744963999999982,30.23505300000005]},"properties":{"OBJECTID":1826,"School ID":"Travis","Feature ID":"16","Type":"Lawn 1","Lat/Long":"30.235053, -97.744964","Infrastructure Quality":"H","Notes":null,"LatNumber":30.235053000000001,"LongNumber":-97.744963999999996}},{"type":"Feature","id":1827,"geometry":{"type":"Point","coordinates":[-97.745120999999983,30.233344000000045]},"properties":{"OBJECTID":1827,"School ID":"Travis","Feature ID":"17","Type":"Lawn 2","Lat/Long":"30.233344, -97.745121","Infrastructure Quality":"M","Notes":null,"LatNumber":30.233343999999999,"LongNumber":-97.745120999999997}},{"type":"Feature","id":1828,"geometry":{"type":"Point","coordinates":[-97.744692999999984,30.233225000000061]},"properties":{"OBJECTID":1828,"School ID":"Travis","Feature ID":"18","Type":"Lawn 3","Lat/Long":"30.233225, -97.744693","Infrastructure Quality":"M","Notes":null,"LatNumber":30.233225000000001,"LongNumber":-97.744692999999998}},{"type":"Feature","id":1829,"geometry":{"type":"Point","coordinates":[-97.746098999999958,30.232164000000068]},"properties":{"OBJECTID":1829,"School ID":"Travis","Feature ID":"19","Type":"Lawn 4","Lat/Long":"30.232164, -97.746099","Infrastructure Quality":"H","Notes":null,"LatNumber":30.232164000000001,"LongNumber":-97.746099000000001}},{"type":"Feature","id":1830,"geometry":{"type":"Point","coordinates":[-97.74356199999994,30.234137000000032]},"properties":{"OBJECTID":1830,"School ID":"Travis","Feature ID":"20","Type":"Lawn 5","Lat/Long":"30.234137, -97.743562","Infrastructure Quality":"H","Notes":null,"LatNumber":30.234137,"LongNumber":-97.743561999999997}},{"type":"Feature","id":1831,"geometry":{"type":"Point","coordinates":[-97.744525999999951,30.234519000000034]},"properties":{"OBJECTID":1831,"School ID":"Travis","Feature ID":"21","Type":"Lawn 6","Lat/Long":"30.234519, -97.744526","Infrastructure Quality":"H","Notes":null,"LatNumber":30.234518999999999,"LongNumber":-97.744525999999993}},{"type":"Feature","id":1832,"geometry":{"type":"Point","coordinates":[-97.745102999999972,30.233859000000052]},"properties":{"OBJECTID":1832,"School ID":"Travis","Feature ID":"22","Type":"Other 1","Lat/Long":"30.233859, -97.745103","Infrastructure Quality":"L","Notes":"Looks like ROTC wooden obstacle course; fenced area contains Shed 1","LatNumber":30.233858999999999,"LongNumber":-97.745103}},{"type":"Feature","id":1833,"geometry":{"type":"Point","coordinates":[-97.74546399999997,30.233920000000069]},"properties":{"OBJECTID":1833,"School ID":"Travis","Feature ID":"23","Type":"Other 2","Lat/Long":"30.233920, -97.745464","Infrastructure Quality":"M","Notes":"Wooden pergola in fenced area with Playground","LatNumber":30.233920000000001,"LongNumber":-97.745463999999998}},{"type":"Feature","id":1834,"geometry":{"type":"Point","coordinates":[-97.744438999999943,30.234597000000065]},"properties":{"OBJECTID":1834,"School ID":"Travis","Feature ID":"24","Type":"Other 3","Lat/Long":"30.234597, -97.744439","Infrastructure Quality":"H","Notes":"Veteran's Memorial","LatNumber":30.234597000000001,"LongNumber":-97.744439}},{"type":"Feature","id":1835,"geometry":{"type":"Point","coordinates":[-97.744893999999988,30.233420000000024]},"properties":{"OBJECTID":1835,"School ID":"Travis","Feature ID":"25","Type":"Outdoor Classroom ","Lat/Long":"30.233420, -97.744894","Infrastructure Quality":"M","Notes":"13 limestone blocks with overgrown DG base, partial tree shade","LatNumber":30.233419999999999,"LongNumber":-97.744894000000002}},{"type":"Feature","id":1836,"geometry":{"type":"Point","coordinates":[-97.744799999999941,30.233320000000049]},"properties":{"OBJECTID":1836,"School ID":"Travis","Feature ID":"26","Type":"Picnic table 1","Lat/Long":"30.233320, -97.744800","Infrastructure Quality":"H","Notes":"8 round metal, 2 working umbrella","LatNumber":30.233319999999999,"LongNumber":-97.744799999999998}},{"type":"Feature","id":1837,"geometry":{"type":"Point","coordinates":[-97.744816999999955,30.23328900000007]},"properties":{"OBJECTID":1837,"School ID":"Travis","Feature ID":"27","Type":"Picnic table 2","Lat/Long":"30.233289, -97.744817","Infrastructure Quality":"L","Notes":"2 wooden, painted","LatNumber":30.233288999999999,"LongNumber":-97.744816999999998}},{"type":"Feature","id":1838,"geometry":{"type":"Point","coordinates":[-97.74480299999999,30.233382000000063]},"properties":{"OBJECTID":1838,"School ID":"Travis","Feature ID":"28","Type":"Picnic table 3","Lat/Long":"30.233382, -97.744803","Infrastructure Quality":"M","Notes":"Metal","LatNumber":30.233381999999999,"LongNumber":-97.744803000000005}},{"type":"Feature","id":1839,"geometry":{"type":"Point","coordinates":[-97.744627999999977,30.23356700000005]},"properties":{"OBJECTID":1839,"School ID":"Travis","Feature ID":"29","Type":"Picnic table 4","Lat/Long":"30.233567, -97.744628","Infrastructure Quality":"L","Notes":"5 metal on cement pads","LatNumber":30.233567000000001,"LongNumber":-97.744628000000006}},{"type":"Feature","id":1840,"geometry":{"type":"Point","coordinates":[-97.74435699999998,30.233418000000029]},"properties":{"OBJECTID":1840,"School ID":"Travis","Feature ID":"30","Type":"Picnic table 5","Lat/Long":"30.233418, -97.744357","Infrastructure Quality":"H","Notes":"2 round metal","LatNumber":30.233418,"LongNumber":-97.744356999999994}},{"type":"Feature","id":1841,"geometry":{"type":"Point","coordinates":[-97.744280999999944,30.233357000000069]},"properties":{"OBJECTID":1841,"School ID":"Travis","Feature ID":"31","Type":"Picnic table 6","Lat/Long":"30.233357, -97.744281","Infrastructure Quality":"M","Notes":"1 wood, painted","LatNumber":30.233357000000002,"LongNumber":-97.744281000000001}},{"type":"Feature","id":1842,"geometry":{"type":"Point","coordinates":[-97.744876999999974,30.233003000000053]},"properties":{"OBJECTID":1842,"School ID":"Travis","Feature ID":"32","Type":"Picnic table 7","Lat/Long":"30.233003, -97.744877","Infrastructure Quality":"M","Notes":"17 wood, painted, chained together","LatNumber":30.233003,"LongNumber":-97.744877000000002}},{"type":"Feature","id":1843,"geometry":{"type":"Point","coordinates":[-97.745539999999949,30.233973000000049]},"properties":{"OBJECTID":1843,"School ID":"Travis","Feature ID":"33","Type":"Playground ","Lat/Long":"30.233973, -97.745540","Infrastructure Quality":"L","Notes":"2-5 playscape, wood, in fenced area, sand safety surface with weeds","LatNumber":30.233972999999999,"LongNumber":-97.745540000000005}},{"type":"Feature","id":1844,"geometry":{"type":"Point","coordinates":[-97.744840999999951,30.234806000000049]},"properties":{"OBJECTID":1844,"School ID":"Travis","Feature ID":"34","Type":"Rain Garden 1","Lat/Long":"30.234806, -97.744841","Infrastructure Quality":"H","Notes":"Detention Pond; includes Bench 1","LatNumber":30.234805999999999,"LongNumber":-97.744840999999994}},{"type":"Feature","id":1845,"geometry":{"type":"Point","coordinates":[-97.745138999999938,30.234437000000071]},"properties":{"OBJECTID":1845,"School ID":"Travis","Feature ID":"35","Type":"Rain Garden 2","Lat/Long":"30.234437, -97.745139","Infrastructure Quality":"H","Notes":"Drainage ditch/detention area with drain","LatNumber":30.234437,"LongNumber":-97.745138999999995}},{"type":"Feature","id":1846,"geometry":{"type":"Point","coordinates":[-97.745211999999981,30.234307000000058]},"properties":{"OBJECTID":1846,"School ID":"Travis","Feature ID":"36","Type":"Rain Garden 3","Lat/Long":"30.234307, -97.745212","Infrastructure Quality":"H","Notes":"Drainage ditch/detention area with drain","LatNumber":30.234307000000001,"LongNumber":-97.745211999999995}},{"type":"Feature","id":1847,"geometry":{"type":"Point","coordinates":[-97.745810999999946,30.233505000000036]},"properties":{"OBJECTID":1847,"School ID":"Travis","Feature ID":"37","Type":"Rain Garden 4","Lat/Long":"30.233505, -97.745811","Infrastructure Quality":"H","Notes":"Area split by road, detention","LatNumber":30.233505000000001,"LongNumber":-97.745811000000003}},{"type":"Feature","id":1848,"geometry":{"type":"Point","coordinates":[-97.743959999999959,30.231849000000068]},"properties":{"OBJECTID":1848,"School ID":"Travis","Feature ID":"38","Type":"Rain Garden 5","Lat/Long":"30.231849, -97.743960","Infrastructure Quality":"H","Notes":"Detention Pond; likely for parking lot","LatNumber":30.231849,"LongNumber":-97.743960000000001}},{"type":"Feature","id":1849,"geometry":{"type":"Point","coordinates":[-97.743133999999941,30.234189000000072]},"properties":{"OBJECTID":1849,"School ID":"Travis","Feature ID":"39","Type":"Rain Garden 6","Lat/Long":"30.234189, -97.743134","Infrastructure Quality":"M","Notes":"Detention Pond","LatNumber":30.234189000000001,"LongNumber":-97.743133999999998}},{"type":"Feature","id":1850,"geometry":{"type":"Point","coordinates":[-97.744876999999974,30.233003000000053]},"properties":{"OBJECTID":1850,"School ID":"Travis","Feature ID":"40","Type":"Shade Structure","Lat/Long":"30.233003, -97.744877","Infrastructure Quality":"M","Notes":"A few holes","LatNumber":30.233003,"LongNumber":-97.744877000000002}},{"type":"Feature","id":1851,"geometry":{"type":"Point","coordinates":[-97.745303999999976,30.233832000000064]},"properties":{"OBJECTID":1851,"School ID":"Travis","Feature ID":"41","Type":"Shed 1","Lat/Long":"30.233832, -97.745304","Infrastructure Quality":"H","Notes":"Metal; in fenced area of Other 1","LatNumber":30.233832,"LongNumber":-97.745304000000004}},{"type":"Feature","id":1852,"geometry":{"type":"Point","coordinates":[-97.74536999999998,30.233892000000026]},"properties":{"OBJECTID":1852,"School ID":"Travis","Feature ID":"42","Type":"Shed 2","Lat/Long":"30.233892, -97.745370","Infrastructure Quality":"L","Notes":"Wood; falling apart; holding mixed indoor items","LatNumber":30.233892000000001,"LongNumber":-97.745369999999994}},{"type":"Feature","id":1853,"geometry":{"type":"Point","coordinates":[-97.745402999999953,30.23391300000003]},"properties":{"OBJECTID":1853,"School ID":"Travis","Feature ID":"43","Type":"Shed 3","Lat/Long":"30.233913, -97.745403","Infrastructure Quality":"M","Notes":"Wood; in fenced area with Playground 1","LatNumber":30.233913000000001,"LongNumber":-97.745402999999996}},{"type":"Feature","id":1854,"geometry":{"type":"Point","coordinates":[-97.745631999999944,30.233134000000064]},"properties":{"OBJECTID":1854,"School ID":"Travis","Feature ID":"44","Type":"Shed 4","Lat/Long":"30.233134, -97.745632","Infrastructure Quality":"M","Notes":"3 shipping containers with temperature control?","LatNumber":30.233134,"LongNumber":-97.745632000000001}},{"type":"Feature","id":1855,"geometry":{"type":"Point","coordinates":[-97.746052999999961,30.233111000000065]},"properties":{"OBJECTID":1855,"School ID":"Travis","Feature ID":"45","Type":"Shed 5","Lat/Long":"30.233111, -97.746053","Infrastructure Quality":"M","Notes":"Wood","LatNumber":30.233111000000001,"LongNumber":-97.746053000000003}},{"type":"Feature","id":1856,"geometry":{"type":"Point","coordinates":[-97.744337999999971,30.233296000000053]},"properties":{"OBJECTID":1856,"School ID":"Travis","Feature ID":"46","Type":"Solar ","Lat/Long":"30.233296, -97.744338","Infrastructure Quality":"H","Notes":"Small, single panel, in fenced area","LatNumber":30.233295999999999,"LongNumber":-97.744337999999999}},{"type":"Feature","id":1857,"geometry":{"type":"Point","coordinates":[-97.745268999999951,30.230919000000029]},"properties":{"OBJECTID":1857,"School ID":"Travis","Feature ID":"47","Type":"Track","Lat/Long":"30.230919, -97.745269","Infrastructure Quality":"H","Notes":"Striped","LatNumber":30.230919,"LongNumber":-97.745268999999993}},{"type":"Feature","id":1858,"geometry":{"type":"Point","coordinates":[-97.745160999999939,30.234718000000044]},"properties":{"OBJECTID":1858,"School ID":"Travis","Feature ID":"48","Type":"Waste receptacle 1","Lat/Long":"30.234718, -97.745161","Infrastructure Quality":"M","Notes":"1 trash coffin","LatNumber":30.234718000000001,"LongNumber":-97.745160999999996}},{"type":"Feature","id":1859,"geometry":{"type":"Point","coordinates":[-97.745472999999947,30.234316000000035]},"properties":{"OBJECTID":1859,"School ID":"Travis","Feature ID":"49","Type":"Waste receptacle 2","Lat/Long":"30.234316, -97.745473","Infrastructure Quality":"M","Notes":"1 trash coffin","LatNumber":30.234316,"LongNumber":-97.745473000000004}},{"type":"Feature","id":1860,"geometry":{"type":"Point","coordinates":[-97.745554999999968,30.234054000000071]},"properties":{"OBJECTID":1860,"School ID":"Travis","Feature ID":"50","Type":"Waste receptacle 3","Lat/Long":"30.234054, -97.745555","Infrastructure Quality":"M","Notes":"1 trash coffin","LatNumber":30.234054,"LongNumber":-97.745554999999996}},{"type":"Feature","id":1861,"geometry":{"type":"Point","coordinates":[-97.745720999999946,30.233902000000057]},"properties":{"OBJECTID":1861,"School ID":"Travis","Feature ID":"51","Type":"Waste receptacle 4","Lat/Long":"30.233902, -97.745721","Infrastructure Quality":"M","Notes":"1 trash coffin","LatNumber":30.233902,"LongNumber":-97.745721000000003}},{"type":"Feature","id":1862,"geometry":{"type":"Point","coordinates":[-97.745041999999955,30.233321000000046]},"properties":{"OBJECTID":1862,"School ID":"Travis","Feature ID":"52","Type":"Waste receptacle 5","Lat/Long":"30.233321, -97.745042","Infrastructure Quality":"M","Notes":"Long trash coffin with only 1 can","LatNumber":30.233321,"LongNumber":-97.745041999999998}},{"type":"Feature","id":1863,"geometry":{"type":"Point","coordinates":[-97.744846999999936,30.23324800000006]},"properties":{"OBJECTID":1863,"School ID":"Travis","Feature ID":"53","Type":"Waste receptacle 6","Lat/Long":"30.233248, -97.744847","Infrastructure Quality":"M","Notes":"2 trash coffins by Picnic 1","LatNumber":30.233248,"LongNumber":-97.744846999999993}},{"type":"Feature","id":1864,"geometry":{"type":"Point","coordinates":[-97.744320999999957,30.233403000000067]},"properties":{"OBJECTID":1864,"School ID":"Travis","Feature ID":"54","Type":"Waste receptacle 7","Lat/Long":"30.233403, -97.744321","Infrastructure Quality":"M","Notes":"3 trash coffins","LatNumber":30.233402999999999,"LongNumber":-97.744320999999999}},{"type":"Feature","id":1865,"geometry":{"type":"Point","coordinates":[-97.744114999999965,30.233396000000027]},"properties":{"OBJECTID":1865,"School ID":"Travis","Feature ID":"55","Type":"Waste receptacle 8","Lat/Long":"30.233396, -97.744115","Infrastructure Quality":"M","Notes":"1 trash coffin","LatNumber":30.233395999999999,"LongNumber":-97.744114999999994}},{"type":"Feature","id":1866,"geometry":{"type":"Point","coordinates":[-97.744100999999944,30.233291000000065]},"properties":{"OBJECTID":1866,"School ID":"Travis","Feature ID":"56","Type":"Waste receptacle 9","Lat/Long":"30.233291, -97.744101","Infrastructure Quality":"M","Notes":"1 trash coffin","LatNumber":30.233291000000001,"LongNumber":-97.744101000000001}},{"type":"Feature","id":1867,"geometry":{"type":"Point","coordinates":[-97.743994999999984,30.233467000000076]},"properties":{"OBJECTID":1867,"School ID":"Travis","Feature ID":"57","Type":"Waste receptacle 10","Lat/Long":"30.233467, -97.743995","Infrastructure Quality":"M","Notes":"1 trash coffin","LatNumber":30.233467000000001,"LongNumber":-97.743994999999998}},{"type":"Feature","id":1868,"geometry":{"type":"Point","coordinates":[-97.743639999999971,30.233306000000027]},"properties":{"OBJECTID":1868,"School ID":"Travis","Feature ID":"58","Type":"Waste receptacle 11","Lat/Long":"30.233306, -97.743640","Infrastructure Quality":"M","Notes":"1 trash coffin","LatNumber":30.233305999999999,"LongNumber":-97.743639999999999}},{"type":"Feature","id":1869,"geometry":{"type":"Point","coordinates":[-97.744175999999982,30.232729000000063]},"properties":{"OBJECTID":1869,"School ID":"Travis","Feature ID":"59","Type":"Waste receptacle 12","Lat/Long":"30.232729, -97.744176","Infrastructure Quality":"M","Notes":"1 trash coffin","LatNumber":30.232728999999999,"LongNumber":-97.744175999999996}},{"type":"Feature","id":1870,"geometry":{"type":"Point","coordinates":[-97.74430099999995,30.232555000000048]},"properties":{"OBJECTID":1870,"School ID":"Travis","Feature ID":"60","Type":"Waste receptacle 13","Lat/Long":"30.232555, -97.744301","Infrastructure Quality":"M","Notes":"1 trash coffin","LatNumber":30.232555000000001,"LongNumber":-97.744300999999993}},{"type":"Feature","id":1871,"geometry":{"type":"Point","coordinates":[-97.745055999999977,30.232820000000061]},"properties":{"OBJECTID":1871,"School ID":"Travis","Feature ID":"61","Type":"Waste receptacle 14","Lat/Long":"30.232820, -97.745056","Infrastructure Quality":"M","Notes":"1 trash coffin","LatNumber":30.23282,"LongNumber":-97.745056000000005}},{"type":"Feature","id":1872,"geometry":{"type":"Point","coordinates":[-97.743076999999971,30.233319000000051]},"properties":{"OBJECTID":1872,"School ID":"Travis","Feature ID":"62","Type":"Waste receptacle 15","Lat/Long":"30.233319, -97.743077","Infrastructure Quality":"M","Notes":"2 trash coffins on either side of sidewalk","LatNumber":30.233319000000002,"LongNumber":-97.743077}},{"type":"Feature","id":1873,"geometry":{"type":"Point","coordinates":[-97.742935999999986,30.23394200000007]},"properties":{"OBJECTID":1873,"School ID":"Travis","Feature ID":"63","Type":"Waste receptacle 16","Lat/Long":"30.233942, -97.742936","Infrastructure Quality":"M","Notes":"1 trash coffin","LatNumber":30.233941999999999,"LongNumber":-97.742936}},{"type":"Feature","id":1874,"geometry":{"type":"Point","coordinates":[-97.743401999999946,30.234180000000038]},"properties":{"OBJECTID":1874,"School ID":"Travis","Feature ID":"64","Type":"Waste receptacle 17","Lat/Long":"30.234180, -97.743402","Infrastructure Quality":"M","Notes":"1 trash coffin","LatNumber":30.234179999999999,"LongNumber":-97.743402000000003}},{"type":"Feature","id":1875,"geometry":{"type":"Point","coordinates":[-97.744389999999953,30.234531000000061]},"properties":{"OBJECTID":1875,"School ID":"Travis","Feature ID":"65","Type":"Waste receptacle 18","Lat/Long":"30.234531, -97.744390","Infrastructure Quality":"M","Notes":"1 trash coffin","LatNumber":30.234531,"LongNumber":-97.744389999999996}},{"type":"Feature","id":1876,"geometry":{"type":"Point","coordinates":[-97.745518999999945,30.233075000000042]},"properties":{"OBJECTID":1876,"School ID":"Travis","Feature ID":"66","Type":"Water fountain","Lat/Long":"30.233075, -97.745519","Infrastructure Quality":"L","Notes":"Broken","LatNumber":30.233074999999999,"LongNumber":-97.745519000000002}},{"type":"Feature","id":1877,"geometry":{"type":"Point","coordinates":[-97.74555399999997,30.233734000000027]},"properties":{"OBJECTID":1877,"School ID":"Travis","Feature ID":"67","Type":"Wildlife Habitat","Lat/Long":"30.233734, -97.745554","Infrastructure Quality":"M","Notes":"2 bird feeders - 1 hummingbird, 1 cage feeder; in Habitat Garden 4 area","LatNumber":30.233733999999998,"LongNumber":-97.745553999999998}},{"type":"Feature","id":1878,"geometry":{"type":"Point","coordinates":[-97.79131799999999,30.181532000000061]},"properties":{"OBJECTID":1878,"School ID":"Williams","Feature ID":"1","Type":"Art","Lat/Long":"30.181532, -97.791318","Infrastructure Quality":"H","Notes":"bobcat art on cistern ","LatNumber":30.181532000000001,"LongNumber":-97.791318000000004}},{"type":"Feature","id":1879,"geometry":{"type":"Point","coordinates":[-97.790797999999938,30.181793000000027]},"properties":{"OBJECTID":1879,"School ID":"Williams","Feature ID":"2","Type":"Basketball","Lat/Long":"30.181793, -97.790798","Infrastructure Quality":"H","Notes":"4 hoops, 1 no net, covered w/shade structure ","LatNumber":30.181792999999999,"LongNumber":-97.790797999999995}},{"type":"Feature","id":1880,"geometry":{"type":"Point","coordinates":[-97.790797999999938,30.181793000000027]},"properties":{"OBJECTID":1880,"School ID":"Williams","Feature ID":"3","Type":"Bench 1","Lat/Long":"30.181793, -97.790798","Infrastructure Quality":"H","Notes":"PARD","LatNumber":30.181792999999999,"LongNumber":-97.790797999999995}},{"type":"Feature","id":1881,"geometry":{"type":"Point","coordinates":[-97.79117599999995,30.181951000000026]},"properties":{"OBJECTID":1881,"School ID":"Williams","Feature ID":"4","Type":"Bench 2","Lat/Long":"30.181951, -97.791176","Infrastructure Quality":"M","Notes":"Metal, blue, buddy bench ","LatNumber":30.181951000000002,"LongNumber":-97.791175999999993}},{"type":"Feature","id":1882,"geometry":{"type":"Point","coordinates":[-97.791048999999987,30.18231000000003]},"properties":{"OBJECTID":1882,"School ID":"Williams","Feature ID":"5","Type":"Bench 3","Lat/Long":"30.182310, -97.791049","Infrastructure Quality":"L","Notes":"wood ","LatNumber":30.182310000000001,"LongNumber":-97.791049000000001}},{"type":"Feature","id":1883,"geometry":{"type":"Point","coordinates":[-97.790935999999988,30.181231000000025]},"properties":{"OBJECTID":1883,"School ID":"Williams","Feature ID":"6","Type":"Bench 4","Lat/Long":"30.181231, -97.790936","Infrastructure Quality":"H","Notes":"green metal bench stored with construction materials, picnic tables and  benches ","LatNumber":30.181231,"LongNumber":-97.790936000000002}},{"type":"Feature","id":1884,"geometry":{"type":"Point","coordinates":[-97.791025999999988,30.181236000000069]},"properties":{"OBJECTID":1884,"School ID":"Williams","Feature ID":"7","Type":"Bench 5","Lat/Long":"30.181236, -97.791026","Infrastructure Quality":"H","Notes":"(5) green metal benches stored with construction materials, tables and benches ","LatNumber":30.181235999999998,"LongNumber":-97.791026000000002}},{"type":"Feature","id":1885,"geometry":{"type":"Point","coordinates":[-97.790292999999963,30.181670000000054]},"properties":{"OBJECTID":1885,"School ID":"Williams","Feature ID":"8","Type":"Bench 6","Lat/Long":"30.181670, -97.790293","Infrastructure Quality":"L","Notes":"(2) wooden benches ","LatNumber":30.18167,"LongNumber":-97.790293000000005}},{"type":"Feature","id":1886,"geometry":{"type":"Point","coordinates":[-97.79020799999995,30.18169400000005]},"properties":{"OBJECTID":1886,"School ID":"Williams","Feature ID":"9","Type":"Bench 7","Lat/Long":"30.181694, -97.790208","Infrastructure Quality":"L","Notes":"wooden bench ","LatNumber":30.181694,"LongNumber":-97.790208000000007}},{"type":"Feature","id":1887,"geometry":{"type":"Point","coordinates":[-97.790371999999991,30.181938000000059]},"properties":{"OBJECTID":1887,"School ID":"Williams","Feature ID":"10","Type":"Bench 8","Lat/Long":"30.181938, -97.790372","Infrastructure Quality":"H","Notes":"PARD","LatNumber":30.181937999999999,"LongNumber":-97.790372000000005}},{"type":"Feature","id":1888,"geometry":{"type":"Point","coordinates":[-97.79066499999999,30.180864000000042]},"properties":{"OBJECTID":1888,"School ID":"Williams","Feature ID":"11","Type":"Bike Rack","Lat/Long":"30.180864, -97.790665","Infrastructure Quality":"M","Notes":null,"LatNumber":30.180864,"LongNumber":-97.790665000000004}},{"type":"Feature","id":1889,"geometry":{"type":"Point","coordinates":[-97.79131799999999,30.181532000000061]},"properties":{"OBJECTID":1889,"School ID":"Williams","Feature ID":"12","Type":"Cistern","Lat/Long":"30.181532, -97.791318","Infrastructure Quality":"H","Notes":null,"LatNumber":30.181532000000001,"LongNumber":-97.791318000000004}},{"type":"Feature","id":1890,"geometry":{"type":"Point","coordinates":[-97.790847999999983,30.182218000000034]},"properties":{"OBJECTID":1890,"School ID":"Williams","Feature ID":"13","Type":"Field","Lat/Long":"30.182218, -97.790848","Infrastructure Quality":"M","Notes":null,"LatNumber":30.182217999999999,"LongNumber":-97.790847999999997}},{"type":"Feature","id":1891,"geometry":{"type":"Point","coordinates":[-97.790674999999965,30.182032000000049]},"properties":{"OBJECTID":1891,"School ID":"Williams","Feature ID":"14","Type":"Fitness Station","Lat/Long":"30.182032, -97.790675","Infrastructure Quality":"L","Notes":"old fitness bars","LatNumber":30.182032,"LongNumber":-97.790674999999993}},{"type":"Feature","id":1892,"geometry":{"type":"Point","coordinates":[-97.791150999999957,30.181500000000028]},"properties":{"OBJECTID":1892,"School ID":"Williams","Feature ID":"15","Type":"Habitat Garden 1","Lat/Long":"30.181500, -97.791151","Infrastructure Quality":"M","Notes":"6 raised beds ","LatNumber":30.1815,"LongNumber":-97.791150999999999}},{"type":"Feature","id":1893,"geometry":{"type":"Point","coordinates":[-97.790919999999971,30.181251000000032]},"properties":{"OBJECTID":1893,"School ID":"Williams","Feature ID":"16","Type":"Habitat Garden 2","Lat/Long":"30.181251, -97.790920","Infrastructure Quality":"M","Notes":"1 raised bed ","LatNumber":30.181251,"LongNumber":-97.79092}},{"type":"Feature","id":1894,"geometry":{"type":"Point","coordinates":[-97.789996999999971,30.181688000000065]},"properties":{"OBJECTID":1894,"School ID":"Williams","Feature ID":"17","Type":"Habitat Garden 3","Lat/Long":"30.181688, -97.789997","Infrastructure Quality":"H","Notes":null,"LatNumber":30.181688000000001,"LongNumber":-97.789997}},{"type":"Feature","id":1895,"geometry":{"type":"Point","coordinates":[-97.791687999999965,30.182242000000031]},"properties":{"OBJECTID":1895,"School ID":"Williams","Feature ID":"18","Type":"Lawn 1","Lat/Long":"30.182242, -97.791688","Infrastructure Quality":"H","Notes":null,"LatNumber":30.182241999999999,"LongNumber":-97.791687999999994}},{"type":"Feature","id":1896,"geometry":{"type":"Point","coordinates":[-97.791991999999937,30.18220800000006]},"properties":{"OBJECTID":1896,"School ID":"Williams","Feature ID":"19","Type":"Mutt Mitt station","Lat/Long":"30.182208, -97.791992","Infrastructure Quality":"H","Notes":null,"LatNumber":30.182207999999999,"LongNumber":-97.791991999999993}},{"type":"Feature","id":1897,"geometry":{"type":"Point","coordinates":[-97.78997099999998,30.181581000000051]},"properties":{"OBJECTID":1897,"School ID":"Williams","Feature ID":"20","Type":"Nature Trail","Lat/Long":"30.181581, -97.789971","Infrastructure Quality":"M","Notes":"area with archway leading to habitat garden ","LatNumber":30.181581000000001,"LongNumber":-97.789970999999994}},{"type":"Feature","id":1898,"geometry":{"type":"Point","coordinates":[-97.790847999999983,30.182218000000034]},"properties":{"OBJECTID":1898,"School ID":"Williams","Feature ID":"21","Type":"Other 1","Lat/Long":"30.182218, -97.790848","Infrastructure Quality":"NA","Notes":"large blue metal disc - might be old playgroud equiptment ","LatNumber":30.182217999999999,"LongNumber":-97.790847999999997}},{"type":"Feature","id":1899,"geometry":{"type":"Point","coordinates":[-97.792876999999976,30.180873000000076]},"properties":{"OBJECTID":1899,"School ID":"Williams","Feature ID":"22","Type":"Other 2","Lat/Long":"30.180873, -97.792877","Infrastructure Quality":"L","Notes":"backstop ","LatNumber":30.180872999999998,"LongNumber":-97.792877000000004}},{"type":"Feature","id":1900,"geometry":{"type":"Point","coordinates":[-97.790024999999957,30.181605000000047]},"properties":{"OBJECTID":1900,"School ID":"Williams","Feature ID":"23","Type":"Other 3","Lat/Long":"30.181605, -97.790025","Infrastructure Quality":"L","Notes":"dilapidated fitness sign - wood ","LatNumber":30.181605000000001,"LongNumber":-97.790025}},{"type":"Feature","id":1901,"geometry":{"type":"Point","coordinates":[-97.790595999999937,30.18192300000004]},"properties":{"OBJECTID":1901,"School ID":"Williams","Feature ID":"24","Type":"Other 4","Lat/Long":"30.181923, -97.790596","Infrastructure Quality":"NA","Notes":"fence ","LatNumber":30.181923000000001,"LongNumber":-97.790595999999994}},{"type":"Feature","id":1902,"geometry":{"type":"Point","coordinates":[-97.790826999999979,30.182269000000076]},"properties":{"OBJECTID":1902,"School ID":"Williams","Feature ID":"25","Type":"Picnic table 1","Lat/Long":"30.182269, -97.790827","Infrastructure Quality":"NA","Notes":"(2) tables: PARD (H), Wood (L)","LatNumber":30.182269000000002,"LongNumber":-97.790826999999993}},{"type":"Feature","id":1903,"geometry":{"type":"Point","coordinates":[-97.79113499999994,30.181248000000039]},"properties":{"OBJECTID":1903,"School ID":"Williams","Feature ID":"26","Type":"Picnic table 2","Lat/Long":"30.181248, -97.791135","Infrastructure Quality":"M","Notes":"(2) wood tables, stored with misc. benches and construction equiptment ","LatNumber":30.181248,"LongNumber":-97.791134999999997}},{"type":"Feature","id":1904,"geometry":{"type":"Point","coordinates":[-97.790935999999988,30.181231000000025]},"properties":{"OBJECTID":1904,"School ID":"Williams","Feature ID":"27","Type":"Picnic table 3","Lat/Long":"30.181231, -97.790936","Infrastructure Quality":"M","Notes":"(2) wood tables, stored with misc. benches and construction equiptment ","LatNumber":30.181231,"LongNumber":-97.790936000000002}},{"type":"Feature","id":1905,"geometry":{"type":"Point","coordinates":[-97.791331999999954,30.181285000000059]},"properties":{"OBJECTID":1905,"School ID":"Williams","Feature ID":"28","Type":"Picnic table 4","Lat/Long":"30.181285, -97.791332","Infrastructure Quality":"H","Notes":"metal table","LatNumber":30.181284999999999,"LongNumber":-97.791331999999997}},{"type":"Feature","id":1906,"geometry":{"type":"Point","coordinates":[-97.79154699999998,30.181273000000033]},"properties":{"OBJECTID":1906,"School ID":"Williams","Feature ID":"29","Type":"Picnic table 5","Lat/Long":"30.181273, -97.791547","Infrastructure Quality":"NA","Notes":"1 - (H) metal table, 2 - (L) wood tables ","LatNumber":30.181273000000001,"LongNumber":-97.791546999999994}},{"type":"Feature","id":1907,"geometry":{"type":"Point","coordinates":[-97.790399999999977,30.181995000000029]},"properties":{"OBJECTID":1907,"School ID":"Williams","Feature ID":"30","Type":"Picnic table 6","Lat/Long":"30.181995, -97.790400","Infrastructure Quality":"H","Notes":"metal round green ","LatNumber":30.181995000000001,"LongNumber":-97.790400000000005}},{"type":"Feature","id":1908,"geometry":{"type":"Point","coordinates":[-97.79077499999994,30.182113000000072]},"properties":{"OBJECTID":1908,"School ID":"Williams","Feature ID":"31","Type":"Picnic table 7","Lat/Long":"30.182113, -97.790775","Infrastructure Quality":"M","Notes":"metal round green ","LatNumber":30.182113000000001,"LongNumber":-97.790774999999996}},{"type":"Feature","id":1909,"geometry":{"type":"Point","coordinates":[-97.792397999999991,30.182242000000031]},"properties":{"OBJECTID":1909,"School ID":"Williams","Feature ID":"32","Type":"Picnic table 8","Lat/Long":"30.182242, -97.792398","Infrastructure Quality":"H","Notes":"PARD","LatNumber":30.182241999999999,"LongNumber":-97.792398000000006}},{"type":"Feature","id":1910,"geometry":{"type":"Point","coordinates":[-97.79108999999994,30.182045000000073]},"properties":{"OBJECTID":1910,"School ID":"Williams","Feature ID":"33","Type":"Playground 1","Lat/Long":"30.182045, -97.791090","Infrastructure Quality":"M","Notes":"5-12yr","LatNumber":30.182044999999999,"LongNumber":-97.791089999999997}},{"type":"Feature","id":1911,"geometry":{"type":"Point","coordinates":[-97.791358999999943,30.182235000000048]},"properties":{"OBJECTID":1911,"School ID":"Williams","Feature ID":"34","Type":"Playground 2","Lat/Long":"30.182235, -97.791359","Infrastructure Quality":"M","Notes":"swings next to open sand area ","LatNumber":30.182234999999999,"LongNumber":-97.791359}},{"type":"Feature","id":1912,"geometry":{"type":"Point","coordinates":[-97.79048499999999,30.181740000000048]},"properties":{"OBJECTID":1912,"School ID":"Williams","Feature ID":"35","Type":"Playground 3","Lat/Long":"30.181740, -97.790485","Infrastructure Quality":"M","Notes":null,"LatNumber":30.181740000000001,"LongNumber":-97.790485000000004}},{"type":"Feature","id":1913,"geometry":{"type":"Point","coordinates":[-97.791129999999953,30.181457000000023]},"properties":{"OBJECTID":1913,"School ID":"Williams","Feature ID":"36","Type":"Pond","Lat/Long":"30.181457, -97.791130","Infrastructure Quality":"M","Notes":null,"LatNumber":30.181457000000002,"LongNumber":-97.791129999999995}},{"type":"Feature","id":1914,"geometry":{"type":"Point","coordinates":[-97.790797999999938,30.181793000000027]},"properties":{"OBJECTID":1914,"School ID":"Williams","Feature ID":"37","Type":"Shade Structure 1","Lat/Long":"30.181793, -97.790798","Infrastructure Quality":"M","Notes":null,"LatNumber":30.181792999999999,"LongNumber":-97.790797999999995}},{"type":"Feature","id":1915,"geometry":{"type":"Point","coordinates":[-97.79108999999994,30.182045000000073]},"properties":{"OBJECTID":1915,"School ID":"Williams","Feature ID":"38","Type":"Shade Structure 2","Lat/Long":"30.182045, -97.791090","Infrastructure Quality":"M","Notes":null,"LatNumber":30.182044999999999,"LongNumber":-97.791089999999997}},{"type":"Feature","id":1916,"geometry":{"type":"Point","coordinates":[-97.79048499999999,30.181740000000048]},"properties":{"OBJECTID":1916,"School ID":"Williams","Feature ID":"39","Type":"Shade Structure 3","Lat/Long":"30.181740, -97.790485","Infrastructure Quality":"M","Notes":null,"LatNumber":30.181740000000001,"LongNumber":-97.790485000000004}},{"type":"Feature","id":1917,"geometry":{"type":"Point","coordinates":[-97.790843999999936,30.181260000000066]},"properties":{"OBJECTID":1917,"School ID":"Williams","Feature ID":"40","Type":"Shed 1","Lat/Long":"30.181260, -97.790844","Infrastructure Quality":"H","Notes":null,"LatNumber":30.181260000000002,"LongNumber":-97.790844000000007}},{"type":"Feature","id":1918,"geometry":{"type":"Point","coordinates":[-97.790197999999975,30.181905000000029]},"properties":{"OBJECTID":1918,"School ID":"Williams","Feature ID":"41","Type":"Shed 2","Lat/Long":"30.181905, -97.790198","Infrastructure Quality":"L","Notes":"wood shed by 2-5 playground area ","LatNumber":30.181905,"LongNumber":-97.790198000000004}},{"type":"Feature","id":1919,"geometry":{"type":"Point","coordinates":[-97.790276999999946,30.181795000000079]},"properties":{"OBJECTID":1919,"School ID":"Williams","Feature ID":"42","Type":"Shed 3","Lat/Long":"30.181795, -97.790277","Infrastructure Quality":"M","Notes":"metal shed by 2-5 playground area ","LatNumber":30.181795000000001,"LongNumber":-97.790277000000003}},{"type":"Feature","id":1920,"geometry":{"type":"Point","coordinates":[-97.790847999999983,30.182218000000034]},"properties":{"OBJECTID":1920,"School ID":"Williams","Feature ID":"43","Type":"Track","Lat/Long":"30.182218, -97.790848","Infrastructure Quality":"M","Notes":null,"LatNumber":30.182217999999999,"LongNumber":-97.790847999999997}},{"type":"Feature","id":1921,"geometry":{"type":"Point","coordinates":[-97.790663999999936,30.18165700000003]},"properties":{"OBJECTID":1921,"School ID":"Williams","Feature ID":"44","Type":"Waste receptacle 1 ","Lat/Long":"30.181657, -97.790664","Infrastructure Quality":"H","Notes":"PARD","LatNumber":30.181657000000001,"LongNumber":-97.790664000000007}},{"type":"Feature","id":1922,"geometry":{"type":"Point","coordinates":[-97.791020999999944,30.181893000000059]},"properties":{"OBJECTID":1922,"School ID":"Williams","Feature ID":"45","Type":"Waste receptacle 2","Lat/Long":"30.181893, -97.791021","Infrastructure Quality":"M","Notes":null,"LatNumber":30.181892999999999,"LongNumber":-97.791021000000001}},{"type":"Feature","id":1923,"geometry":{"type":"Point","coordinates":[-97.791025999999988,30.181236000000069]},"properties":{"OBJECTID":1923,"School ID":"Williams","Feature ID":"46","Type":"Waste receptacle 3","Lat/Long":"30.181236, -97.791026","Infrastructure Quality":"H","Notes":"Green metal trash can stored with picnic tables, benches and misc. construction equiptment ","LatNumber":30.181235999999998,"LongNumber":-97.791026000000002}},{"type":"Feature","id":1924,"geometry":{"type":"Point","coordinates":[-97.709936999999968,30.364577000000054]},"properties":{"OBJECTID":1924,"School ID":"Wooldridge","Feature ID":"1","Type":"Art 1","Lat/Long":"30.364577, -97.709937","Infrastructure Quality":"H","Notes":"Mural on building","LatNumber":30.364577000000001,"LongNumber":-97.709936999999996}},{"type":"Feature","id":1925,"geometry":{"type":"Point","coordinates":[-97.709847999999965,30.36450300000007]},"properties":{"OBJECTID":1925,"School ID":"Wooldridge","Feature ID":"2","Type":"Art 2","Lat/Long":"30.364503, -97.709848","Infrastructure Quality":"L","Notes":"Mural on wood on building","LatNumber":30.364502999999999,"LongNumber":-97.709847999999994}},{"type":"Feature","id":1926,"geometry":{"type":"Point","coordinates":[-97.710360999999978,30.365374000000031]},"properties":{"OBJECTID":1926,"School ID":"Wooldridge","Feature ID":"3","Type":"Art 3","Lat/Long":"30.365374, -97.710361","Infrastructure Quality":"H","Notes":"Mural on wood hiding dumpsters","LatNumber":30.365373999999999,"LongNumber":-97.710361000000006}},{"type":"Feature","id":1927,"geometry":{"type":"Point","coordinates":[-97.709662999999978,30.365490000000079]},"properties":{"OBJECTID":1927,"School ID":"Wooldridge","Feature ID":"4","Type":"Basketball","Lat/Long":"30.365490, -97.709663","Infrastructure Quality":"M","Notes":"2 hoops, need new nets and striping; shade","LatNumber":30.365490000000001,"LongNumber":-97.709663000000006}},{"type":"Feature","id":1928,"geometry":{"type":"Point","coordinates":[-97.710370999999952,30.364791000000025]},"properties":{"OBJECTID":1928,"School ID":"Wooldridge","Feature ID":"5","Type":"Bench 1","Lat/Long":"30.364791, -97.710371","Infrastructure Quality":"H","Notes":"7 limestone blocks in pavilion 1 area","LatNumber":30.364791,"LongNumber":-97.710370999999995}},{"type":"Feature","id":1929,"geometry":{"type":"Point","coordinates":[-97.710417999999947,30.364743000000033]},"properties":{"OBJECTID":1929,"School ID":"Wooldridge","Feature ID":"6","Type":"Bench 2","Lat/Long":"30.364743, -97.710418","Infrastructure Quality":"M","Notes":"Memorial with 2 new plaques, wood, painted","LatNumber":30.364743000000001,"LongNumber":-97.710418000000004}},{"type":"Feature","id":1930,"geometry":{"type":"Point","coordinates":[-97.709960999999964,30.364769000000024]},"properties":{"OBJECTID":1930,"School ID":"Wooldridge","Feature ID":"7","Type":"Bench 3","Lat/Long":"30.364769, -97.709961","Infrastructure Quality":"H","Notes":"Green plastic, unsecured","LatNumber":30.364768999999999,"LongNumber":-97.709961000000007}},{"type":"Feature","id":1931,"geometry":{"type":"Point","coordinates":[-97.709935999999971,30.364728000000071]},"properties":{"OBJECTID":1931,"School ID":"Wooldridge","Feature ID":"8","Type":"Bench 4","Lat/Long":"30.364728, -97.709936","Infrastructure Quality":"M","Notes":"2 corrugated metal, under building shade","LatNumber":30.364727999999999,"LongNumber":-97.709935999999999}},{"type":"Feature","id":1932,"geometry":{"type":"Point","coordinates":[-97.709585999999945,30.365010000000041]},"properties":{"OBJECTID":1932,"School ID":"Wooldridge","Feature ID":"9","Type":"Bench 5","Lat/Long":"30.365010, -97.709586","Infrastructure Quality":"H","Notes":"Orange plastic, unsecured; in Produce Garden 2 area","LatNumber":30.365010000000002,"LongNumber":-97.709586000000002}},{"type":"Feature","id":1933,"geometry":{"type":"Point","coordinates":[-97.709795999999983,30.365265000000079]},"properties":{"OBJECTID":1933,"School ID":"Wooldridge","Feature ID":"10","Type":"Bench 6","Lat/Long":"30.365265, -97.709796","Infrastructure Quality":"H","Notes":"Green plastic, secured","LatNumber":30.365265000000001,"LongNumber":-97.709795999999997}},{"type":"Feature","id":1934,"geometry":{"type":"Point","coordinates":[-97.709772999999984,30.365466000000026]},"properties":{"OBJECTID":1934,"School ID":"Wooldridge","Feature ID":"11","Type":"Bench 7","Lat/Long":"30.365466, -97.709773","Infrastructure Quality":"H","Notes":"5 colorful plastic, secured, 1 without back, in basketball","LatNumber":30.365466000000001,"LongNumber":-97.709772999999998}},{"type":"Feature","id":1935,"geometry":{"type":"Point","coordinates":[-97.709544999999991,30.365495000000067]},"properties":{"OBJECTID":1935,"School ID":"Wooldridge","Feature ID":"12","Type":"Bench 8","Lat/Long":"30.365495, -97.709545","Infrastructure Quality":"H","Notes":"4 loose gray plastic seats, unsecured, in basketball","LatNumber":30.365494999999999,"LongNumber":-97.709545000000006}},{"type":"Feature","id":1936,"geometry":{"type":"Point","coordinates":[-97.70929799999999,30.365585000000067]},"properties":{"OBJECTID":1936,"School ID":"Wooldridge","Feature ID":"13","Type":"Bench 9","Lat/Long":"30.365585, -97.709298","Infrastructure Quality":"H","Notes":"Green plastic with back, unsecured, under tree shade","LatNumber":30.365584999999999,"LongNumber":-97.709298000000004}},{"type":"Feature","id":1937,"geometry":{"type":"Point","coordinates":[-97.709602999999959,30.365305000000035]},"properties":{"OBJECTID":1937,"School ID":"Wooldridge","Feature ID":"14","Type":"Bench 10","Lat/Long":"30.365305, -97.709603","Infrastructure Quality":"H","Notes":"Green plastic with back, unsecured, in preK space","LatNumber":30.365304999999999,"LongNumber":-97.709603000000001}},{"type":"Feature","id":1938,"geometry":{"type":"Point","coordinates":[-97.708328999999992,30.364337000000035]},"properties":{"OBJECTID":1938,"School ID":"Wooldridge","Feature ID":"15","Type":"Bench 11","Lat/Long":"30.364337, -97.708329","Infrastructure Quality":"H","Notes":"PARD, under tree shade, secured","LatNumber":30.364336999999999,"LongNumber":-97.708329000000006}},{"type":"Feature","id":1939,"geometry":{"type":"Point","coordinates":[-97.708674999999971,30.36382100000003]},"properties":{"OBJECTID":1939,"School ID":"Wooldridge","Feature ID":"16","Type":"Bench 12","Lat/Long":"30.363821, -97.708675","Infrastructure Quality":"H","Notes":"PARD, under tree shade, secured","LatNumber":30.363821000000002,"LongNumber":-97.708674999999999}},{"type":"Feature","id":1940,"geometry":{"type":"Point","coordinates":[-97.709019999999953,30.364342000000079]},"properties":{"OBJECTID":1940,"School ID":"Wooldridge","Feature ID":"17","Type":"Berm/Swale","Lat/Long":"30.364342, -97.709020","Infrastructure Quality":"H","Notes":"PARD-installed, dual RG/Meadow/Berm+Swale, split-rail fence, Nature Trail 5 running through, school afraid of snakes and won't use","LatNumber":30.364342000000001,"LongNumber":-97.709019999999995}},{"type":"Feature","id":1941,"geometry":{"type":"Point","coordinates":[-97.709643999999969,30.365032000000042]},"properties":{"OBJECTID":1941,"School ID":"Wooldridge","Feature ID":"18","Type":"Bike Rack","Lat/Long":"30.365032, -97.709644","Infrastructure Quality":"M","Notes":null,"LatNumber":30.365031999999999,"LongNumber":-97.709643999999997}},{"type":"Feature","id":1942,"geometry":{"type":"Point","coordinates":[-97.709419999999966,30.36464600000005]},"properties":{"OBJECTID":1942,"School ID":"Wooldridge","Feature ID":"19","Type":"Cistern","Lat/Long":"30.364646, -97.709420","Infrastructure Quality":"H","Notes":"Cistern connected to building","LatNumber":30.364646,"LongNumber":-97.709419999999994}},{"type":"Feature","id":1943,"geometry":{"type":"Point","coordinates":[-97.708475999999962,30.364684000000068]},"properties":{"OBJECTID":1943,"School ID":"Wooldridge","Feature ID":"20","Type":"Field","Lat/Long":"30.364684, -97.708476","Infrastructure Quality":"M","Notes":null,"LatNumber":30.364684,"LongNumber":-97.708476000000005}},{"type":"Feature","id":1944,"geometry":{"type":"Point","coordinates":[-97.708420999999987,30.363892000000078]},"properties":{"OBJECTID":1944,"School ID":"Wooldridge","Feature ID":"21","Type":"Grow Zone","Lat/Long":"30.363892, -97.708421","Infrastructure Quality":"H","Notes":"WPD sign, PARD-installed split rail fence with 2 gates","LatNumber":30.363892,"LongNumber":-97.708421000000001}},{"type":"Feature","id":1945,"geometry":{"type":"Point","coordinates":[-97.709729999999979,30.365126000000032]},"properties":{"OBJECTID":1945,"School ID":"Wooldridge","Feature ID":"22","Type":"Habitat Garden 1","Lat/Long":"30.365126, -97.709730","Infrastructure Quality":"M","Notes":"Wood border torn up but well established plants","LatNumber":30.365126,"LongNumber":-97.709729999999993}},{"type":"Feature","id":1946,"geometry":{"type":"Point","coordinates":[-97.709832999999946,30.365623000000028]},"properties":{"OBJECTID":1946,"School ID":"Wooldridge","Feature ID":"23","Type":"Habitat Garden 2","Lat/Long":"30.365623, -97.709833","Infrastructure Quality":"L","Notes":"3 old beds, fully overgrown, slight boarder","LatNumber":30.365622999999999,"LongNumber":-97.709833000000003}},{"type":"Feature","id":1947,"geometry":{"type":"Point","coordinates":[-97.710372999999947,30.36465400000003]},"properties":{"OBJECTID":1947,"School ID":"Wooldridge","Feature ID":"24","Type":"Lawn 1","Lat/Long":"30.364654, -97.710373","Infrastructure Quality":"M","Notes":null,"LatNumber":30.364654000000002,"LongNumber":-97.710373000000004}},{"type":"Feature","id":1948,"geometry":{"type":"Point","coordinates":[-97.709912999999972,30.364795000000072]},"properties":{"OBJECTID":1948,"School ID":"Wooldridge","Feature ID":"25","Type":"Lawn 2","Lat/Long":"30.364795, -97.709913","Infrastructure Quality":"M","Notes":"Contains Other 1","LatNumber":30.364795000000001,"LongNumber":-97.709913}},{"type":"Feature","id":1949,"geometry":{"type":"Point","coordinates":[-97.709801999999968,30.364314000000036]},"properties":{"OBJECTID":1949,"School ID":"Wooldridge","Feature ID":"26","Type":"Lawn 3","Lat/Long":"30.364314, -97.709802","Infrastructure Quality":"H","Notes":null,"LatNumber":30.364314,"LongNumber":-97.709801999999996}},{"type":"Feature","id":1950,"geometry":{"type":"Point","coordinates":[-97.709343999999987,30.364776000000063]},"properties":{"OBJECTID":1950,"School ID":"Wooldridge","Feature ID":"27","Type":"Lawn 4","Lat/Long":"30.364776, -97.709344","Infrastructure Quality":"M","Notes":null,"LatNumber":30.364775999999999,"LongNumber":-97.709344000000002}},{"type":"Feature","id":1951,"geometry":{"type":"Point","coordinates":[-97.709276999999986,30.364679000000024]},"properties":{"OBJECTID":1951,"School ID":"Wooldridge","Feature ID":"28","Type":"Lawn 5","Lat/Long":"30.364679, -97.709277","Infrastructure Quality":"M","Notes":null,"LatNumber":30.364678999999999,"LongNumber":-97.709277}},{"type":"Feature","id":1952,"geometry":{"type":"Point","coordinates":[-97.708960999999988,30.365366000000051]},"properties":{"OBJECTID":1952,"School ID":"Wooldridge","Feature ID":"29","Type":"Lawn 6","Lat/Long":"30.365366, -97.708961","Infrastructure Quality":"M","Notes":null,"LatNumber":30.365366000000002,"LongNumber":-97.708961000000002}},{"type":"Feature","id":1953,"geometry":{"type":"Point","coordinates":[-97.709083999999962,30.364571000000069]},"properties":{"OBJECTID":1953,"School ID":"Wooldridge","Feature ID":"30","Type":"Lawn 7","Lat/Long":"30.364571, -97.709084","Infrastructure Quality":"H","Notes":null,"LatNumber":30.364571000000002,"LongNumber":-97.709084000000004}},{"type":"Feature","id":1954,"geometry":{"type":"Point","coordinates":[-97.710284999999942,30.365590000000054]},"properties":{"OBJECTID":1954,"School ID":"Wooldridge","Feature ID":"31","Type":"Lawn 8","Lat/Long":"30.365590, -97.710285","Infrastructure Quality":"M","Notes":null,"LatNumber":30.365590000000001,"LongNumber":-97.710284999999999}},{"type":"Feature","id":1955,"geometry":{"type":"Point","coordinates":[-97.710110999999984,30.365630000000067]},"properties":{"OBJECTID":1955,"School ID":"Wooldridge","Feature ID":"32","Type":"Lawn 9","Lat/Long":"30.365630, -97.710111","Infrastructure Quality":"M","Notes":null,"LatNumber":30.365629999999999,"LongNumber":-97.710110999999998}},{"type":"Feature","id":1956,"geometry":{"type":"Point","coordinates":[-97.708827999999983,30.363849000000073]},"properties":{"OBJECTID":1956,"School ID":"Wooldridge","Feature ID":"33","Type":"Mutt Mitt station","Lat/Long":"30.363849, -97.708828","Infrastructure Quality":"H","Notes":"PARD, has bags, needs sign","LatNumber":30.363848999999998,"LongNumber":-97.708827999999997}},{"type":"Feature","id":1957,"geometry":{"type":"Point","coordinates":[-97.709353999999962,30.365440000000035]},"properties":{"OBJECTID":1957,"School ID":"Wooldridge","Feature ID":"34","Type":"Nature Play 1","Lat/Long":"30.365440, -97.709354","Infrastructure Quality":"L","Notes":"PARD, \"Quail nest\" of logs/stumps ","LatNumber":30.36544,"LongNumber":-97.709354000000005}},{"type":"Feature","id":1958,"geometry":{"type":"Point","coordinates":[-97.709472999999946,30.365570000000048]},"properties":{"OBJECTID":1958,"School ID":"Wooldridge","Feature ID":"35","Type":"Nature Play 2","Lat/Long":"30.365570, -97.709473","Infrastructure Quality":"M","Notes":"PARD, Logs and boulders to slow water and provide play opportunity","LatNumber":30.365570000000002,"LongNumber":-97.709473000000003}},{"type":"Feature","id":1959,"geometry":{"type":"Point","coordinates":[-97.710241999999937,30.364777000000061]},"properties":{"OBJECTID":1959,"School ID":"Wooldridge","Feature ID":"36","Type":"Nature Trail 1","Lat/Long":"30.364777, -97.710242","Infrastructure Quality":"M","Notes":"Stone border, dg","LatNumber":30.364777,"LongNumber":-97.710241999999994}},{"type":"Feature","id":1960,"geometry":{"type":"Point","coordinates":[-97.709373999999968,30.364686000000063]},"properties":{"OBJECTID":1960,"School ID":"Wooldridge","Feature ID":"37","Type":"Nature Trail 2","Lat/Long":"30.364686, -97.709374","Infrastructure Quality":"M","Notes":"Stone steps in preK garden space next to rain garden 3","LatNumber":30.364685999999999,"LongNumber":-97.709373999999997}},{"type":"Feature","id":1961,"geometry":{"type":"Point","coordinates":[-97.709560999999951,30.365026000000057]},"properties":{"OBJECTID":1961,"School ID":"Wooldridge","Feature ID":"38","Type":"Nature Trail 3","Lat/Long":"30.365026, -97.709561","Infrastructure Quality":"M","Notes":"Stones steps around Produce Garden 2, very overgrown","LatNumber":30.365026,"LongNumber":-97.709560999999994}},{"type":"Feature","id":1962,"geometry":{"type":"Point","coordinates":[-97.708838999999955,30.363770000000045]},"properties":{"OBJECTID":1962,"School ID":"Wooldridge","Feature ID":"39","Type":"Nature Trail 4","Lat/Long":"30.363770, -97.708839","Infrastructure Quality":"L","Notes":"PARD, DG, fully overgrown but was ADA","LatNumber":30.363769999999999,"LongNumber":-97.708838999999998}},{"type":"Feature","id":1963,"geometry":{"type":"Point","coordinates":[-97.708996999999954,30.364399000000049]},"properties":{"OBJECTID":1963,"School ID":"Wooldridge","Feature ID":"40","Type":"Nature Trail 5","Lat/Long":"30.364399, -97.708997","Infrastructure Quality":"L","Notes":"Runs through Meadow, installed by APF, stepping stones","LatNumber":30.364398999999999,"LongNumber":-97.708996999999997}},{"type":"Feature","id":1964,"geometry":{"type":"Point","coordinates":[-97.709854999999948,30.364825000000053]},"properties":{"OBJECTID":1964,"School ID":"Wooldridge","Feature ID":"41","Type":"Other 1","Lat/Long":"30.364825, -97.709855","Infrastructure Quality":"H","Notes":"Little Free Library, painted, has books","LatNumber":30.364825,"LongNumber":-97.709855000000005}},{"type":"Feature","id":1965,"geometry":{"type":"Point","coordinates":[-97.708345999999949,30.365200000000073]},"properties":{"OBJECTID":1965,"School ID":"Wooldridge","Feature ID":"42","Type":"Other 2","Lat/Long":"30.365200, -97.708346","Infrastructure Quality":"H","Notes":"PARD futsal court through Austin FC partnership, 10 attached benches","LatNumber":30.365200000000002,"LongNumber":-97.708346000000006}},{"type":"Feature","id":1966,"geometry":{"type":"Point","coordinates":[-97.708189999999945,30.365159000000062]},"properties":{"OBJECTID":1966,"School ID":"Wooldridge","Feature ID":"43","Type":"Other 3","Lat/Long":"30.365159, -97.708190","Infrastructure Quality":"M","Notes":"PARD tennis court with lighting","LatNumber":30.365158999999998,"LongNumber":-97.708190000000002}},{"type":"Feature","id":1967,"geometry":{"type":"Point","coordinates":[-97.708944999999972,30.364214000000061]},"properties":{"OBJECTID":1967,"School ID":"Wooldridge","Feature ID":"44","Type":"Other 4","Lat/Long":"30.364214, -97.708945","Infrastructure Quality":"M","Notes":"PARD story walk (being removed, old)","LatNumber":30.364214,"LongNumber":-97.708945}},{"type":"Feature","id":1968,"geometry":{"type":"Point","coordinates":[-97.708699999999965,30.363874000000067]},"properties":{"OBJECTID":1968,"School ID":"Wooldridge","Feature ID":"45","Type":"Outdoor Classroom ","Lat/Long":"30.363874, -97.708700","Infrastructure Quality":"H","Notes":"10 limestone blocks with DG defined space, PARD-installed","LatNumber":30.363873999999999,"LongNumber":-97.708699999999993}},{"type":"Feature","id":1969,"geometry":{"type":"Point","coordinates":[-97.710493999999983,30.364748000000077]},"properties":{"OBJECTID":1969,"School ID":"Wooldridge","Feature ID":"46","Type":"Picnic table 1","Lat/Long":"30.364748, -97.710494","Infrastructure Quality":"H","Notes":"4 Corrugated metal under pavilion 1; unsecured","LatNumber":30.364747999999999,"LongNumber":-97.710493999999997}},{"type":"Feature","id":1970,"geometry":{"type":"Point","coordinates":[-97.709509999999966,30.364777000000061]},"properties":{"OBJECTID":1970,"School ID":"Wooldridge","Feature ID":"47","Type":"Picnic table 2","Lat/Long":"30.364777, -97.709510","Infrastructure Quality":"H","Notes":"Wood, 1 side ADA along sidewalk; in preK garden space; unsecured","LatNumber":30.364777,"LongNumber":-97.709509999999995}},{"type":"Feature","id":1971,"geometry":{"type":"Point","coordinates":[-97.709462999999971,30.364742000000035]},"properties":{"OBJECTID":1971,"School ID":"Wooldridge","Feature ID":"48","Type":"Picnic table 3","Lat/Long":"30.364742, -97.709463","Infrastructure Quality":"H","Notes":"Green plastic with movable seats; in preK garden space; unsecured","LatNumber":30.364742,"LongNumber":-97.709463}},{"type":"Feature","id":1972,"geometry":{"type":"Point","coordinates":[-97.709607999999946,30.365073000000052]},"properties":{"OBJECTID":1972,"School ID":"Wooldridge","Feature ID":"49","Type":"Picnic table 4","Lat/Long":"30.365073, -97.709608","Infrastructure Quality":"H","Notes":"Green plastic with movable seats; in Produce Garden 2 area; unsecured","LatNumber":30.365072999999999,"LongNumber":-97.709608000000003}},{"type":"Feature","id":1973,"geometry":{"type":"Point","coordinates":[-97.709820999999977,30.365324000000044]},"properties":{"OBJECTID":1973,"School ID":"Wooldridge","Feature ID":"50","Type":"Picnic table 5","Lat/Long":"30.365324, -97.709821","Infrastructure Quality":"M","Notes":"Orange plastic with movable seats, unsecured, in fenced area, missing 1 seat and needs cleaning","LatNumber":30.365324000000001,"LongNumber":-97.709821000000005}},{"type":"Feature","id":1974,"geometry":{"type":"Point","coordinates":[-97.709922999999947,30.365372000000036]},"properties":{"OBJECTID":1974,"School ID":"Wooldridge","Feature ID":"51","Type":"Picnic table 6","Lat/Long":"30.365372, -97.709923","Infrastructure Quality":"M","Notes":"PARD? 2 recycled plastic, were painted, secured, in fenced area","LatNumber":30.365372000000001,"LongNumber":-97.709923000000003}},{"type":"Feature","id":1975,"geometry":{"type":"Point","coordinates":[-97.708303999999941,30.364249000000029]},"properties":{"OBJECTID":1975,"School ID":"Wooldridge","Feature ID":"52","Type":"Picnic table 7","Lat/Long":"30.364249, -97.708304","Infrastructure Quality":"M","Notes":"Wood, unsecured","LatNumber":30.364249000000001,"LongNumber":-97.708303999999998}},{"type":"Feature","id":1976,"geometry":{"type":"Point","coordinates":[-97.708696999999972,30.363789000000054]},"properties":{"OBJECTID":1976,"School ID":"Wooldridge","Feature ID":"53","Type":"Picnic table 8","Lat/Long":"30.363789, -97.708697","Infrastructure Quality":"H","Notes":"2 PARD, unsecured, under tree shade","LatNumber":30.363789000000001,"LongNumber":-97.708697000000001}},{"type":"Feature","id":1977,"geometry":{"type":"Point","coordinates":[-97.709643999999969,30.365197000000023]},"properties":{"OBJECTID":1977,"School ID":"Wooldridge","Feature ID":"54","Type":"Playground 1","Lat/Long":"30.365197, -97.709644","Infrastructure Quality":"H","Notes":"2-5 swings, set of 2, in fenced preK playspace","LatNumber":30.365196999999998,"LongNumber":-97.709643999999997}},{"type":"Feature","id":1978,"geometry":{"type":"Point","coordinates":[-97.709566999999936,30.365281000000039]},"properties":{"OBJECTID":1978,"School ID":"Wooldridge","Feature ID":"55","Type":"Playground 2","Lat/Long":"30.365281, -97.709567","Infrastructure Quality":"H","Notes":"2-5 playscape with shade in fenced preK play space","LatNumber":30.365281,"LongNumber":-97.709567000000007}},{"type":"Feature","id":1979,"geometry":{"type":"Point","coordinates":[-97.709451999999942,30.365392000000043]},"properties":{"OBJECTID":1979,"School ID":"Wooldridge","Feature ID":"56","Type":"Playground 3","Lat/Long":"30.365392, -97.709452","Infrastructure Quality":"H","Notes":"5-12 swings, set of 4","LatNumber":30.365392,"LongNumber":-97.709451999999999}},{"type":"Feature","id":1980,"geometry":{"type":"Point","coordinates":[-97.709199999999953,30.365464000000031]},"properties":{"OBJECTID":1980,"School ID":"Wooldridge","Feature ID":"57","Type":"Playground 4","Lat/Long":"30.365464, -97.709200","Infrastructure Quality":"H","Notes":"5-12 playscapes with shade","LatNumber":30.365463999999999,"LongNumber":-97.709199999999996}},{"type":"Feature","id":1981,"geometry":{"type":"Point","coordinates":[-97.709460999999976,30.36478100000005]},"properties":{"OBJECTID":1981,"School ID":"Wooldridge","Feature ID":"58","Type":"Produce Garden 1","Lat/Long":"30.364781, -97.709461","Infrastructure Quality":"H","Notes":"6 beds with limestone border, 1 unused, 4 with squash, 1 morning glories; in preK garden space; Area started with CoA 3M grant via CCCN and installed by preK families/teacher as GSP pilot 2","LatNumber":30.364781000000001,"LongNumber":-97.709461000000005}},{"type":"Feature","id":1982,"geometry":{"type":"Point","coordinates":[-97.709531999999967,30.365064000000075]},"properties":{"OBJECTID":1982,"School ID":"Wooldridge","Feature ID":"59","Type":"Produce Garden 2","Lat/Long":"30.365064, -97.709532","Infrastructure Quality":"M","Notes":"13 beds (12 metal raised beds, 1 limestone border); area defined with limestone border; nature trail 4 goes between beds; previous NWF Monarch Heroes garden","LatNumber":30.365064,"LongNumber":-97.709531999999996}},{"type":"Feature","id":1983,"geometry":{"type":"Point","coordinates":[-97.710157999999979,30.364615000000072]},"properties":{"OBJECTID":1983,"School ID":"Wooldridge","Feature ID":"60","Type":"Rain Garden 1","Lat/Long":"30.364615, -97.710158","Infrastructure Quality":"H","Notes":"Detention pond","LatNumber":30.364615000000001,"LongNumber":-97.710158000000007}},{"type":"Feature","id":1984,"geometry":{"type":"Point","coordinates":[-97.709547999999984,30.364190000000065]},"properties":{"OBJECTID":1984,"School ID":"Wooldridge","Feature ID":"61","Type":"Rain Garden 2","Lat/Long":"30.364190, -97.709548","Infrastructure Quality":"H","Notes":"Detention pond","LatNumber":30.364190000000001,"LongNumber":-97.709547999999998}},{"type":"Feature","id":1985,"geometry":{"type":"Point","coordinates":[-97.709407999999939,30.364720000000034]},"properties":{"OBJECTID":1985,"School ID":"Wooldridge","Feature ID":"62","Type":"Rain Garden 3","Lat/Long":"30.364720, -97.709408","Infrastructure Quality":"L","Notes":"One plant left, very overgrown and stone border falling apart; in preK garden space","LatNumber":30.364719999999998,"LongNumber":-97.709407999999996}},{"type":"Feature","id":1986,"geometry":{"type":"Point","coordinates":[-97.708116999999959,30.364891000000057]},"properties":{"OBJECTID":1986,"School ID":"Wooldridge","Feature ID":"63","Type":"Rain Garden 4","Lat/Long":"30.364891, -97.708117","Infrastructure Quality":"H","Notes":"Fenced detention pond","LatNumber":30.364891,"LongNumber":-97.708117000000001}},{"type":"Feature","id":1987,"geometry":{"type":"Point","coordinates":[-97.709019999999953,30.364342000000079]},"properties":{"OBJECTID":1987,"School ID":"Wooldridge","Feature ID":"64","Type":"Rain Garden 5","Lat/Long":"30.364342, -97.709020","Infrastructure Quality":"H","Notes":"PARD-installed, dual RG/Meadow/Berm+Swale, split-rail fence, Nature Trail 5 running through, school afraid of snakes and won't use, WPD sign","LatNumber":30.364342000000001,"LongNumber":-97.709019999999995}},{"type":"Feature","id":1988,"geometry":{"type":"Point","coordinates":[-97.710480999999959,30.364787000000035]},"properties":{"OBJECTID":1988,"School ID":"Wooldridge","Feature ID":"65","Type":"Shade Structure 1","Lat/Long":"30.364787, -97.710481","Infrastructure Quality":"M","Notes":"Wooden pergola covering picnic table 1","LatNumber":30.364787,"LongNumber":-97.710481000000001}},{"type":"Feature","id":1989,"geometry":{"type":"Point","coordinates":[-97.709662999999978,30.365490000000079]},"properties":{"OBJECTID":1989,"School ID":"Wooldridge","Feature ID":"66","Type":"Shade Structure 2","Lat/Long":"30.365490, -97.709663","Infrastructure Quality":"M","Notes":"Some holes, over basketball","LatNumber":30.365490000000001,"LongNumber":-97.709663000000006}},{"type":"Feature","id":1990,"geometry":{"type":"Point","coordinates":[-97.709566999999936,30.365281000000039]},"properties":{"OBJECTID":1990,"School ID":"Wooldridge","Feature ID":"67","Type":"Shade Structure 3","Lat/Long":"30.365281, -97.709567","Infrastructure Quality":"H","Notes":"Over Playground 2","LatNumber":30.365281,"LongNumber":-97.709567000000007}},{"type":"Feature","id":1991,"geometry":{"type":"Point","coordinates":[-97.709199999999953,30.365464000000031]},"properties":{"OBJECTID":1991,"School ID":"Wooldridge","Feature ID":"68","Type":"Shade Structure 4","Lat/Long":"30.365464, -97.709200","Infrastructure Quality":"H","Notes":"Over Playground 4","LatNumber":30.365463999999999,"LongNumber":-97.709199999999996}},{"type":"Feature","id":1992,"geometry":{"type":"Point","coordinates":[-97.709963999999957,30.365424000000075]},"properties":{"OBJECTID":1992,"School ID":"Wooldridge","Feature ID":"69","Type":"Shed 1","Lat/Long":"30.365424, -97.709964","Infrastructure Quality":"M","Notes":"Metal, painted door, lock","LatNumber":30.365424000000001,"LongNumber":-97.709963999999999}},{"type":"Feature","id":1993,"geometry":{"type":"Point","coordinates":[-97.709996999999987,30.365399000000025]},"properties":{"OBJECTID":1993,"School ID":"Wooldridge","Feature ID":"70","Type":"Shed 2","Lat/Long":"30.365399, -97.709997","Infrastructure Quality":"H","Notes":"Wood, lock","LatNumber":30.365399,"LongNumber":-97.709997000000001}},{"type":"Feature","id":1994,"geometry":{"type":"Point","coordinates":[-97.708335999999974,30.364919000000043]},"properties":{"OBJECTID":1994,"School ID":"Wooldridge","Feature ID":"71","Type":"Track","Lat/Long":"30.364919, -97.708336","Infrastructure Quality":"L","Notes":"DG, very eroded","LatNumber":30.364919,"LongNumber":-97.708336000000003}},{"type":"Feature","id":1995,"geometry":{"type":"Point","coordinates":[-97.709874999999954,30.365380000000073]},"properties":{"OBJECTID":1995,"School ID":"Wooldridge","Feature ID":"72","Type":"Waste Receptacle 1","Lat/Long":"30.365380, -97.709875","Infrastructure Quality":"H","Notes":"Indoor trash can with bag in fenced area by Picnic 5/6, secured","LatNumber":30.365379999999998,"LongNumber":-97.709874999999997}},{"type":"Feature","id":1996,"geometry":{"type":"Point","coordinates":[-97.709562999999946,30.365404000000069]},"properties":{"OBJECTID":1996,"School ID":"Wooldridge","Feature ID":"73","Type":"Waste Receptacle 2","Lat/Long":"30.365404, -97.709563","Infrastructure Quality":"M","Notes":"Indoor trash can with bag, by basketball; secured","LatNumber":30.365404000000002,"LongNumber":-97.709563000000003}},{"type":"Feature","id":1997,"geometry":{"type":"Point","coordinates":[-97.70954299999994,30.365189000000044]},"properties":{"OBJECTID":1997,"School ID":"Wooldridge","Feature ID":"74","Type":"Waste Receptacle 3","Lat/Long":"30.365189, -97.709543","Infrastructure Quality":"H","Notes":"Indoor trash can with bag in preK space, secured to fence","LatNumber":30.365189000000001,"LongNumber":-97.709542999999996}},{"type":"Feature","id":1998,"geometry":{"type":"Point","coordinates":[-97.708478999999954,30.365121000000045]},"properties":{"OBJECTID":1998,"School ID":"Wooldridge","Feature ID":"75","Type":"Waste Receptacle 4","Lat/Long":"30.365121, -97.708479","Infrastructure Quality":"H","Notes":"PARD set of trash/recycle","LatNumber":30.365120999999998,"LongNumber":-97.708478999999997}},{"type":"Feature","id":1999,"geometry":{"type":"Point","coordinates":[-97.708827999999983,30.363869000000079]},"properties":{"OBJECTID":1999,"School ID":"Wooldridge","Feature ID":"76","Type":"Waste Receptacle 5","Lat/Long":"30.363869, -97.708828","Infrastructure Quality":"H","Notes":"PARD set of trash/recycle","LatNumber":30.363869000000001,"LongNumber":-97.708827999999997}},{"type":"Feature","id":2000,"geometry":{"type":"Point","coordinates":[-97.709019999999953,30.364342000000079]},"properties":{"OBJECTID":2000,"School ID":"Wooldridge","Feature ID":"77","Type":"Wildflower Meadow","Lat/Long":"30.364342, -97.709020","Infrastructure Quality":"H","Notes":"PARD-installed, dual RG/Meadow/Berm+Swale, split-rail fence, Nature Trail 5 running through, school afraid of snakes and won't use","LatNumber":30.364342000000001,"LongNumber":-97.709019999999995}},{"type":"Feature","id":2001,"geometry":{"type":"Point","coordinates":[-97.719099999999969,30.354200000000048]},"properties":{"OBJECTID":2001,"School ID":"Wooten","Feature ID":"1","Type":"Amphitheater","Lat/Long":"30.3542, -97.7191","Infrastructure Quality":"L","Notes":"Holes in the outdoor stage, wooden planks coming up ","LatNumber":30.354199999999999,"LongNumber":-97.719099999999997}},{"type":"Feature","id":2002,"geometry":{"type":"Point","coordinates":[-97.720069999999964,30.353910000000042]},"properties":{"OBJECTID":2002,"School ID":"Wooten","Feature ID":"2","Type":"Art 1","Lat/Long":"30.35391, -97.72007","Infrastructure Quality":"H","Notes":"Map of US next to the basketball court, 4 sqaure games painted on ground ","LatNumber":30.353909999999999,"LongNumber":-97.720070000000007}},{"type":"Feature","id":2003,"geometry":{"type":"Point","coordinates":[-97.718979999999988,30.353750000000048]},"properties":{"OBJECTID":2003,"School ID":"Wooten","Feature ID":"3","Type":"Art 2","Lat/Long":"30.35375, -97.71898","Infrastructure Quality":"N/A","Notes":"Wall art outside of room ","LatNumber":30.353750000000002,"LongNumber":-97.718980000000002}},{"type":"Feature","id":2004,"geometry":{"type":"Point","coordinates":[-97.720189999999945,30.353900000000067]},"properties":{"OBJECTID":2004,"School ID":"Wooten","Feature ID":"4","Type":"Basketball","Lat/Long":"30.3539, -97.72019","Infrastructure Quality":"M","Notes":"Shaded Basketball court, the court lines are faded and hoops are older","LatNumber":30.353899999999999,"LongNumber":-97.720190000000002}},{"type":"Feature","id":2005,"geometry":{"type":"Point","coordinates":[-97.719569999999976,30.353390000000047]},"properties":{"OBJECTID":2005,"School ID":"Wooten","Feature ID":"5","Type":"Bench 1","Lat/Long":"30.35339, -97.71957","Infrastructure Quality":"H","Notes":"Green Bench - no photo ","LatNumber":30.353390000000001,"LongNumber":-97.719570000000004}},{"type":"Feature","id":2006,"geometry":{"type":"Point","coordinates":[-97.719569999999976,30.353390000000047]},"properties":{"OBJECTID":2006,"School ID":"Wooten","Feature ID":"6","Type":"Bench 2","Lat/Long":"30.35339, -97.71957","Infrastructure Quality":"H","Notes":"Green Bench - no photo ","LatNumber":30.353390000000001,"LongNumber":-97.719570000000004}},{"type":"Feature","id":2007,"geometry":{"type":"Point","coordinates":[-97.71921999999995,30.353130000000078]},"properties":{"OBJECTID":2007,"School ID":"Wooten","Feature ID":"7","Type":"Bench 3 ","Lat/Long":"30.35313, -97.71922","Infrastructure Quality":"H","Notes":"Wooden, paint chipping off","LatNumber":30.35313,"LongNumber":-97.719220000000007}},{"type":"Feature","id":2008,"geometry":{"type":"Point","coordinates":[-97.719339999999988,30.354250000000036]},"properties":{"OBJECTID":2008,"School ID":"Wooten","Feature ID":"8","Type":"Bench 4","Lat/Long":"30.35425, -97.71934","Infrastructure Quality":"H","Notes":"Metal","LatNumber":30.35425,"LongNumber":-97.719340000000003}},{"type":"Feature","id":2009,"geometry":{"type":"Point","coordinates":[-97.719629999999938,30.35325000000006]},"properties":{"OBJECTID":2009,"School ID":"Wooten","Feature ID":"9","Type":"Bike Rack 1","Lat/Long":"30.35325, -97.71963","Infrastructure Quality":"L","Notes":"Rusted","LatNumber":30.353249999999999,"LongNumber":-97.719629999999995}},{"type":"Feature","id":2010,"geometry":{"type":"Point","coordinates":[-97.718839999999943,30.353550000000041]},"properties":{"OBJECTID":2010,"School ID":"Wooten","Feature ID":"10","Type":"Bike Rack 2","Lat/Long":"30.35355, -97.71884","Infrastructure Quality":"L","Notes":"Rusted","LatNumber":30.353549999999998,"LongNumber":-97.71884}},{"type":"Feature","id":2011,"geometry":{"type":"Point","coordinates":[-97.719079999999963,30.354140000000029]},"properties":{"OBJECTID":2011,"School ID":"Wooten","Feature ID":"11","Type":"Bike Rack 3 ","Lat/Long":"30.35414, -97.71908","Infrastructure Quality":"L","Notes":"Rusted","LatNumber":30.354140000000001,"LongNumber":-97.719080000000005}},{"type":"Feature","id":2012,"geometry":{"type":"Point","coordinates":[-97.720069999999964,30.35501000000005]},"properties":{"OBJECTID":2012,"School ID":"Wooten","Feature ID":"15","Type":"Fields (soccer, baseball, softball)","Lat/Long":"30.35501, -97.72007","Infrastructure Quality":"M","Notes":"Wooten Neighborhood Park ","LatNumber":30.35501,"LongNumber":-97.720070000000007}},{"type":"Feature","id":2013,"geometry":{"type":"Point","coordinates":[-97.720109999999977,30.353740000000073]},"properties":{"OBJECTID":2013,"School ID":"Wooten","Feature ID":"16","Type":"Fitness Station","Lat/Long":"30.35374, -97.72011","Infrastructure Quality":"L","Notes":"Looks like balance beams ","LatNumber":30.353739999999998,"LongNumber":-97.720110000000005}},{"type":"Feature","id":2014,"geometry":{"type":"Point","coordinates":[-97.720759999999984,30.354120000000023]},"properties":{"OBJECTID":2014,"School ID":"Wooten","Feature ID":"17","Type":"Fitness Station","Lat/Long":"30.35412, -97.72076","Infrastructure Quality":"L","Notes":"Wooten Neighborhood Park ","LatNumber":30.354120000000002,"LongNumber":-97.720759999999999}},{"type":"Feature","id":2015,"geometry":{"type":"Point","coordinates":[-97.719949999999983,30.353690000000029]},"properties":{"OBJECTID":2015,"School ID":"Wooten","Feature ID":"18","Type":"Garden/Planting  Bed 1","Lat/Long":"30.35369, -97.71995","Infrastructure Quality":"L","Notes":"Looks like planting beds framed with rocks but not longer there when I visited. Looks like they removed for bond work ","LatNumber":30.35369,"LongNumber":-97.719949999999997}},{"type":"Feature","id":2016,"geometry":{"type":"Point","coordinates":[-97.719949999999983,30.353690000000029]},"properties":{"OBJECTID":2016,"School ID":"Wooten","Feature ID":"19","Type":"Garden/Planting Bed 2","Lat/Long":"30.35369, -97.71995","Infrastructure Quality":"L","Notes":"Looks like planting space- framed with rocks","LatNumber":30.35369,"LongNumber":-97.719949999999997}},{"type":"Feature","id":2017,"geometry":{"type":"Point","coordinates":[-97.719949999999983,30.353660000000048]},"properties":{"OBJECTID":2017,"School ID":"Wooten","Feature ID":"20","Type":"Garden/Planting Bed 3","Lat/Long":"30.35366, -97.71995","Infrastructure Quality":"L","Notes":"Looks like planting space- framed with rocks ","LatNumber":30.353660000000001,"LongNumber":-97.719949999999997}},{"type":"Feature","id":2018,"geometry":{"type":"Point","coordinates":[-97.720019999999977,30.353580000000079]},"properties":{"OBJECTID":2018,"School ID":"Wooten","Feature ID":"21","Type":"Garden/Planting Bed 4","Lat/Long":"30.35358, -97.72002","Infrastructure Quality":"L","Notes":"Concrete Bricks for a makeshift bed ","LatNumber":30.353580000000001,"LongNumber":-97.720020000000005}},{"type":"Feature","id":2019,"geometry":{"type":"Point","coordinates":[-97.719339999999988,30.353140000000053]},"properties":{"OBJECTID":2019,"School ID":"Wooten","Feature ID":"22","Type":"Garden/Planting Bed 5","Lat/Long":"30.35314, -97.71934","Infrastructure Quality":"L","Notes":"Looks like flowers were once in there ","LatNumber":30.35314,"LongNumber":-97.719340000000003}},{"type":"Feature","id":2020,"geometry":{"type":"Point","coordinates":[-97.718839999999943,30.354640000000074]},"properties":{"OBJECTID":2020,"School ID":"Wooten","Feature ID":"23","Type":"Garden Planting Bed 6","Lat/Long":"30.35464, -97.71884","Infrastructure Quality":"L","Notes":"Overgrown and broken ","LatNumber":30.35464,"LongNumber":-97.71884}},{"type":"Feature","id":2021,"geometry":{"type":"Point","coordinates":[-97.718899999999962,30.354670000000056]},"properties":{"OBJECTID":2021,"School ID":"Wooten","Feature ID":"24","Type":"Garden/ Planting Bed 7","Lat/Long":"30.35467, -97.7189","Infrastructure Quality":"L","Notes":"Overgrown and broken ","LatNumber":30.354669999999999,"LongNumber":-97.718900000000005}},{"type":"Feature","id":2022,"geometry":{"type":"Point","coordinates":[-97.718919999999969,30.354650000000049]},"properties":{"OBJECTID":2022,"School ID":"Wooten","Feature ID":"25","Type":"Garden/Planting Bed 8","Lat/Long":"30.35465, -97.71892","Infrastructure Quality":"L","Notes":"Overgrown and broken ","LatNumber":30.354649999999999,"LongNumber":-97.718919999999997}},{"type":"Feature","id":2023,"geometry":{"type":"Point","coordinates":[-97.718929999999943,30.354630000000043]},"properties":{"OBJECTID":2023,"School ID":"Wooten","Feature ID":"26","Type":"Garden/Planting Bed 9 ","Lat/Long":"30.35463, -97.71893","Infrastructure Quality":"L","Notes":"Overgrown and broken ","LatNumber":30.35463,"LongNumber":-97.71893}},{"type":"Feature","id":2024,"geometry":{"type":"Point","coordinates":[-97.718849999999975,30.354620000000068]},"properties":{"OBJECTID":2024,"School ID":"Wooten","Feature ID":"27","Type":"Garden/ Planting Bed 10 ","Lat/Long":"30.35462, -97.71885","Infrastructure Quality":"L","Notes":"Overgrown and broken ","LatNumber":30.354620000000001,"LongNumber":-97.718850000000003}},{"type":"Feature","id":2025,"geometry":{"type":"Point","coordinates":[-97.718869999999981,30.354610000000037]},"properties":{"OBJECTID":2025,"School ID":"Wooten","Feature ID":"28","Type":"Garden/Planting Bed 11 ","Lat/Long":"30.35461, -97.71887","Infrastructure Quality":"L","Notes":"Overgrown and broken ","LatNumber":30.354610000000001,"LongNumber":-97.718869999999995}},{"type":"Feature","id":2026,"geometry":{"type":"Point","coordinates":[-97.721179999999947,30.353950000000054]},"properties":{"OBJECTID":2026,"School ID":"Wooten","Feature ID":"29","Type":"Looping Path/Track","Lat/Long":"30.35395, -97.72118","Infrastructure Quality":"H","Notes":"Wooten Neighborhood Park ","LatNumber":30.353950000000001,"LongNumber":-97.721180000000004}},{"type":"Feature","id":2027,"geometry":{"type":"Point","coordinates":[-97.720729999999946,30.35492000000005]},"properties":{"OBJECTID":2027,"School ID":"Wooten","Feature ID":"30","Type":"Natural Grass Lawn","Lat/Long":"30.35492, -97.72073","Infrastructure Quality":"H","Notes":"Wooten Neighborhood Park ","LatNumber":30.35492,"LongNumber":-97.720730000000003}},{"type":"Feature","id":2028,"geometry":{"type":"Point","coordinates":[-97.719739999999945,30.354190000000074]},"properties":{"OBJECTID":2028,"School ID":"Wooten","Feature ID":"31","Type":"Outdoor Classroom ","Lat/Long":"30.35419, -97.71974","Infrastructure Quality":"M","Notes":null,"LatNumber":30.354189999999999,"LongNumber":-97.719740000000002}},{"type":"Feature","id":2029,"geometry":{"type":"Point","coordinates":[-97.71921999999995,30.353680000000054]},"properties":{"OBJECTID":2029,"School ID":"Wooten","Feature ID":"32","Type":"Picnic Table 1","Lat/Long":"30.35368, -97.71922","Infrastructure Quality":"L","Notes":"They seemed very used / there were 8 in this area when visited site. ","LatNumber":30.353680000000001,"LongNumber":-97.719220000000007}},{"type":"Feature","id":2030,"geometry":{"type":"Point","coordinates":[-97.719089999999937,30.354160000000036]},"properties":{"OBJECTID":2030,"School ID":"Wooten","Feature ID":"33","Type":"Picnic Table 2","Lat/Long":"30.35416, -97.71909","Infrastructure Quality":"L","Notes":"Older wooden ","LatNumber":30.35416,"LongNumber":-97.719089999999994}},{"type":"Feature","id":2031,"geometry":{"type":"Point","coordinates":[-97.719759999999951,30.354190000000074]},"properties":{"OBJECTID":2031,"School ID":"Wooten","Feature ID":"34","Type":"Picnic Table 3","Lat/Long":"30.35419, -97.71976","Infrastructure Quality":"M","Notes":"Older wooden ","LatNumber":30.354189999999999,"LongNumber":-97.719759999999994}},{"type":"Feature","id":2032,"geometry":{"type":"Point","coordinates":[-97.719769999999983,30.354170000000067]},"properties":{"OBJECTID":2032,"School ID":"Wooten","Feature ID":"35","Type":"Picnic Table 4","Lat/Long":"30.35417, -97.71977","Infrastructure Quality":"M","Notes":"Older wooden ","LatNumber":30.35417,"LongNumber":-97.719769999999997}},{"type":"Feature","id":2033,"geometry":{"type":"Point","coordinates":[-97.719299999999976,30.354260000000068]},"properties":{"OBJECTID":2033,"School ID":"Wooten","Feature ID":"36","Type":"Picnic Table 5","Lat/Long":"30.35426, -97.7193","Infrastructure Quality":"L","Notes":"Made out of blue plastic - One of the seats are broken but I assume its high use because its right next to playground area ","LatNumber":30.35426,"LongNumber":-97.719300000000004}},{"type":"Feature","id":2034,"geometry":{"type":"Point","coordinates":[-97.71963999999997,30.354260000000068]},"properties":{"OBJECTID":2034,"School ID":"Wooten","Feature ID":"42","Type":"Playground 1","Lat/Long":"30.35426, -97.71964","Infrastructure Quality":"L","Notes":"Older on school grounds ","LatNumber":30.35426,"LongNumber":-97.719639999999998}},{"type":"Feature","id":2035,"geometry":{"type":"Point","coordinates":[-97.72052999999994,30.354090000000042]},"properties":{"OBJECTID":2035,"School ID":"Wooten","Feature ID":"43","Type":"Playground 2","Lat/Long":"30.35409, -97.72053","Infrastructure Quality":"H","Notes":"Wooten Neighborhood Park","LatNumber":30.354089999999999,"LongNumber":-97.720529999999997}},{"type":"Feature","id":2036,"geometry":{"type":"Point","coordinates":[-97.719449999999938,30.354280000000074]},"properties":{"OBJECTID":2036,"School ID":"Wooten","Feature ID":"44","Type":"Playground 2","Lat/Long":"30.35428, -97.71945","Infrastructure Quality":"L","Notes":"Older on school grounds ","LatNumber":30.354279999999999,"LongNumber":-97.719449999999995}},{"type":"Feature","id":2037,"geometry":{"type":"Point","coordinates":[-97.720649999999978,30.353980000000035]},"properties":{"OBJECTID":2037,"School ID":"Wooten","Feature ID":"45","Type":"Swing Set ","Lat/Long":"30.35398, -97.72065","Infrastructure Quality":"H","Notes":"Wooten Neighborhood Park ","LatNumber":30.35398,"LongNumber":-97.720650000000006}},{"type":"Feature","id":2038,"geometry":{"type":"Point","coordinates":[-97.720189999999945,30.353900000000067]},"properties":{"OBJECTID":2038,"School ID":"Wooten","Feature ID":"46","Type":"Shade Structure","Lat/Long":"30.3539, -97.72019","Infrastructure Quality":"H","Notes":"Shade Structure over basketball court ","LatNumber":30.353899999999999,"LongNumber":-97.720190000000002}},{"type":"Feature","id":2039,"geometry":{"type":"Point","coordinates":[-97.720449999999971,30.353850000000079]},"properties":{"OBJECTID":2039,"School ID":"Wooten","Feature ID":"47","Type":"Shade Structure","Lat/Long":"30.35385, -97.72045","Infrastructure Quality":"H","Notes":"Wooten Neighborhood Park ","LatNumber":30.353850000000001,"LongNumber":-97.72045}},{"type":"Feature","id":2040,"geometry":{"type":"Point","coordinates":[-97.719849999999951,30.354140000000029]},"properties":{"OBJECTID":2040,"School ID":"Wooten","Feature ID":"51","Type":"Storage/Shed","Lat/Long":"30.35414, -97.71985","Infrastructure Quality":"M","Notes":"The shed was empty and looks like it was being taken down ","LatNumber":30.354140000000001,"LongNumber":-97.719849999999994}},{"type":"Feature","id":2041,"geometry":{"type":"Point","coordinates":[-97.719329999999957,30.354250000000036]},"properties":{"OBJECTID":2041,"School ID":"Wooten","Feature ID":"52","Type":"Waste receptacle 1","Lat/Long":"30.35425, -97.71933","Infrastructure Quality":"H","Notes":"Looks pretty new - only one around so I assume its being used alot ","LatNumber":30.35425,"LongNumber":-97.719329999999999}},{"type":"Feature","id":2042,"geometry":{"type":"Point","coordinates":[-97.719359999999938,30.354250000000036]},"properties":{"OBJECTID":2042,"School ID":"Wooten","Feature ID":"53","Type":"Waste receptacle 2","Lat/Long":"30.35425, -97.71936","Infrastructure Quality":"H","Notes":"Looks like it was made by the school wooden box structure with a W on it ","LatNumber":30.35425,"LongNumber":-97.719359999999995}},{"type":"Feature","id":2043,"geometry":{"type":"Point","coordinates":[-97.719359999999938,30.354260000000068]},"properties":{"OBJECTID":2043,"School ID":"Wooten","Feature ID":"54","Type":"Waste receptacle 3","Lat/Long":"30.35426, -97.71936","Infrastructure Quality":"H","Notes":"Looks like it was made by the school wooden box structure with a W on it ","LatNumber":30.35426,"LongNumber":-97.719359999999995}},{"type":"Feature","id":2044,"geometry":{"type":"Point","coordinates":[-97.720389999999952,30.353870000000029]},"properties":{"OBJECTID":2044,"School ID":"Wooten","Feature ID":"55","Type":"Waste receptacles","Lat/Long":"30.35387, -97.72039","Infrastructure Quality":"H","Notes":"Wooten Neighborhood Park ","LatNumber":30.353870000000001,"LongNumber":-97.720389999999995}},{"type":"Feature","id":2045,"geometry":{"type":"Point","coordinates":[-97.720569999999952,30.353810000000067]},"properties":{"OBJECTID":2045,"School ID":"Wooten","Feature ID":"56","Type":"Waste receptacles","Lat/Long":"30.35381, -97.72057","Infrastructure Quality":"H","Notes":"Wooten Neighborhood Park ","LatNumber":30.353809999999999,"LongNumber":-97.720569999999995}},{"type":"Feature","id":2046,"geometry":{"type":"Point","coordinates":[-97.720659999999953,30.354180000000042]},"properties":{"OBJECTID":2046,"School ID":"Wooten","Feature ID":"57","Type":"Water fountain","Lat/Long":"30.35418, -97.72066","Infrastructure Quality":"H","Notes":"Wooten Neighborhood Park ","LatNumber":30.354179999999999,"LongNumber":-97.720659999999995}},{"type":"Feature","id":2047,"geometry":{"type":"Point","coordinates":[-97.721239999999966,30.355160000000069]},"properties":{"OBJECTID":2047,"School ID":"Wooten","Feature ID":"58","Type":"Water fountain","Lat/Long":"30.35516, -97.72124","Infrastructure Quality":"H","Notes":"Wooten Neighborhood Park ","LatNumber":30.355160000000001,"LongNumber":-97.721239999999995}},{"type":"Feature","id":2048,"geometry":{"type":"Point","coordinates":[-97.719189999999969,30.353090000000066]},"properties":{"OBJECTID":2048,"School ID":"Wooten","Feature ID":"59","Type":"Other 1","Lat/Long":"30.35309, -97.71919","Infrastructure Quality":"M","Notes":"Little Free Library","LatNumber":30.353090000000002,"LongNumber":-97.719189999999998}},{"type":"Feature","id":2049,"geometry":{"type":"Point","coordinates":[-97.719239999999957,30.353110000000072]},"properties":{"OBJECTID":2049,"School ID":"Wooten","Feature ID":"60","Type":"Bench 5","Lat/Long":"30.35311, -97.71924","Infrastructure Quality":"N/A","Notes":null,"LatNumber":30.353110000000001,"LongNumber":-97.719239999999999}},{"type":"Feature","id":2050,"geometry":{"type":"Point","coordinates":[-97.719199999999944,30.35310000000004]},"properties":{"OBJECTID":2050,"School ID":"Wooten","Feature ID":"61","Type":"Bench 6","Lat/Long":"30.3531, -97.7192","Infrastructure Quality":"N/A","Notes":null,"LatNumber":30.353100000000001,"LongNumber":-97.719200000000001}},{"type":"Feature","id":2051,"geometry":{"type":"Point","coordinates":[-97.719279999999969,30.353330000000028]},"properties":{"OBJECTID":2051,"School ID":"Wooten","Feature ID":"62","Type":"Bench 7","Lat/Long":"30.35333, -97.71928","Infrastructure Quality":"N/A","Notes":null,"LatNumber":30.35333,"LongNumber":-97.719279999999998}},{"type":"Feature","id":2052,"geometry":{"type":"Point","coordinates":[-97.719149999999956,30.353330000000028]},"properties":{"OBJECTID":2052,"School ID":"Wooten","Feature ID":"63","Type":"Bench 8","Lat/Long":"30.35333, -97.71915","Infrastructure Quality":"N/A","Notes":null,"LatNumber":30.35333,"LongNumber":-97.719149999999999}},{"type":"Feature","id":2053,"geometry":{"type":"Point","coordinates":[-97.718979999999988,30.354340000000036]},"properties":{"OBJECTID":2053,"School ID":"Wooten","Feature ID":"64","Type":"Bench 9","Lat/Long":"30.35434, -97.71898","Infrastructure Quality":"N/A","Notes":null,"LatNumber":30.354340000000001,"LongNumber":-97.718980000000002}},{"type":"Feature","id":2054,"geometry":{"type":"Point","coordinates":[-97.718929999999943,30.354360000000042]},"properties":{"OBJECTID":2054,"School ID":"Wooten","Feature ID":"65","Type":"Bench10","Lat/Long":"30.35436, -97.71893","Infrastructure Quality":"N/A","Notes":null,"LatNumber":30.35436,"LongNumber":-97.71893}},{"type":"Feature","id":2055,"geometry":{"type":"Point","coordinates":[-97.718909999999937,30.354350000000068]},"properties":{"OBJECTID":2055,"School ID":"Wooten","Feature ID":"66","Type":"Bench 11","Lat/Long":"30.35435, -97.71891","Infrastructure Quality":"N/A","Notes":null,"LatNumber":30.35435,"LongNumber":-97.718909999999994}},{"type":"Feature","id":2056,"geometry":{"type":"Point","coordinates":[-97.718909999999937,30.354390000000024]},"properties":{"OBJECTID":2056,"School ID":"Wooten","Feature ID":"67","Type":"Bench 12","Lat/Long":"30.35439, -97.71891","Infrastructure Quality":"N/A","Notes":null,"LatNumber":30.354389999999999,"LongNumber":-97.718909999999994}},{"type":"Feature","id":2057,"geometry":{"type":"Point","coordinates":[-97.71885999999995,30.35441000000003]},"properties":{"OBJECTID":2057,"School ID":"Wooten","Feature ID":"68","Type":"Bench 13","Lat/Long":"30.35441, -97.71886","Infrastructure Quality":"N/A","Notes":null,"LatNumber":30.354410000000001,"LongNumber":-97.718860000000006}},{"type":"Feature","id":2058,"geometry":{"type":"Point","coordinates":[-97.71885999999995,30.35441000000003]},"properties":{"OBJECTID":2058,"School ID":"Wooten","Feature ID":"69","Type":"Bench 14","Lat/Long":"30.35441, -97.71886","Infrastructure Quality":"N/A","Notes":null,"LatNumber":30.354410000000001,"LongNumber":-97.718860000000006}},{"type":"Feature","id":2059,"geometry":{"type":"Point","coordinates":[-97.71921999999995,30.35423000000003]},"properties":{"OBJECTID":2059,"School ID":"Wooten","Feature ID":"70","Type":"Bench 15","Lat/Long":"30.35423, -97.71922","Infrastructure Quality":"N/A","Notes":null,"LatNumber":30.354230000000001,"LongNumber":-97.719220000000007}},{"type":"Feature","id":2060,"geometry":{"type":"Point","coordinates":[-97.719199999999944,30.35423000000003]},"properties":{"OBJECTID":2060,"School ID":"Wooten","Feature ID":"71","Type":"Bench 16","Lat/Long":"30.35423, -97.7192","Infrastructure Quality":"N/A","Notes":null,"LatNumber":30.354230000000001,"LongNumber":-97.719200000000001}},{"type":"Feature","id":2061,"geometry":{"type":"Point","coordinates":[-97.719199999999944,30.354210000000023]},"properties":{"OBJECTID":2061,"School ID":"Wooten","Feature ID":"72","Type":"Bench 17","Lat/Long":"30.35421, -97.7192","Infrastructure Quality":"N/A","Notes":null,"LatNumber":30.354209999999998,"LongNumber":-97.719200000000001}},{"type":"Feature","id":2062,"geometry":{"type":"Point","coordinates":[-97.719189999999969,30.354210000000023]},"properties":{"OBJECTID":2062,"School ID":"Wooten","Feature ID":"73","Type":"Bench 18","Lat/Long":"30.35421, -97.71919","Infrastructure Quality":"N/A","Notes":null,"LatNumber":30.354209999999998,"LongNumber":-97.719189999999998}},{"type":"Feature","id":2063,"geometry":{"type":"Point","coordinates":[-97.719189999999969,30.35423000000003]},"properties":{"OBJECTID":2063,"School ID":"Wooten","Feature ID":"74","Type":"Bench 19","Lat/Long":"30.35423, -97.71919","Infrastructure Quality":"N/A","Notes":null,"LatNumber":30.354230000000001,"LongNumber":-97.719189999999998}},{"type":"Feature","id":2064,"geometry":{"type":"Point","coordinates":[-97.719169999999963,30.35423000000003]},"properties":{"OBJECTID":2064,"School ID":"Wooten","Feature ID":"75","Type":"Bench 20","Lat/Long":"30.35423, -97.71917","Infrastructure Quality":"N/A","Notes":null,"LatNumber":30.354230000000001,"LongNumber":-97.719170000000005}},{"type":"Feature","id":2065,"geometry":{"type":"Point","coordinates":[-97.719169999999963,30.354210000000023]},"properties":{"OBJECTID":2065,"School ID":"Wooten","Feature ID":"76","Type":"Bench 21","Lat/Long":"30.35421, -97.71917","Infrastructure Quality":"N/A","Notes":null,"LatNumber":30.354209999999998,"LongNumber":-97.719170000000005}},{"type":"Feature","id":2066,"geometry":{"type":"Point","coordinates":[-97.719149999999956,30.35423000000003]},"properties":{"OBJECTID":2066,"School ID":"Wooten","Feature ID":"77","Type":"Bench 22","Lat/Long":"30.35423, -97.71915","Infrastructure Quality":"N/A","Notes":null,"LatNumber":30.354230000000001,"LongNumber":-97.719149999999999}},{"type":"Feature","id":2067,"geometry":{"type":"Point","coordinates":[-97.719149999999956,30.354210000000023]},"properties":{"OBJECTID":2067,"School ID":"Wooten","Feature ID":"78","Type":"Bench 23","Lat/Long":"30.35421, -97.71915","Infrastructure Quality":"N/A","Notes":null,"LatNumber":30.354209999999998,"LongNumber":-97.719149999999999}},{"type":"Feature","id":2068,"geometry":{"type":"Point","coordinates":[-97.719809999999939,30.354170000000067]},"properties":{"OBJECTID":2068,"School ID":"Wooten","Feature ID":"79","Type":"Bench 24","Lat/Long":"30.35417, -97.71981","Infrastructure Quality":"N/A","Notes":null,"LatNumber":30.35417,"LongNumber":-97.719809999999995}},{"type":"Feature","id":2069,"geometry":{"type":"Point","coordinates":[-97.719809999999939,30.354140000000029]},"properties":{"OBJECTID":2069,"School ID":"Wooten","Feature ID":"80","Type":"Bench 25","Lat/Long":"30.35414, -97.71981","Infrastructure Quality":"N/A","Notes":null,"LatNumber":30.354140000000001,"LongNumber":-97.719809999999995}},{"type":"Feature","id":2070,"geometry":{"type":"Point","coordinates":[-97.719789999999989,30.354130000000055]},"properties":{"OBJECTID":2070,"School ID":"Wooten","Feature ID":"81","Type":"Bench 26","Lat/Long":"30.35413, -97.71979","Infrastructure Quality":"N/A","Notes":null,"LatNumber":30.354130000000001,"LongNumber":-97.719790000000003}},{"type":"Feature","id":2071,"geometry":{"type":"Point","coordinates":[-97.719739999999945,30.35423000000003]},"properties":{"OBJECTID":2071,"School ID":"Wooten","Feature ID":"82","Type":"Bench 27","Lat/Long":"30.35423, -97.71974","Infrastructure Quality":"N/A","Notes":null,"LatNumber":30.354230000000001,"LongNumber":-97.719740000000002}},{"type":"Feature","id":2072,"geometry":{"type":"Point","coordinates":[-97.719709999999964,30.354220000000055]},"properties":{"OBJECTID":2072,"School ID":"Wooten","Feature ID":"83","Type":"Bench 28","Lat/Long":"30.35422, -97.71971","Infrastructure Quality":"N/A","Notes":null,"LatNumber":30.354220000000002,"LongNumber":-97.719710000000006}},{"type":"Feature","id":2073,"geometry":{"type":"Point","coordinates":[-97.719509999999957,30.353900000000067]},"properties":{"OBJECTID":2073,"School ID":"Wooten","Feature ID":"84","Type":"Bench 29","Lat/Long":"30.3539, -97.71951","Infrastructure Quality":"N/A","Notes":null,"LatNumber":30.353899999999999,"LongNumber":-97.71951}},{"type":"Feature","id":2074,"geometry":{"type":"Point","coordinates":[-97.719509999999957,30.353920000000073]},"properties":{"OBJECTID":2074,"School ID":"Wooten","Feature ID":"85","Type":"Bench 30","Lat/Long":"30.35392, -97.71951","Infrastructure Quality":"N/A","Notes":null,"LatNumber":30.353919999999999,"LongNumber":-97.71951}},{"type":"Feature","id":2075,"geometry":{"type":"Point","coordinates":[-97.719499999999982,30.353920000000073]},"properties":{"OBJECTID":2075,"School ID":"Wooten","Feature ID":"86","Type":"Bench 31","Lat/Long":"30.35392, -97.7195","Infrastructure Quality":"N/A","Notes":null,"LatNumber":30.353919999999999,"LongNumber":-97.719499999999996}},{"type":"Feature","id":2076,"geometry":{"type":"Point","coordinates":[-97.719489999999951,30.353900000000067]},"properties":{"OBJECTID":2076,"School ID":"Wooten","Feature ID":"87","Type":"Bench 32","Lat/Long":"30.3539, -97.71949","Infrastructure Quality":"N/A","Notes":null,"LatNumber":30.353899999999999,"LongNumber":-97.719489999999993}},{"type":"Feature","id":2077,"geometry":{"type":"Point","coordinates":[-97.719489999999951,30.353890000000035]},"properties":{"OBJECTID":2077,"School ID":"Wooten","Feature ID":"88","Type":"Bench 33","Lat/Long":"30.35389, -97.71949","Infrastructure Quality":"N/A","Notes":null,"LatNumber":30.35389,"LongNumber":-97.719489999999993}},{"type":"Feature","id":2078,"geometry":{"type":"Point","coordinates":[-97.719469999999944,30.353900000000067]},"properties":{"OBJECTID":2078,"School ID":"Wooten","Feature ID":"89","Type":"Bench 34","Lat/Long":"30.3539, -97.71947","Infrastructure Quality":"N/A","Notes":null,"LatNumber":30.353899999999999,"LongNumber":-97.719470000000001}},{"type":"Feature","id":2079,"geometry":null,"properties":{"OBJECTID":2079,"Shape":null,"School ID":null,"Feature ID":null,"Type":null,"Lat/Long":null,"Infrastructure Quality":null,"Notes":null,"LatNumber":null,"LongNumber":null}},{"type":"Feature","id":2080,"geometry":null,"properties":{"OBJECTID":2080,"Shape":null,"School ID":null,"Feature ID":null,"Type":null,"Lat/Long":null,"Infrastructure Quality":null,"Notes":null,"LatNumber":null,"LongNumber":null}},{"type":"Feature","id":2081,"geometry":null,"properties":{"OBJECTID":2081,"Shape":null,"School ID":null,"Feature ID":null,"Type":null,"Lat/Long":null,"Infrastructure Quality":null,"Notes":null,"LatNumber":null,"LongNumber":null}},{"type":"Feature","id":2082,"geometry":null,"properties":{"OBJECTID":2082,"Shape":null,"School ID":null,"Feature ID":null,"Type":null,"Lat/Long":null,"Infrastructure Quality":null,"Notes":null,"LatNumber":null,"LongNumber":null}},{"type":"Feature","id":2083,"geometry":null,"properties":{"OBJECTID":2083,"Shape":null,"School ID":null,"Feature ID":null,"Type":null,"Lat/Long":null,"Infrastructure Quality":null,"Notes":null,"LatNumber":null,"LongNumber":null}},{"type":"Feature","id":2084,"geometry":null,"properties":{"OBJECTID":2084,"Shape":null,"School ID":null,"Feature ID":null,"Type":null,"Lat/Long":null,"Infrastructure Quality":null,"Notes":null,"LatNumber":null,"LongNumber":null}},{"type":"Feature","id":2085,"geometry":null,"properties":{"OBJECTID":2085,"Shape":null,"School ID":null,"Feature ID":null,"Type":null,"Lat/Long":null,"Infrastructure Quality":null,"Notes":null,"LatNumber":null,"LongNumber":null}}]}