QuestionID,LegacyQuestionID,SurveyID,SurveyFocusArea,ScoreFocusArea,SpaceTypeID,CategoryID,SubcategoryID,SchoolLevel,SourceSchoolLevel,PreAssessment,QuestionText,Context,QuestionType,QuestionRole,ScoringMode,QuestionWeight,WeightSource,ConditionalOn,DisplayOrder,IsRequired,IsActive,SourceSheet,SourceRow
ST-002,ST-002,SRV-STUDIOS,Studios,Studios,SPT-TRADITIONAL-STUDIO-78A63C,CAT-TRADITIONAL-STUD-FUNCTION-9D5736,SUB-TRADITIONAL--FUNCTION-LAYOUT-AND-FLEXIBI-F32440,ALL,ALL,,Does the room shape allow for clear sightlines within the room and flexible room configuration options?,,YesNo,Evaluation,SingleResponse,12,EqualWeight,,10,True,True,Studios,6
ST-003,ST-003,SRV-STUDIOS,Studios,Studios,SPT-TRADITIONAL-STUDIO-78A63C,CAT-TRADITIONAL-STUD-FUNCTION-9D5736,SUB-TRADITIONAL--FUNCTION-LAYOUT-AND-FLEXIBI-F32440,ALL,ALL,,"Is there a dedicated Peace Center within the studio (i.e., a furniture-based or designed ~25 SF space)?",Supports student self-regulation without leaving the studio,YesNo,Evaluation,SingleResponse,12,EqualWeight,,20,True,True,Studios,10
ST-004,ST-004,SRV-STUDIOS,Studios,Studios,SPT-TRADITIONAL-STUDIO-78A63C,CAT-TRADITIONAL-STUD-INFRASTRUCTURE-5C68A2,SUB-TRADITIONAL--INFRASTRUC-UTILITIES-AND-TECH-DF178A,ALL,ALL,,Select all that apply (lighting),,MultiSelect,Evaluation,MixedItemScoring,12,EqualWeight,,30,True,True,Studios,14
ST-005,ST-005,SRV-STUDIOS,Studios,Studios,SPT-TRADITIONAL-STUDIO-78A63C,CAT-TRADITIONAL-STUD-OCCUPANT-EXPERIENC-8F3F9A,SUB-TRADITIONAL--OCCUPANT-E-AESTHETICS-5272E3,ALL,ALL,,Which of the following describes the condition of the wall finishes?,"Supports a positive, non-monotonous learning environment",SingleSelect,Evaluation,SingleResponse,12,EqualWeight,,40,True,True,Studios,18
ST-006,ST-006,SRV-STUDIOS,Studios,Studios,SPT-TRADITIONAL-STUDIO-78A63C,CAT-TRADITIONAL-STUD-OCCUPANT-EXPERIENC-8F3F9A,SUB-TRADITIONAL--OCCUPANT-E-OCCUPANT-COMFORT-3452B4,ALL,ALL,,Are there exterior windows?,,YesNo,Evaluation,SingleResponse,12,EqualWeight,,50,True,True,Studios,23
ST-007,ST-007,SRV-STUDIOS,Studios,Studios,SPT-TRADITIONAL-STUDIO-78A63C,CAT-TRADITIONAL-STUD-OCCUPANT-EXPERIENC-8F3F9A,SUB-TRADITIONAL--OCCUPANT-E-OCCUPANT-COMFORT-3452B4,ALL,ALL,,"Is daylight accessible through another means (e.g., an interior window shared with a space that has exterior windows)?",,SingleSelect,Evaluation,SingleResponse,12,EqualWeight,"ST-006 = ""No""",60,True,True,Studios,27
ST-008,ST-008,SRV-STUDIOS,Studios,Studios,SPT-TRADITIONAL-STUDIO-78A63C,CAT-TRADITIONAL-STUD-OCCUPANT-EXPERIENC-8F3F9A,SUB-TRADITIONAL--OCCUPANT-E-OCCUPANT-COMFORT-3452B4,ALL,ALL,,Select all that apply (exterior windows),Supports wellbeing through connection to the outdoors,MultiSelect,Evaluation,MixedItemScoring,12,EqualWeight,"ST-006 = ""Yes""",70,True,True,Studios,32
ST-009,ST-009,SRV-STUDIOS,Studios,Studios,SPT-TRADITIONAL-STUDIO-78A63C,CAT-TRADITIONAL-STUD-OCCUPANT-EXPERIENC-8F3F9A,SUB-TRADITIONAL--OCCUPANT-E-OCCUPANT-COMFORT-3452B4,ALL,ALL,,What window coverings are provided on exterior windows?,Supports glare control and privacy,SingleSelect,Evaluation,SingleResponse,12,EqualWeight,"ST-006 = ""Yes""",80,True,True,Studios,36
ST-010,ST-010,SRV-STUDIOS,Studios,Studios,SPT-TRADITIONAL-STUDIO-78A63C,CAT-TRADITIONAL-STUD-AMENITIES-640FA7,SUB-TRADITIONAL--AMENITIES-DISPLAY-AND-PRESEN-0B7FDB,ES,ES,,"How much writable surface (e.g., markerboard) is provided, excluding glass? Include both fixed and mobile writable surfaces in your count.",,SingleSelect,Evaluation,SingleResponse,12,EqualWeight,,90,True,True,Studios,42
ST-011,ST-011,SRV-STUDIOS,Studios,Studios,SPT-TRADITIONAL-STUDIO-78A63C,CAT-TRADITIONAL-STUD-AMENITIES-640FA7,SUB-TRADITIONAL--AMENITIES-DISPLAY-AND-PRESEN-0B7FDB,MS+HS,MS+HS,,"How much writable surface (e.g., markerboard) is provided, excluding glass? Include both fixed and mobile writable surfaces in your count.",,SingleSelect,Evaluation,SingleResponse,12,EqualWeight,,100,True,True,Studios,49
ST-012,ST-012,SRV-STUDIOS,Studios,Studios,SPT-TRADITIONAL-STUDIO-78A63C,CAT-TRADITIONAL-STUD-AMENITIES-640FA7,SUB-TRADITIONAL--AMENITIES-DISPLAY-AND-PRESEN-0B7FDB,ALL,ALL,,Which built-in systems for displaying student work are provided?,,MultiSelect,Inventory,RecordedOnly,0,EqualWeight_Unscored,,110,True,True,Studios,57
ST-013,ST-013,SRV-STUDIOS,Studios,Studios,SPT-TRADITIONAL-STUDIO-78A63C,CAT-TRADITIONAL-STUD-AMENITIES-640FA7,SUB-TRADITIONAL--AMENITIES-DISPLAY-AND-PRESEN-0B7FDB,ALL,ALL,,How much tackboard/tackwall/tackstrip is provided? Include both fixed and mobile surfaces.,Supports display of student work,SingleSelect,Evaluation,SingleResponse,12,EqualWeight,,120,True,True,Studios,63
ST-014,ST-014,SRV-STUDIOS,Studios,Studios,SPT-TRADITIONAL-STUDIO-78A63C,CAT-TRADITIONAL-STUD-AMENITIES-640FA7,SUB-TRADITIONAL--AMENITIES-STORAGE-5A24CC,ES,ES,,How much casework is provided in the space?,,SingleSelect,Evaluation,SingleResponse,12,EqualWeight,,130,True,True,Studios,69
ST-015,ST-015,SRV-STUDIOS,Studios,Studios,SPT-TRADITIONAL-STUDIO-78A63C,CAT-TRADITIONAL-STUD-AMENITIES-640FA7,SUB-TRADITIONAL--AMENITIES-STORAGE-5A24CC,ES,ES,,How much countertop is provided in the space?,,SingleSelect,Evaluation,SingleResponse,12,EqualWeight,,140,True,True,Studios,73
ST-016,ST-016,SRV-STUDIOS,Studios,Studios,SPT-TRADITIONAL-STUDIO-78A63C,CAT-TRADITIONAL-STUD-AMENITIES-640FA7,SUB-TRADITIONAL--AMENITIES-STORAGE-5A24CC,ALL,ALL,,Select all that apply (storage),,MultiSelect,Inventory,RecordedOnly,0,EqualWeight_Unscored,,150,True,True,Studios,77
ST-017,ST-017,SRV-STUDIOS,Studios,Studios,SPT-TRADITIONAL-STUDIO-78A63C,CAT-TRADITIONAL-STUD-AMENITIES-640FA7,SUB-TRADITIONAL--AMENITIES-STORAGE-5A24CC,ALL,ALL,,How sufficient does the storage appear for the space's program needs?,,SingleSelect,Evaluation,SingleResponse,12,EqualWeight,,160,True,True,Studios,84
ST-018,ST-018,SRV-STUDIOS,Studios,Studios,SPT-TRADITIONAL-STUDIO-78A63C,CAT-TRADITIONAL-STUD-INFRASTRUCTURE-5C68A2,SUB-TRADITIONAL--INFRASTRUC-UTILITIES-AND-TECH-DF178A,ALL,ALL,,Are there any visible workarounds accommodating a lack of power outlets?,Supports adequate device charging access,YesNo,Evaluation,SingleResponse,12,EqualWeight,,170,True,True,Studios,89
ST-019,ST-019,SRV-STUDIOS,Studios,Studios,SPT-TRADITIONAL-STUDIO-78A63C,CAT-TRADITIONAL-STUD-OCCUPANT-EXPERIENC-8F3F9A,SUB-TRADITIONAL--OCCUPANT-E-OCCUPANT-COMFORT-3452B4,ALL,ALL,,Select one (temperature control),,SingleSelect,Evaluation,SingleResponse,12,EqualWeight,,180,True,True,Studios,93
ST-020,ST-020,SRV-STUDIOS,Studios,Studios,SPT-TRADITIONAL-STUDIO-78A63C,CAT-TRADITIONAL-STUD-OCCUPANT-EXPERIENC-8F3F9A,SUB-TRADITIONAL--OCCUPANT-E-SAFETY-AND-SUPERVI-79D193,ALL,ALL,,What type of visibility is provided into the space from adjacent interior spaces or circulation?,Identifies how supervision and visibility are achieved,MultiSelect,Evaluation,MixedItemScoring,12,EqualWeight,,190,True,True,Studios,98
ST-021,ST-021,SRV-STUDIOS,Studios,Studios,SPT-TRADITIONAL-STUDIO-78A63C,CAT-TRADITIONAL-STUD-OCCUPANT-EXPERIENC-8F3F9A,SUB-TRADITIONAL--OCCUPANT-E-SAFETY-AND-SUPERVI-79D193,ALL,ALL,,How much of the wall facing the adjacent interior space or circulation is made up of interior window?,,SingleSelect,Inventory,RecordedOnly,0,EqualWeight_Unscored,"ST-020 includes ""Full-height interior window"" or ""Half-height interior window""",200,True,True,Studios,104
ST-022,ST-022,SRV-STUDIOS,Studios,Studios,SPT-TRADITIONAL-STUDIO-78A63C,CAT-TRADITIONAL-STUD-OCCUPANT-EXPERIENC-8F3F9A,SUB-TRADITIONAL--OCCUPANT-E-SAFETY-AND-SUPERVI-79D193,ALL,ALL,,Select all that apply (safety),Supports security and controlled visibility during emergencies,MultiSelect,Evaluation,MixedItemScoring,12,EqualWeight,,210,True,True,Studios,108
ST-023,ST-023,SRV-STUDIOS,Studios,Studios,SPT-TRADITIONAL-STUDIO-78A63C,CAT-TRADITIONAL-STUD-AMENITIES-640FA7,SUB-TRADITIONAL--AMENITIES-FURNITURE-AND-EQUI-E3CDE4,ALL,ALL,,Select all that are present (furniture),,MultiSelect,Inventory,RecordedOnly,0,EqualWeight_Unscored,,220,True,True,Studios,114
ST-024,ST-024,SRV-STUDIOS,Studios,Studios,SPT-TRADITIONAL-STUDIO-78A63C,CAT-TRADITIONAL-STUD-AMENITIES-640FA7,SUB-TRADITIONAL--AMENITIES-FURNITURE-AND-EQUI-E3CDE4,ALL,ALL,,How easily can the furniture be rearranged?,"Supports flexible, reconfigurable learning environment",SingleSelect,Evaluation,SingleResponse,12,EqualWeight,,230,True,True,Studios,128
ST-025,ST-025,SRV-STUDIOS,Studios,Studios,SPT-TRADITIONAL-STUDIO-78A63C,CAT-TRADITIONAL-STUD-AMENITIES-640FA7,SUB-TRADITIONAL--AMENITIES-FURNITURE-AND-EQUI-E3CDE4,ALL,ALL,,"How varied are the seating options for students (i.e., are multiple seating types available)?",Supports diverse learning and comfort needs,SingleSelect,Evaluation,SingleResponse,12,EqualWeight,,240,True,True,Studios,132
ST-026,ST-026,SRV-STUDIOS,Studios,Studios,SPT-TRADITIONAL-STUDIO-78A63C,CAT-TRADITIONAL-STUD-AMENITIES-640FA7,SUB-TRADITIONAL--AMENITIES-FURNITURE-AND-EQUI-E3CDE4,ALL,ALL,,What is the condition of the furniture?,Indicates furniture quality and maintenance needs,SingleSelect,Evaluation,SingleResponse,12,EqualWeight,,250,True,True,Studios,137
ST-027,ST-027,SRV-STUDIOS,Studios,Studios,SPT-TRADITIONAL-STUDIO-78A63C,CAT-TRADITIONAL-STUD-INFRASTRUCTURE-5C68A2,SUB-TRADITIONAL--INFRASTRUC-FLOORING-AND-SURFA-65DED3,ALL,ALL,,What type of flooring is in the space?,,SingleSelect,Evaluation,SingleResponse,12,EqualWeight,,260,True,True,Studios,141
ST-028,ST-028,SRV-STUDIOS,Studios,Studios,SPT-TRADITIONAL-STUDIO-78A63C,CAT-TRADITIONAL-STUD-FUNCTION-9D5736,SUB-TRADITIONAL--FUNCTION-ADJACENCY-AND-ACCE-C3F997,ALL,ALL,,What access does the space have to a collaboration space?,Supports connection to shared learning spaces,SingleSelect,Evaluation,SingleResponse,12,EqualWeight,,270,True,True,Studios,148
ST-029,ST-029,SRV-STUDIOS,Studios,Studios,SPT-TRADITIONAL-STUDIO-78A63C,CAT-TRADITIONAL-STUD-FUNCTION-9D5736,SUB-TRADITIONAL--FUNCTION-ADJACENCY-AND-ACCE-C3F997,ALL,ALL,,What access does the space have to a small group room?,Supports connection to shared learning spaces,SingleSelect,Evaluation,SingleResponse,12,EqualWeight,,280,True,True,Studios,153
ST-030,ST-030,SRV-STUDIOS,Studios,Studios,SPT-TRADITIONAL-STUDIO-78A63C,CAT-TRADITIONAL-STUD-FUNCTION-9D5736,SUB-TRADITIONAL--FUNCTION-ADJACENCY-AND-ACCE-C3F997,ALL,ALL,,Select all that are present (visibility into adjacent spaces),Allows teachers to send students to work independently outside the studio while remaining supervised,MultiSelect,Evaluation,MixedItemScoring,12,EqualWeight,,290,True,True,Studios,158
ST-031,ST-031,SRV-STUDIOS,Studios,Studios,SPT-TRADITIONAL-STUDIO-78A63C,CAT-TRADITIONAL-STUD-FUNCTION-9D5736,SUB-TRADITIONAL--FUNCTION-ADJACENCY-AND-ACCE-C3F997,ALL,ALL,,What access does the space have to the exterior?,Supports outdoor learning opportunities,SingleSelect,Evaluation,SingleResponse,12,EqualWeight,,300,True,True,Studios,162
ST-032,ST-032,SRV-STUDIOS,Studios,Studios,SPT-TRADITIONAL-STUDIO-78A63C,CAT-TRADITIONAL-STUD-AMENITIES-640FA7,SUB-TRADITIONAL--AMENITIES-FURNITURE-AND-EQUI-E3CDE4,ALL,ALL,,Select all that are present (general inventory),,MultiSelect,Inventory,RecordedOnly,0,EqualWeight_Unscored,,310,True,True,Studios,167
ST-033,ST-033,SRV-STUDIOS,Studios,Studios,SPT-TRADITIONAL-STUDIO-78A63C,CAT-TRADITIONAL-STUD-OBSERVATIONAL-788B45,SUB-TRADITIONAL--OBSERVATIO-OBSERVATIONAL-DC6A7D,ALL,ALL,,"Does the studio support whole-group instruction, small-group learning and independent learning? (check all that apply)",,MultiSelect,Observational,RecordedOnly,0,EqualWeight_Unscored,,320,True,True,Studios,173
ST-034,ST-034,SRV-STUDIOS,Studios,Studios,SPT-TRADITIONAL-STUDIO-78A63C,CAT-TRADITIONAL-STUD-OBSERVATIONAL-788B45,SUB-TRADITIONAL--OBSERVATIO-OBSERVATIONAL-DC6A7D,ALL,ALL,,Select all that apply (Education Efficiency),,MultiSelect,Observational,RecordedOnly,0,EqualWeight_Unscored,,330,True,True,Studios,179
OD-001,OD-001,SRV-OUTDOOR,Outdoor,Outdoor,SPT-OUTDOOR-SPACES-F4EC64,CAT-OUTDOOR-SPACES-FUNCTION-F68DD7,SUB-OUTDOOR-SPAC-FUNCTION-AVAILABILITY-E2E8E2,ES,ES,,Is there an early childhood playground (PreK-K)?,,YesNo,Evaluation,SingleResponse,12,EqualWeight,,340,True,True,Outdoor Spaces,2
OD-002,OD-002,SRV-OUTDOOR,Outdoor,Outdoor,SPT-OUTDOOR-SPACES-F4EC64,CAT-OUTDOOR-SPACES-AMENITIES-58DDD6,SUB-OUTDOOR-SPAC-AMENITIES-FURNITURE-AND-EQUI-BD920F,ES,ES,,Select all that are present (essential early childhood playground features),,MultiSelect,Evaluation,MixedItemScoring,12,EqualWeight,,350,True,True,Outdoor Spaces,6
OD-003,OD-003,SRV-OUTDOOR,Outdoor,Outdoor,SPT-OUTDOOR-SPACES-F4EC64,CAT-OUTDOOR-SPACES-AMENITIES-58DDD6,SUB-OUTDOOR-SPAC-AMENITIES-FURNITURE-AND-EQUI-BD920F,ES,ES,,Select all that are present (additional early childhood playground features),,MultiSelect,Evaluation,MixedItemScoring,12,EqualWeight,,360,True,True,Outdoor Spaces,12
OD-004,OD-004,SRV-OUTDOOR,Outdoor,Outdoor,SPT-OUTDOOR-SPACES-F4EC64,CAT-OUTDOOR-SPACES-AMENITIES-58DDD6,SUB-OUTDOOR-SPAC-AMENITIES-FURNITURE-AND-EQUI-BD920F,ES,ES,,Is the early childhood playground in proximity to an appropriate learning neighborhood?,,YesNo,Evaluation,SingleResponse,12,EqualWeight,,370,True,True,Outdoor Spaces,27
OD-005,OD-005,SRV-OUTDOOR,Outdoor,Outdoor,SPT-OUTDOOR-SPACES-F4EC64,CAT-OUTDOOR-SPACES-OCCUPANT-EXPERIENC-FFD796,SUB-OUTDOOR-SPAC-OCCUPANT-E-SAFETY-AND-SUPERVI-270FD0,ES,ES,,Is the early childhood playground enclosed by fencing?,,YesNo,Evaluation,SingleResponse,12,EqualWeight,,380,True,True,Outdoor Spaces,31
OD-006,OD-006,SRV-OUTDOOR,Outdoor,Outdoor,SPT-OUTDOOR-SPACES-F4EC64,CAT-OUTDOOR-SPACES-OCCUPANT-EXPERIENC-FFD796,SUB-OUTDOOR-SPAC-OCCUPANT-E-SAFETY-AND-SUPERVI-270FD0,ES,ES,,Do the early childhood playground fall zones have soft surfacing?,,YesNo,Evaluation,SingleResponse,12,EqualWeight,,390,True,True,Outdoor Spaces,35
OD-007,OD-007,SRV-OUTDOOR,Outdoor,Outdoor,SPT-OUTDOOR-SPACES-F4EC64,CAT-OUTDOOR-SPACES-AMENITIES-58DDD6,SUB-OUTDOOR-SPAC-AMENITIES-FURNITURE-AND-EQUI-BD920F,ES,ES,,Select all that are present (early childhood playground equipment features),,MultiSelect,Inventory,RecordedOnly,0,EqualWeight_Unscored,,400,True,True,Outdoor Spaces,39
OD-008,OD-008,SRV-OUTDOOR,Outdoor,Outdoor,SPT-OUTDOOR-SPACES-F4EC64,CAT-OUTDOOR-SPACES-OCCUPANT-EXPERIENC-FFD796,SUB-OUTDOOR-SPAC-OCCUPANT-E-SAFETY-AND-SUPERVI-270FD0,ES,ES,,Does the early childhood playground have site lighting to allow for safe evening use?,,YesNo,Evaluation,SingleResponse,12,EqualWeight,,410,True,True,Outdoor Spaces,48
OD-009,OD-009,SRV-OUTDOOR,Outdoor,Outdoor,SPT-OUTDOOR-SPACES-F4EC64,CAT-OUTDOOR-SPACES-OCCUPANT-EXPERIENC-FFD796,SUB-OUTDOOR-SPAC-OCCUPANT-E-SAFETY-AND-SUPERVI-270FD0,ES,ES,,Are there clear sightlines from routinely occupied or supervised areas to the early childhood playground area?,,YesNo,Evaluation,SingleResponse,12,EqualWeight,,420,True,True,Outdoor Spaces,52
OD-010,OD-010,SRV-OUTDOOR,Outdoor,Outdoor,SPT-OUTDOOR-SPACES-F4EC64,CAT-OUTDOOR-SPACES-FUNCTION-F68DD7,SUB-OUTDOOR-SPAC-FUNCTION-AVAILABILITY-E2E8E2,ES,ES,,Is there an elementary playground (1st-5th)?,,YesNo,Evaluation,SingleResponse,12,EqualWeight,,430,True,True,Outdoor Spaces,56
OD-011,OD-011,SRV-OUTDOOR,Outdoor,Outdoor,SPT-OUTDOOR-SPACES-F4EC64,CAT-OUTDOOR-SPACES-AMENITIES-58DDD6,SUB-OUTDOOR-SPAC-AMENITIES-FURNITURE-AND-EQUI-BD920F,ES,ES,,Select all that are present (essential elementary playground features),,MultiSelect,Evaluation,MixedItemScoring,12,EqualWeight,,440,True,True,Outdoor Spaces,60
OD-012,OD-012,SRV-OUTDOOR,Outdoor,Outdoor,SPT-OUTDOOR-SPACES-F4EC64,CAT-OUTDOOR-SPACES-AMENITIES-58DDD6,SUB-OUTDOOR-SPAC-AMENITIES-FURNITURE-AND-EQUI-BD920F,ES,ES,,Select all that are present (additional elementary playground features),,MultiSelect,Evaluation,MixedItemScoring,12,EqualWeight,,450,True,True,Outdoor Spaces,66
OD-013,OD-013,SRV-OUTDOOR,Outdoor,Outdoor,SPT-OUTDOOR-SPACES-F4EC64,CAT-OUTDOOR-SPACES-AMENITIES-58DDD6,SUB-OUTDOOR-SPAC-AMENITIES-FURNITURE-AND-EQUI-BD920F,ES,ES,,Is the elementary playground in proximity to an appropriate learning neighborhood?,,YesNo,Evaluation,SingleResponse,12,EqualWeight,,460,True,True,Outdoor Spaces,81
OD-014,OD-014,SRV-OUTDOOR,Outdoor,Outdoor,SPT-OUTDOOR-SPACES-F4EC64,CAT-OUTDOOR-SPACES-OCCUPANT-EXPERIENC-FFD796,SUB-OUTDOOR-SPAC-OCCUPANT-E-SAFETY-AND-SUPERVI-270FD0,ES,ES,,Is the elementary playground enclosed by fencing?,,YesNo,Evaluation,SingleResponse,12,EqualWeight,,470,True,True,Outdoor Spaces,85
OD-015,OD-015,SRV-OUTDOOR,Outdoor,Outdoor,SPT-OUTDOOR-SPACES-F4EC64,CAT-OUTDOOR-SPACES-OCCUPANT-EXPERIENC-FFD796,SUB-OUTDOOR-SPAC-OCCUPANT-E-SAFETY-AND-SUPERVI-270FD0,ES,ES,,Do the elementary playground fall zones have soft surfacing?,,YesNo,Evaluation,SingleResponse,12,EqualWeight,,480,True,True,Outdoor Spaces,89
OD-016,OD-016,SRV-OUTDOOR,Outdoor,Outdoor,SPT-OUTDOOR-SPACES-F4EC64,CAT-OUTDOOR-SPACES-AMENITIES-58DDD6,SUB-OUTDOOR-SPAC-AMENITIES-FURNITURE-AND-EQUI-BD920F,ES,ES,,Select all that are present (elementary playground equipment features),,MultiSelect,Inventory,RecordedOnly,0,EqualWeight_Unscored,,490,True,True,Outdoor Spaces,93
OD-017,OD-017,SRV-OUTDOOR,Outdoor,Outdoor,SPT-OUTDOOR-SPACES-F4EC64,CAT-OUTDOOR-SPACES-OCCUPANT-EXPERIENC-FFD796,SUB-OUTDOOR-SPAC-OCCUPANT-E-OCCUPANT-COMFORT-15EE5E,ES,ES,,Does the elementary playground have shade structures or shaded areas on or near it?,,YesNo,Evaluation,SingleResponse,12,EqualWeight,,500,True,True,Outdoor Spaces,102
OD-018,OD-018,SRV-OUTDOOR,Outdoor,Outdoor,SPT-OUTDOOR-SPACES-F4EC64,CAT-OUTDOOR-SPACES-OCCUPANT-EXPERIENC-FFD796,SUB-OUTDOOR-SPAC-OCCUPANT-E-SAFETY-AND-SUPERVI-270FD0,ES,ES,,Does the elementary playground have site lighting to allow for safe evening use?,,YesNo,Evaluation,SingleResponse,12,EqualWeight,,510,True,True,Outdoor Spaces,106
OD-019,OD-019,SRV-OUTDOOR,Outdoor,Outdoor,SPT-OUTDOOR-SPACES-F4EC64,CAT-OUTDOOR-SPACES-OCCUPANT-EXPERIENC-FFD796,SUB-OUTDOOR-SPAC-OCCUPANT-E-SAFETY-AND-SUPERVI-270FD0,ES,ES,,Are there clear sightlines from routinely occupied or supervised areas to the elementary playground area?,,YesNo,Evaluation,SingleResponse,12,EqualWeight,,520,True,True,Outdoor Spaces,110
OD-020,OD-020,SRV-OUTDOOR,Outdoor,Outdoor,SPT-OUTDOOR-SPACES-F4EC64,CAT-OUTDOOR-SPACES-AMENITIES-58DDD6,SUB-OUTDOOR-SPAC-AMENITIES-FURNITURE-AND-EQUI-BD920F,MS,MS,,Select all that apply (essential soft play features),,MultiSelect,Evaluation,MixedItemScoring,12,EqualWeight,,530,True,True,Outdoor Spaces,114
OD-021,OD-021,SRV-OUTDOOR,Outdoor,Outdoor,SPT-OUTDOOR-SPACES-F4EC64,CAT-OUTDOOR-SPACES-AMENITIES-58DDD6,SUB-OUTDOOR-SPAC-AMENITIES-FURNITURE-AND-EQUI-BD920F,MS,MS,,Select all that are present (additional soft play features),,MultiSelect,Evaluation,MixedItemScoring,12,EqualWeight,,540,True,True,Outdoor Spaces,120
OD-022,OD-022,SRV-OUTDOOR,Outdoor,Outdoor,SPT-OUTDOOR-SPACES-F4EC64,CAT-OUTDOOR-SPACES-FUNCTION-F68DD7,SUB-OUTDOOR-SPAC-FUNCTION-AVAILABILITY-E2E8E2,ES+MS,ES+MS,,Is there a nature-based play area?,,YesNo,Evaluation,SingleResponse,12,EqualWeight,,550,True,True,Outdoor Spaces,135
OD-023,OD-023,SRV-OUTDOOR,Outdoor,Outdoor,SPT-OUTDOOR-SPACES-F4EC64,CAT-OUTDOOR-SPACES-AMENITIES-58DDD6,SUB-OUTDOOR-SPAC-AMENITIES-FURNITURE-AND-EQUI-BD920F,ES+MS,ES+MS,,Select all that are present (nature-based play features),,MultiSelect,Evaluation,MixedItemScoring,12,EqualWeight,,560,True,True,Outdoor Spaces,139
OD-024,OD-024,SRV-OUTDOOR,Outdoor,Outdoor,SPT-OUTDOOR-SPACES-F4EC64,CAT-OUTDOOR-SPACES-AMENITIES-58DDD6,SUB-OUTDOOR-SPAC-AMENITIES-FURNITURE-AND-EQUI-BD920F,ES+MS,ES+MS,,What is the condition of the nature-based play features?,,SingleSelect,Evaluation,SingleResponse,12,EqualWeight,,570,True,True,Outdoor Spaces,144
OD-025,OD-025,SRV-OUTDOOR,Outdoor,Outdoor,SPT-OUTDOOR-SPACES-F4EC64,CAT-OUTDOOR-SPACES-AMENITIES-58DDD6,SUB-OUTDOOR-SPAC-AMENITIES-FURNITURE-AND-EQUI-BD920F,ES+MS,ES+MS,,Select all that are present (essential hard play features),,MultiSelect,Evaluation,MixedItemScoring,12,EqualWeight,,580,True,True,Outdoor Spaces,149
OD-026,OD-026,SRV-OUTDOOR,Outdoor,Outdoor,SPT-OUTDOOR-SPACES-F4EC64,CAT-OUTDOOR-SPACES-AMENITIES-58DDD6,SUB-OUTDOOR-SPAC-AMENITIES-FURNITURE-AND-EQUI-BD920F,ES+MS,ES+MS,,Select all that are present (additional hard play features),,MultiSelect,Inventory,RecordedOnly,0,EqualWeight_Unscored,,590,True,True,Outdoor Spaces,159
OD-027,OD-027,SRV-OUTDOOR,Outdoor,Outdoor,SPT-OUTDOOR-SPACES-F4EC64,CAT-OUTDOOR-SPACES-OCCUPANT-EXPERIENC-FFD796,SUB-OUTDOOR-SPAC-OCCUPANT-E-OCCUPANT-COMFORT-15EE5E,ES+MS,ES+MS,,Does the hard play area have shade structures or shaded areas on or near it?,,YesNo,Evaluation,SingleResponse,12,EqualWeight,,600,True,True,Outdoor Spaces,169
OD-028,OD-028,SRV-OUTDOOR,Outdoor,Outdoor,SPT-OUTDOOR-SPACES-F4EC64,CAT-OUTDOOR-SPACES-OCCUPANT-EXPERIENC-FFD796,SUB-OUTDOOR-SPAC-OCCUPANT-E-SAFETY-AND-SUPERVI-270FD0,ES+MS,ES+MS,,Does the hard play area have site lighting to allow for safe evening use?,Supports evening and after-hours safety,YesNo,Evaluation,SingleResponse,12,EqualWeight,,610,True,True,Outdoor Spaces,173
OD-029,OD-029,SRV-OUTDOOR,Outdoor,Outdoor,SPT-OUTDOOR-SPACES-F4EC64,CAT-OUTDOOR-SPACES-OCCUPANT-EXPERIENC-FFD796,SUB-OUTDOOR-SPAC-OCCUPANT-E-SAFETY-AND-SUPERVI-270FD0,ES+MS,ES+MS,,Are there clear sightlines from routinely occupied or supervised areas to the hard play area?,,YesNo,Evaluation,SingleResponse,12,EqualWeight,,620,True,True,Outdoor Spaces,177
OD-030,OD-030,SRV-OUTDOOR,Outdoor,Outdoor,SPT-OUTDOOR-SPACES-F4EC64,CAT-OUTDOOR-SPACES-FUNCTION-F68DD7,SUB-OUTDOOR-SPAC-FUNCTION-AVAILABILITY-E2E8E2,ALL,ALL,,Is there a play field?,"A flat, open area for free play and sports (e.g., soccer, kickball)",YesNo,Evaluation,SingleResponse,12,EqualWeight,,630,True,True,Outdoor Spaces,181
OD-031,OD-031,SRV-OUTDOOR,Outdoor,Outdoor,SPT-OUTDOOR-SPACES-F4EC64,CAT-OUTDOOR-SPACES-AMENITIES-58DDD6,SUB-OUTDOOR-SPAC-AMENITIES-FURNITURE-AND-EQUI-BD920F,ALL,ALL,,Select all that are present (play field features),Only one surface type (grass or turf) is needed to earn the point,MultiSelect,Evaluation,MixedItemScoring,12,EqualWeight,,640,True,True,Outdoor Spaces,185
OD-032,OD-032,SRV-OUTDOOR,Outdoor,Outdoor,SPT-OUTDOOR-SPACES-F4EC64,CAT-OUTDOOR-SPACES-OCCUPANT-EXPERIENC-FFD796,SUB-OUTDOOR-SPAC-OCCUPANT-E-SAFETY-AND-SUPERVI-270FD0,ES+MS,ES+MS,,Are there clear sightlines from routinely occupied or supervised areas to the play field?,,YesNo,Evaluation,SingleResponse,12,EqualWeight,,650,True,True,Outdoor Spaces,193
OD-033,OD-033,SRV-OUTDOOR,Outdoor,Outdoor,SPT-OUTDOOR-SPACES-F4EC64,CAT-OUTDOOR-SPACES-OCCUPANT-EXPERIENC-FFD796,SUB-OUTDOOR-SPAC-OCCUPANT-E-SAFETY-AND-SUPERVI-270FD0,ALL,ALL,,Does the play field have site lighting to allow for safe evening use?,Supports evening and after-hours safety,YesNo,Evaluation,SingleResponse,12,EqualWeight,,660,True,True,Outdoor Spaces,197
OD-034,OD-034,SRV-OUTDOOR,Outdoor,Outdoor,SPT-OUTDOOR-SPACES-F4EC64,CAT-OUTDOOR-SPACES-FUNCTION-F68DD7,SUB-OUTDOOR-SPAC-FUNCTION-AVAILABILITY-E2E8E2,ALL,ALL,,Is there an outdoor studio?,,YesNo,Evaluation,SingleResponse,12,EqualWeight,,670,True,True,Outdoor Spaces,201
OD-035,OD-035,SRV-OUTDOOR,Outdoor,Outdoor,SPT-OUTDOOR-SPACES-F4EC64,CAT-OUTDOOR-SPACES-OCCUPANT-EXPERIENC-FFD796,SUB-OUTDOOR-SPAC-OCCUPANT-E-SAFETY-AND-SUPERVI-270FD0,ES+MS,ES+MS,,Are there clear sightlines from routinely occupied or supervised areas to the outdoor studio?,,YesNo,Evaluation,SingleResponse,12,EqualWeight,,680,True,True,Outdoor Spaces,205
OD-036,OD-036,SRV-OUTDOOR,Outdoor,Outdoor,SPT-OUTDOOR-SPACES-F4EC64,CAT-OUTDOOR-SPACES-AMENITIES-58DDD6,SUB-OUTDOOR-SPAC-AMENITIES-FURNITURE-AND-EQUI-BD920F,ALL,ALL,,Select all that are present (essential outdoor studio features),,MultiSelect,Evaluation,MixedItemScoring,12,EqualWeight,,690,True,True,Outdoor Spaces,209
OD-037,OD-037,SRV-OUTDOOR,Outdoor,Outdoor,SPT-OUTDOOR-SPACES-F4EC64,CAT-OUTDOOR-SPACES-AMENITIES-58DDD6,SUB-OUTDOOR-SPAC-AMENITIES-FURNITURE-AND-EQUI-BD920F,ALL,ALL,,Select all that apply (additional outdoor studio features),,MultiSelect,Evaluation,MixedItemScoring,12,EqualWeight,,700,True,True,Outdoor Spaces,214
OD-038,OD-038,SRV-OUTDOOR,Outdoor,Outdoor,SPT-OUTDOOR-SPACES-F4EC64,CAT-OUTDOOR-SPACES-INFRASTRUCTURE-422D97,SUB-OUTDOOR-SPAC-INFRASTRUC-UTILITIES-AND-TECH-3C6552,ALL,ALL,,Select all that are present (outdoor studio technology),Supports technology-enabled outdoor learning,MultiSelect,Evaluation,MixedItemScoring,12,EqualWeight,,710,True,True,Outdoor Spaces,233
OD-039,OD-039,SRV-OUTDOOR,Outdoor,Outdoor,SPT-OUTDOOR-SPACES-F4EC64,CAT-OUTDOOR-SPACES-FUNCTION-F68DD7,SUB-OUTDOOR-SPAC-FUNCTION-ADJACENCY-AND-ACCE-D08446,ES,ES,,Select all that apply (outdoor studio adjacencies),,MultiSelect,Evaluation,MixedItemScoring,12,EqualWeight,,720,True,True,Outdoor Spaces,237
OD-040,OD-040,SRV-OUTDOOR,Outdoor,Outdoor,SPT-OUTDOOR-SPACES-F4EC64,CAT-OUTDOOR-SPACES-FUNCTION-F68DD7,SUB-OUTDOOR-SPAC-FUNCTION-ADJACENCY-AND-ACCE-D08446,MS,MS,,Select all that apply (outdoor studio adjacencies),,MultiSelect,Evaluation,MixedItemScoring,12,EqualWeight,,730,True,True,Outdoor Spaces,241
OD-041,OD-041,SRV-OUTDOOR,Outdoor,Outdoor,SPT-OUTDOOR-SPACES-F4EC64,CAT-OUTDOOR-SPACES-FUNCTION-F68DD7,SUB-OUTDOOR-SPAC-FUNCTION-AVAILABILITY-E2E8E2,ALL,ALL,,Is there a produce garden?,,YesNo,Evaluation,SingleResponse,12,EqualWeight,,740,True,True,Outdoor Spaces,245
OD-042,OD-042,SRV-OUTDOOR,Outdoor,Outdoor,SPT-OUTDOOR-SPACES-F4EC64,CAT-OUTDOOR-SPACES-OCCUPANT-EXPERIENC-FFD796,SUB-OUTDOOR-SPAC-OCCUPANT-E-SAFETY-AND-SUPERVI-270FD0,ES+MS,ES+MS,,Are there clear sightlines from routinely occupied or supervised areas to the produce garden?,,YesNo,Evaluation,SingleResponse,12,EqualWeight,,750,True,True,Outdoor Spaces,249
OD-043,OD-043,SRV-OUTDOOR,Outdoor,Outdoor,SPT-OUTDOOR-SPACES-F4EC64,CAT-OUTDOOR-SPACES-AMENITIES-58DDD6,SUB-OUTDOOR-SPAC-AMENITIES-FURNITURE-AND-EQUI-BD920F,ALL,ALL,,Select all that are present (essential produce garden features),,MultiSelect,Inventory,RecordedOnly,0,EqualWeight_Unscored,,760,True,True,Outdoor Spaces,253
OD-044,OD-044,SRV-OUTDOOR,Outdoor,Outdoor,SPT-OUTDOOR-SPACES-F4EC64,CAT-OUTDOOR-SPACES-AMENITIES-58DDD6,SUB-OUTDOOR-SPAC-AMENITIES-FURNITURE-AND-EQUI-BD920F,ALL,ALL,,Select all that are present (additional produce garden features),,MultiSelect,Evaluation,MixedItemScoring,12,EqualWeight,,770,True,True,Outdoor Spaces,259
OD-045,OD-045,SRV-OUTDOOR,Outdoor,Outdoor,SPT-OUTDOOR-SPACES-F4EC64,CAT-OUTDOOR-SPACES-FUNCTION-F68DD7,SUB-OUTDOOR-SPAC-FUNCTION-AVAILABILITY-E2E8E2,ALL,ALL,,Is there a habitat garden?,,YesNo,Evaluation,SingleResponse,12,EqualWeight,,780,True,True,Outdoor Spaces,270
OD-046,OD-046,SRV-OUTDOOR,Outdoor,Outdoor,SPT-OUTDOOR-SPACES-F4EC64,CAT-OUTDOOR-SPACES-OCCUPANT-EXPERIENC-FFD796,SUB-OUTDOOR-SPAC-OCCUPANT-E-SAFETY-AND-SUPERVI-270FD0,ES+MS,ES+MS,,Are there clear sightlines from routinely occupied or supervised areas to the habitat garden?,,YesNo,Evaluation,SingleResponse,12,EqualWeight,,790,True,True,Outdoor Spaces,274
OD-047,OD-047,SRV-OUTDOOR,Outdoor,Outdoor,SPT-OUTDOOR-SPACES-F4EC64,CAT-OUTDOOR-SPACES-AMENITIES-58DDD6,SUB-OUTDOOR-SPAC-AMENITIES-FURNITURE-AND-EQUI-BD920F,ALL,ALL,,Select all that are present (essential habitat garden features),,MultiSelect,Evaluation,MixedItemScoring,12,EqualWeight,,800,True,True,Outdoor Spaces,278
OD-048,OD-048,SRV-OUTDOOR,Outdoor,Outdoor,SPT-OUTDOOR-SPACES-F4EC64,CAT-OUTDOOR-SPACES-AMENITIES-58DDD6,SUB-OUTDOOR-SPAC-AMENITIES-FURNITURE-AND-EQUI-BD920F,ALL,ALL,,Select all that are present (additional habitat garden features),,MultiSelect,Evaluation,MixedItemScoring,12,EqualWeight,,810,True,True,Outdoor Spaces,284
OD-049,OD-049,SRV-OUTDOOR,Outdoor,Outdoor,SPT-OUTDOOR-SPACES-F4EC64,CAT-OUTDOOR-SPACES-FUNCTION-F68DD7,SUB-OUTDOOR-SPAC-FUNCTION-AVAILABILITY-E2E8E2,ALL,ALL,,Is there a domestic animal habitat?,,YesNo,Evaluation,SingleResponse,12,EqualWeight,,820,True,True,Outdoor Spaces,295
OD-050,OD-050,SRV-OUTDOOR,Outdoor,Outdoor,SPT-OUTDOOR-SPACES-F4EC64,CAT-OUTDOOR-SPACES-OCCUPANT-EXPERIENC-FFD796,SUB-OUTDOOR-SPAC-OCCUPANT-E-SAFETY-AND-SUPERVI-270FD0,ES+MS,ES+MS,,Are there clear sightlines from routinely occupied or supervised areas to the domestic animal habitat?,,YesNo,Evaluation,SingleResponse,12,EqualWeight,,830,True,True,Outdoor Spaces,299
OD-051,OD-051,SRV-OUTDOOR,Outdoor,Outdoor,SPT-OUTDOOR-SPACES-F4EC64,CAT-OUTDOOR-SPACES-AMENITIES-58DDD6,SUB-OUTDOOR-SPAC-AMENITIES-FURNITURE-AND-EQUI-BD920F,ALL,ALL,,Select all that are present (essential domestic animal habitat features),,MultiSelect,Evaluation,MixedItemScoring,12,EqualWeight,,840,True,True,Outdoor Spaces,303
OD-052,OD-052,SRV-OUTDOOR,Outdoor,Outdoor,SPT-OUTDOOR-SPACES-F4EC64,CAT-OUTDOOR-SPACES-AMENITIES-58DDD6,SUB-OUTDOOR-SPAC-AMENITIES-FURNITURE-AND-EQUI-BD920F,ALL,ALL,,Select all that are present (additional domestic animal habitat features),,MultiSelect,Evaluation,MixedItemScoring,12,EqualWeight,,850,True,True,Outdoor Spaces,309
OD-053,OD-053,SRV-OUTDOOR,Outdoor,Outdoor,SPT-OUTDOOR-SPACES-F4EC64,CAT-OUTDOOR-SPACES-FUNCTION-F68DD7,SUB-OUTDOOR-SPAC-FUNCTION-ADJACENCY-AND-ACCE-D08446,ALL,ALL,,"Is the habitat located in a relatively low-traffic area of the campus (i.e., adequate separation from student egress points, playground areas, produce gardens, etc.)?",Supports reduced pest exposure and appropriate site separation,YesNo,Evaluation,SingleResponse,12,EqualWeight,,860,True,True,Outdoor Spaces,321
OD-054,OD-054,SRV-OUTDOOR,Outdoor,Outdoor,SPT-OUTDOOR-SPACES-F4EC64,CAT-OUTDOOR-SPACES-FUNCTION-F68DD7,SUB-OUTDOOR-SPAC-FUNCTION-AVAILABILITY-E2E8E2,ALL,ALL,,Is there a nature trail?,,YesNo,Evaluation,SingleResponse,12,EqualWeight,,870,True,True,Outdoor Spaces,325
OD-055,OD-055,SRV-OUTDOOR,Outdoor,Outdoor,SPT-OUTDOOR-SPACES-F4EC64,CAT-OUTDOOR-SPACES-OCCUPANT-EXPERIENC-FFD796,SUB-OUTDOOR-SPAC-OCCUPANT-E-SAFETY-AND-SUPERVI-270FD0,ES+MS,ES+MS,,Are there clear sightlines from routinely occupied or supervised areas to the nature trail?,,YesNo,Evaluation,SingleResponse,12,EqualWeight,,880,True,True,Outdoor Spaces,329
OD-056,OD-056,SRV-OUTDOOR,Outdoor,Outdoor,SPT-OUTDOOR-SPACES-F4EC64,CAT-OUTDOOR-SPACES-AMENITIES-58DDD6,SUB-OUTDOOR-SPAC-AMENITIES-FURNITURE-AND-EQUI-BD920F,ALL,ALL,,Select all that are present (essential nature trail features),,MultiSelect,Evaluation,MixedItemScoring,12,EqualWeight,,890,True,True,Outdoor Spaces,333
OD-057,OD-057,SRV-OUTDOOR,Outdoor,Outdoor,SPT-OUTDOOR-SPACES-F4EC64,CAT-OUTDOOR-SPACES-AMENITIES-58DDD6,SUB-OUTDOOR-SPAC-AMENITIES-FURNITURE-AND-EQUI-BD920F,ALL,ALL,,Select all that are present (additional nature trail features),,MultiSelect,Evaluation,MixedItemScoring,12,EqualWeight,,900,True,True,Outdoor Spaces,341
OD-058,OD-058,SRV-OUTDOOR,Outdoor,Outdoor,SPT-OUTDOOR-SPACES-F4EC64,CAT-OUTDOOR-SPACES-FUNCTION-F68DD7,SUB-OUTDOOR-SPAC-FUNCTION-AVAILABILITY-E2E8E2,ALL,ALL,,Is there green stormwater infrastructure?,,YesNo,Evaluation,SingleResponse,12,EqualWeight,,910,True,True,Outdoor Spaces,350
OD-059,OD-059,SRV-OUTDOOR,Outdoor,Outdoor,SPT-OUTDOOR-SPACES-F4EC64,CAT-OUTDOOR-SPACES-INFRASTRUCTURE-422D97,SUB-OUTDOOR-SPAC-INFRASTRUC-UTILITIES-AND-TECH-3C6552,ALL,ALL,,Select all that are present (essential green stormwater features),,MultiSelect,Evaluation,MixedItemScoring,12,EqualWeight,,920,True,True,Outdoor Spaces,354
OD-060,OD-060,SRV-OUTDOOR,Outdoor,Outdoor,SPT-OUTDOOR-SPACES-F4EC64,CAT-OUTDOOR-SPACES-INFRASTRUCTURE-422D97,SUB-OUTDOOR-SPAC-INFRASTRUC-UTILITIES-AND-TECH-3C6552,ALL,ALL,,Select all that are present (additional green stormwater features),,MultiSelect,Evaluation,MixedItemScoring,12,EqualWeight,,930,True,True,Outdoor Spaces,360
OD-061,OD-061,SRV-OUTDOOR,Outdoor,Outdoor,SPT-OUTDOOR-SPACES-F4EC64,CAT-OUTDOOR-SPACES-FUNCTION-F68DD7,SUB-OUTDOOR-SPAC-FUNCTION-ADJACENCY-AND-ACCE-D08446,ALL,ALL,,Are the play areas easily accessible for after-hours community use?,Supports community use outside school hours,YesNo,Evaluation,SingleResponse,12,EqualWeight,,940,True,True,Outdoor Spaces,369
OD-062,OD-062,SRV-OUTDOOR,Outdoor,Outdoor,SPT-OUTDOOR-SPACES-F4EC64,CAT-OUTDOOR-SPACES-FUNCTION-F68DD7,SUB-OUTDOOR-SPAC-FUNCTION-ADJACENCY-AND-ACCE-D08446,ES+MS,ES+MS,,How close are the play areas to the gym?,Supports easy access and supervision,SingleSelect,Evaluation,SingleResponse,12,EqualWeight,,950,True,True,Outdoor Spaces,373
OD-063,OD-063,SRV-OUTDOOR,Outdoor,Outdoor,SPT-OUTDOOR-SPACES-F4EC64,CAT-OUTDOOR-SPACES-AMENITIES-58DDD6,SUB-OUTDOOR-SPAC-AMENITIES-STORAGE-DDF873,ALL,ALL,,How sufficient is the outdoor storage for play equipment and materials?,,SingleSelect,Evaluation,SingleResponse,12,EqualWeight,,960,True,True,Outdoor Spaces,378
OD-064,OD-064,SRV-OUTDOOR,Outdoor,Outdoor,SPT-OUTDOOR-SPACES-F4EC64,CAT-OUTDOOR-SPACES-OBSERVATIONAL-0606E3,SUB-OUTDOOR-SPAC-OBSERVATIO-OBSERVATIONAL-501490,ALL,ALL,,Can outdoor environments function as extensions of the educational environment? (check all that apply),,SingleSelect,Observational,RecordedOnly,0,EqualWeight_Unscored,,970,True,True,Outdoor Spaces,382
OD-065,OD-065,SRV-OUTDOOR,Outdoor,Outdoor,SPT-OUTDOOR-SPACES-F4EC64,CAT-OUTDOOR-SPACES-OBSERVATIONAL-0606E3,SUB-OUTDOOR-SPAC-OBSERVATIO-OBSERVATIONAL-501490,ALL,ALL,,"Students are observed utilizing the outdoor learning spaces (gardens, outdoor studios, etc.).",,SingleSelect,Observational,RecordedOnly,0,EqualWeight_Unscored,,980,True,True,Outdoor Spaces,388
AD-001,AD-001,SRV-ADMINISTRATION,Administration,Administration,SPT-ADMIN-OFFICES-E04986,CAT-ADMIN-OFFICES-FUNCTION-F94372,SUB-ADMIN-OFFICE-FUNCTION-LAYOUT-AND-FLEXIBI-86B5FF,ALL,ALL,,"Does the office layout support individual work and one-on-one meetings (i.e., space for a desk plus at least one guest seat)?",,YesNo,Evaluation,SingleResponse,12,EqualWeight,,990,True,True,Admin Offices,2
AD-002,AD-002,SRV-ADMINISTRATION,Administration,Administration,SPT-ADMIN-OFFICES-E04986,CAT-ADMIN-OFFICES-INFRASTRUCTURE-70B9AF,SUB-ADMIN-OFFICE-INFRASTRUC-UTILITIES-AND-TECH-1AA3C6,ALL,ALL,,Select all that apply (lighting),,MultiSelect,Evaluation,MixedItemScoring,12,EqualWeight,,1000,True,True,Admin Offices,6
AD-003,AD-003,SRV-ADMINISTRATION,Administration,Administration,SPT-ADMIN-OFFICES-E04986,CAT-ADMIN-OFFICES-OCCUPANT-EXPERIENC-820ECE,SUB-ADMIN-OFFICE-OCCUPANT-E-AESTHETICS-8EA0B8,ALL,ALL,,Which of the following describes the condition of the wall finishes?,,SingleSelect,Evaluation,SingleResponse,12,EqualWeight,,1010,True,True,Admin Offices,10
AD-004,AD-004,SRV-ADMINISTRATION,Administration,Administration,SPT-ADMIN-OFFICES-E04986,CAT-ADMIN-OFFICES-OCCUPANT-EXPERIENC-820ECE,SUB-ADMIN-OFFICE-OCCUPANT-E-OCCUPANT-COMFORT-9EFD5B,ALL,ALL,,Are there exterior windows?,,YesNo,Evaluation,SingleResponse,12,EqualWeight,,1020,True,True,Admin Offices,15
AD-005,AD-005,SRV-ADMINISTRATION,Administration,Administration,SPT-ADMIN-OFFICES-E04986,CAT-ADMIN-OFFICES-OCCUPANT-EXPERIENC-820ECE,SUB-ADMIN-OFFICE-OCCUPANT-E-OCCUPANT-COMFORT-9EFD5B,ALL,ALL,,"Is daylight accessible through another means (e.g., an interior window shared with a space that has exterior windows)?",,SingleSelect,Evaluation,SingleResponse,12,EqualWeight,"AD-004 = ""No""",1030,True,True,Admin Offices,19
AD-006,AD-006,SRV-ADMINISTRATION,Administration,Administration,SPT-ADMIN-OFFICES-E04986,CAT-ADMIN-OFFICES-OCCUPANT-EXPERIENC-820ECE,SUB-ADMIN-OFFICE-OCCUPANT-E-OCCUPANT-COMFORT-9EFD5B,ALL,ALL,,Select all that apply (exterior windows),,MultiSelect,Evaluation,MixedItemScoring,12,EqualWeight,"AD-004 = ""Yes""",1040,True,True,Admin Offices,24
AD-007,AD-007,SRV-ADMINISTRATION,Administration,Administration,SPT-ADMIN-OFFICES-E04986,CAT-ADMIN-OFFICES-OCCUPANT-EXPERIENC-820ECE,SUB-ADMIN-OFFICE-OCCUPANT-E-OCCUPANT-COMFORT-9EFD5B,ALL,ALL,,What window coverings are provided on exterior windows?,,SingleSelect,Evaluation,SingleResponse,12,EqualWeight,"AD-004 = ""Yes""",1050,True,True,Admin Offices,28
AD-008,AD-008,SRV-ADMINISTRATION,Administration,Administration,SPT-ADMIN-OFFICES-E04986,CAT-ADMIN-OFFICES-INFRASTRUCTURE-70B9AF,SUB-ADMIN-OFFICE-INFRASTRUC-UTILITIES-AND-TECH-1AA3C6,ALL,ALL,,Are there any visible workarounds accommodating a lack of power outlets?,,YesNo,Evaluation,SingleResponse,12,EqualWeight,,1060,True,True,Admin Offices,34
AD-009,AD-009,SRV-ADMINISTRATION,Administration,Administration,SPT-ADMIN-OFFICES-E04986,CAT-ADMIN-OFFICES-OCCUPANT-EXPERIENC-820ECE,SUB-ADMIN-OFFICE-OCCUPANT-E-OCCUPANT-COMFORT-9EFD5B,ALL,ALL,,Select one (temperature control),,SingleSelect,Evaluation,SingleResponse,12,EqualWeight,,1070,True,True,Admin Offices,38
AD-010,AD-010,SRV-ADMINISTRATION,Administration,Administration,SPT-ADMIN-OFFICES-E04986,CAT-ADMIN-OFFICES-OCCUPANT-EXPERIENC-820ECE,SUB-ADMIN-OFFICE-OCCUPANT-E-SAFETY-AND-SUPERVI-A020DB,ALL,ALL,,"Is visibility provided into the space from adjacent interior spaces or circulation (i.e., glass exists, even if currently covered)?",,YesNo,Evaluation,SingleResponse,12,EqualWeight,,1080,True,True,Admin Offices,43
AD-011,AD-011,SRV-ADMINISTRATION,Administration,Administration,SPT-ADMIN-OFFICES-E04986,CAT-ADMIN-OFFICES-OCCUPANT-EXPERIENC-820ECE,SUB-ADMIN-OFFICE-OCCUPANT-E-SAFETY-AND-SUPERVI-A020DB,ALL,ALL,,What type of visibility is provided into the space from adjacent interior spaces?,,MultiSelect,Inventory,RecordedOnly,0,EqualWeight_Unscored,,1090,True,True,Admin Offices,47
AD-012,AD-012,SRV-ADMINISTRATION,Administration,Administration,SPT-ADMIN-OFFICES-E04986,CAT-ADMIN-OFFICES-OCCUPANT-EXPERIENC-820ECE,SUB-ADMIN-OFFICE-OCCUPANT-E-SAFETY-AND-SUPERVI-A020DB,ALL,ALL,,Select all that apply (safety),,MultiSelect,Evaluation,MixedItemScoring,12,EqualWeight,,1100,True,True,Admin Offices,52
AD-013,AD-013,SRV-ADMINISTRATION,Administration,Administration,SPT-ADMIN-OFFICES-E04986,CAT-ADMIN-OFFICES-AMENITIES-5E3B3A,SUB-ADMIN-OFFICE-AMENITIES-FURNITURE-AND-EQUI-A38E59,ALL,ALL,,Select all that are present (furniture),,MultiSelect,Inventory,RecordedOnly,0,EqualWeight_Unscored,,1110,True,True,Admin Offices,57
AD-014,AD-014,SRV-ADMINISTRATION,Administration,Administration,SPT-ADMIN-OFFICES-E04986,CAT-ADMIN-OFFICES-AMENITIES-5E3B3A,SUB-ADMIN-OFFICE-AMENITIES-FURNITURE-AND-EQUI-A38E59,ALL,ALL,,What is the condition of the furniture?,,SingleSelect,Evaluation,SingleResponse,12,EqualWeight,,1120,True,True,Admin Offices,66
AD-015,AD-015,SRV-ADMINISTRATION,Administration,Administration,SPT-ADMIN-OFFICES-E04986,CAT-ADMIN-OFFICES-INFRASTRUCTURE-70B9AF,SUB-ADMIN-OFFICE-INFRASTRUC-FLOORING-AND-SURFA-DB4B73,ALL,ALL,,What type of flooring is in the space?,,SingleSelect,Inventory,RecordedOnly,0,EqualWeight_Unscored,,1130,True,True,Admin Offices,70
AD-016,AD-016,SRV-ADMINISTRATION,Administration,Administration,SPT-ADMIN-OFFICES-E04986,CAT-ADMIN-OFFICES-FUNCTION-F94372,SUB-ADMIN-OFFICE-FUNCTION-ADJACENCY-AND-ACCE-91463D,ALL,ALL,,Select all that apply (proximity to collaboration space or group room),,MultiSelect,Evaluation,MixedItemScoring,12,EqualWeight,,1140,True,True,Admin Offices,77
AD-017,AD-017,SRV-ADMINISTRATION,Administration,Administration,SPT-ADMIN-OFFICES-E04986,CAT-ADMIN-OFFICES-OCCUPANT-EXPERIENC-820ECE,SUB-ADMIN-OFFICE-OCCUPANT-E-SAFETY-AND-SUPERVI-A020DB,ALL,ALL,,Select all that apply (visibility into collaboration space or group room),Supports passive supervision of shared learning spaces from the office,MultiSelect,Evaluation,MixedItemScoring,12,EqualWeight,,1150,True,True,Admin Offices,81
AD-018,AD-018,SRV-ADMINISTRATION,Administration,Administration,SPT-ADMIN-OFFICES-E04986,CAT-ADMIN-OFFICES-AMENITIES-5E3B3A,SUB-ADMIN-OFFICE-AMENITIES-FURNITURE-AND-EQUI-A38E59,ALL,ALL,,Select all that apply (general inventory),,MultiSelect,Inventory,RecordedOnly,0,EqualWeight_Unscored,,1160,True,True,Admin Offices,85
CP-002,CP-002,SRV-ADMINISTRATION,Administration,Administration,SPT-COMMUNITY-PARTNERS-SUITE-2B1B6F,CAT-COMMUNITY-PARTNE-FUNCTION-CAC5BD,SUB-COMMUNITY-PA-FUNCTION-ADJACENCY-AND-ACCE-A67A61,ALL,ALL,,Select all that apply (access and security),"Supports controlled, independent access to the suite outside of core school hours",MultiSelect,Evaluation,MixedItemScoring,12,EqualWeight,,1170,True,True,Community Partners Suite,6
CP-003,CP-003,SRV-ADMINISTRATION,Administration,Administration,SPT-COMMUNITY-PARTNERS-SUITE-2B1B6F,CAT-COMMUNITY-PARTNE-OCCUPANT-EXPERIENC-169A0B,SUB-COMMUNITY-PA-OCCUPANT-E-SAFETY-AND-SUPERVI-D69920,ALL,ALL,,What visual connection does the suite have with the main reception area?,Supports staff awareness of suite activity from the main reception desk,SingleSelect,Evaluation,SingleResponse,12,EqualWeight,,1180,True,True,Community Partners Suite,11
CP-004,CP-004,SRV-ADMINISTRATION,Administration,Administration,SPT-COMMUNITY-PARTNERS-SUITE-2B1B6F,CAT-COMMUNITY-PARTNE-OCCUPANT-EXPERIENC-169A0B,SUB-COMMUNITY-PA-OCCUPANT-E-OCCUPANT-COMFORT-57323C,ALL,ALL,,Select all that apply (acoustic features in the community room),Supports privacy and reduces noise transfer between the community room and adjacent spaces,MultiSelect,Inventory,RecordedOnly,0,EqualWeight_Unscored,,1190,True,True,Community Partners Suite,16
CP-005,CP-005,SRV-ADMINISTRATION,Administration,Administration,SPT-COMMUNITY-PARTNERS-SUITE-2B1B6F,CAT-COMMUNITY-PARTNE-OCCUPANT-EXPERIENC-169A0B,SUB-COMMUNITY-PA-OCCUPANT-E-OCCUPANT-COMFORT-57323C,ALL,ALL,,Does the community room have exterior windows?,,YesNo,Evaluation,SingleResponse,12,EqualWeight,,1200,True,True,Community Partners Suite,24
CP-006,CP-006,SRV-ADMINISTRATION,Administration,Administration,SPT-COMMUNITY-PARTNERS-SUITE-2B1B6F,CAT-COMMUNITY-PARTNE-OCCUPANT-EXPERIENC-169A0B,SUB-COMMUNITY-PA-OCCUPANT-E-OCCUPANT-COMFORT-57323C,ALL,ALL,,Select all that apply (exterior windows in the community room),Supports wellbeing through connection to the outdoors,MultiSelect,Evaluation,MixedItemScoring,12,EqualWeight,"CP-009 = ""Yes""",1210,True,True,Community Partners Suite,28
CP-007,CP-007,SRV-ADMINISTRATION,Administration,Administration,SPT-COMMUNITY-PARTNERS-SUITE-2B1B6F,CAT-COMMUNITY-PARTNE-OCCUPANT-EXPERIENC-169A0B,SUB-COMMUNITY-PA-OCCUPANT-E-OCCUPANT-COMFORT-57323C,ALL,ALL,,Select one (temperature control),,SingleSelect,Evaluation,SingleResponse,12,EqualWeight,,1220,True,True,Community Partners Suite,32
CP-012,CP-012,SRV-ADMINISTRATION,Administration,Administration,SPT-COMMUNITY-PARTNERS-SUITE-2B1B6F,CAT-COMMUNITY-PARTNE-AMENITIES-0CCD32,SUB-COMMUNITY-PA-AMENITIES-FURNITURE-AND-EQUI-C0CF19,ALL,ALL,,Select all that are present (furniture),,MultiSelect,Evaluation,MixedItemScoring,12,EqualWeight,,1230,True,True,Community Partners Suite,37
CP-009,CP-009,SRV-ADMINISTRATION,Administration,Administration,SPT-COMMUNITY-PARTNERS-SUITE-2B1B6F,CAT-COMMUNITY-PARTNE-AMENITIES-0CCD32,SUB-COMMUNITY-PA-AMENITIES-FURNITURE-AND-EQUI-C0CF19,ALL,ALL,,What is the condition of the furniture?,,SingleSelect,Evaluation,SingleResponse,12,EqualWeight,,1240,True,True,Community Partners Suite,43
CP-010,CP-010,SRV-ADMINISTRATION,Administration,Administration,SPT-COMMUNITY-PARTNERS-SUITE-2B1B6F,CAT-COMMUNITY-PARTNE-INFRASTRUCTURE-848518,SUB-COMMUNITY-PA-INFRASTRUC-FLOORING-AND-SURFA-CE03AA,ALL,ALL,,What type of flooring is in the space?,,SingleSelect,Inventory,RecordedOnly,0,EqualWeight_Unscored,,1250,True,True,Community Partners Suite,47
CP-011,CP-011,SRV-ADMINISTRATION,Administration,Administration,SPT-COMMUNITY-PARTNERS-SUITE-2B1B6F,CAT-COMMUNITY-PARTNE-INFRASTRUCTURE-848518,SUB-COMMUNITY-PA-INFRASTRUC-UTILITIES-AND-TECH-C8EBC5,ALL,ALL,,Select all that apply (general inventory),,MultiSelect,Inventory,RecordedOnly,0,EqualWeight_Unscored,,1260,True,True,Community Partners Suite,54
MW-002,MW-002,SRV-ADMINISTRATION,Administration,Administration,SPT-MW-AND-COUNSELING-SUITE-3ACB29,CAT-MW-AND-COUNSELIN-FUNCTION-2DAC33,SUB-MW-AND-COUNS-FUNCTION-LAYOUT-AND-FLEXIBI-72ECC3,ALL,ALL,,How are the mental wellness and counseling spaces laid out?,,SingleSelect,Evaluation,SingleResponse,12,EqualWeight,,1270,True,True,MW and Counseling Suite,6
MW-003,MW-003,SRV-ADMINISTRATION,Administration,Administration,SPT-MW-AND-COUNSELING-SUITE-3ACB29,CAT-MW-AND-COUNSELIN-FUNCTION-2DAC33,SUB-MW-AND-COUNS-FUNCTION-ADJACENCY-AND-ACCE-8D4906,ALL,ALL,,"Is the suite easily accessible to students from the main circulation areas of the building, so as to destigmatize and normalize its use?",,YesNo,Evaluation,SingleResponse,12,EqualWeight,"MW-002 = ""Self-contained suite""",1280,True,True,MW and Counseling Suite,11
MW-004,MW-004,SRV-ADMINISTRATION,Administration,Administration,SPT-MW-AND-COUNSELING-SUITE-3ACB29,CAT-MW-AND-COUNSELIN-FUNCTION-2DAC33,SUB-MW-AND-COUNS-FUNCTION-ADJACENCY-AND-ACCE-8D4906,ALL,ALL,,Is an all-user restroom in close proximity to the suite for shared lavatory access?,,YesNo,Evaluation,SingleResponse,12,EqualWeight,"MW-002 = ""Self-contained suite""",1290,True,True,MW and Counseling Suite,15
MW-005,MW-005,SRV-ADMINISTRATION,Administration,Administration,SPT-MW-AND-COUNSELING-SUITE-3ACB29,CAT-MW-AND-COUNSELIN-INFRASTRUCTURE-3C1C89,SUB-MW-AND-COUNS-INFRASTRUC-UTILITIES-AND-TECH-532C22,ALL,ALL,,Are there any visible workarounds accommodating a lack of power outlets?,,YesNo,Evaluation,SingleResponse,12,EqualWeight,"MW-002 = ""Self-contained suite""",1300,True,True,MW and Counseling Suite,19
MW-006,MW-006,SRV-ADMINISTRATION,Administration,Administration,SPT-MW-AND-COUNSELING-SUITE-3ACB29,CAT-MW-AND-COUNSELIN-AMENITIES-42945E,SUB-MW-AND-COUNS-AMENITIES-STORAGE-DA0AB1,ALL,ALL,,How is lockable storage provided for confidential files and personal belongings?,,SingleSelect,Evaluation,SingleResponse,12,EqualWeight,"MW-002 = ""Self-contained suite""",1310,True,True,MW and Counseling Suite,23
MW-007,MW-007,SRV-ADMINISTRATION,Administration,Administration,SPT-MW-AND-COUNSELING-SUITE-3ACB29,CAT-MW-AND-COUNSELIN-INFRASTRUCTURE-3C1C89,SUB-MW-AND-COUNS-INFRASTRUC-UTILITIES-AND-TECH-532C22,ALL,ALL,,Select one (temperature control),,SingleSelect,Evaluation,SingleResponse,12,EqualWeight,"MW-002 = ""Self-contained suite""",1320,True,True,MW and Counseling Suite,28
MW-008,MW-008,SRV-ADMINISTRATION,Administration,Administration,SPT-MW-AND-COUNSELING-SUITE-3ACB29,CAT-MW-AND-COUNSELIN-FUNCTION-2DAC33,SUB-MW-AND-COUNS-FUNCTION-CIRCULATION-AND-EG-6B3C9C,MS+HS,MS+HS,,"Does the suite have a secondary door to a separate egress path (i.e., a second door to a corridor or exterior)?",,YesNo,Evaluation,SingleResponse,12,EqualWeight,"MW-002 = ""Self-contained suite""",1330,True,True,MW and Counseling Suite,33
MW-009,MW-009,SRV-ADMINISTRATION,Administration,Administration,SPT-MW-AND-COUNSELING-SUITE-3ACB29,CAT-MW-AND-COUNSELIN-OBSERVATIONAL-B67368,SUB-MW-AND-COUNS-OBSERVATIO-OBSERVATIONAL-C60DAA,ALL,ALL,,Can the environment support student wellness and support services? (check all that apply),,MultiSelect,Observational,RecordedOnly,0,EqualWeight_Unscored,,1340,True,True,MW and Counseling Suite,37
MW-010,MW-010,SRV-ADMINISTRATION,Administration,Administration,SPT-MW-AND-COUNSELING-SUITE-3ACB29,CAT-MW-AND-COUNSELIN-FUNCTION-2DAC33,SUB-MW-AND-COUNS-FUNCTION-AVAILABILITY-AE0515,ALL,ALL,,Is there a Professional School Counselor Office?,,YesNo,Evaluation,SingleResponse,12,EqualWeight,,1350,True,True,MW and Counseling Suite,43
MW-011,MW-011,SRV-ADMINISTRATION,Administration,Administration,SPT-MW-AND-COUNSELING-SUITE-3ACB29,CAT-MW-AND-COUNSELIN-FUNCTION-2DAC33,SUB-MW-AND-COUNS-FUNCTION-AVAILABILITY-AE0515,ES,ES,,How many Professional School Counselor offices are provided?,,SingleSelect,Evaluation,SingleResponse,12,EqualWeight,,1360,True,True,MW and Counseling Suite,47
MW-012,MW-012,SRV-ADMINISTRATION,Administration,Administration,SPT-MW-AND-COUNSELING-SUITE-3ACB29,CAT-MW-AND-COUNSELIN-FUNCTION-2DAC33,SUB-MW-AND-COUNS-FUNCTION-AVAILABILITY-AE0515,MS,MS,,How many Professional School Counselor offices are provided?,,SingleSelect,Evaluation,SingleResponse,12,EqualWeight,,1370,True,True,MW and Counseling Suite,51
MW-013,MW-013,SRV-ADMINISTRATION,Administration,Administration,SPT-MW-AND-COUNSELING-SUITE-3ACB29,CAT-MW-AND-COUNSELIN-FUNCTION-2DAC33,SUB-MW-AND-COUNS-FUNCTION-AVAILABILITY-AE0515,HS,HS,,How many Professional School Counselor offices are provided?,,SingleSelect,Evaluation,SingleResponse,12,EqualWeight,,1380,True,True,MW and Counseling Suite,56
MW-014,MW-014,SRV-ADMINISTRATION,Administration,Administration,SPT-MW-AND-COUNSELING-SUITE-3ACB29,CAT-MW-AND-COUNSELIN-OCCUPANT-EXPERIENC-A844D1,SUB-MW-AND-COUNS-OCCUPANT-E-OCCUPANT-COMFORT-A3D14B,ALL,ALL,,"Does the Counselor Office have user-controlled visual privacy on interior glass (e.g., roller shades or curtains)?",,YesNo,Evaluation,SingleResponse,12,EqualWeight,,1390,True,True,MW and Counseling Suite,62
MW-015,MW-015,SRV-ADMINISTRATION,Administration,Administration,SPT-MW-AND-COUNSELING-SUITE-3ACB29,CAT-MW-AND-COUNSELIN-OCCUPANT-EXPERIENC-A844D1,SUB-MW-AND-COUNS-OCCUPANT-E-OCCUPANT-COMFORT-A3D14B,ALL,ALL,,Does the Counselor Office have a dimmable light fixture?,,YesNo,Evaluation,SingleResponse,12,EqualWeight,,1400,True,True,MW and Counseling Suite,66
MW-016,MW-016,SRV-ADMINISTRATION,Administration,Administration,SPT-MW-AND-COUNSELING-SUITE-3ACB29,CAT-MW-AND-COUNSELIN-AMENITIES-42945E,SUB-MW-AND-COUNS-AMENITIES-DISPLAY-AND-PRESEN-047714,ALL,ALL,,"How much writable surface (e.g., markerboard) is provided in the Counselor Office, excluding glass? Include both fixed and mobile writable surfaces in your count.",,SingleSelect,Evaluation,SingleResponse,12,EqualWeight,,1410,True,True,MW and Counseling Suite,70
MW-017,MW-017,SRV-ADMINISTRATION,Administration,Administration,SPT-MW-AND-COUNSELING-SUITE-3ACB29,CAT-MW-AND-COUNSELIN-AMENITIES-42945E,SUB-MW-AND-COUNS-AMENITIES-DISPLAY-AND-PRESEN-047714,ALL,ALL,,How much tackboard/tackwall is provided in the Counselor Office? Include both fixed and mobile surfaces.,,SingleSelect,Evaluation,SingleResponse,12,EqualWeight,,1420,True,True,MW and Counseling Suite,74
MW-018,MW-018,SRV-ADMINISTRATION,Administration,Administration,SPT-MW-AND-COUNSELING-SUITE-3ACB29,CAT-MW-AND-COUNSELIN-FUNCTION-2DAC33,SUB-MW-AND-COUNS-FUNCTION-AVAILABILITY-AE0515,ALL,ALL,,Is there a Core Counseling space?,,YesNo,Evaluation,SingleResponse,12,EqualWeight,,1430,True,True,MW and Counseling Suite,78
MW-019,MW-019,SRV-ADMINISTRATION,Administration,Administration,SPT-MW-AND-COUNSELING-SUITE-3ACB29,CAT-MW-AND-COUNSELIN-OCCUPANT-EXPERIENC-A844D1,SUB-MW-AND-COUNS-OCCUPANT-E-OCCUPANT-COMFORT-A3D14B,ALL,ALL,,"Does Core Counseling have user-controlled visual privacy on interior glass (e.g., roller shades or curtains)?",,YesNo,Evaluation,SingleResponse,12,EqualWeight,,1440,True,True,MW and Counseling Suite,82
MW-020,MW-020,SRV-ADMINISTRATION,Administration,Administration,SPT-MW-AND-COUNSELING-SUITE-3ACB29,CAT-MW-AND-COUNSELIN-OCCUPANT-EXPERIENC-A844D1,SUB-MW-AND-COUNS-OCCUPANT-E-OCCUPANT-COMFORT-A3D14B,ALL,ALL,,Does Core Counseling have a dimmable light fixture?,,YesNo,Evaluation,SingleResponse,12,EqualWeight,,1450,True,True,MW and Counseling Suite,86
MW-021,MW-021,SRV-ADMINISTRATION,Administration,Administration,SPT-MW-AND-COUNSELING-SUITE-3ACB29,CAT-MW-AND-COUNSELIN-OCCUPANT-EXPERIENC-A844D1,SUB-MW-AND-COUNS-OCCUPANT-E-OCCUPANT-COMFORT-A3D14B,ALL,ALL,,Select all that apply (acoustic features - Core Counseling),,MultiSelect,Evaluation,MixedItemScoring,12,EqualWeight,,1460,True,True,MW and Counseling Suite,90
MW-022,MW-022,SRV-ADMINISTRATION,Administration,Administration,SPT-MW-AND-COUNSELING-SUITE-3ACB29,CAT-MW-AND-COUNSELIN-AMENITIES-42945E,SUB-MW-AND-COUNS-AMENITIES-FURNITURE-AND-EQUI-900CF6,ALL,ALL,,"Is flexible, comfortable, and/or informal furniture provided in Core Counseling?",,YesNo,Evaluation,SingleResponse,12,EqualWeight,,1470,True,True,MW and Counseling Suite,96
MW-023,MW-023,SRV-ADMINISTRATION,Administration,Administration,SPT-MW-AND-COUNSELING-SUITE-3ACB29,CAT-MW-AND-COUNSELIN-AMENITIES-42945E,SUB-MW-AND-COUNS-AMENITIES-STORAGE-DA0AB1,ALL,ALL,,How much casework is provided in the Core Counseling space?,,SingleSelect,Evaluation,SingleResponse,12,EqualWeight,,1480,True,True,MW and Counseling Suite,100
MW-024,MW-024,SRV-ADMINISTRATION,Administration,Administration,SPT-MW-AND-COUNSELING-SUITE-3ACB29,CAT-MW-AND-COUNSELIN-AMENITIES-42945E,SUB-MW-AND-COUNS-AMENITIES-STORAGE-DA0AB1,ALL,ALL,,How much countertop is provided in the Core Counseling space?,,SingleSelect,Evaluation,SingleResponse,12,EqualWeight,,1490,True,True,MW and Counseling Suite,105
MW-025,MW-025,SRV-ADMINISTRATION,Administration,Administration,SPT-MW-AND-COUNSELING-SUITE-3ACB29,CAT-MW-AND-COUNSELIN-AMENITIES-42945E,SUB-MW-AND-COUNS-AMENITIES-DISPLAY-AND-PRESEN-047714,ALL,ALL,,"How much writable surface (e.g., markerboard) is provided in Core Counseling, excluding glass? Include both fixed and mobile writable surfaces in your count.",,SingleSelect,Evaluation,SingleResponse,12,EqualWeight,,1500,True,True,MW and Counseling Suite,109
MW-026,MW-026,SRV-ADMINISTRATION,Administration,Administration,SPT-MW-AND-COUNSELING-SUITE-3ACB29,CAT-MW-AND-COUNSELIN-AMENITIES-42945E,SUB-MW-AND-COUNS-AMENITIES-DISPLAY-AND-PRESEN-047714,ALL,ALL,,How much tackboard/tackwall is provided in Core Counseling? Include both fixed and mobile surfaces.,,SingleSelect,Evaluation,SingleResponse,12,EqualWeight,,1510,True,True,MW and Counseling Suite,114
MW-027,MW-027,SRV-ADMINISTRATION,Administration,Administration,SPT-MW-AND-COUNSELING-SUITE-3ACB29,CAT-MW-AND-COUNSELIN-FUNCTION-2DAC33,SUB-MW-AND-COUNS-FUNCTION-AVAILABILITY-AE0515,MS+HS,MS+HS,,Is there a Reception area in the Mental Wellness and Counseling Suite?,,YesNo,Evaluation,SingleResponse,12,EqualWeight,,1520,True,True,MW and Counseling Suite,118
MW-028,MW-028,SRV-ADMINISTRATION,Administration,Administration,SPT-MW-AND-COUNSELING-SUITE-3ACB29,CAT-MW-AND-COUNSELIN-OCCUPANT-EXPERIENC-A844D1,SUB-MW-AND-COUNS-OCCUPANT-E-SAFETY-AND-SUPERVI-C16E0A,MS+HS,MS+HS,,Select all that apply (passive supervision from Reception),,MultiSelect,Evaluation,MixedItemScoring,12,EqualWeight,,1530,True,True,MW and Counseling Suite,122
MW-029,MW-029,SRV-ADMINISTRATION,Administration,Administration,SPT-MW-AND-COUNSELING-SUITE-3ACB29,CAT-MW-AND-COUNSELIN-AMENITIES-42945E,SUB-MW-AND-COUNS-AMENITIES-DISPLAY-AND-PRESEN-047714,MS+HS,MS+HS,,How much tackboard/tackwall is provided at Reception? Include both fixed and mobile surfaces.,,SingleSelect,Evaluation,SingleResponse,12,EqualWeight,,1540,True,True,MW and Counseling Suite,127
MW-030,MW-030,SRV-ADMINISTRATION,Administration,Administration,SPT-MW-AND-COUNSELING-SUITE-3ACB29,CAT-MW-AND-COUNSELIN-FUNCTION-2DAC33,SUB-MW-AND-COUNS-FUNCTION-AVAILABILITY-AE0515,MS+HS,MS+HS,,Is there a Conference Room in the Mental Wellness and Counseling Suite?,,YesNo,Evaluation,SingleResponse,12,EqualWeight,,1550,True,True,MW and Counseling Suite,132
MW-031,MW-031,SRV-ADMINISTRATION,Administration,Administration,SPT-MW-AND-COUNSELING-SUITE-3ACB29,CAT-MW-AND-COUNSELIN-AMENITIES-42945E,SUB-MW-AND-COUNS-AMENITIES-DISPLAY-AND-PRESEN-047714,MS+HS,MS+HS,,"How much writable surface (e.g., markerboard) is provided in the Conference Room, excluding glass? Include both fixed and mobile writable surfaces in your count.",,SingleSelect,Evaluation,SingleResponse,12,EqualWeight,,1560,True,True,MW and Counseling Suite,136
MW-032,MW-032,SRV-ADMINISTRATION,Administration,Administration,SPT-MW-AND-COUNSELING-SUITE-3ACB29,CAT-MW-AND-COUNSELIN-FUNCTION-2DAC33,SUB-MW-AND-COUNS-FUNCTION-AVAILABILITY-AE0515,ALL,ALL,,"Is there a Wellness Room (i.e., brain lab)?",,YesNo,Evaluation,SingleResponse,12,EqualWeight,,1570,True,True,MW and Counseling Suite,141
MW-033,MW-033,SRV-ADMINISTRATION,Administration,Administration,SPT-MW-AND-COUNSELING-SUITE-3ACB29,CAT-MW-AND-COUNSELIN-OCCUPANT-EXPERIENC-A844D1,SUB-MW-AND-COUNS-OCCUPANT-E-SAFETY-AND-SUPERVI-C16E0A,ALL,ALL,,Is passive supervision into the Wellness Room provided via sightline from either the Counselor Offices or Reception?,,SingleSelect,Evaluation,SingleResponse,12,EqualWeight,,1580,True,True,MW and Counseling Suite,145
MW-034,MW-034,SRV-ADMINISTRATION,Administration,Administration,SPT-MW-AND-COUNSELING-SUITE-3ACB29,CAT-MW-AND-COUNSELIN-OCCUPANT-EXPERIENC-A844D1,SUB-MW-AND-COUNS-OCCUPANT-E-OCCUPANT-COMFORT-A3D14B,ALL,ALL,,"Does the Wellness Room have user-controlled visual privacy on interior glass (e.g., roller shades or curtains)?",,YesNo,Evaluation,SingleResponse,12,EqualWeight,,1590,True,True,MW and Counseling Suite,150
MW-035,MW-035,SRV-ADMINISTRATION,Administration,Administration,SPT-MW-AND-COUNSELING-SUITE-3ACB29,CAT-MW-AND-COUNSELIN-OCCUPANT-EXPERIENC-A844D1,SUB-MW-AND-COUNS-OCCUPANT-E-OCCUPANT-COMFORT-A3D14B,ALL,ALL,,Does the Wellness Room have a dimmable light fixture?,,YesNo,Evaluation,SingleResponse,12,EqualWeight,,1600,True,True,MW and Counseling Suite,154
MW-036,MW-036,SRV-ADMINISTRATION,Administration,Administration,SPT-MW-AND-COUNSELING-SUITE-3ACB29,CAT-MW-AND-COUNSELIN-OCCUPANT-EXPERIENC-A844D1,SUB-MW-AND-COUNS-OCCUPANT-E-OCCUPANT-COMFORT-A3D14B,ALL,ALL,,Select all that apply (wellness room acoustic features),,MultiSelect,Evaluation,MixedItemScoring,12,EqualWeight,,1610,True,True,MW and Counseling Suite,158
MW-037,MW-037,SRV-ADMINISTRATION,Administration,Administration,SPT-MW-AND-COUNSELING-SUITE-3ACB29,CAT-MW-AND-COUNSELIN-AMENITIES-42945E,SUB-MW-AND-COUNS-AMENITIES-FURNITURE-AND-EQUI-900CF6,ALL,ALL,,"Is flexible, comfortable, and/or informal furniture provided in the Wellness Room?",,YesNo,Evaluation,SingleResponse,12,EqualWeight,,1620,True,True,MW and Counseling Suite,164
MW-038,MW-038,SRV-ADMINISTRATION,Administration,Administration,SPT-MW-AND-COUNSELING-SUITE-3ACB29,CAT-MW-AND-COUNSELIN-AMENITIES-42945E,SUB-MW-AND-COUNS-AMENITIES-DISPLAY-AND-PRESEN-047714,ALL,ALL,,"How much writable surface (e.g., markerboard) is provided in the Wellness Room, excluding glass? Include both fixed and mobile writable surfaces in your count.",,SingleSelect,Evaluation,SingleResponse,12,EqualWeight,,1630,True,True,MW and Counseling Suite,168
MW-039,MW-039,SRV-ADMINISTRATION,Administration,Administration,SPT-MW-AND-COUNSELING-SUITE-3ACB29,CAT-MW-AND-COUNSELIN-AMENITIES-42945E,SUB-MW-AND-COUNS-AMENITIES-DISPLAY-AND-PRESEN-047714,ALL,ALL,,How much tackboard/tackwall is provided in the Wellness Room? Include both fixed and mobile surfaces.,,SingleSelect,Evaluation,SingleResponse,12,EqualWeight,,1640,True,True,MW and Counseling Suite,173
MW-040,MW-040,SRV-ADMINISTRATION,Administration,Administration,SPT-MW-AND-COUNSELING-SUITE-3ACB29,CAT-MW-AND-COUNSELIN-FUNCTION-2DAC33,SUB-MW-AND-COUNS-FUNCTION-AVAILABILITY-AE0515,ALL,ALL,,Is there a Licensed Mental Health Professional (LMHP) Office?,,YesNo,Evaluation,SingleResponse,12,EqualWeight,,1650,True,True,MW and Counseling Suite,178
MW-041,MW-041,SRV-ADMINISTRATION,Administration,Administration,SPT-MW-AND-COUNSELING-SUITE-3ACB29,CAT-MW-AND-COUNSELIN-OCCUPANT-EXPERIENC-A844D1,SUB-MW-AND-COUNS-OCCUPANT-E-OCCUPANT-COMFORT-A3D14B,ALL,ALL,,"Does the LMHP Office have user-controlled visual privacy on interior glass (e.g., roller shades or curtains)?",,YesNo,Evaluation,SingleResponse,12,EqualWeight,,1660,True,True,MW and Counseling Suite,182
MW-042,MW-042,SRV-ADMINISTRATION,Administration,Administration,SPT-MW-AND-COUNSELING-SUITE-3ACB29,CAT-MW-AND-COUNSELIN-AMENITIES-42945E,SUB-MW-AND-COUNS-AMENITIES-FURNITURE-AND-EQUI-900CF6,MS+HS,MS+HS,,Select all that are present (suite-wide furniture),,MultiSelect,Evaluation,MixedItemScoring,12,EqualWeight,"MW-002 = ""Self-contained suite""",1670,True,True,MW and Counseling Suite,186
MW-043,MW-043,SRV-ADMINISTRATION,Administration,Administration,SPT-MW-AND-COUNSELING-SUITE-3ACB29,CAT-MW-AND-COUNSELIN-AMENITIES-42945E,SUB-MW-AND-COUNS-AMENITIES-FURNITURE-AND-EQUI-900CF6,MS+HS,MS+HS,,What is the condition of the furniture overall?,,SingleSelect,Evaluation,SingleResponse,12,EqualWeight,"MW-002 = ""Self-contained suite""",1680,True,True,MW and Counseling Suite,192
MW-044,MW-044,SRV-ADMINISTRATION,Administration,Administration,SPT-MW-AND-COUNSELING-SUITE-3ACB29,CAT-MW-AND-COUNSELIN-INFRASTRUCTURE-3C1C89,SUB-MW-AND-COUNS-INFRASTRUC-FLOORING-AND-SURFA-0133FF,MS+HS,MS+HS,,What type of flooring is in the space?,,SingleSelect,Inventory,RecordedOnly,0,EqualWeight_Unscored,"MW-002 = ""Self-contained suite""",1690,True,True,MW and Counseling Suite,196
MW-045,MW-045,SRV-ADMINISTRATION,Administration,Administration,SPT-MW-AND-COUNSELING-SUITE-3ACB29,CAT-MW-AND-COUNSELIN-OBSERVATIONAL-B67368,SUB-MW-AND-COUNS-OBSERVATIO-OBSERVATIONAL-C60DAA,ALL,ALL,,Select all that apply (Education Efficiency),,MultiSelect,Observational,RecordedOnly,0,EqualWeight_Unscored,,1700,True,True,MW and Counseling Suite,202
PL-001,PL-001,SRV-NEIGHBORHOODS,Neighborhoods,Administration,SPT-PROFESSIONAL-LEARNING-CEN-0ADBC4,CAT-PROFESSIONAL-LEA-FUNCTION-6F960D,SUB-PROFESSIONAL-FUNCTION-LAYOUT-AND-FLEXIBI-D46538,ALL,ALL,,Does the room shape allow for flexible configuration for group work?,,YesNo,Evaluation,SingleResponse,12,EqualWeight,,1710,True,True,PLCs,2
PL-002,PL-002,SRV-NEIGHBORHOODS,Neighborhoods,Administration,SPT-PROFESSIONAL-LEARNING-CEN-0ADBC4,CAT-PROFESSIONAL-LEA-INFRASTRUCTURE-C0F0F6,SUB-PROFESSIONAL-INFRASTRUC-UTILITIES-AND-TECH-0DAABD,ALL,ALL,,Select all that apply (lighting),,MultiSelect,Evaluation,MixedItemScoring,12,EqualWeight,,1720,True,True,PLCs,6
PL-003,PL-003,SRV-NEIGHBORHOODS,Neighborhoods,Administration,SPT-PROFESSIONAL-LEARNING-CEN-0ADBC4,CAT-PROFESSIONAL-LEA-OCCUPANT-EXPERIENC-800EC1,SUB-PROFESSIONAL-OCCUPANT-E-AESTHETICS-A2C7CD,ALL,ALL,,Which of the following describes the condition of the wall finishes?,,SingleSelect,Evaluation,SingleResponse,12,EqualWeight,,1730,True,True,PLCs,10
PL-004,PL-004,SRV-NEIGHBORHOODS,Neighborhoods,Administration,SPT-PROFESSIONAL-LEARNING-CEN-0ADBC4,CAT-PROFESSIONAL-LEA-FUNCTION-6F960D,SUB-PROFESSIONAL-FUNCTION-ADJACENCY-AND-ACCE-6D6B9A,ALL,ALL,,Where is the small meeting room for phone calls and one-on-one meetings located relative to the PLC?,,SingleSelect,Evaluation,SingleResponse,12,EqualWeight,,1740,True,True,PLCs,15
PL-005,PL-005,SRV-NEIGHBORHOODS,Neighborhoods,Administration,SPT-PROFESSIONAL-LEARNING-CEN-0ADBC4,CAT-PROFESSIONAL-LEA-OCCUPANT-EXPERIENC-800EC1,SUB-PROFESSIONAL-OCCUPANT-E-OCCUPANT-COMFORT-8CFCEC,ALL,ALL,,Are there exterior windows?,,YesNo,Evaluation,SingleResponse,12,EqualWeight,,1750,True,True,PLCs,20
PL-006,PL-006,SRV-NEIGHBORHOODS,Neighborhoods,Administration,SPT-PROFESSIONAL-LEARNING-CEN-0ADBC4,CAT-PROFESSIONAL-LEA-OCCUPANT-EXPERIENC-800EC1,SUB-PROFESSIONAL-OCCUPANT-E-OCCUPANT-COMFORT-8CFCEC,ALL,ALL,,"Is daylight accessible through another means (e.g., an interior window shared with a space that has exterior windows)?",,SingleSelect,Evaluation,SingleResponse,12,EqualWeight,"PL-005 = ""No""",1760,True,True,PLCs,24
PL-007,PL-007,SRV-NEIGHBORHOODS,Neighborhoods,Administration,SPT-PROFESSIONAL-LEARNING-CEN-0ADBC4,CAT-PROFESSIONAL-LEA-OCCUPANT-EXPERIENC-800EC1,SUB-PROFESSIONAL-OCCUPANT-E-OCCUPANT-COMFORT-8CFCEC,ALL,ALL,,Select all that apply (exterior windows),Supports wellbeing through connection to the outdoors,MultiSelect,Evaluation,MixedItemScoring,12,EqualWeight,"PL-005 = ""Yes""",1770,True,True,PLCs,29
PL-008,PL-008,SRV-NEIGHBORHOODS,Neighborhoods,Administration,SPT-PROFESSIONAL-LEARNING-CEN-0ADBC4,CAT-PROFESSIONAL-LEA-AMENITIES-2E0C9E,SUB-PROFESSIONAL-AMENITIES-FURNITURE-AND-EQUI-D1A209,ALL,ALL,,How many workstations are provided for staff?,,SingleSelect,Evaluation,SingleResponse,12,EqualWeight,,1780,True,True,PLCs,33
PL-009,PL-009,SRV-NEIGHBORHOODS,Neighborhoods,Administration,SPT-PROFESSIONAL-LEARNING-CEN-0ADBC4,CAT-PROFESSIONAL-LEA-OCCUPANT-EXPERIENC-800EC1,SUB-PROFESSIONAL-OCCUPANT-E-OCCUPANT-COMFORT-8CFCEC,ALL,ALL,,What window coverings are provided on exterior windows?,,SingleSelect,Evaluation,SingleResponse,12,EqualWeight,"PL-005 = ""Yes""",1790,True,True,PLCs,38
PL-010,PL-010,SRV-NEIGHBORHOODS,Neighborhoods,Administration,SPT-PROFESSIONAL-LEARNING-CEN-0ADBC4,CAT-PROFESSIONAL-LEA-AMENITIES-2E0C9E,SUB-PROFESSIONAL-AMENITIES-STORAGE-CF5DE7,ES,ES,,How much casework is provided in the space?,,SingleSelect,Evaluation,SingleResponse,12,EqualWeight,,1800,True,True,PLCs,44
PL-011,PL-011,SRV-NEIGHBORHOODS,Neighborhoods,Administration,SPT-PROFESSIONAL-LEARNING-CEN-0ADBC4,CAT-PROFESSIONAL-LEA-AMENITIES-2E0C9E,SUB-PROFESSIONAL-AMENITIES-STORAGE-CF5DE7,ES,ES,,How much countertop is provided in the space?,,SingleSelect,Evaluation,SingleResponse,12,EqualWeight,,1810,True,True,PLCs,48
PL-012,PL-012,SRV-NEIGHBORHOODS,Neighborhoods,Administration,SPT-PROFESSIONAL-LEARNING-CEN-0ADBC4,CAT-PROFESSIONAL-LEA-AMENITIES-2E0C9E,SUB-PROFESSIONAL-AMENITIES-STORAGE-CF5DE7,MS+HS,MS+HS,,How much casework is provided in the space?,,SingleSelect,Evaluation,SingleResponse,12,EqualWeight,,1820,True,True,PLCs,52
PL-013,PL-013,SRV-NEIGHBORHOODS,Neighborhoods,Administration,SPT-PROFESSIONAL-LEARNING-CEN-0ADBC4,CAT-PROFESSIONAL-LEA-AMENITIES-2E0C9E,SUB-PROFESSIONAL-AMENITIES-STORAGE-CF5DE7,MS+HS,MS+HS,,How much countertop is provided in the space?,,SingleSelect,Evaluation,SingleResponse,12,EqualWeight,,1830,True,True,PLCs,57
PL-014,PL-014,SRV-NEIGHBORHOODS,Neighborhoods,Administration,SPT-PROFESSIONAL-LEARNING-CEN-0ADBC4,CAT-PROFESSIONAL-LEA-AMENITIES-2E0C9E,SUB-PROFESSIONAL-AMENITIES-STORAGE-CF5DE7,ALL,ALL,,What lockable personal storage is provided for staff using the space?,,SingleSelect,Evaluation,SingleResponse,12,EqualWeight,,1840,True,True,PLCs,62
PL-015,PL-015,SRV-NEIGHBORHOODS,Neighborhoods,Administration,SPT-PROFESSIONAL-LEARNING-CEN-0ADBC4,CAT-PROFESSIONAL-LEA-AMENITIES-2E0C9E,SUB-PROFESSIONAL-AMENITIES-STORAGE-CF5DE7,ALL,ALL,,How sufficient does the storage appear for the space's program needs?,,SingleSelect,Evaluation,SingleResponse,12,EqualWeight,,1850,True,True,PLCs,67
PL-016,PL-016,SRV-NEIGHBORHOODS,Neighborhoods,Administration,SPT-PROFESSIONAL-LEARNING-CEN-0ADBC4,CAT-PROFESSIONAL-LEA-AMENITIES-2E0C9E,SUB-PROFESSIONAL-AMENITIES-STORAGE-CF5DE7,ALL,ALL,,"How much writable surface (e.g., markerboard) is provided in the PLC meeting room, excluding glass? Include both fixed and mobile writable surfaces in your count.",,SingleSelect,Evaluation,SingleResponse,12,EqualWeight,,1860,True,True,PLCs,72
PL-017,PL-017,SRV-NEIGHBORHOODS,Neighborhoods,Administration,SPT-PROFESSIONAL-LEARNING-CEN-0ADBC4,CAT-PROFESSIONAL-LEA-AMENITIES-2E0C9E,SUB-PROFESSIONAL-AMENITIES-DISPLAY-AND-PRESEN-DF4A37,ALL,ALL,,"How much writable surface (e.g., markerboard) is provided in the PLC, excluding glass? Include both fixed and mobile writable surfaces in your count.",,SingleSelect,Evaluation,SingleResponse,12,EqualWeight,,1870,True,True,PLCs,77
PL-018,PL-018,SRV-NEIGHBORHOODS,Neighborhoods,Administration,SPT-PROFESSIONAL-LEARNING-CEN-0ADBC4,CAT-PROFESSIONAL-LEA-INFRASTRUCTURE-C0F0F6,SUB-PROFESSIONAL-INFRASTRUC-UTILITIES-AND-TECH-0DAABD,ALL,ALL,,"Are there any visible workarounds accommodating a lack of power outlets?",,YesNo,Evaluation,SingleResponse,12,EqualWeight,,1880,True,True,PLCs,83
PL-019,PL-019,SRV-NEIGHBORHOODS,Neighborhoods,Administration,SPT-PROFESSIONAL-LEARNING-CEN-0ADBC4,CAT-PROFESSIONAL-LEA-OCCUPANT-EXPERIENC-800EC1,SUB-PROFESSIONAL-OCCUPANT-E-OCCUPANT-COMFORT-8CFCEC,ALL,ALL,,Select one (temperature control),,SingleSelect,Evaluation,SingleResponse,12,EqualWeight,,1890,True,True,PLCs,87
PL-020,PL-020,SRV-NEIGHBORHOODS,Neighborhoods,Administration,SPT-PROFESSIONAL-LEARNING-CEN-0ADBC4,CAT-PROFESSIONAL-LEA-OCCUPANT-EXPERIENC-800EC1,SUB-PROFESSIONAL-OCCUPANT-E-SAFETY-AND-SUPERVI-73197E,ALL,ALL,,"Is visibility provided into the space from adjacent interior spaces or circulation (i.e., glass exists, even if currently covered)?",,YesNo,Evaluation,SingleResponse,12,EqualWeight,,1900,True,True,PLCs,92
PL-021,PL-021,SRV-NEIGHBORHOODS,Neighborhoods,Administration,SPT-PROFESSIONAL-LEARNING-CEN-0ADBC4,CAT-PROFESSIONAL-LEA-OCCUPANT-EXPERIENC-800EC1,SUB-PROFESSIONAL-OCCUPANT-E-SAFETY-AND-SUPERVI-73197E,ALL,ALL,,What type of visibility is provided into the space from adjacent interior spaces?,,MultiSelect,Inventory,RecordedOnly,0,EqualWeight_Unscored,,1910,True,True,PLCs,96
PL-022,PL-022,SRV-NEIGHBORHOODS,Neighborhoods,Administration,SPT-PROFESSIONAL-LEARNING-CEN-0ADBC4,CAT-PROFESSIONAL-LEA-OCCUPANT-EXPERIENC-800EC1,SUB-PROFESSIONAL-OCCUPANT-E-SAFETY-AND-SUPERVI-73197E,ALL,ALL,,Select all that apply (safety),,MultiSelect,Evaluation,MixedItemScoring,12,EqualWeight,,1920,True,True,PLCs,101
PL-023,PL-023,SRV-NEIGHBORHOODS,Neighborhoods,Administration,SPT-PROFESSIONAL-LEARNING-CEN-0ADBC4,CAT-PROFESSIONAL-LEA-AMENITIES-2E0C9E,SUB-PROFESSIONAL-AMENITIES-FURNITURE-AND-EQUI-D1A209,ALL,ALL,,Select all that are present (furniture),,MultiSelect,Inventory,RecordedOnly,0,EqualWeight_Unscored,,1930,True,True,PLCs,106
PL-024,PL-024,SRV-NEIGHBORHOODS,Neighborhoods,Administration,SPT-PROFESSIONAL-LEARNING-CEN-0ADBC4,CAT-PROFESSIONAL-LEA-AMENITIES-2E0C9E,SUB-PROFESSIONAL-AMENITIES-FURNITURE-AND-EQUI-D1A209,ALL,ALL,,How easily can the furniture be rearranged?,,SingleSelect,Evaluation,SingleResponse,12,EqualWeight,,1940,True,True,PLCs,115
PL-025,PL-025,SRV-NEIGHBORHOODS,Neighborhoods,Administration,SPT-PROFESSIONAL-LEARNING-CEN-0ADBC4,CAT-PROFESSIONAL-LEA-AMENITIES-2E0C9E,SUB-PROFESSIONAL-AMENITIES-FURNITURE-AND-EQUI-D1A209,ALL,ALL,,What is the condition of the furniture?,,SingleSelect,Evaluation,SingleResponse,12,EqualWeight,,1950,True,True,PLCs,119
PL-026,PL-026,SRV-NEIGHBORHOODS,Neighborhoods,Administration,SPT-PROFESSIONAL-LEARNING-CEN-0ADBC4,CAT-PROFESSIONAL-LEA-INFRASTRUCTURE-C0F0F6,SUB-PROFESSIONAL-INFRASTRUC-FLOORING-AND-SURFA-5AB0EB,ALL,ALL,,What type of flooring is in the space?,,SingleSelect,Inventory,RecordedOnly,0,EqualWeight_Unscored,,1960,True,True,PLCs,123
PL-027,PL-027,SRV-NEIGHBORHOODS,Neighborhoods,Administration,SPT-PROFESSIONAL-LEARNING-CEN-0ADBC4,CAT-PROFESSIONAL-LEA-INFRASTRUCTURE-C0F0F6,SUB-PROFESSIONAL-INFRASTRUC-UTILITIES-AND-TECH-0DAABD,ALL,ALL,,Select all that apply (general inventory),,MultiSelect,Evaluation,MixedItemScoring,12,EqualWeight,,1970,True,True,PLCs,128
PL-028,PL-028,SRV-NEIGHBORHOODS,Neighborhoods,Administration,SPT-PROFESSIONAL-LEARNING-CEN-76C438,CAT-PROFESSIONAL-LEA-OBSERVATIONAL-736C0F,SUB-PROFESSIONAL-OBSERVATIO-OBSERVATIONAL-00B1ED,ALL,ALL,,To what extent does the space support collaborative professional learning? (check all that apply),,MultiSelect,Observational,RecordedOnly,0,EqualWeight_Unscored,,1980,True,True,PLCs,137
EE-001,EE-001,SRV-ENTRY-EXPERIENCE,Entry Experience,Entry Experience,SPT-ENTRY-EXPERIENCE-38315E,CAT-ENTRY-EXPERIENCE-INFRASTRUCTURE-C10B90,SUB-ENTRY-EXPERI-INFRASTRUC-TRANSPORTATION-3FFB4C,ALL,ALL,,What modes of transportation are supported by the site?,,MultiSelect,Evaluation,MixedItemScoring,12,EqualWeight,,1990,True,True,Entry Experience,2
EE-002,EE-002,SRV-ENTRY-EXPERIENCE,Entry Experience,Entry Experience,SPT-ENTRY-EXPERIENCE-38315E,CAT-ENTRY-EXPERIENCE-INFRASTRUCTURE-C10B90,SUB-ENTRY-EXPERI-INFRASTRUC-TRANSPORTATION-3FFB4C,ALL,ALL,,Are school bus and personal vehicle drop-off/pick-up zones separated from each other?,,YesNo,Evaluation,SingleResponse,12,EqualWeight,,2000,True,True,Entry Experience,10
EE-003,EE-003,SRV-ENTRY-EXPERIENCE,Entry Experience,Entry Experience,SPT-ENTRY-EXPERIENCE-38315E,CAT-ENTRY-EXPERIENCE-INFRASTRUCTURE-C10B90,SUB-ENTRY-EXPERI-INFRASTRUC-ENTRY-C448EB,ALL,ALL,,Is there a direct pathway from drop-off/pick-up zones to the main entry?,,YesNo,Evaluation,SingleResponse,12,EqualWeight,,2010,True,True,Entry Experience,14
EE-004,EE-004,SRV-ENTRY-EXPERIENCE,Entry Experience,Entry Experience,SPT-ENTRY-EXPERIENCE-38315E,CAT-ENTRY-EXPERIENCE-INFRASTRUCTURE-C10B90,SUB-ENTRY-EXPERI-INFRASTRUC-PARKING-LOT-901319,ALL,ALL,,What is the condition of the parking lot?,,SingleSelect,Evaluation,SingleResponse,12,EqualWeight,,2020,True,True,Entry Experience,18
EE-005,EE-005,SRV-ENTRY-EXPERIENCE,Entry Experience,Entry Experience,SPT-ENTRY-EXPERIENCE-38315E,CAT-ENTRY-EXPERIENCE-INFRASTRUCTURE-C10B90,SUB-ENTRY-EXPERI-INFRASTRUC-LANDSCAPE-9A925E,ALL,ALL,,Select all that apply (entry area condition),,MultiSelect,Evaluation,MixedItemScoring,12,EqualWeight,,2030,True,True,Entry Experience,23
EE-006,EE-006,SRV-ENTRY-EXPERIENCE,Entry Experience,Entry Experience,SPT-ENTRY-EXPERIENCE-38315E,CAT-ENTRY-EXPERIENCE-INFRASTRUCTURE-C10B90,SUB-ENTRY-EXPERI-INFRASTRUC-BOUNDARY-10B646,ALL,ALL,,"Is the perimeter of the campus well defined through fences, sidewalks, or other elements that indicate the clear boundary of the school grounds?",,YesNo,Evaluation,SingleResponse,12,EqualWeight,,2040,True,True,Entry Experience,28
EE-007,EE-007,SRV-ENTRY-EXPERIENCE,Entry Experience,Entry Experience,SPT-ENTRY-EXPERIENCE-38315E,CAT-ENTRY-EXPERIENCE-INFRASTRUCTURE-C10B90,SUB-ENTRY-EXPERI-INFRASTRUC-SIGNAGE-A9C67D,ALL,ALL,,Select all that are present (exterior signage),,MultiSelect,Evaluation,MixedItemScoring,12,EqualWeight,,2050,True,True,Entry Experience,32
EE-008,EE-008,SRV-ENTRY-EXPERIENCE,Entry Experience,Entry Experience,SPT-ENTRY-EXPERIENCE-38315E,CAT-ENTRY-EXPERIENCE-INFRASTRUCTURE-C10B90,SUB-ENTRY-EXPERI-INFRASTRUC-ENTRY-C448EB,ALL,ALL,,Is the front door easily identifiable through design or signage?,,YesNo,Evaluation,SingleResponse,12,EqualWeight,,2060,True,True,Entry Experience,36
EE-009,EE-009,SRV-ENTRY-EXPERIENCE,Entry Experience,Entry Experience,SPT-ENTRY-EXPERIENCE-38315E,CAT-ENTRY-EXPERIENCE-OCCUPANT-EXPERIENC-FA0C1D,SUB-ENTRY-EXPERI-OCCUPANT-E-SAFETY-AND-SUPERVI-301541,ALL,ALL,,Select all that apply (vestibule),,MultiSelect,Evaluation,MixedItemScoring,12,EqualWeight,,2070,True,True,Entry Experience,40
EE-010,EE-010,SRV-ENTRY-EXPERIENCE,Entry Experience,Entry Experience,SPT-ENTRY-EXPERIENCE-38315E,CAT-ENTRY-EXPERIENCE-OCCUPANT-EXPERIENC-FA0C1D,SUB-ENTRY-EXPERI-OCCUPANT-E-AESTHETICS-531702,ALL,ALL,,Select all that apply (welcoming entry),,MultiSelect,Evaluation,MixedItemScoring,12,EqualWeight,,2080,True,True,Entry Experience,47
EE-011,EE-011,SRV-ENTRY-EXPERIENCE,Entry Experience,Entry Experience,SPT-ENTRY-EXPERIENCE-38315E,CAT-ENTRY-EXPERIENCE-INFRASTRUCTURE-C10B90,SUB-ENTRY-EXPERI-INFRASTRUC-UTILITIES-AND-TECH-F6AC1E,ALL,ALL,,Select all that apply (general inventory),,MultiSelect,Inventory,RecordedOnly,0,EqualWeight_Unscored,,2090,True,True,Entry Experience,51
SC-002,SC-002,SRV-STUDIOS,Studios,Studios,SPT-SCIENCE-2593B2,CAT-SCIENCE-FUNCTION-C8A627,SUB-SCIENCE-FUNCTION-LAYOUT-AND-FLEXIBI-2080D2,MS+HS,MS+HS,,Does the room shape allow for clear sightlines within the room and flexible room configuration options?,,YesNo,Evaluation,SingleResponse,12,EqualWeight,,2100,True,True,Science,6
SC-003,SC-003,SRV-STUDIOS,Studios,Studios,SPT-SCIENCE-2593B2,CAT-SCIENCE-FUNCTION-C8A627,SUB-SCIENCE-FUNCTION-CIRCULATION-AND-EG-2B537C,MS+HS,MS+HS,,Does the science lab have a secondary door to the corridor?,,YesNo,Evaluation,SingleResponse,12,EqualWeight,,2110,True,True,Science,10
SC-004,SC-004,SRV-STUDIOS,Studios,Studios,SPT-SCIENCE-2593B2,CAT-SCIENCE-INFRASTRUCTURE-A50DB7,SUB-SCIENCE-INFRASTRUC-UTILITIES-AND-TECH-FD560B,MS+HS,MS+HS,,Select all that apply (lighting),,MultiSelect,Evaluation,MixedItemScoring,12,EqualWeight,,2120,True,True,Science,14
SC-005,SC-005,SRV-STUDIOS,Studios,Studios,SPT-SCIENCE-2593B2,CAT-SCIENCE-OCCUPANT-EXPERIENC-CD54A1,SUB-SCIENCE-OCCUPANT-E-AESTHETICS-0D387F,MS+HS,MS+HS,,Which of the following describes the condition of the wall finishes?,,SingleSelect,Evaluation,SingleResponse,12,EqualWeight,,2130,True,True,Science,18
SC-006,SC-006,SRV-STUDIOS,Studios,Studios,SPT-SCIENCE-2593B2,CAT-SCIENCE-OCCUPANT-EXPERIENC-CD54A1,SUB-SCIENCE-OCCUPANT-E-OCCUPANT-COMFORT-4DCC1C,MS+HS,MS+HS,,Are there exterior windows?,,YesNo,Evaluation,SingleResponse,12,EqualWeight,,2140,True,True,Science,23
SC-007,SC-007,SRV-STUDIOS,Studios,Studios,SPT-SCIENCE-2593B2,CAT-SCIENCE-OCCUPANT-EXPERIENC-CD54A1,SUB-SCIENCE-OCCUPANT-E-OCCUPANT-COMFORT-4DCC1C,MS+HS,MS+HS,,"Is daylight accessible through another means (e.g., an interior window shared with a space that has exterior windows)?",,SingleSelect,Evaluation,SingleResponse,12,EqualWeight,"SC-006 = ""No""",2150,True,True,Science,27
SC-008,SC-008,SRV-STUDIOS,Studios,Studios,SPT-SCIENCE-2593B2,CAT-SCIENCE-OCCUPANT-EXPERIENC-CD54A1,SUB-SCIENCE-OCCUPANT-E-OCCUPANT-COMFORT-4DCC1C,MS+HS,MS+HS,,Select all that apply (exterior windows),,MultiSelect,Evaluation,MixedItemScoring,12,EqualWeight,"SC-006 = ""Yes""",2160,True,True,Science,32
SC-009,SC-009,SRV-STUDIOS,Studios,Studios,SPT-SCIENCE-2593B2,CAT-SCIENCE-OCCUPANT-EXPERIENC-CD54A1,SUB-SCIENCE-OCCUPANT-E-OCCUPANT-COMFORT-4DCC1C,MS+HS,MS+HS,,What window coverings are provided on exterior windows?,,SingleSelect,Evaluation,SingleResponse,12,EqualWeight,"SC-006 = ""Yes""",2170,True,True,Science,36
SC-010,SC-010,SRV-STUDIOS,Studios,Studios,SPT-SCIENCE-2593B2,CAT-SCIENCE-AMENITIES-30C28C,SUB-SCIENCE-AMENITIES-STORAGE-3AF02E,MS+HS,MS+HS,,Select all that apply (storage),,MultiSelect,Inventory,RecordedOnly,0,EqualWeight_Unscored,,2180,True,True,Science,42
SC-011,SC-011,SRV-STUDIOS,Studios,Studios,SPT-SCIENCE-2593B2,CAT-SCIENCE-AMENITIES-30C28C,SUB-SCIENCE-AMENITIES-STORAGE-3AF02E,MS+HS,MS+HS,,How sufficient does the storage appear for the space's program needs?,,SingleSelect,Evaluation,SingleResponse,12,EqualWeight,,2190,True,True,Science,49
SC-012,SC-012,SRV-STUDIOS,Studios,Studios,SPT-SCIENCE-2593B2,CAT-SCIENCE-AMENITIES-30C28C,SUB-SCIENCE-AMENITIES-DISPLAY-AND-PRESEN-6E0024,MS+HS,MS+HS,,"How much writable surface (e.g., markerboard) is provided, excluding glass? Include both fixed and mobile writable surfaces.",,SingleSelect,Evaluation,SingleResponse,12,EqualWeight,,2200,True,True,Science,54
SC-013,SC-013,SRV-STUDIOS,Studios,Studios,SPT-SCIENCE-2593B2,CAT-SCIENCE-AMENITIES-30C28C,SUB-SCIENCE-AMENITIES-DISPLAY-AND-PRESEN-6E0024,MS+HS,MS+HS,,Which built-in systems for displaying student work are provided?,,MultiSelect,Inventory,RecordedOnly,0,EqualWeight_Unscored,,2210,True,True,Science,62
SC-014,SC-014,SRV-STUDIOS,Studios,Studios,SPT-SCIENCE-2593B2,CAT-SCIENCE-AMENITIES-30C28C,SUB-SCIENCE-AMENITIES-DISPLAY-AND-PRESEN-6E0024,MS+HS,MS+HS,,How much tackboard/tackwall/tackstrip is provided? Include both fixed and mobile surfaces.,,SingleSelect,Evaluation,SingleResponse,12,EqualWeight,,2220,True,True,Science,68
SC-015,SC-015,SRV-STUDIOS,Studios,Studios,SPT-SCIENCE-2593B2,CAT-SCIENCE-INFRASTRUCTURE-A50DB7,SUB-SCIENCE-INFRASTRUC-UTILITIES-AND-TECH-FD560B,MS+HS,MS+HS,,Are there any visible workarounds accommodating a lack of power outlets?,,YesNo,Evaluation,SingleResponse,12,EqualWeight,,2230,True,True,Science,74
SC-016,SC-016,SRV-STUDIOS,Studios,Studios,SPT-SCIENCE-2593B2,CAT-SCIENCE-OCCUPANT-EXPERIENC-CD54A1,SUB-SCIENCE-OCCUPANT-E-OCCUPANT-COMFORT-4DCC1C,MS+HS,MS+HS,,Select one (temperature control),,SingleSelect,Evaluation,SingleResponse,12,EqualWeight,,2240,True,True,Science,78
SC-017,SC-017,SRV-STUDIOS,Studios,Studios,SPT-SCIENCE-2593B2,CAT-SCIENCE-OCCUPANT-EXPERIENC-CD54A1,SUB-SCIENCE-OCCUPANT-E-SAFETY-AND-SUPERVI-764159,MS+HS,MS+HS,,What type of visibility is provided into the space from adjacent interior spaces or circulation?,,MultiSelect,Evaluation,MixedItemScoring,12,EqualWeight,,2250,True,True,Science,83
SC-018,SC-018,SRV-STUDIOS,Studios,Studios,SPT-SCIENCE-2593B2,CAT-SCIENCE-OCCUPANT-EXPERIENC-CD54A1,SUB-SCIENCE-OCCUPANT-E-SAFETY-AND-SUPERVI-764159,MS+HS,MS+HS,,How much of the wall facing the adjacent interior space or circulation is made up of interior window?,,SingleSelect,Inventory,RecordedOnly,0,EqualWeight_Unscored,"SC-017 includes ""Full-height interior window"" or ""Half-height interior window""",2260,True,True,Science,89
SC-019,SC-019,SRV-STUDIOS,Studios,Studios,SPT-SCIENCE-2593B2,CAT-SCIENCE-OCCUPANT-EXPERIENC-CD54A1,SUB-SCIENCE-OCCUPANT-E-SAFETY-AND-SUPERVI-764159,MS+HS,MS+HS,,Select all that apply (safety),,MultiSelect,Evaluation,MixedItemScoring,12,EqualWeight,,2270,True,True,Science,93
SC-020,SC-020,SRV-STUDIOS,Studios,Studios,SPT-SCIENCE-2593B2,CAT-SCIENCE-AMENITIES-30C28C,SUB-SCIENCE-AMENITIES-FURNITURE-AND-EQUI-FC1DA6,MS+HS,MS+HS,,Select all that are present (furniture),,MultiSelect,Inventory,RecordedOnly,0,EqualWeight_Unscored,,2280,True,True,Science,99
SC-021,SC-021,SRV-STUDIOS,Studios,Studios,SPT-SCIENCE-2593B2,CAT-SCIENCE-AMENITIES-30C28C,SUB-SCIENCE-AMENITIES-FURNITURE-AND-EQUI-FC1DA6,MS+HS,MS+HS,,How easily can the furniture be rearranged?,,SingleSelect,Evaluation,SingleResponse,12,EqualWeight,,2290,True,True,Science,114
SC-022,SC-022,SRV-STUDIOS,Studios,Studios,SPT-SCIENCE-2593B2,CAT-SCIENCE-AMENITIES-30C28C,SUB-SCIENCE-AMENITIES-FURNITURE-AND-EQUI-FC1DA6,MS+HS,MS+HS,,"How varied are the seating options for students (i.e., seating beyond standard hard chairs, such as soft or active seating)?",,SingleSelect,Evaluation,SingleResponse,12,EqualWeight,,2300,True,True,Science,118
SC-023,SC-023,SRV-STUDIOS,Studios,Studios,SPT-SCIENCE-2593B2,CAT-SCIENCE-AMENITIES-30C28C,SUB-SCIENCE-AMENITIES-FURNITURE-AND-EQUI-FC1DA6,MS+HS,MS+HS,,What is the condition of the furniture?,,SingleSelect,Evaluation,SingleResponse,12,EqualWeight,,2310,True,True,Science,123
SC-024,SC-024,SRV-STUDIOS,Studios,Studios,SPT-SCIENCE-2593B2,CAT-SCIENCE-INFRASTRUCTURE-A50DB7,SUB-SCIENCE-INFRASTRUC-FLOORING-AND-SURFA-4AB524,MS+HS,MS+HS,,What type of flooring is in the space?,,SingleSelect,Evaluation,SingleResponse,12,EqualWeight,,2320,True,True,Science,127
SC-025,SC-025,SRV-STUDIOS,Studios,Studios,SPT-SCIENCE-2593B2,CAT-SCIENCE-FUNCTION-C8A627,SUB-SCIENCE-FUNCTION-ADJACENCY-AND-ACCE-19CB5D,MS+HS,MS+HS,,What access does the space have to a collaboration space?,,SingleSelect,Evaluation,SingleResponse,12,EqualWeight,,2330,True,True,Science,133
SC-026,SC-026,SRV-STUDIOS,Studios,Studios,SPT-SCIENCE-2593B2,CAT-SCIENCE-FUNCTION-C8A627,SUB-SCIENCE-FUNCTION-ADJACENCY-AND-ACCE-19CB5D,MS+HS,MS+HS,,What access does the space have to a small group room?,,SingleSelect,Evaluation,SingleResponse,12,EqualWeight,,2340,True,True,Science,138
SC-027,SC-027,SRV-STUDIOS,Studios,Studios,SPT-SCIENCE-2593B2,CAT-SCIENCE-FUNCTION-C8A627,SUB-SCIENCE-FUNCTION-ADJACENCY-AND-ACCE-19CB5D,MS+HS,MS+HS,,Select all that are present (visibility into adjacent spaces),Allows teachers to send students to work independently outside the space while remaining supervised,MultiSelect,Evaluation,MixedItemScoring,12,EqualWeight,,2350,True,True,Science,143
SC-028,SC-028,SRV-STUDIOS,Studios,Studios,SPT-SCIENCE-2593B2,CAT-SCIENCE-FUNCTION-C8A627,SUB-SCIENCE-FUNCTION-ADJACENCY-AND-ACCE-19CB5D,MS+HS,MS+HS,,What access does the space have to the exterior?,,SingleSelect,Evaluation,SingleResponse,12,EqualWeight,,2360,True,True,Science,147
SC-029,SC-029,SRV-STUDIOS,Studios,Studios,SPT-SCIENCE-2593B2,CAT-SCIENCE-AMENITIES-30C28C,SUB-SCIENCE-AMENITIES-FURNITURE-AND-EQUI-FC1DA6,MS+HS,MS+HS,,Is there a teacher demonstration station?,,YesNo,Evaluation,SingleResponse,12,EqualWeight,,2370,True,True,Science,152
SC-030,SC-030,SRV-STUDIOS,Studios,Studios,SPT-SCIENCE-2593B2,CAT-SCIENCE-INFRASTRUCTURE-A50DB7,SUB-SCIENCE-INFRASTRUC-UTILITIES-AND-TECH-FD560B,MS+HS,MS+HS,,How many student lab tables (seating approx. 4 students each) have a sink?,,SingleSelect,Evaluation,SingleResponse,12,EqualWeight,,2380,True,True,Science,156
SC-031,SC-031,SRV-STUDIOS,Studios,Studios,SPT-SCIENCE-2593B2,CAT-SCIENCE-INFRASTRUCTURE-A50DB7,SUB-SCIENCE-INFRASTRUC-UTILITIES-AND-TECH-FD560B,MS+HS,MS+HS,,Are laboratory faucets provided at all sinks in the lab?,,SingleSelect,Evaluation,SingleResponse,12,EqualWeight,,2390,True,True,Science,163
SC-032,SC-032,SRV-STUDIOS,Studios,Studios,SPT-SCIENCE-2593B2,CAT-SCIENCE-INFRASTRUCTURE-A50DB7,SUB-SCIENCE-INFRASTRUC-UTILITIES-AND-TECH-FD560B,MS+HS,MS+HS,,Select all that apply (science room utilities),,MultiSelect,Evaluation,MixedItemScoring,12,EqualWeight,,2400,True,True,Science,168
SC-033,SC-033,SRV-STUDIOS,Studios,Studios,SPT-SCIENCE-2593B2,CAT-SCIENCE-INFRASTRUCTURE-A50DB7,SUB-SCIENCE-INFRASTRUC-UTILITIES-AND-TECH-FD560B,MS+HS,MS+HS,,Select all that apply (general inventory),,MultiSelect,Inventory,RecordedOnly,0,EqualWeight_Unscored,,2410,True,True,Science,176
SC-034,SC-034,SRV-OBSERVATIONAL,Observational,Studios,SPT-SCIENCE-LAB-0CF368,CAT-SCIENCE-LAB-OBSERVATIONAL-3A1458,SUB-SCIENCE-LAB-OBSERVATIO-OBSERVATIONAL-481DF1,MS+HS,MS+HS,,"Can the science lab support inquiry, investigation, and authentic scientific learning? (select all that apply)",,MultiSelect,Observational,RecordedOnly,0,EqualWeight_Unscored,,2420,True,True,Science,179
SI-001,SI-001,SRV-STUDIOS,Studios,Studios,SPT-SCIENCE-PREP-ROOM-C6879C,CAT-SCIENCE-PREP-ROO-FUNCTION-D23DB5,SUB-SCIENCE-PREP-FUNCTION-ADJACENCY-AND-ACCE-67E065,MS+HS,MS+HS,,What type of Science Prep room exists?,,SingleSelect,Evaluation,SingleResponse,12,EqualWeight,,2430,True,True,Science,185
SI-002,SI-002,SRV-STUDIOS,Studios,Studios,SPT-SCIENCE-PREP-ROOM-C6879C,CAT-SCIENCE-PREP-ROO-FUNCTION-D23DB5,SUB-SCIENCE-PREP-FUNCTION-CIRCULATION-AND-EG-D89C0B,MS+HS,MS+HS,,Does the science prep room have a secondary door to the corridor?,,YesNo,Evaluation,SingleResponse,12,EqualWeight,,2440,True,True,Science,192
SI-003,SI-003,SRV-STUDIOS,Studios,Studios,SPT-SCIENCE-PREP-ROOM-C6879C,CAT-SCIENCE-PREP-ROO-AMENITIES-E4239A,SUB-SCIENCE-PREP-AMENITIES-STORAGE-7FBFC9,MS+HS,MS+HS,,How much casework is provided in the Science Prep room?,,SingleSelect,Evaluation,SingleResponse,12,EqualWeight,,2450,True,True,Science,196
SI-004,SI-004,SRV-STUDIOS,Studios,Studios,SPT-SCIENCE-PREP-ROOM-C6879C,CAT-SCIENCE-PREP-ROO-AMENITIES-E4239A,SUB-SCIENCE-PREP-AMENITIES-STORAGE-7FBFC9,MS+HS,MS+HS,,How much countertop is provided in the Science Prep room?,,SingleSelect,Evaluation,SingleResponse,12,EqualWeight,,2460,True,True,Science,200
SI-005,SI-005,SRV-STUDIOS,Studios,Studios,SPT-SCIENCE-PREP-ROOM-C6879C,CAT-SCIENCE-PREP-ROO-OCCUPANT-EXPERIENC-454FB4,SUB-SCIENCE-PREP-OCCUPANT-E-SAFETY-AND-SUPERVI-B58FDE,MS+HS,MS+HS,,"Is visibility provided into the prep room from the Science Lab (i.e., glass exists, even if currently covered)?",,YesNo,Evaluation,SingleResponse,12,EqualWeight,,2470,True,True,Science,204
SI-006,SI-006,SRV-STUDIOS,Studios,Studios,SPT-SCIENCE-PREP-ROOM-C6879C,CAT-SCIENCE-PREP-ROO-OCCUPANT-EXPERIENC-454FB4,SUB-SCIENCE-PREP-OCCUPANT-E-SAFETY-AND-SUPERVI-B58FDE,MS+HS,MS+HS,,What type of visibility is provided into the prep room from the Science Lab?,,MultiSelect,Evaluation,MixedItemScoring,12,EqualWeight,,2480,True,True,Science,208
SI-007,SI-007,SRV-STUDIOS,Studios,Studios,SPT-SCIENCE-PREP-ROOM-C6879C,CAT-SCIENCE-PREP-ROO-INFRASTRUCTURE-2BA939,SUB-SCIENCE-PREP-INFRASTRUC-UTILITIES-AND-TECH-E38BEB,MS+HS,MS+HS,,Select all that apply (prep room power and data),,MultiSelect,Evaluation,MixedItemScoring,12,EqualWeight,,2490,True,True,Science,213
SI-008,SI-008,SRV-STUDIOS,Studios,Studios,SPT-SCIENCE-PREP-ROOM-C6879C,CAT-SCIENCE-PREP-ROO-INFRASTRUCTURE-2BA939,SUB-SCIENCE-PREP-INFRASTRUC-UTILITIES-AND-TECH-E38BEB,MS+HS,MS+HS,,Select all that apply (science prep room),,MultiSelect,Evaluation,MixedItemScoring,12,EqualWeight,,2500,True,True,Science,217
MA-001,MA-001,SRV-ADMINISTRATION,Administration,Administration,SPT-MAIN-ADMIN-SUITE-7A49F7,CAT-MAIN-ADMIN-SUITE-OCCUPANT-EXPERIENC-BDC2FB,SUB-MAIN-ADMIN-S-OCCUPANT-E-SAFETY-AND-SUPERVI-C5E583,ALL,ALL,,Is there a clear sightline from the reception workstation to the secure vestibule?,,SingleSelect,Evaluation,SingleResponse,12,EqualWeight,,2510,True,True,Main Admin Suite,2
MA-002,MA-002,SRV-ADMINISTRATION,Administration,Administration,SPT-MAIN-ADMIN-SUITE-7A49F7,CAT-MAIN-ADMIN-SUITE-OCCUPANT-EXPERIENC-BDC2FB,SUB-MAIN-ADMIN-S-OCCUPANT-E-SAFETY-AND-SUPERVI-C5E583,ALL,ALL,,Is there a clear sightline from the reception workstation to the main building entry?,,SingleSelect,Evaluation,SingleResponse,12,EqualWeight,,2520,True,True,Main Admin Suite,7
MA-003,MA-003,SRV-ADMINISTRATION,Administration,Administration,SPT-MAIN-ADMIN-SUITE-7A49F7,CAT-MAIN-ADMIN-SUITE-OCCUPANT-EXPERIENC-BDC2FB,SUB-MAIN-ADMIN-S-OCCUPANT-E-SAFETY-AND-SUPERVI-C5E583,ALL,ALL,,Is there a clear sightline from the reception workstation to the main pedestrian approach and drop-off area outside?,,SingleSelect,Evaluation,SingleResponse,12,EqualWeight,,2530,True,True,Main Admin Suite,12
MA-004,MA-004,SRV-ADMINISTRATION,Administration,Administration,SPT-MAIN-ADMIN-SUITE-7A49F7,CAT-MAIN-ADMIN-SUITE-OCCUPANT-EXPERIENC-BDC2FB,SUB-MAIN-ADMIN-S-OCCUPANT-E-AESTHETICS-030840,ALL,ALL,,Which of the following describes the condition of the wall finishes?,,SingleSelect,Evaluation,SingleResponse,12,EqualWeight,,2540,True,True,Main Admin Suite,17
MA-005,MA-005,SRV-ADMINISTRATION,Administration,Administration,SPT-MAIN-ADMIN-SUITE-7A49F7,CAT-MAIN-ADMIN-SUITE-FUNCTION-4C1374,SUB-MAIN-ADMIN-S-FUNCTION-ADJACENCY-AND-ACCE-8CF6ED,ALL,ALL,,Select all that apply (adjacencies),,MultiSelect,Evaluation,MixedItemScoring,12,EqualWeight,,2550,True,True,Main Admin Suite,22
MA-006,MA-006,SRV-ADMINISTRATION,Administration,Administration,SPT-MAIN-ADMIN-SUITE-7A49F7,CAT-MAIN-ADMIN-SUITE-OCCUPANT-EXPERIENC-BDC2FB,SUB-MAIN-ADMIN-S-OCCUPANT-E-OCCUPANT-COMFORT-8D168A,ALL,ALL,,Are there exterior windows?,,YesNo,Evaluation,SingleResponse,12,EqualWeight,,2560,True,True,Main Admin Suite,27
MA-007,MA-007,SRV-ADMINISTRATION,Administration,Administration,SPT-MAIN-ADMIN-SUITE-7A49F7,CAT-MAIN-ADMIN-SUITE-OCCUPANT-EXPERIENC-BDC2FB,SUB-MAIN-ADMIN-S-OCCUPANT-E-OCCUPANT-COMFORT-8D168A,ALL,ALL,,"Is daylight accessible through another means (e.g., an interior window shared with a space that has exterior windows)?",,SingleSelect,Evaluation,SingleResponse,12,EqualWeight,"MA-006 = ""No""",2570,True,True,Main Admin Suite,31
MA-008,MA-008,SRV-ADMINISTRATION,Administration,Administration,SPT-MAIN-ADMIN-SUITE-7A49F7,CAT-MAIN-ADMIN-SUITE-OCCUPANT-EXPERIENC-BDC2FB,SUB-MAIN-ADMIN-S-OCCUPANT-E-OCCUPANT-COMFORT-8D168A,ALL,ALL,,Select all that apply (exterior windows),Supports wellbeing through connection to the outdoors,MultiSelect,Evaluation,MixedItemScoring,12,EqualWeight,"MA-006 = ""Yes""",2580,True,True,Main Admin Suite,36
MA-009,MA-009,SRV-ADMINISTRATION,Administration,Administration,SPT-MAIN-ADMIN-SUITE-7A49F7,CAT-MAIN-ADMIN-SUITE-OCCUPANT-EXPERIENC-BDC2FB,SUB-MAIN-ADMIN-S-OCCUPANT-E-OCCUPANT-COMFORT-8D168A,ALL,ALL,,What window coverings are provided on exterior windows?,,SingleSelect,Evaluation,SingleResponse,12,EqualWeight,"MA-006 = ""Yes""",2590,True,True,Main Admin Suite,40
MA-010,MA-010,SRV-ADMINISTRATION,Administration,Administration,SPT-MAIN-ADMIN-SUITE-7A49F7,CAT-MAIN-ADMIN-SUITE-OCCUPANT-EXPERIENC-BDC2FB,SUB-MAIN-ADMIN-S-OCCUPANT-E-SAFETY-AND-SUPERVI-C5E583,ALL,ALL,,"Is visibility provided into the space from adjacent interior spaces or circulation (i.e., glass exists, even if currently covered)?",,YesNo,Evaluation,SingleResponse,12,EqualWeight,,2600,True,True,Main Admin Suite,46
MA-011,MA-011,SRV-ADMINISTRATION,Administration,Administration,SPT-MAIN-ADMIN-SUITE-7A49F7,CAT-MAIN-ADMIN-SUITE-OCCUPANT-EXPERIENC-BDC2FB,SUB-MAIN-ADMIN-S-OCCUPANT-E-SAFETY-AND-SUPERVI-C5E583,ALL,ALL,,What type of visibility is provided into the space from adjacent interior spaces?,,MultiSelect,Inventory,RecordedOnly,0,EqualWeight_Unscored,,2610,True,True,Main Admin Suite,50
MA-012,MA-012,SRV-ADMINISTRATION,Administration,Administration,SPT-MAIN-ADMIN-SUITE-7A49F7,CAT-MAIN-ADMIN-SUITE-AMENITIES-3DF897,SUB-MAIN-ADMIN-S-AMENITIES-DISPLAY-AND-PRESEN-3E505C,ALL,ALL,,"How much writable surface (e.g., markerboard) is provided, excluding glass? Include both fixed and mobile surfaces.",,SingleSelect,Evaluation,SingleResponse,12,EqualWeight,,2620,True,True,Main Admin Suite,55
MA-013,MA-013,SRV-ADMINISTRATION,Administration,Administration,SPT-MAIN-ADMIN-SUITE-7A49F7,CAT-MAIN-ADMIN-SUITE-AMENITIES-3DF897,SUB-MAIN-ADMIN-S-AMENITIES-DISPLAY-AND-PRESEN-3E505C,ALL,ALL,,How much tackboard/tackwall is provided? Include both fixed and mobile surfaces.,,SingleSelect,Evaluation,SingleResponse,12,EqualWeight,,2630,True,True,Main Admin Suite,62
MA-014,MA-014,SRV-ADMINISTRATION,Administration,Administration,SPT-MAIN-ADMIN-SUITE-7A49F7,CAT-MAIN-ADMIN-SUITE-OCCUPANT-EXPERIENC-BDC2FB,SUB-MAIN-ADMIN-S-OCCUPANT-E-OCCUPANT-COMFORT-8D168A,ALL,ALL,,Select one (temperature control),,SingleSelect,Evaluation,SingleResponse,12,EqualWeight,,2640,True,True,Main Admin Suite,68
MA-015,MA-015,SRV-ADMINISTRATION,Administration,Administration,SPT-MAIN-ADMIN-SUITE-7A49F7,CAT-MAIN-ADMIN-SUITE-AMENITIES-3DF897,SUB-MAIN-ADMIN-S-AMENITIES-FURNITURE-AND-EQUI-A536A8,ALL,ALL,,Select all that are present (furniture),,MultiSelect,Evaluation,MixedItemScoring,12,EqualWeight,,2650,True,True,Main Admin Suite,73
MA-016,MA-016,SRV-ADMINISTRATION,Administration,Administration,SPT-MAIN-ADMIN-SUITE-7A49F7,CAT-MAIN-ADMIN-SUITE-FUNCTION-4C1374,SUB-MAIN-ADMIN-S-FUNCTION-LAYOUT-AND-FLEXIBI-1181ED,ALL,ALL,,How many staff workstations are provided in the reception area?,,SingleSelect,Evaluation,SingleResponse,12,EqualWeight,,2660,True,True,Main Admin Suite,77
MA-017,MA-017,SRV-ADMINISTRATION,Administration,Administration,SPT-MAIN-ADMIN-SUITE-7A49F7,CAT-MAIN-ADMIN-SUITE-FUNCTION-4C1374,SUB-MAIN-ADMIN-S-FUNCTION-AVAILABILITY-A9D48B,ALL,ALL,,Select all that are provided within or directly adjacent to the admin suite (spaces checklist),,MultiSelect,Evaluation,MixedItemScoring,12,EqualWeight,,2670,True,True,Main Admin Suite,81
MA-018,MA-018,SRV-ADMINISTRATION,Administration,Administration,SPT-MAIN-ADMIN-SUITE-7A49F7,CAT-MAIN-ADMIN-SUITE-INFRASTRUCTURE-41F679,SUB-MAIN-ADMIN-S-INFRASTRUC-UTILITIES-AND-TECH-9D3C28,ALL,ALL,,Select all that apply (lighting),,MultiSelect,Evaluation,MixedItemScoring,12,EqualWeight,,2680,True,True,Main Admin Suite,89
MA-019,MA-019,SRV-ADMINISTRATION,Administration,Administration,SPT-MAIN-ADMIN-SUITE-7A49F7,CAT-MAIN-ADMIN-SUITE-FUNCTION-4C1374,SUB-MAIN-ADMIN-S-FUNCTION-ADJACENCY-AND-ACCE-8CF6ED,ALL,ALL,,Which of the following best describes the location of the SRO office?,,SingleSelect,Evaluation,SingleResponse,12,EqualWeight,,2690,True,True,Main Admin Suite,93
MA-020,MA-020,SRV-ADMINISTRATION,Administration,Administration,SPT-MAIN-ADMIN-SUITE-7A49F7,CAT-MAIN-ADMIN-SUITE-FUNCTION-4C1374,SUB-MAIN-ADMIN-S-FUNCTION-ADJACENCY-AND-ACCE-8CF6ED,ALL,ALL,,"If there are two SRO offices in the school, are they dispersed in the admin area?",,SingleSelect,Evaluation,SingleResponse,12,EqualWeight,,2700,True,True,Main Admin Suite,100
MA-021,MA-021,SRV-ADMINISTRATION,Administration,Administration,SPT-MAIN-ADMIN-SUITE-7A49F7,CAT-MAIN-ADMIN-SUITE-OCCUPANT-EXPERIENC-BDC2FB,SUB-MAIN-ADMIN-S-OCCUPANT-E-SAFETY-AND-SUPERVI-C5E583,ALL,ALL,,Select all that apply (safety),,MultiSelect,Evaluation,MixedItemScoring,12,EqualWeight,,2710,True,True,Main Admin Suite,106
MA-022,MA-022,SRV-ADMINISTRATION,Administration,Administration,SPT-MAIN-ADMIN-SUITE-7A49F7,CAT-MAIN-ADMIN-SUITE-INFRASTRUCTURE-41F679,SUB-MAIN-ADMIN-S-INFRASTRUC-FLOORING-AND-SURFA-B196F5,ALL,ALL,,What type of flooring is in the space?,,SingleSelect,Inventory,RecordedOnly,0,EqualWeight_Unscored,,2720,True,True,Main Admin Suite,111
MA-023,MA-023,SRV-ADMINISTRATION,Administration,Administration,SPT-MAIN-ADMIN-SUITE-7A49F7,CAT-MAIN-ADMIN-SUITE-FUNCTION-4C1374,SUB-MAIN-ADMIN-S-FUNCTION-ADJACENCY-AND-ACCE-8CF6ED,ALL,ALL,,How close is the workroom to the main admin suite?,,SingleSelect,Evaluation,SingleResponse,12,EqualWeight,,2730,True,True,Main Admin Suite,118
MA-024,MA-024,SRV-ADMINISTRATION,Administration,Administration,SPT-MAIN-ADMIN-SUITE-7A49F7,CAT-MAIN-ADMIN-SUITE-AMENITIES-3DF897,SUB-MAIN-ADMIN-S-AMENITIES-STORAGE-B04D34,ES,ES,,How much casework and countertop space is provided in the workroom?,,SingleSelect,Evaluation,SingleResponse,12,EqualWeight,,2740,True,True,Main Admin Suite,123
MA-025,MA-025,SRV-ADMINISTRATION,Administration,Administration,SPT-MAIN-ADMIN-SUITE-7A49F7,CAT-MAIN-ADMIN-SUITE-AMENITIES-3DF897,SUB-MAIN-ADMIN-S-AMENITIES-STORAGE-B04D34,MS+HS,MS+HS,,How much casework and countertop space is provided in the workroom?,,SingleSelect,Evaluation,SingleResponse,12,EqualWeight,,2750,True,True,Main Admin Suite,127
MA-026,MA-026,SRV-ADMINISTRATION,Administration,Administration,SPT-MAIN-ADMIN-SUITE-7A49F7,CAT-MAIN-ADMIN-SUITE-AMENITIES-3DF897,SUB-MAIN-ADMIN-S-AMENITIES-FURNITURE-AND-EQUI-A536A8,ALL,ALL,,Select all that are present (workroom),,MultiSelect,Evaluation,MixedItemScoring,12,EqualWeight,,2760,True,True,Main Admin Suite,131
MA-027,MA-027,SRV-ADMINISTRATION,Administration,Administration,SPT-MAIN-ADMIN-SUITE-7A49F7,CAT-MAIN-ADMIN-SUITE-FUNCTION-4C1374,SUB-MAIN-ADMIN-S-FUNCTION-LAYOUT-AND-FLEXIBI-1181ED,ALL,ALL,,"Does the principal's office layout support individual work and one-on-one meetings (i.e., space for a desk plus at least one guest seat)?",,YesNo,Evaluation,SingleResponse,12,EqualWeight,,2770,True,True,Main Admin Suite,140
MA-028,MA-028,SRV-ADMINISTRATION,Administration,Administration,SPT-MAIN-ADMIN-SUITE-7A49F7,CAT-MAIN-ADMIN-SUITE-OCCUPANT-EXPERIENC-BDC2FB,SUB-MAIN-ADMIN-S-OCCUPANT-E-CIRCULATION-AND-EG-59B6F8,ALL,ALL,,Select all that apply (principal's office),,MultiSelect,Evaluation,MixedItemScoring,12,EqualWeight,,2780,True,True,Main Admin Suite,144
MA-029,MA-029,SRV-ADMINISTRATION,Administration,Administration,SPT-MAIN-ADMIN-SUITE-7A49F7,CAT-MAIN-ADMIN-SUITE-INFRASTRUCTURE-41F679,SUB-MAIN-ADMIN-S-INFRASTRUC-UTILITIES-AND-TECH-9D3C28,ALL,ALL,,Select all that apply (lighting),,MultiSelect,Evaluation,MixedItemScoring,12,EqualWeight,,2790,True,True,Main Admin Suite,148
MA-030,MA-030,SRV-ADMINISTRATION,Administration,Administration,SPT-MAIN-ADMIN-SUITE-7A49F7,CAT-MAIN-ADMIN-SUITE-OCCUPANT-EXPERIENC-BDC2FB,SUB-MAIN-ADMIN-S-OCCUPANT-E-AESTHETICS-030840,ALL,ALL,,Which of the following describes the condition of the wall finishes?,,SingleSelect,Evaluation,SingleResponse,12,EqualWeight,,2800,True,True,Main Admin Suite,152
MA-031,MA-031,SRV-ADMINISTRATION,Administration,Administration,SPT-MAIN-ADMIN-SUITE-7A49F7,CAT-MAIN-ADMIN-SUITE-OCCUPANT-EXPERIENC-BDC2FB,SUB-MAIN-ADMIN-S-OCCUPANT-E-OCCUPANT-COMFORT-8D168A,ALL,ALL,,Are there exterior windows?,,YesNo,Evaluation,SingleResponse,12,EqualWeight,,2810,True,True,Main Admin Suite,157
MA-032,MA-032,SRV-ADMINISTRATION,Administration,Administration,SPT-MAIN-ADMIN-SUITE-7A49F7,CAT-MAIN-ADMIN-SUITE-OCCUPANT-EXPERIENC-BDC2FB,SUB-MAIN-ADMIN-S-OCCUPANT-E-OCCUPANT-COMFORT-8D168A,ALL,ALL,,"Is daylight accessible through another means (e.g., an interior window shared with a space that has exterior windows)?",,SingleSelect,Evaluation,SingleResponse,12,EqualWeight,"MA-030 = ""No""",2820,True,True,Main Admin Suite,161
MA-033,MA-033,SRV-ADMINISTRATION,Administration,Administration,SPT-MAIN-ADMIN-SUITE-7A49F7,CAT-MAIN-ADMIN-SUITE-OCCUPANT-EXPERIENC-BDC2FB,SUB-MAIN-ADMIN-S-OCCUPANT-E-OCCUPANT-COMFORT-8D168A,ALL,ALL,,Select all that apply (exterior windows),,MultiSelect,Evaluation,MixedItemScoring,12,EqualWeight,"MA-030 = ""Yes""",2830,True,True,Main Admin Suite,166
MA-034,MA-034,SRV-ADMINISTRATION,Administration,Administration,SPT-MAIN-ADMIN-SUITE-7A49F7,CAT-MAIN-ADMIN-SUITE-OCCUPANT-EXPERIENC-BDC2FB,SUB-MAIN-ADMIN-S-OCCUPANT-E-OCCUPANT-COMFORT-8D168A,ALL,ALL,,What window coverings are provided on exterior windows?,,SingleSelect,Evaluation,SingleResponse,12,EqualWeight,"MA-030 = ""Yes""",2840,True,True,Main Admin Suite,170
MA-035,MA-035,SRV-ADMINISTRATION,Administration,Administration,SPT-MAIN-ADMIN-SUITE-7A49F7,CAT-MAIN-ADMIN-SUITE-INFRASTRUCTURE-41F679,SUB-MAIN-ADMIN-S-INFRASTRUC-UTILITIES-AND-TECH-9D3C28,ALL,ALL,,Are there any visible workarounds accommodating a lack of power outlets?,,YesNo,Evaluation,SingleResponse,12,EqualWeight,,2850,True,True,Main Admin Suite,176
MA-036,MA-036,SRV-ADMINISTRATION,Administration,Administration,SPT-MAIN-ADMIN-SUITE-7A49F7,CAT-MAIN-ADMIN-SUITE-OCCUPANT-EXPERIENC-BDC2FB,SUB-MAIN-ADMIN-S-OCCUPANT-E-OCCUPANT-COMFORT-8D168A,ALL,ALL,,Select one (temperature control),,SingleSelect,Evaluation,SingleResponse,12,EqualWeight,,2860,True,True,Main Admin Suite,180
MA-037,MA-037,SRV-ADMINISTRATION,Administration,Administration,SPT-MAIN-ADMIN-SUITE-7A49F7,CAT-MAIN-ADMIN-SUITE-OCCUPANT-EXPERIENC-BDC2FB,SUB-MAIN-ADMIN-S-OCCUPANT-E-SAFETY-AND-SUPERVI-C5E583,ALL,ALL,,"Is visibility provided into the space from adjacent interior spaces or circulation (i.e., glass exists, even if currently covered)?",,YesNo,Evaluation,SingleResponse,12,EqualWeight,,2870,True,True,Main Admin Suite,185
MA-038,MA-038,SRV-ADMINISTRATION,Administration,Administration,SPT-MAIN-ADMIN-SUITE-7A49F7,CAT-MAIN-ADMIN-SUITE-OCCUPANT-EXPERIENC-BDC2FB,SUB-MAIN-ADMIN-S-OCCUPANT-E-SAFETY-AND-SUPERVI-C5E583,ALL,ALL,,What type of visibility is provided into the space from adjacent interior spaces?,,MultiSelect,Inventory,RecordedOnly,0,EqualWeight_Unscored,,2880,True,True,Main Admin Suite,189
MA-039,MA-039,SRV-ADMINISTRATION,Administration,Administration,SPT-MAIN-ADMIN-SUITE-7A49F7,CAT-MAIN-ADMIN-SUITE-OCCUPANT-EXPERIENC-BDC2FB,SUB-MAIN-ADMIN-S-OCCUPANT-E-SAFETY-AND-SUPERVI-C5E583,ALL,ALL,,Select all that apply (safety),,MultiSelect,Evaluation,MixedItemScoring,12,EqualWeight,,2890,True,True,Main Admin Suite,194
MA-040,MA-040,SRV-ADMINISTRATION,Administration,Administration,SPT-MAIN-ADMIN-SUITE-7A49F7,CAT-MAIN-ADMIN-SUITE-AMENITIES-3DF897,SUB-MAIN-ADMIN-S-AMENITIES-FURNITURE-AND-EQUI-A536A8,ALL,ALL,,Select all that are present (furniture),,MultiSelect,Inventory,RecordedOnly,0,EqualWeight_Unscored,,2900,True,True,Main Admin Suite,199
MA-041,MA-041,SRV-ADMINISTRATION,Administration,Administration,SPT-MAIN-ADMIN-SUITE-7A49F7,CAT-MAIN-ADMIN-SUITE-AMENITIES-3DF897,SUB-MAIN-ADMIN-S-AMENITIES-FURNITURE-AND-EQUI-A536A8,ALL,ALL,,What is the condition of the furniture?,,SingleSelect,Evaluation,SingleResponse,12,EqualWeight,,2910,True,True,Main Admin Suite,208
MA-042,MA-042,SRV-ADMINISTRATION,Administration,Administration,SPT-MAIN-ADMIN-SUITE-7A49F7,CAT-MAIN-ADMIN-SUITE-INFRASTRUCTURE-41F679,SUB-MAIN-ADMIN-S-INFRASTRUC-FLOORING-AND-SURFA-B196F5,ALL,ALL,,What type of flooring is in the space?,,SingleSelect,Inventory,RecordedOnly,0,EqualWeight_Unscored,,2920,True,True,Main Admin Suite,212
MA-043,MA-043,SRV-ADMINISTRATION,Administration,Administration,SPT-MAIN-ADMIN-SUITE-7A49F7,CAT-MAIN-ADMIN-SUITE-AMENITIES-3DF897,SUB-MAIN-ADMIN-S-AMENITIES-FURNITURE-AND-EQUI-A536A8,ALL,ALL,,Select all that apply (general inventory),,MultiSelect,Inventory,RecordedOnly,0,EqualWeight_Unscored,,2930,True,True,Main Admin Suite,219
PK-002,PK-002,SRV-STUDIOS,Studios,Studios,SPT-EARLY-CHILDHOOD-STUDIO-49159F,CAT-EARLY-CHILDHOOD--FUNCTION-AAC7F0,SUB-EARLY-CHILDH-FUNCTION-LAYOUT-AND-FLEXIBI-A586B6,ES,ES,,Does the room shape allow for clear sightlines within the room and flexible room configuration options?,,YesNo,Evaluation,SingleResponse,12,EqualWeight,,2940,True,True,PreK,6
PK-003,PK-003,SRV-STUDIOS,Studios,Studios,SPT-EARLY-CHILDHOOD-STUDIO-49159F,CAT-EARLY-CHILDHOOD--FUNCTION-AAC7F0,SUB-EARLY-CHILDH-FUNCTION-LAYOUT-AND-FLEXIBI-A586B6,ES,ES,,"Is there a dedicated Peace Center within the studio (i.e., a furniture-based or designed ~25 SF space)?",Supports student self-regulation without leaving the studio,YesNo,Evaluation,SingleResponse,12,EqualWeight,,2950,True,True,PreK,10
PK-004,PK-004,SRV-STUDIOS,Studios,Studios,SPT-EARLY-CHILDHOOD-STUDIO-49159F,CAT-EARLY-CHILDHOOD--INFRASTRUCTURE-D344B8,SUB-EARLY-CHILDH-INFRASTRUC-UTILITIES-AND-TECH-3283C8,ES,ES,,Select all that apply (lighting),,MultiSelect,Evaluation,MixedItemScoring,12,EqualWeight,,2960,True,True,PreK,14
PK-005,PK-005,SRV-STUDIOS,Studios,Studios,SPT-EARLY-CHILDHOOD-STUDIO-49159F,CAT-EARLY-CHILDHOOD--OCCUPANT-EXPERIENC-CDD579,SUB-EARLY-CHILDH-OCCUPANT-E-AESTHETICS-F2FF9C,ES,ES,,Which of the following describes the condition of the wall finishes?,,SingleSelect,Evaluation,SingleResponse,12,EqualWeight,,2970,True,True,PreK,18
PK-006,PK-006,SRV-STUDIOS,Studios,Studios,SPT-EARLY-CHILDHOOD-STUDIO-49159F,CAT-EARLY-CHILDHOOD--OCCUPANT-EXPERIENC-CDD579,SUB-EARLY-CHILDH-OCCUPANT-E-OCCUPANT-COMFORT-37A9F6,ES,ES,,Are there exterior windows?,,YesNo,Evaluation,SingleResponse,12,EqualWeight,,2980,True,True,PreK,23
PK-007,PK-007,SRV-STUDIOS,Studios,Studios,SPT-EARLY-CHILDHOOD-STUDIO-49159F,CAT-EARLY-CHILDHOOD--OCCUPANT-EXPERIENC-CDD579,SUB-EARLY-CHILDH-OCCUPANT-E-OCCUPANT-COMFORT-37A9F6,ES,ES,,"Is daylight accessible through another means (e.g., an interior window shared with a space that has exterior windows)?",,SingleSelect,Evaluation,SingleResponse,12,EqualWeight,"PK-006 = ""No""",2990,True,True,PreK,27
PK-008,PK-008,SRV-STUDIOS,Studios,Studios,SPT-EARLY-CHILDHOOD-STUDIO-49159F,CAT-EARLY-CHILDHOOD--OCCUPANT-EXPERIENC-CDD579,SUB-EARLY-CHILDH-OCCUPANT-E-OCCUPANT-COMFORT-37A9F6,ES,ES,,Select all that apply (exterior windows),,MultiSelect,Evaluation,MixedItemScoring,12,EqualWeight,"PK-006 = ""Yes""",3000,True,True,PreK,32
PK-009,PK-009,SRV-STUDIOS,Studios,Studios,SPT-EARLY-CHILDHOOD-STUDIO-49159F,CAT-EARLY-CHILDHOOD--OCCUPANT-EXPERIENC-CDD579,SUB-EARLY-CHILDH-OCCUPANT-E-OCCUPANT-COMFORT-37A9F6,ES,ES,,What window coverings are provided on exterior windows?,,SingleSelect,Evaluation,SingleResponse,12,EqualWeight,"PK-006 = ""Yes""",3010,True,True,PreK,36
PK-010,PK-010,SRV-STUDIOS,Studios,Studios,SPT-EARLY-CHILDHOOD-STUDIO-49159F,CAT-EARLY-CHILDHOOD--AMENITIES-660B5D,SUB-EARLY-CHILDH-AMENITIES-DISPLAY-AND-PRESEN-D2DE0E,ES,ES,,"How much writable surface (e.g., markerboard) is provided, excluding glass? Include both fixed and mobile writable surfaces in your count.",,SingleSelect,Evaluation,SingleResponse,12,EqualWeight,,3020,True,True,PreK,42
PK-011,PK-011,SRV-STUDIOS,Studios,Studios,SPT-EARLY-CHILDHOOD-STUDIO-49159F,CAT-EARLY-CHILDHOOD--AMENITIES-660B5D,SUB-EARLY-CHILDH-AMENITIES-DISPLAY-AND-PRESEN-D2DE0E,ES,ES,,Which built-in systems for displaying student work are provided?,,MultiSelect,Inventory,RecordedOnly,0,EqualWeight_Unscored,,3030,True,True,PreK,49
PK-012,PK-012,SRV-STUDIOS,Studios,Studios,SPT-EARLY-CHILDHOOD-STUDIO-49159F,CAT-EARLY-CHILDHOOD--AMENITIES-660B5D,SUB-EARLY-CHILDH-AMENITIES-DISPLAY-AND-PRESEN-D2DE0E,ES,ES,,How much tackboard/tackwall/tackstrip is provided? Include both fixed and mobile surfaces.,,SingleSelect,Evaluation,SingleResponse,12,EqualWeight,,3040,True,True,PreK,55
PK-013,PK-013,SRV-STUDIOS,Studios,Studios,SPT-EARLY-CHILDHOOD-STUDIO-49159F,CAT-EARLY-CHILDHOOD--AMENITIES-660B5D,SUB-EARLY-CHILDH-AMENITIES-STORAGE-51594A,ES,ES,,How much casework is provided in the space?,,SingleSelect,Evaluation,SingleResponse,12,EqualWeight,,3050,True,True,PreK,61
PK-014,PK-014,SRV-STUDIOS,Studios,Studios,SPT-EARLY-CHILDHOOD-STUDIO-49159F,CAT-EARLY-CHILDHOOD--AMENITIES-660B5D,SUB-EARLY-CHILDH-AMENITIES-STORAGE-51594A,ES,ES,,How much countertop is provided in the space?,,SingleSelect,Evaluation,SingleResponse,12,EqualWeight,,3060,True,True,PreK,65
PK-015,PK-015,SRV-STUDIOS,Studios,Studios,SPT-EARLY-CHILDHOOD-STUDIO-49159F,CAT-EARLY-CHILDHOOD--AMENITIES-660B5D,SUB-EARLY-CHILDH-AMENITIES-STORAGE-51594A,ES,ES,,Select all that apply (storage),,MultiSelect,Inventory,RecordedOnly,0,EqualWeight_Unscored,,3070,True,True,PreK,69
PK-016,PK-016,SRV-STUDIOS,Studios,Studios,SPT-EARLY-CHILDHOOD-STUDIO-49159F,CAT-EARLY-CHILDHOOD--AMENITIES-660B5D,SUB-EARLY-CHILDH-AMENITIES-STORAGE-51594A,ES,ES,,How sufficient does the storage appear for the space's program needs?,,SingleSelect,Evaluation,SingleResponse,12,EqualWeight,,3080,True,True,PreK,76
PK-017,PK-017,SRV-STUDIOS,Studios,Studios,SPT-EARLY-CHILDHOOD-STUDIO-49159F,CAT-EARLY-CHILDHOOD--AMENITIES-660B5D,SUB-EARLY-CHILDH-AMENITIES-STORAGE-51594A,ES,ES,,"Is there sufficient storage for sleeping mats, either within casework or mobile storage?",,YesNo,Evaluation,SingleResponse,12,EqualWeight,,3090,True,True,PreK,81
PK-018,PK-018,SRV-STUDIOS,Studios,Studios,SPT-EARLY-CHILDHOOD-STUDIO-49159F,CAT-EARLY-CHILDHOOD--INFRASTRUCTURE-D344B8,SUB-EARLY-CHILDH-INFRASTRUC-UTILITIES-AND-TECH-3283C8,ES,ES,,Are there any visible workarounds accommodating a lack of power outlets?,,YesNo,Evaluation,SingleResponse,12,EqualWeight,,3100,True,True,PreK,85
PK-019,PK-019,SRV-STUDIOS,Studios,Studios,SPT-EARLY-CHILDHOOD-STUDIO-49159F,CAT-EARLY-CHILDHOOD--OCCUPANT-EXPERIENC-CDD579,SUB-EARLY-CHILDH-OCCUPANT-E-OCCUPANT-COMFORT-37A9F6,ES,ES,,Select one (temperature control),,SingleSelect,Evaluation,SingleResponse,12,EqualWeight,,3110,True,True,PreK,89
PK-020,PK-020,SRV-STUDIOS,Studios,Studios,SPT-EARLY-CHILDHOOD-STUDIO-49159F,CAT-EARLY-CHILDHOOD--OCCUPANT-EXPERIENC-CDD579,SUB-EARLY-CHILDH-OCCUPANT-E-SAFETY-AND-SUPERVI-6D2896,ES,ES,,What type of visibility is provided into the space from adjacent interior spaces or circulation?,,MultiSelect,Inventory,RecordedOnly,0,EqualWeight_Unscored,,3120,True,True,PreK,94
PK-021,PK-021,SRV-STUDIOS,Studios,Studios,SPT-EARLY-CHILDHOOD-STUDIO-49159F,CAT-EARLY-CHILDHOOD--OCCUPANT-EXPERIENC-CDD579,SUB-EARLY-CHILDH-OCCUPANT-E-SAFETY-AND-SUPERVI-6D2896,ES,ES,,How much of the wall facing the adjacent interior space or circulation is made up of interior window?,,SingleSelect,Inventory,RecordedOnly,0,EqualWeight_Unscored,"PK-020 includes ""Full-height interior window"" or ""Half-height interior window""",3130,True,True,PreK,100
PK-022,PK-022,SRV-STUDIOS,Studios,Studios,SPT-EARLY-CHILDHOOD-STUDIO-49159F,CAT-EARLY-CHILDHOOD--OCCUPANT-EXPERIENC-CDD579,SUB-EARLY-CHILDH-OCCUPANT-E-SAFETY-AND-SUPERVI-6D2896,ES,ES,,Select all that apply (safety),,MultiSelect,Evaluation,MixedItemScoring,12,EqualWeight,,3140,True,True,PreK,104
PK-023,PK-023,SRV-STUDIOS,Studios,Studios,SPT-EARLY-CHILDHOOD-STUDIO-49159F,CAT-EARLY-CHILDHOOD--AMENITIES-660B5D,SUB-EARLY-CHILDH-AMENITIES-FURNITURE-AND-EQUI-CA2082,ES,ES,,Select all that are present (furniture),,MultiSelect,Inventory,RecordedOnly,0,EqualWeight_Unscored,,3150,True,True,PreK,110
PK-024,PK-024,SRV-STUDIOS,Studios,Studios,SPT-EARLY-CHILDHOOD-STUDIO-49159F,CAT-EARLY-CHILDHOOD--AMENITIES-660B5D,SUB-EARLY-CHILDH-AMENITIES-FURNITURE-AND-EQUI-CA2082,ES,ES,,How easily can the furniture be rearranged?,,SingleSelect,Evaluation,SingleResponse,12,EqualWeight,,3160,True,True,PreK,126
PK-025,PK-025,SRV-STUDIOS,Studios,Studios,SPT-EARLY-CHILDHOOD-STUDIO-49159F,CAT-EARLY-CHILDHOOD--AMENITIES-660B5D,SUB-EARLY-CHILDH-AMENITIES-FURNITURE-AND-EQUI-CA2082,ES,ES,,"How varied are the seating options for students (i.e., are multiple seating types available)?",,SingleSelect,Evaluation,SingleResponse,12,EqualWeight,,3170,True,True,PreK,130
PK-026,PK-026,SRV-STUDIOS,Studios,Studios,SPT-EARLY-CHILDHOOD-STUDIO-49159F,CAT-EARLY-CHILDHOOD--AMENITIES-660B5D,SUB-EARLY-CHILDH-AMENITIES-FURNITURE-AND-EQUI-CA2082,ES,ES,,What is the condition of the furniture?,,SingleSelect,Evaluation,SingleResponse,12,EqualWeight,,3180,True,True,PreK,135
PK-027,PK-027,SRV-STUDIOS,Studios,Studios,SPT-EARLY-CHILDHOOD-STUDIO-49159F,CAT-EARLY-CHILDHOOD--INFRASTRUCTURE-D344B8,SUB-EARLY-CHILDH-INFRASTRUC-FLOORING-AND-SURFA-4AC32F,ES,ES,,What type of flooring is in the space?,,SingleSelect,Evaluation,SingleResponse,12,EqualWeight,,3190,True,True,PreK,139
PK-028,PK-028,SRV-STUDIOS,Studios,Studios,SPT-EARLY-CHILDHOOD-STUDIO-49159F,CAT-EARLY-CHILDHOOD--INFRASTRUCTURE-D344B8,SUB-EARLY-CHILDH-INFRASTRUC-FLOORING-AND-SURFA-4AC32F,ES,ES,,Are there zoned floor finishes to accommodate wet art activities?,,YesNo,Inventory,RecordedOnly,0,EqualWeight_Unscored,,3200,True,True,PreK,145
PK-029,PK-029,SRV-STUDIOS,Studios,Studios,SPT-EARLY-CHILDHOOD-STUDIO-49159F,CAT-EARLY-CHILDHOOD--FUNCTION-AAC7F0,SUB-EARLY-CHILDH-FUNCTION-ADJACENCY-AND-ACCE-10A327,ES,ES,,What access does the space have to a collaboration space?,,SingleSelect,Evaluation,SingleResponse,12,EqualWeight,,3210,True,True,PreK,149
PK-030,PK-030,SRV-STUDIOS,Studios,Studios,SPT-EARLY-CHILDHOOD-STUDIO-49159F,CAT-EARLY-CHILDHOOD--FUNCTION-AAC7F0,SUB-EARLY-CHILDH-FUNCTION-ADJACENCY-AND-ACCE-10A327,ES,ES,,What access does the space have to a small group room?,Supports connection to shared learning spaces,SingleSelect,Evaluation,SingleResponse,12,EqualWeight,,3220,True,True,PreK,154
PK-031,PK-031,SRV-STUDIOS,Studios,Studios,SPT-EARLY-CHILDHOOD-STUDIO-49159F,CAT-EARLY-CHILDHOOD--FUNCTION-AAC7F0,SUB-EARLY-CHILDH-FUNCTION-ADJACENCY-AND-ACCE-10A327,ES,ES,,Select all that are present (visibility into adjacent spaces),Allows teachers to send students to work independently outside the studio while remaining supervised,MultiSelect,Evaluation,MixedItemScoring,12,EqualWeight,,3230,True,True,PreK,159
PK-032,PK-032,SRV-STUDIOS,Studios,Studios,SPT-EARLY-CHILDHOOD-STUDIO-49159F,CAT-EARLY-CHILDHOOD--FUNCTION-AAC7F0,SUB-EARLY-CHILDH-FUNCTION-ADJACENCY-AND-ACCE-10A327,ES,ES,,What restroom access is provided for the studio?,,SingleSelect,Evaluation,SingleResponse,12,EqualWeight,,3240,True,True,PreK,163
PK-033,PK-033,SRV-STUDIOS,Studios,Studios,SPT-EARLY-CHILDHOOD-STUDIO-49159F,CAT-EARLY-CHILDHOOD--FUNCTION-AAC7F0,SUB-EARLY-CHILDH-FUNCTION-ADJACENCY-AND-ACCE-10A327,ES,ES,,"If the restroom is located within the studio, is there a secondary door between the studio and the restroom?",,YesNo,Evaluation,SingleResponse,12,EqualWeight,"PK-032 = ""Ensuite restroom with a Dutch door"" or ""Ensuite restroom without a Dutch door""",3250,True,True,PreK,169
PK-034,PK-034,SRV-STUDIOS,Studios,Studios,SPT-EARLY-CHILDHOOD-STUDIO-49159F,CAT-EARLY-CHILDHOOD--AMENITIES-660B5D,SUB-EARLY-CHILDH-AMENITIES-FURNITURE-AND-EQUI-CA2082,ES,ES,,Select all that apply (general inventory),,MultiSelect,Inventory,RecordedOnly,0,EqualWeight_Unscored,,3260,True,True,PreK,173
PK-035,PK-035,SRV-STUDIOS,Studios,Studios,SPT-EARLY-CHILDHOOD-STUDIO-49159F,CAT-EARLY-CHILDHOOD--OBSERVATIONAL-857AF7,SUB-EARLY-CHILDH-OBSERVATIO-OBSERVATIONAL-34A5A0,ES,ES,,Can the environment support developmentally appropriate learning? (check all that apply),,MultiSelect,Observational,RecordedOnly,0,EqualWeight_Unscored,,3270,True,True,PreK,181
EC-002,EC-002,SRV-STUDIOS,Studios,Special Education,SPT-EARLY-CHILDHOOD-SPECIAL-E-0E3811,CAT-EARLY-CHILDHOOD--FUNCTION-7CA275,SUB-EARLY-CHILDH-FUNCTION-LAYOUT-AND-FLEXIBI-D27B57,ES,ES,,Does the room shape allow for clear sightlines within the room and flexible room configuration options?,,YesNo,Evaluation,SingleResponse,12,EqualWeight,,3280,True,True,ECSE,6
EC-003,EC-003,SRV-STUDIOS,Studios,Special Education,SPT-EARLY-CHILDHOOD-SPECIAL-E-0E3811,CAT-EARLY-CHILDHOOD--FUNCTION-7CA275,SUB-EARLY-CHILDH-FUNCTION-LAYOUT-AND-FLEXIBI-D27B57,ES,ES,,"Is there a dedicated Peace Center within the studio (i.e., a furniture-based or designed ~25 SF space)?",Supports student self-regulation without leaving the studio,YesNo,Evaluation,SingleResponse,12,EqualWeight,,3290,True,True,ECSE,10
EC-004,EC-004,SRV-STUDIOS,Studios,Special Education,SPT-EARLY-CHILDHOOD-SPECIAL-E-0E3811,CAT-EARLY-CHILDHOOD--INFRASTRUCTURE-563F10,SUB-EARLY-CHILDH-INFRASTRUC-UTILITIES-AND-TECH-8F1475,ES,ES,,Select all that apply (lighting),,MultiSelect,Evaluation,MixedItemScoring,12,EqualWeight,,3300,True,True,ECSE,14
EC-005,EC-005,SRV-STUDIOS,Studios,Special Education,SPT-EARLY-CHILDHOOD-SPECIAL-E-0E3811,CAT-EARLY-CHILDHOOD--OCCUPANT-EXPERIENC-D6C864,SUB-EARLY-CHILDH-OCCUPANT-E-AESTHETICS-02EEE6,ES,ES,,Which of the following describes the condition of the wall finishes?,,SingleSelect,Evaluation,SingleResponse,12,EqualWeight,,3310,True,True,ECSE,18
EC-006,EC-006,SRV-STUDIOS,Studios,Special Education,SPT-EARLY-CHILDHOOD-SPECIAL-E-0E3811,CAT-EARLY-CHILDHOOD--OCCUPANT-EXPERIENC-D6C864,SUB-EARLY-CHILDH-OCCUPANT-E-OCCUPANT-COMFORT-C133BB,ES,ES,,Are there exterior windows?,,YesNo,Evaluation,SingleResponse,12,EqualWeight,,3320,True,True,ECSE,23
EC-007,EC-007,SRV-STUDIOS,Studios,Special Education,SPT-EARLY-CHILDHOOD-SPECIAL-E-0E3811,CAT-EARLY-CHILDHOOD--OCCUPANT-EXPERIENC-D6C864,SUB-EARLY-CHILDH-OCCUPANT-E-OCCUPANT-COMFORT-C133BB,ES,ES,,"Is daylight accessible through another means (e.g., an interior window shared with a space that has exterior windows)?",,SingleSelect,Evaluation,SingleResponse,12,EqualWeight,"EC-006 = ""No""",3330,True,True,ECSE,27
EC-008,EC-008,SRV-STUDIOS,Studios,Special Education,SPT-EARLY-CHILDHOOD-SPECIAL-E-0E3811,CAT-EARLY-CHILDHOOD--OCCUPANT-EXPERIENC-D6C864,SUB-EARLY-CHILDH-OCCUPANT-E-OCCUPANT-COMFORT-C133BB,ES,ES,,Select all that apply (exterior windows),,MultiSelect,Evaluation,MixedItemScoring,12,EqualWeight,"EC-006 = ""Yes""",3340,True,True,ECSE,32
EC-009,EC-009,SRV-STUDIOS,Studios,Special Education,SPT-EARLY-CHILDHOOD-SPECIAL-E-0E3811,CAT-EARLY-CHILDHOOD--OCCUPANT-EXPERIENC-D6C864,SUB-EARLY-CHILDH-OCCUPANT-E-OCCUPANT-COMFORT-C133BB,ES,ES,,What window coverings are provided on exterior windows?,,SingleSelect,Evaluation,SingleResponse,12,EqualWeight,"EC-006 = ""Yes""",3350,True,True,ECSE,36
EC-010,EC-010,SRV-STUDIOS,Studios,Special Education,SPT-EARLY-CHILDHOOD-SPECIAL-E-0E3811,CAT-EARLY-CHILDHOOD--AMENITIES-DFA778,SUB-EARLY-CHILDH-AMENITIES-DISPLAY-AND-PRESEN-C3594B,ES,ES,,"How much writable surface (e.g., markerboard) is provided, excluding glass? Include both fixed and mobile writable surfaces in your count.",,SingleSelect,Evaluation,SingleResponse,12,EqualWeight,,3360,True,True,ECSE,42
EC-011,EC-011,SRV-STUDIOS,Studios,Special Education,SPT-EARLY-CHILDHOOD-SPECIAL-E-0E3811,CAT-EARLY-CHILDHOOD--AMENITIES-DFA778,SUB-EARLY-CHILDH-AMENITIES-DISPLAY-AND-PRESEN-C3594B,ES,ES,,Which built-in systems for displaying student work are provided?,,MultiSelect,Inventory,RecordedOnly,0,EqualWeight_Unscored,,3370,True,True,ECSE,49
EC-012,EC-012,SRV-STUDIOS,Studios,Special Education,SPT-EARLY-CHILDHOOD-SPECIAL-E-0E3811,CAT-EARLY-CHILDHOOD--AMENITIES-DFA778,SUB-EARLY-CHILDH-AMENITIES-DISPLAY-AND-PRESEN-C3594B,ES,ES,,How much tackboard/tackwall/tackstrip is provided? Include both fixed and mobile surfaces.,,SingleSelect,Evaluation,SingleResponse,12,EqualWeight,,3380,True,True,ECSE,55
EC-013,EC-013,SRV-STUDIOS,Studios,Special Education,SPT-EARLY-CHILDHOOD-SPECIAL-E-0E3811,CAT-EARLY-CHILDHOOD--AMENITIES-DFA778,SUB-EARLY-CHILDH-AMENITIES-STORAGE-BD0FBC,ES,ES,,How much casework is provided in the space?,,SingleSelect,Evaluation,SingleResponse,12,EqualWeight,,3390,True,True,ECSE,61
EC-014,EC-014,SRV-STUDIOS,Studios,Special Education,SPT-EARLY-CHILDHOOD-SPECIAL-E-0E3811,CAT-EARLY-CHILDHOOD--AMENITIES-DFA778,SUB-EARLY-CHILDH-AMENITIES-STORAGE-BD0FBC,ES,ES,,How much countertop is provided in the space?,,SingleSelect,Evaluation,SingleResponse,12,EqualWeight,,3400,True,True,ECSE,65
EC-015,EC-015,SRV-STUDIOS,Studios,Special Education,SPT-EARLY-CHILDHOOD-SPECIAL-E-0E3811,CAT-EARLY-CHILDHOOD--AMENITIES-DFA778,SUB-EARLY-CHILDH-AMENITIES-STORAGE-BD0FBC,ES,ES,,Select all that apply (storage),,MultiSelect,Inventory,RecordedOnly,0,EqualWeight_Unscored,,3410,True,True,ECSE,69
EC-016,EC-016,SRV-STUDIOS,Studios,Special Education,SPT-EARLY-CHILDHOOD-SPECIAL-E-0E3811,CAT-EARLY-CHILDHOOD--AMENITIES-DFA778,SUB-EARLY-CHILDH-AMENITIES-STORAGE-BD0FBC,ES,ES,,How sufficient does the storage appear for the space's program needs?,,SingleSelect,Evaluation,SingleResponse,12,EqualWeight,,3420,True,True,ECSE,76
EC-017,EC-017,SRV-STUDIOS,Studios,Special Education,SPT-EARLY-CHILDHOOD-SPECIAL-E-0E3811,CAT-EARLY-CHILDHOOD--AMENITIES-DFA778,SUB-EARLY-CHILDH-AMENITIES-STORAGE-BD0FBC,ES,ES,,"Is there sufficient storage for sleeping mats, either within casework or mobile storage?",,YesNo,Evaluation,SingleResponse,12,EqualWeight,,3430,True,True,ECSE,81
EC-018,EC-018,SRV-STUDIOS,Studios,Special Education,SPT-EARLY-CHILDHOOD-SPECIAL-E-0E3811,CAT-EARLY-CHILDHOOD--INFRASTRUCTURE-563F10,SUB-EARLY-CHILDH-INFRASTRUC-UTILITIES-AND-TECH-8F1475,ES,ES,,Are there any visible workarounds accommodating a lack of power outlets?,,YesNo,Evaluation,SingleResponse,12,EqualWeight,,3440,True,True,ECSE,85
EC-019,EC-019,SRV-STUDIOS,Studios,Special Education,SPT-EARLY-CHILDHOOD-SPECIAL-E-0E3811,CAT-EARLY-CHILDHOOD--OCCUPANT-EXPERIENC-D6C864,SUB-EARLY-CHILDH-OCCUPANT-E-OCCUPANT-COMFORT-C133BB,ES,ES,,Select one (temperature control),,SingleSelect,Evaluation,SingleResponse,12,EqualWeight,,3450,True,True,ECSE,89
EC-020,EC-020,SRV-STUDIOS,Studios,Special Education,SPT-EARLY-CHILDHOOD-SPECIAL-E-0E3811,CAT-EARLY-CHILDHOOD--OCCUPANT-EXPERIENC-D6C864,SUB-EARLY-CHILDH-OCCUPANT-E-SAFETY-AND-SUPERVI-A1469C,ES,ES,,What type of visibility is provided into the space from adjacent interior spaces or circulation?,,MultiSelect,Inventory,RecordedOnly,0,EqualWeight_Unscored,,3460,True,True,ECSE,94
EC-021,EC-021,SRV-STUDIOS,Studios,Special Education,SPT-EARLY-CHILDHOOD-SPECIAL-E-0E3811,CAT-EARLY-CHILDHOOD--OCCUPANT-EXPERIENC-D6C864,SUB-EARLY-CHILDH-OCCUPANT-E-SAFETY-AND-SUPERVI-A1469C,ES,ES,,How much of the wall facing the adjacent interior space or circulation is made up of interior window?,,SingleSelect,Inventory,RecordedOnly,0,EqualWeight_Unscored,"EC-020 includes ""Full-height interior window"" or ""Half-height interior window""",3470,True,True,ECSE,100
EC-022,EC-022,SRV-STUDIOS,Studios,Special Education,SPT-EARLY-CHILDHOOD-SPECIAL-E-0E3811,CAT-EARLY-CHILDHOOD--OCCUPANT-EXPERIENC-D6C864,SUB-EARLY-CHILDH-OCCUPANT-E-SAFETY-AND-SUPERVI-A1469C,ES,ES,,Select all that apply (safety),,MultiSelect,Evaluation,MixedItemScoring,12,EqualWeight,,3480,True,True,ECSE,104
EC-023,EC-023,SRV-STUDIOS,Studios,Special Education,SPT-EARLY-CHILDHOOD-SPECIAL-E-0E3811,CAT-EARLY-CHILDHOOD--AMENITIES-DFA778,SUB-EARLY-CHILDH-AMENITIES-FURNITURE-AND-EQUI-1379E4,ES,ES,,Select all that are present (furniture),,MultiSelect,Inventory,RecordedOnly,0,EqualWeight_Unscored,,3490,True,True,ECSE,110
EC-024,EC-024,SRV-STUDIOS,Studios,Special Education,SPT-EARLY-CHILDHOOD-SPECIAL-E-0E3811,CAT-EARLY-CHILDHOOD--AMENITIES-DFA778,SUB-EARLY-CHILDH-AMENITIES-FURNITURE-AND-EQUI-1379E4,ES,ES,,How easily can the furniture be rearranged?,,SingleSelect,Evaluation,SingleResponse,12,EqualWeight,,3500,True,True,ECSE,123
EC-025,EC-025,SRV-STUDIOS,Studios,Special Education,SPT-EARLY-CHILDHOOD-SPECIAL-E-0E3811,CAT-EARLY-CHILDHOOD--AMENITIES-DFA778,SUB-EARLY-CHILDH-AMENITIES-FURNITURE-AND-EQUI-1379E4,ES,ES,,"How varied are the seating options for students (i.e., are multiple seating types available)?",,SingleSelect,Evaluation,SingleResponse,12,EqualWeight,,3510,True,True,ECSE,127
EC-026,EC-026,SRV-STUDIOS,Studios,Special Education,SPT-EARLY-CHILDHOOD-SPECIAL-E-0E3811,CAT-EARLY-CHILDHOOD--AMENITIES-DFA778,SUB-EARLY-CHILDH-AMENITIES-FURNITURE-AND-EQUI-1379E4,ES,ES,,What is the condition of the furniture?,,SingleSelect,Evaluation,SingleResponse,12,EqualWeight,,3520,True,True,ECSE,132
EC-027,EC-027,SRV-STUDIOS,Studios,Special Education,SPT-EARLY-CHILDHOOD-SPECIAL-E-0E3811,CAT-EARLY-CHILDHOOD--INFRASTRUCTURE-563F10,SUB-EARLY-CHILDH-INFRASTRUC-FLOORING-AND-SURFA-41AD64,ES,ES,,What type of flooring is in the space?,,SingleSelect,Evaluation,SingleResponse,12,EqualWeight,,3530,True,True,ECSE,136
EC-028,EC-028,SRV-STUDIOS,Studios,Special Education,SPT-EARLY-CHILDHOOD-SPECIAL-E-0E3811,CAT-EARLY-CHILDHOOD--FUNCTION-7CA275,SUB-EARLY-CHILDH-FUNCTION-ADJACENCY-AND-ACCE-ADC813,ES,ES,,What access does the space have to a collaboration space?,,SingleSelect,Evaluation,SingleResponse,12,EqualWeight,,3540,True,True,ECSE,141
EC-029,EC-029,SRV-STUDIOS,Studios,Special Education,SPT-EARLY-CHILDHOOD-SPECIAL-E-0E3811,CAT-EARLY-CHILDHOOD--FUNCTION-7CA275,SUB-EARLY-CHILDH-FUNCTION-ADJACENCY-AND-ACCE-ADC813,ES,ES,,What access does the space have to a small group room?,Supports connection to shared learning spaces,SingleSelect,Evaluation,SingleResponse,12,EqualWeight,,3550,True,True,ECSE,146
EC-030,EC-030,SRV-STUDIOS,Studios,Special Education,SPT-EARLY-CHILDHOOD-SPECIAL-E-0E3811,CAT-EARLY-CHILDHOOD--FUNCTION-7CA275,SUB-EARLY-CHILDH-FUNCTION-ADJACENCY-AND-ACCE-ADC813,ES,ES,,Select all that are present (visibility into adjacent spaces),Allows teachers to send students to work independently outside the studio while remaining supervised,MultiSelect,Evaluation,MixedItemScoring,12,EqualWeight,,3560,True,True,ECSE,151
EC-031,EC-031,SRV-STUDIOS,Studios,Special Education,SPT-EARLY-CHILDHOOD-SPECIAL-E-0E3811,CAT-EARLY-CHILDHOOD--OCCUPANT-EXPERIENC-D6C864,SUB-EARLY-CHILDH-OCCUPANT-E-CIRCULATION-AND-EG-4A8C36,ES,ES,,"Is there a door into the space that is a minimum 42"" wide?",,YesNo,Evaluation,SingleResponse,12,EqualWeight,,3570,True,True,ECSE,155
EC-032,EC-032,SRV-STUDIOS,Studios,Special Education,SPT-EARLY-CHILDHOOD-SPECIAL-E-0E3811,CAT-EARLY-CHILDHOOD--FUNCTION-7CA275,SUB-EARLY-CHILDH-FUNCTION-ADJACENCY-AND-ACCE-ADC813,ES,ES,,What restroom access is provided for the studio?,,SingleSelect,Evaluation,SingleResponse,12,EqualWeight,,3580,True,True,ECSE,159
EC-033,EC-033,SRV-STUDIOS,Studios,Special Education,SPT-EARLY-CHILDHOOD-SPECIAL-E-0E3811,CAT-EARLY-CHILDHOOD--FUNCTION-7CA275,SUB-EARLY-CHILDH-FUNCTION-ADJACENCY-AND-ACCE-ADC813,ES,ES,,"If the restroom is located within the studio, is there a secondary door between the studio and the restroom?",,YesNo,Evaluation,SingleResponse,12,EqualWeight,"EC-032 = ""Ensuite restroom with a Dutch door"" or ""Ensuite restroom without a Dutch door""",3590,True,True,ECSE,165
EC-034,EC-034,SRV-STUDIOS,Studios,Special Education,SPT-EARLY-CHILDHOOD-SPECIAL-E-0E3811,CAT-EARLY-CHILDHOOD--AMENITIES-DFA778,SUB-EARLY-CHILDH-AMENITIES-FURNITURE-AND-EQUI-1379E4,ES,ES,,Is there a changing table in the main restroom used by the class?,,YesNo,Evaluation,SingleResponse,12,EqualWeight,,3600,True,True,ECSE,169
EC-035,EC-035,SRV-STUDIOS,Studios,Special Education,SPT-EARLY-CHILDHOOD-SPECIAL-E-0E3811,CAT-EARLY-CHILDHOOD--INFRASTRUCTURE-563F10,SUB-EARLY-CHILDH-INFRASTRUC-UTILITIES-AND-TECH-8F1475,ES,ES,,Select all that apply (kitchenette),,MultiSelect,Evaluation,MixedItemScoring,12,EqualWeight,,3610,True,True,ECSE,173
EC-036,EC-036,SRV-STUDIOS,Studios,Special Education,SPT-EARLY-CHILDHOOD-SPECIAL-E-0E3811,CAT-EARLY-CHILDHOOD--INFRASTRUCTURE-563F10,SUB-EARLY-CHILDH-INFRASTRUC-UTILITIES-AND-TECH-8F1475,ES,ES,,Select all that apply (general inventory),,MultiSelect,Inventory,RecordedOnly,0,EqualWeight_Unscored,,3620,True,True,ECSE,177
EC-037,EC-037,SRV-STUDIOS,Studios,Special Education,SPT-EARLY-CHILDHOOD-SPECIAL-E-77C06E,CAT-EARLY-CHILDHOOD--OBSERVATIONAL-72495F,SUB-EARLY-CHILDH-OBSERVATIO-OBSERVATIONAL-C7BDFB,ES,ES,,Can the environment support developmentally appropriate learning? (check all that apply),,MultiSelect,Observational,RecordedOnly,0,EqualWeight_Unscored,,3630,True,True,ECSE,182
MS-003,MS-003,SRV-STUDIOS,Studios,Studios,SPT-MAKER-SPACE-57653D,CAT-MAKER-SPACE-FUNCTION-B02A23,SUB-MAKER-SPACE-FUNCTION-LAYOUT-AND-FLEXIBI-3D053D,ALL,ALL,,Does the room shape allow for clear sightlines within the room and flexible room configuration options?,,YesNo,Evaluation,SingleResponse,12,EqualWeight,,3640,True,True,Maker Space,16
MS-004,MS-004,SRV-STUDIOS,Studios,Studios,SPT-MAKER-SPACE-57653D,CAT-MAKER-SPACE-INFRASTRUCTURE-BC734F,SUB-MAKER-SPACE-INFRASTRUC-UTILITIES-AND-TECH-A6667C,ALL,ALL,,Select all that apply (lighting),,MultiSelect,Evaluation,MixedItemScoring,12,EqualWeight,,3650,True,True,Maker Space,20
MS-005,MS-005,SRV-STUDIOS,Studios,Studios,SPT-MAKER-SPACE-57653D,CAT-MAKER-SPACE-OCCUPANT-EXPERIENC-15ABA2,SUB-MAKER-SPACE-OCCUPANT-E-AESTHETICS-6CB920,ALL,ALL,,Which of the following describes the condition of the wall finishes?,,SingleSelect,Evaluation,SingleResponse,12,EqualWeight,,3660,True,True,Maker Space,24
MS-006,MS-006,SRV-STUDIOS,Studios,Studios,SPT-MAKER-SPACE-57653D,CAT-MAKER-SPACE-OCCUPANT-EXPERIENC-15ABA2,SUB-MAKER-SPACE-OCCUPANT-E-OCCUPANT-COMFORT-89B4D9,ALL,ALL,,Are there exterior windows?,,YesNo,Evaluation,SingleResponse,12,EqualWeight,,3670,True,True,Maker Space,29
MS-007,MS-007,SRV-STUDIOS,Studios,Studios,SPT-MAKER-SPACE-57653D,CAT-MAKER-SPACE-OCCUPANT-EXPERIENC-15ABA2,SUB-MAKER-SPACE-OCCUPANT-E-OCCUPANT-COMFORT-89B4D9,ALL,ALL,,"Is daylight accessible through another means (e.g., an interior window shared with a space that has exterior windows)?",,SingleSelect,Evaluation,SingleResponse,12,EqualWeight,"MS-006 = ""No""",3680,True,True,Maker Space,33
MS-008,MS-008,SRV-STUDIOS,Studios,Studios,SPT-MAKER-SPACE-57653D,CAT-MAKER-SPACE-OCCUPANT-EXPERIENC-15ABA2,SUB-MAKER-SPACE-OCCUPANT-E-OCCUPANT-COMFORT-89B4D9,ALL,ALL,,Select all that apply (exterior windows),,MultiSelect,Evaluation,MixedItemScoring,12,EqualWeight,"MS-006 = ""Yes""",3690,True,True,Maker Space,38
MS-009,MS-009,SRV-STUDIOS,Studios,Studios,SPT-MAKER-SPACE-57653D,CAT-MAKER-SPACE-OCCUPANT-EXPERIENC-15ABA2,SUB-MAKER-SPACE-OCCUPANT-E-OCCUPANT-COMFORT-89B4D9,ALL,ALL,,What window coverings are provided on exterior windows?,,SingleSelect,Evaluation,SingleResponse,12,EqualWeight,"MS-006 = ""Yes""",3700,True,True,Maker Space,42
MS-010,MS-010,SRV-STUDIOS,Studios,Studios,SPT-MAKER-SPACE-57653D,CAT-MAKER-SPACE-AMENITIES-674FB8,SUB-MAKER-SPACE-AMENITIES-DISPLAY-AND-PRESEN-8BF9DE,ES,ES,,"How much writable surface (e.g., markerboard) is provided, excluding glass? Include both fixed and mobile writable surfaces.",,SingleSelect,Evaluation,SingleResponse,12,EqualWeight,,3710,True,True,Maker Space,48
MS-011,MS-011,SRV-STUDIOS,Studios,Studios,SPT-MAKER-SPACE-57653D,CAT-MAKER-SPACE-AMENITIES-674FB8,SUB-MAKER-SPACE-AMENITIES-DISPLAY-AND-PRESEN-8BF9DE,MS+HS,MS+HS,,"How much writable surface (e.g., markerboard) is provided, excluding glass? Include both fixed and mobile writable surfaces.",,SingleSelect,Evaluation,SingleResponse,12,EqualWeight,,3720,True,True,Maker Space,54
MS-012,MS-012,SRV-STUDIOS,Studios,Studios,SPT-MAKER-SPACE-57653D,CAT-MAKER-SPACE-AMENITIES-674FB8,SUB-MAKER-SPACE-AMENITIES-DISPLAY-AND-PRESEN-8BF9DE,ALL,ALL,,Which built-in systems for displaying student work are provided?,,MultiSelect,Inventory,RecordedOnly,0,EqualWeight_Unscored,,3730,True,True,Maker Space,62
MS-013,MS-013,SRV-STUDIOS,Studios,Studios,SPT-MAKER-SPACE-57653D,CAT-MAKER-SPACE-AMENITIES-674FB8,SUB-MAKER-SPACE-AMENITIES-DISPLAY-AND-PRESEN-8BF9DE,ALL,ALL,,How much tackboard/tackwall/tackstrip is provided? Include both fixed and mobile surfaces.,,SingleSelect,Evaluation,SingleResponse,12,EqualWeight,,3740,True,True,Maker Space,68
MS-014,MS-014,SRV-STUDIOS,Studios,Studios,SPT-MAKER-SPACE-57653D,CAT-MAKER-SPACE-AMENITIES-674FB8,SUB-MAKER-SPACE-AMENITIES-STORAGE-A84F3B,ALL,ALL,,How much casework is provided in the space?,,SingleSelect,Evaluation,SingleResponse,12,EqualWeight,,3750,True,True,Maker Space,74
MS-015,MS-015,SRV-STUDIOS,Studios,Studios,SPT-MAKER-SPACE-57653D,CAT-MAKER-SPACE-AMENITIES-674FB8,SUB-MAKER-SPACE-AMENITIES-STORAGE-A84F3B,ES,ES,,How much countertop is provided in the space?,,SingleSelect,Evaluation,SingleResponse,12,EqualWeight,,3760,True,True,Maker Space,78
MS-016,MS-016,SRV-STUDIOS,Studios,Studios,SPT-MAKER-SPACE-57653D,CAT-MAKER-SPACE-AMENITIES-674FB8,SUB-MAKER-SPACE-AMENITIES-STORAGE-A84F3B,MS+HS,MS+HS,,How much countertop is provided in the space?,,SingleSelect,Evaluation,SingleResponse,12,EqualWeight,,3770,True,True,Maker Space,82
MS-017,MS-017,SRV-STUDIOS,Studios,Studios,SPT-MAKER-SPACE-57653D,CAT-MAKER-SPACE-AMENITIES-674FB8,SUB-MAKER-SPACE-AMENITIES-STORAGE-A84F3B,ALL,ALL,,Select all that apply (storage),,MultiSelect,Evaluation,MixedItemScoring,12,EqualWeight,,3780,True,True,Maker Space,86
MS-018,MS-018,SRV-STUDIOS,Studios,Studios,SPT-MAKER-SPACE-57653D,CAT-MAKER-SPACE-AMENITIES-674FB8,SUB-MAKER-SPACE-AMENITIES-STORAGE-A84F3B,ALL,ALL,,How sufficient does the storage appear for the space's program needs?,,SingleSelect,Evaluation,SingleResponse,12,EqualWeight,,3790,True,True,Maker Space,95
MS-019,MS-019,SRV-STUDIOS,Studios,Studios,SPT-MAKER-SPACE-57653D,CAT-MAKER-SPACE-INFRASTRUCTURE-BC734F,SUB-MAKER-SPACE-INFRASTRUC-UTILITIES-AND-TECH-A6667C,ALL,ALL,,Are there any visible workarounds accommodating a lack of power outlets?,,YesNo,Evaluation,SingleResponse,12,EqualWeight,,3800,True,True,Maker Space,100
MS-020,MS-020,SRV-STUDIOS,Studios,Studios,SPT-MAKER-SPACE-57653D,CAT-MAKER-SPACE-OCCUPANT-EXPERIENC-15ABA2,SUB-MAKER-SPACE-OCCUPANT-E-OCCUPANT-COMFORT-89B4D9,ALL,ALL,,Select one (temperature control),,SingleSelect,Evaluation,SingleResponse,12,EqualWeight,,3810,True,True,Maker Space,104
MS-021,MS-021,SRV-STUDIOS,Studios,Studios,SPT-MAKER-SPACE-57653D,CAT-MAKER-SPACE-OCCUPANT-EXPERIENC-15ABA2,SUB-MAKER-SPACE-OCCUPANT-E-SAFETY-AND-SUPERVI-D5DBA2,ALL,ALL,,What type of visibility is provided into the space from adjacent interior spaces or circulation?,,MultiSelect,Inventory,RecordedOnly,0,EqualWeight_Unscored,,3820,True,True,Maker Space,109
MS-022,MS-022,SRV-STUDIOS,Studios,Studios,SPT-MAKER-SPACE-57653D,CAT-MAKER-SPACE-OCCUPANT-EXPERIENC-15ABA2,SUB-MAKER-SPACE-OCCUPANT-E-SAFETY-AND-SUPERVI-D5DBA2,ALL,ALL,,How much of the wall facing the adjacent interior space or circulation is made up of interior window?,,SingleSelect,Inventory,RecordedOnly,0,EqualWeight_Unscored,"MS-021 includes ""Full-height interior window"" or ""Half-height interior window""",3830,True,True,Maker Space,115
MS-023,MS-023,SRV-STUDIOS,Studios,Studios,SPT-MAKER-SPACE-57653D,CAT-MAKER-SPACE-OCCUPANT-EXPERIENC-15ABA2,SUB-MAKER-SPACE-OCCUPANT-E-SAFETY-AND-SUPERVI-D5DBA2,ALL,ALL,,Select all that apply (safety),,MultiSelect,Evaluation,MixedItemScoring,12,EqualWeight,,3840,True,True,Maker Space,119
MS-024,MS-024,SRV-STUDIOS,Studios,Studios,SPT-MAKER-SPACE-57653D,CAT-MAKER-SPACE-AMENITIES-674FB8,SUB-MAKER-SPACE-AMENITIES-FURNITURE-AND-EQUI-968F87,ALL,ALL,,Select all that are present (furniture),,MultiSelect,Inventory,RecordedOnly,0,EqualWeight_Unscored,,3850,True,True,Maker Space,125
MS-025,MS-025,SRV-STUDIOS,Studios,Studios,SPT-MAKER-SPACE-57653D,CAT-MAKER-SPACE-AMENITIES-674FB8,SUB-MAKER-SPACE-AMENITIES-FURNITURE-AND-EQUI-968F87,ALL,ALL,,How easily can the furniture be rearranged?,,SingleSelect,Evaluation,SingleResponse,12,EqualWeight,,3860,True,True,Maker Space,138
MS-026,MS-026,SRV-STUDIOS,Studios,Studios,SPT-MAKER-SPACE-57653D,CAT-MAKER-SPACE-AMENITIES-674FB8,SUB-MAKER-SPACE-AMENITIES-FURNITURE-AND-EQUI-968F87,ALL,ALL,,What is the condition of the furniture?,,SingleSelect,Evaluation,SingleResponse,12,EqualWeight,,3870,True,True,Maker Space,142
MS-027,MS-027,SRV-STUDIOS,Studios,Studios,SPT-MAKER-SPACE-57653D,CAT-MAKER-SPACE-INFRASTRUCTURE-BC734F,SUB-MAKER-SPACE-INFRASTRUC-FLOORING-AND-SURFA-B0F763,ALL,ALL,,What type of flooring is in the space?,,SingleSelect,Evaluation,SingleResponse,12,EqualWeight,,3880,True,True,Maker Space,146
MS-028,MS-028,SRV-STUDIOS,Studios,Studios,SPT-MAKER-SPACE-57653D,CAT-MAKER-SPACE-FUNCTION-B02A23,SUB-MAKER-SPACE-FUNCTION-ADJACENCY-AND-ACCE-D35C95,ALL,ALL,,What access does the space have to a collaboration space?,,SingleSelect,Evaluation,SingleResponse,12,EqualWeight,,3890,True,True,Maker Space,151
MS-029,MS-029,SRV-STUDIOS,Studios,Studios,SPT-MAKER-SPACE-57653D,CAT-MAKER-SPACE-FUNCTION-B02A23,SUB-MAKER-SPACE-FUNCTION-ADJACENCY-AND-ACCE-D35C95,ES,ES,,What access does the space have to the exterior?,,SingleSelect,Inventory,RecordedOnly,0,EqualWeight_Unscored,,3900,True,True,Maker Space,156
MS-030,MS-030,SRV-STUDIOS,Studios,Studios,SPT-MAKER-SPACE-57653D,CAT-MAKER-SPACE-FUNCTION-B02A23,SUB-MAKER-SPACE-FUNCTION-ADJACENCY-AND-ACCE-D35C95,MS+HS,MS+HS,,What access does the space have to the exterior?,,SingleSelect,Inventory,RecordedOnly,0,EqualWeight_Unscored,,3910,True,True,Maker Space,162
MS-031,MS-031,SRV-STUDIOS,Studios,Studios,SPT-MAKER-SPACE-57653D,CAT-MAKER-SPACE-INFRASTRUCTURE-BC734F,SUB-MAKER-SPACE-INFRASTRUC-UTILITIES-AND-TECH-A6667C,ALL,ALL,,Select all that apply (plumbing fixtures),,MultiSelect,Evaluation,MixedItemScoring,12,EqualWeight,,3920,True,True,Maker Space,168
MS-032,MS-032,SRV-STUDIOS,Studios,Studios,SPT-MAKER-SPACE-57653D,CAT-MAKER-SPACE-FUNCTION-B02A23,SUB-MAKER-SPACE-FUNCTION-ADJACENCY-AND-ACCE-D35C95,ALL,ALL,,What access does the space have to the exterior?,,SingleSelect,Evaluation,SingleResponse,12,EqualWeight,,3930,True,True,Maker Space,173
MS-033,MS-033,SRV-STUDIOS,Studios,Studios,SPT-MAKER-SPACE-57653D,CAT-MAKER-SPACE-INFRASTRUCTURE-BC734F,SUB-MAKER-SPACE-INFRASTRUC-UTILITIES-AND-TECH-A6667C,ALL,ALL,,Select all that apply (general inventory),,MultiSelect,Inventory,RecordedOnly,0,EqualWeight_Unscored,,3940,True,True,Maker Space,178
MS-034,MS-034,SRV-STUDIOS,Studios,Studios,SPT-MAKER-SPACE-57653D,CAT-MAKER-SPACE-OBSERVATIONAL-C2E279,SUB-MAKER-SPACE-OBSERVATIO-OBSERVATIONAL-013D49,ALL,ALL,,"Can the environment support creative problem-solving, innovation, and project-based learning? (Check all that apply)",,MultiSelect,Observational,RecordedOnly,0,EqualWeight_Unscored,,3950,True,True,Maker Space,183
MS-035,MS-035,SRV-STUDIOS,Studios,Studios,SPT-MAKER-SPACE-57653D,CAT-MAKER-SPACE-OBSERVATIONAL-C2E279,SUB-MAKER-SPACE-OBSERVATIO-OBSERVATIONAL-013D49,ALL,ALL,,Makerspaces are observed being used for hands-on learning.,,YesNo,Observational,RecordedOnly,0,EqualWeight_Unscored,,3960,True,True,Maker Space,189
SE-001,SE-001,SRV-SPECIAL-EDUCATION,Special Education,Special Education,SPT-SPECIAL-EDUCATION-SUITE-87FB39,CAT-SPECIAL-EDUCATIO-FUNCTION-121105,SUB-SPECIAL-EDUC-FUNCTION-AVAILABILITY-DCDF39,ES,ES,,Select all that apply (spaces checklist),Supports centralized special education services,MultiSelect,Evaluation,MixedItemScoring,12,EqualWeight,,3970,True,True,Special Education,2
SE-002,SE-002,SRV-SPECIAL-EDUCATION,Special Education,Special Education,SPT-SPECIAL-EDUCATION-SUITE-87FB39,CAT-SPECIAL-EDUCATIO-FUNCTION-121105,SUB-SPECIAL-EDUC-FUNCTION-AVAILABILITY-DCDF39,MS,MS,,Select all that apply (spaces checklist),Supports centralized special education services,MultiSelect,Evaluation,MixedItemScoring,12,EqualWeight,,3980,True,True,Special Education,11
SE-003,SE-003,SRV-SPECIAL-EDUCATION,Special Education,Special Education,SPT-SPECIAL-EDUCATION-SUITE-87FB39,CAT-SPECIAL-EDUCATIO-FUNCTION-121105,SUB-SPECIAL-EDUC-FUNCTION-AVAILABILITY-DCDF39,HS,HS,,Select all that apply (spaces checklist),Supports centralized special education services,MultiSelect,Evaluation,MixedItemScoring,12,EqualWeight,,3990,True,True,Special Education,22
SE-004,SE-004,SRV-SPECIAL-EDUCATION,Special Education,Special Education,SPT-SPECIAL-EDUCATION-SUITE-87FB39,CAT-SPECIAL-EDUCATIO-FUNCTION-121105,SUB-SPECIAL-EDUC-FUNCTION-ADJACENCY-AND-ACCE-AB9082,ALL,ALL,,Is the Special Education suite located in close proximity to central administration and the main entry?,,YesNo,Evaluation,SingleResponse,12,EqualWeight,,4000,True,True,Special Education,34
SE-005,SE-005,SRV-SPECIAL-EDUCATION,Special Education,Special Education,SPT-SPECIAL-EDUCATION-SUITE-87FB39,CAT-SPECIAL-EDUCATIO-OCCUPANT-EXPERIENC-F8A138,SUB-SPECIAL-EDUC-OCCUPANT-E-CIRCULATION-AND-EG-711395,ES,ES,,Select all that apply (42-inch door opening),Supports movement of equipment and mobility devices,MultiSelect,Evaluation,MixedItemScoring,12,EqualWeight,,4010,True,True,Special Education,38
SE-006,SE-006,SRV-SPECIAL-EDUCATION,Special Education,Special Education,SPT-SPECIAL-EDUCATION-SUITE-87FB39,CAT-SPECIAL-EDUCATIO-OCCUPANT-EXPERIENC-F8A138,SUB-SPECIAL-EDUC-OCCUPANT-E-CIRCULATION-AND-EG-711395,MS+HS,MS+HS,,Select all that apply (42-inch door opening),Supports movement of equipment and mobility devices,MultiSelect,Evaluation,MixedItemScoring,12,EqualWeight,,4020,True,True,Special Education,45
SE-007,SE-007,SRV-SPECIAL-EDUCATION,Special Education,Special Education,SPT-SPECIAL-EDUCATION-SUITE-87FB39,CAT-SPECIAL-EDUCATIO-OCCUPANT-EXPERIENC-F8A138,SUB-SPECIAL-EDUC-OCCUPANT-E-SAFETY-AND-SUPERVI-50266F,ALL,ALL,,Select all that apply (visual privacy),"Visual privacy may be achieved through glass frosting/film, or covering (shades or curtains)",MultiSelect,Evaluation,MixedItemScoring,12,EqualWeight,,4030,True,True,Special Education,54
SE-008,SE-008,SRV-SPECIAL-EDUCATION,Special Education,Special Education,SPT-SPECIAL-EDUCATION-SUITE-87FB39,CAT-SPECIAL-EDUCATIO-AMENITIES-98B47A,SUB-SPECIAL-EDUC-AMENITIES-STORAGE-69CA04,ALL,ALL,,Select all that apply (4+ linear feet of casework),,MultiSelect,Evaluation,MixedItemScoring,12,EqualWeight,,4040,True,True,Special Education,60
SN-001,SN-001,SRV-SPECIAL-EDUCATION,Special Education,Special Education,SPT-SENSORY-MOTOR-LAB-3CE0F0,CAT-SENSORY-MOTOR-LA-FUNCTION-450000,SUB-SENSORY-MOTO-FUNCTION-LAYOUT-AND-FLEXIBI-089E93,ALL,ALL,,Does the room shape allow for clear sightlines within the room and flexible room configuration options?,,YesNo,Evaluation,SingleResponse,12,EqualWeight,,4050,True,True,Special Education,66
SN-002,SN-002,SRV-SPECIAL-EDUCATION,Special Education,Special Education,SPT-SENSORY-MOTOR-LAB-3CE0F0,CAT-SENSORY-MOTOR-LA-INFRASTRUCTURE-D6E8FC,SUB-SENSORY-MOTO-INFRASTRUC-UTILITIES-AND-TECH-FCD807,ALL,ALL,,Select all that apply (lighting),,MultiSelect,Evaluation,MixedItemScoring,12,EqualWeight,,4060,True,True,Special Education,70
SN-003,SN-003,SRV-SPECIAL-EDUCATION,Special Education,Special Education,SPT-SENSORY-MOTOR-LAB-3CE0F0,CAT-SENSORY-MOTOR-LA-OCCUPANT-EXPERIENC-804C02,SUB-SENSORY-MOTO-OCCUPANT-E-AESTHETICS-491964,ALL,ALL,,Which of the following describes the condition of the wall finishes?,,SingleSelect,Evaluation,SingleResponse,12,EqualWeight,,4070,True,True,Special Education,74
SN-004,SN-004,SRV-SPECIAL-EDUCATION,Special Education,Special Education,SPT-SENSORY-MOTOR-LAB-3CE0F0,CAT-SENSORY-MOTOR-LA-OCCUPANT-EXPERIENC-804C02,SUB-SENSORY-MOTO-OCCUPANT-E-OCCUPANT-COMFORT-56A15C,ALL,ALL,,Are there exterior windows?,,YesNo,Evaluation,SingleResponse,12,EqualWeight,,4080,True,True,Special Education,79
SN-005,SN-005,SRV-SPECIAL-EDUCATION,Special Education,Special Education,SPT-SENSORY-MOTOR-LAB-3CE0F0,CAT-SENSORY-MOTOR-LA-OCCUPANT-EXPERIENC-804C02,SUB-SENSORY-MOTO-OCCUPANT-E-OCCUPANT-COMFORT-56A15C,ALL,ALL,,"Is daylight accessible through another means (e.g., an interior window shared with a space that has exterior windows)?",,SingleSelect,Evaluation,SingleResponse,12,EqualWeight,"SN-004 = ""No""",4090,True,True,Special Education,83
SN-006,SN-006,SRV-SPECIAL-EDUCATION,Special Education,Special Education,SPT-SENSORY-MOTOR-LAB-3CE0F0,CAT-SENSORY-MOTOR-LA-OCCUPANT-EXPERIENC-804C02,SUB-SENSORY-MOTO-OCCUPANT-E-OCCUPANT-COMFORT-56A15C,ALL,ALL,,Select all that apply (exterior windows),,MultiSelect,Evaluation,MixedItemScoring,12,EqualWeight,"SN-004 = ""Yes""",4100,True,True,Special Education,88
SN-007,SN-007,SRV-SPECIAL-EDUCATION,Special Education,Special Education,SPT-SENSORY-MOTOR-LAB-3CE0F0,CAT-SENSORY-MOTOR-LA-OCCUPANT-EXPERIENC-804C02,SUB-SENSORY-MOTO-OCCUPANT-E-OCCUPANT-COMFORT-56A15C,ALL,ALL,,What window coverings are provided on exterior windows?,,SingleSelect,Evaluation,SingleResponse,12,EqualWeight,"SN-004 = ""Yes""",4110,True,True,Special Education,92
SN-008,SN-008,SRV-SPECIAL-EDUCATION,Special Education,Special Education,SPT-SENSORY-MOTOR-LAB-3CE0F0,CAT-SENSORY-MOTOR-LA-AMENITIES-A06644,SUB-SENSORY-MOTO-AMENITIES-STORAGE-7266B3,ALL,ALL,,Select all that apply (storage),,MultiSelect,Inventory,RecordedOnly,0,EqualWeight_Unscored,,4120,True,True,Special Education,98
SN-009,SN-009,SRV-SPECIAL-EDUCATION,Special Education,Special Education,SPT-SENSORY-MOTOR-LAB-3CE0F0,CAT-SENSORY-MOTOR-LA-AMENITIES-A06644,SUB-SENSORY-MOTO-AMENITIES-STORAGE-7266B3,ALL,ALL,,How sufficient does the storage appear for the space's program needs?,,SingleSelect,Evaluation,SingleResponse,12,EqualWeight,,4130,True,True,Special Education,104
SN-010,SN-010,SRV-SPECIAL-EDUCATION,Special Education,Special Education,SPT-SENSORY-MOTOR-LAB-3CE0F0,CAT-SENSORY-MOTOR-LA-INFRASTRUCTURE-D6E8FC,SUB-SENSORY-MOTO-INFRASTRUC-UTILITIES-AND-TECH-FCD807,ALL,ALL,,Are there any visible workarounds accommodating a lack of power outlets?,,YesNo,Evaluation,SingleResponse,12,EqualWeight,,4140,True,True,Special Education,109
SN-011,SN-011,SRV-SPECIAL-EDUCATION,Special Education,Special Education,SPT-SENSORY-MOTOR-LAB-3CE0F0,CAT-SENSORY-MOTOR-LA-OCCUPANT-EXPERIENC-804C02,SUB-SENSORY-MOTO-OCCUPANT-E-OCCUPANT-COMFORT-56A15C,ALL,ALL,,Select one (temperature control),,SingleSelect,Evaluation,SingleResponse,12,EqualWeight,,4150,True,True,Special Education,113
SN-012,SN-012,SRV-SPECIAL-EDUCATION,Special Education,Special Education,SPT-SENSORY-MOTOR-LAB-3CE0F0,CAT-SENSORY-MOTOR-LA-OCCUPANT-EXPERIENC-804C02,SUB-SENSORY-MOTO-OCCUPANT-E-SAFETY-AND-SUPERVI-E1732D,ALL,ALL,,What type of visibility is provided into the space from adjacent interior spaces or circulation?,,MultiSelect,Evaluation,MixedItemScoring,12,EqualWeight,,4160,True,True,Special Education,118
SN-013,SN-013,SRV-SPECIAL-EDUCATION,Special Education,Special Education,SPT-SENSORY-MOTOR-LAB-3CE0F0,CAT-SENSORY-MOTOR-LA-OCCUPANT-EXPERIENC-804C02,SUB-SENSORY-MOTO-OCCUPANT-E-SAFETY-AND-SUPERVI-E1732D,ALL,ALL,,How much of the wall facing the adjacent interior space or circulation is made up of interior window?,,SingleSelect,Inventory,RecordedOnly,0,EqualWeight_Unscored,"SN-012 includes ""Full-height interior window"" or ""Half-height interior window""",4170,True,True,Special Education,124
SN-014,SN-014,SRV-SPECIAL-EDUCATION,Special Education,Special Education,SPT-SENSORY-MOTOR-LAB-3CE0F0,CAT-SENSORY-MOTOR-LA-OCCUPANT-EXPERIENC-804C02,SUB-SENSORY-MOTO-OCCUPANT-E-SAFETY-AND-SUPERVI-E1732D,ALL,ALL,,Select all that apply (safety),,MultiSelect,Evaluation,MixedItemScoring,12,EqualWeight,,4180,True,True,Special Education,128
SN-015,SN-015,SRV-SPECIAL-EDUCATION,Special Education,Special Education,SPT-SENSORY-MOTOR-LAB-3CE0F0,CAT-SENSORY-MOTOR-LA-AMENITIES-A06644,SUB-SENSORY-MOTO-AMENITIES-FURNITURE-AND-EQUI-1CDB88,ALL,ALL,,Select all that apply (equipment),"Supports movement-based sensory activities, including assistive devices such as tricycles or balance bars",MultiSelect,Inventory,RecordedOnly,0,EqualWeight_Unscored,,4190,True,True,Special Education,134
SN-016,SN-016,SRV-SPECIAL-EDUCATION,Special Education,Special Education,SPT-SENSORY-MOTOR-LAB-3CE0F0,CAT-SENSORY-MOTOR-LA-OCCUPANT-EXPERIENC-804C02,SUB-SENSORY-MOTO-OCCUPANT-E-OCCUPANT-COMFORT-56A15C,ALL,ALL,,Select all that apply (acoustic features),,MultiSelect,Evaluation,MixedItemScoring,12,EqualWeight,,4200,True,True,Special Education,143
SN-017,SN-017,SRV-SPECIAL-EDUCATION,Special Education,Special Education,SPT-SENSORY-MOTOR-LAB-3CE0F0,CAT-SENSORY-MOTOR-LA-INFRASTRUCTURE-D6E8FC,SUB-SENSORY-MOTO-INFRASTRUC-FLOORING-AND-SURFA-C579D7,ALL,ALL,,What type of flooring is in the space?,,SingleSelect,Evaluation,SingleResponse,12,EqualWeight,,4210,True,True,Special Education,149
SN-018,SN-018,SRV-SPECIAL-EDUCATION,Special Education,Special Education,SPT-SENSORY-MOTOR-LAB-3CE0F0,CAT-SENSORY-MOTOR-LA-FUNCTION-450000,SUB-SENSORY-MOTO-FUNCTION-LAYOUT-AND-FLEXIBI-089E93,ALL,ALL,,Is there direct access to storage within or adjacent to the sensory motor lab for manipulatives?,,YesNo,Evaluation,SingleResponse,12,EqualWeight,,4220,True,True,Special Education,156
SE-009,SE-009,SRV-SPECIAL-EDUCATION,Special Education,Special Education,SPT-SENSORY-MOTOR-LAB-EB0A18,CAT-SENSORY-MOTOR-LA-OBSERVATIONAL-FDF25B,SUB-SENSORY-MOTO-OBSERVATIO-OBSERVATIONAL-176BED,ALL,ALL,,"Does the space support individual, one-to-one, and small-group sensory motor learning activities? (check all that apply)",,MultiSelect,Observational,RecordedOnly,0,EqualWeight_Unscored,,4230,True,True,Special Education,160
LS-001,LS-001,SRV-SPECIAL-EDUCATION,Special Education,Special Education,SPT-LIFE-SKILLS-STUDIO-923127,CAT-LIFE-SKILLS-STUD-FUNCTION-AFE64A,SUB-LIFE-SKILLS--FUNCTION-LAYOUT-AND-FLEXIBI-4D553E,ES,ES,,Does the room shape allow for clear sightlines within the room and flexible room configuration options?,,YesNo,Evaluation,SingleResponse,12,EqualWeight,,4240,True,True,Special Education,168
LS-002,LS-002,SRV-SPECIAL-EDUCATION,Special Education,Special Education,SPT-LIFE-SKILLS-STUDIO-923127,CAT-LIFE-SKILLS-STUD-INFRASTRUCTURE-0E8C23,SUB-LIFE-SKILLS--INFRASTRUC-UTILITIES-AND-TECH-3D1946,ES,ES,,Select all that apply (lighting),,MultiSelect,Evaluation,MixedItemScoring,12,EqualWeight,,4250,True,True,Special Education,172
LS-003,LS-003,SRV-SPECIAL-EDUCATION,Special Education,Special Education,SPT-LIFE-SKILLS-STUDIO-923127,CAT-LIFE-SKILLS-STUD-OCCUPANT-EXPERIENC-821598,SUB-LIFE-SKILLS--OCCUPANT-E-AESTHETICS-C10AA7,ES,ES,,Which of the following describes the condition of the wall finishes?,,SingleSelect,Evaluation,SingleResponse,12,EqualWeight,,4260,True,True,Special Education,176
LS-004,LS-004,SRV-SPECIAL-EDUCATION,Special Education,Special Education,SPT-LIFE-SKILLS-STUDIO-923127,CAT-LIFE-SKILLS-STUD-OCCUPANT-EXPERIENC-821598,SUB-LIFE-SKILLS--OCCUPANT-E-OCCUPANT-COMFORT-30226D,ES,ES,,Are there exterior windows?,,YesNo,Evaluation,SingleResponse,12,EqualWeight,,4270,True,True,Special Education,181
LS-005,LS-005,SRV-SPECIAL-EDUCATION,Special Education,Special Education,SPT-LIFE-SKILLS-STUDIO-923127,CAT-LIFE-SKILLS-STUD-OCCUPANT-EXPERIENC-821598,SUB-LIFE-SKILLS--OCCUPANT-E-OCCUPANT-COMFORT-30226D,ES,ES,,"Is daylight accessible through another means (e.g., an interior window shared with a space that has exterior windows)?",,SingleSelect,Evaluation,SingleResponse,12,EqualWeight,"LS-004 = ""No""",4280,True,True,Special Education,185
LS-006,LS-006,SRV-SPECIAL-EDUCATION,Special Education,Special Education,SPT-LIFE-SKILLS-STUDIO-923127,CAT-LIFE-SKILLS-STUD-OCCUPANT-EXPERIENC-821598,SUB-LIFE-SKILLS--OCCUPANT-E-OCCUPANT-COMFORT-30226D,ES,ES,,Select all that apply (exterior windows),,MultiSelect,Evaluation,MixedItemScoring,12,EqualWeight,"LS-004 = ""Yes""",4290,True,True,Special Education,190
LS-007,LS-007,SRV-SPECIAL-EDUCATION,Special Education,Special Education,SPT-LIFE-SKILLS-STUDIO-923127,CAT-LIFE-SKILLS-STUD-OCCUPANT-EXPERIENC-821598,SUB-LIFE-SKILLS--OCCUPANT-E-OCCUPANT-COMFORT-30226D,ES,ES,,What window coverings are provided on exterior windows?,,SingleSelect,Evaluation,SingleResponse,12,EqualWeight,"LS-004 = ""Yes""",4300,True,True,Special Education,194
LS-008,LS-008,SRV-SPECIAL-EDUCATION,Special Education,Special Education,SPT-LIFE-SKILLS-STUDIO-923127,CAT-LIFE-SKILLS-STUD-AMENITIES-406D9A,SUB-LIFE-SKILLS--AMENITIES-STORAGE-E60CBF,ES,ES,,Select all that apply (storage),,MultiSelect,Inventory,RecordedOnly,0,EqualWeight_Unscored,,4310,True,True,Special Education,200
LS-009,LS-009,SRV-SPECIAL-EDUCATION,Special Education,Special Education,SPT-LIFE-SKILLS-STUDIO-923127,CAT-LIFE-SKILLS-STUD-AMENITIES-406D9A,SUB-LIFE-SKILLS--AMENITIES-STORAGE-E60CBF,ES,ES,,How sufficient does the storage appear for the space's program needs?,,SingleSelect,Evaluation,SingleResponse,12,EqualWeight,,4320,True,True,Special Education,205
LS-010,LS-010,SRV-SPECIAL-EDUCATION,Special Education,Special Education,SPT-LIFE-SKILLS-STUDIO-923127,CAT-LIFE-SKILLS-STUD-INFRASTRUCTURE-0E8C23,SUB-LIFE-SKILLS--INFRASTRUC-UTILITIES-AND-TECH-3D1946,ES,ES,,Are there any visible workarounds accommodating a lack of power outlets?,,YesNo,Evaluation,SingleResponse,12,EqualWeight,,4330,True,True,Special Education,210
LS-011,LS-011,SRV-SPECIAL-EDUCATION,Special Education,Special Education,SPT-LIFE-SKILLS-STUDIO-923127,CAT-LIFE-SKILLS-STUD-OCCUPANT-EXPERIENC-821598,SUB-LIFE-SKILLS--OCCUPANT-E-OCCUPANT-COMFORT-30226D,ES,ES,,Select one (temperature control),,SingleSelect,Evaluation,SingleResponse,12,EqualWeight,,4340,True,True,Special Education,214
LS-012,LS-012,SRV-SPECIAL-EDUCATION,Special Education,Special Education,SPT-LIFE-SKILLS-STUDIO-923127,CAT-LIFE-SKILLS-STUD-OCCUPANT-EXPERIENC-821598,SUB-LIFE-SKILLS--OCCUPANT-E-SAFETY-AND-SUPERVI-5BC97F,ES,ES,,What type of visibility is provided into the space from adjacent interior spaces or circulation?,,MultiSelect,Evaluation,MixedItemScoring,12,EqualWeight,,4350,True,True,Special Education,219
LS-013,LS-013,SRV-SPECIAL-EDUCATION,Special Education,Special Education,SPT-LIFE-SKILLS-STUDIO-923127,CAT-LIFE-SKILLS-STUD-OCCUPANT-EXPERIENC-821598,SUB-LIFE-SKILLS--OCCUPANT-E-SAFETY-AND-SUPERVI-5BC97F,ES,ES,,How much of the wall facing the adjacent interior space or circulation is made up of interior window?,,SingleSelect,Inventory,RecordedOnly,0,EqualWeight_Unscored,"LS-012 includes ""Full-height interior window"" or ""Half-height interior window""",4360,True,True,Special Education,225
LS-014,LS-014,SRV-SPECIAL-EDUCATION,Special Education,Special Education,SPT-LIFE-SKILLS-STUDIO-923127,CAT-LIFE-SKILLS-STUD-OCCUPANT-EXPERIENC-821598,SUB-LIFE-SKILLS--OCCUPANT-E-SAFETY-AND-SUPERVI-5BC97F,ES,ES,,Select all that apply (safety),,MultiSelect,Evaluation,MixedItemScoring,12,EqualWeight,,4370,True,True,Special Education,229
LS-015,LS-015,SRV-SPECIAL-EDUCATION,Special Education,Special Education,SPT-LIFE-SKILLS-STUDIO-923127,CAT-LIFE-SKILLS-STUD-AMENITIES-406D9A,SUB-LIFE-SKILLS--AMENITIES-FURNITURE-AND-EQUI-0F5529,ES,ES,,Select all that apply (fixtures and equipment),,MultiSelect,Inventory,RecordedOnly,0,EqualWeight_Unscored,,4380,True,True,Special Education,235
LS-016,LS-016,SRV-SPECIAL-EDUCATION,Special Education,Special Education,SPT-LIFE-SKILLS-STUDIO-923127,CAT-LIFE-SKILLS-STUD-AMENITIES-406D9A,SUB-LIFE-SKILLS--AMENITIES-FURNITURE-AND-EQUI-0F5529,ES,ES,,Select all that are present (furniture),,MultiSelect,Inventory,RecordedOnly,0,EqualWeight_Unscored,,4390,True,True,Special Education,244
LS-017,LS-017,SRV-SPECIAL-EDUCATION,Special Education,Special Education,SPT-LIFE-SKILLS-STUDIO-923127,CAT-LIFE-SKILLS-STUD-AMENITIES-406D9A,SUB-LIFE-SKILLS--AMENITIES-FURNITURE-AND-EQUI-0F5529,ES,ES,,How easily can the furniture be rearranged?,,SingleSelect,Evaluation,SingleResponse,12,EqualWeight,,4400,True,True,Special Education,256
LS-018,LS-018,SRV-SPECIAL-EDUCATION,Special Education,Special Education,SPT-LIFE-SKILLS-STUDIO-923127,CAT-LIFE-SKILLS-STUD-AMENITIES-406D9A,SUB-LIFE-SKILLS--AMENITIES-FURNITURE-AND-EQUI-0F5529,ES,ES,,"How varied are the seating options for students (i.e., seating beyond standard hard chairs, such as soft or active seating)?",,SingleSelect,Evaluation,SingleResponse,12,EqualWeight,,4410,True,True,Special Education,260
LS-019,LS-019,SRV-SPECIAL-EDUCATION,Special Education,Special Education,SPT-LIFE-SKILLS-STUDIO-923127,CAT-LIFE-SKILLS-STUD-AMENITIES-406D9A,SUB-LIFE-SKILLS--AMENITIES-FURNITURE-AND-EQUI-0F5529,ES,ES,,What is the condition of the furniture?,,SingleSelect,Evaluation,SingleResponse,12,EqualWeight,,4420,True,True,Special Education,265
LS-020,LS-020,SRV-SPECIAL-EDUCATION,Special Education,Special Education,SPT-LIFE-SKILLS-STUDIO-923127,CAT-LIFE-SKILLS-STUD-INFRASTRUCTURE-0E8C23,SUB-LIFE-SKILLS--INFRASTRUC-FLOORING-AND-SURFA-C17C44,ES,ES,,What type of flooring is in the space?,,SingleSelect,Inventory,RecordedOnly,0,EqualWeight_Unscored,,4430,True,True,Special Education,269
LS-021,LS-021,SRV-SPECIAL-EDUCATION,Special Education,Special Education,SPT-LIFE-SKILLS-STUDIO-923127,CAT-LIFE-SKILLS-STUD-OCCUPANT-EXPERIENC-821598,SUB-LIFE-SKILLS--OCCUPANT-E-OCCUPANT-COMFORT-30226D,ES,ES,,Select all that apply (acoustic features),,MultiSelect,Evaluation,MixedItemScoring,12,EqualWeight,,4440,True,True,Special Education,276
LS-022,LS-022,SRV-SPECIAL-EDUCATION,Special Education,Special Education,SPT-LIFE-SKILLS-STUDIO-923127,CAT-LIFE-SKILLS-STUD-AMENITIES-406D9A,SUB-LIFE-SKILLS--AMENITIES-DISPLAY-AND-PRESEN-453E4E,ES,ES,,"How much writable surface (e.g., markerboard) is provided, excluding glass? Include both fixed and mobile surfaces.",,SingleSelect,Evaluation,SingleResponse,12,EqualWeight,,4450,True,True,Special Education,282
LS-023,LS-023,SRV-SPECIAL-EDUCATION,Special Education,Special Education,SPT-LIFE-SKILLS-STUDIO-923127,CAT-LIFE-SKILLS-STUD-AMENITIES-406D9A,SUB-LIFE-SKILLS--AMENITIES-DISPLAY-AND-PRESEN-453E4E,ES,ES,,How much tackboard/tackwall is provided? Include both fixed and mobile surfaces.,,SingleSelect,Evaluation,SingleResponse,12,EqualWeight,,4460,True,True,Special Education,290
LS-024,LS-024,SRV-SPECIAL-EDUCATION,Special Education,Special Education,SPT-LIFE-SKILLS-STUDIO-923127,CAT-LIFE-SKILLS-STUD-AMENITIES-406D9A,SUB-LIFE-SKILLS--AMENITIES-STORAGE-E60CBF,ES,ES,,How much casework is provided in the space?,,SingleSelect,Evaluation,SingleResponse,12,EqualWeight,,4470,True,True,Special Education,296
LS-025,LS-025,SRV-SPECIAL-EDUCATION,Special Education,Special Education,SPT-LIFE-SKILLS-STUDIO-923127,CAT-LIFE-SKILLS-STUD-AMENITIES-406D9A,SUB-LIFE-SKILLS--AMENITIES-STORAGE-E60CBF,ES,ES,,How much countertop is provided in the space?,,SingleSelect,Evaluation,SingleResponse,12,EqualWeight,,4480,True,True,Special Education,300
LS-026,LS-026,SRV-SPECIAL-EDUCATION,Special Education,Special Education,SPT-LIFE-SKILLS-STUDIO-923127,CAT-LIFE-SKILLS-STUD-OCCUPANT-EXPERIENC-821598,SUB-LIFE-SKILLS--OCCUPANT-E-SAFETY-AND-SUPERVI-5BC97F,ES,ES,,Is Life Skills in close proximity to a dedicated learner drop-off?,,YesNo,Evaluation,SingleResponse,12,EqualWeight,,4490,True,True,Special Education,304
LS-027,LS-027,SRV-SPECIAL-EDUCATION,Special Education,Special Education,SPT-LIFE-SKILLS-STUDIO-923127,CAT-LIFE-SKILLS-STUD-OCCUPANT-EXPERIENC-821598,SUB-LIFE-SKILLS--OCCUPANT-E-SAFETY-AND-SUPERVI-5BC97F,ES,ES,,What restroom access is provided for the Life Skills suite?,,SingleSelect,Evaluation,SingleResponse,12,EqualWeight,,4500,True,True,Special Education,308
LS-028,LS-028,SRV-SPECIAL-EDUCATION,Special Education,Special Education,SPT-LIFE-SKILLS-STUDIO-923127,CAT-LIFE-SKILLS-STUD-OCCUPANT-EXPERIENC-821598,SUB-LIFE-SKILLS--OCCUPANT-E-SAFETY-AND-SUPERVI-5BC97F,ES,ES,,Does the restroom appear to be ADA-compliant?,,YesNo,Evaluation,SingleResponse,12,EqualWeight,,4510,True,True,Special Education,313
LS-029,LS-029,SRV-SPECIAL-EDUCATION,Special Education,Special Education,SPT-LIFE-SKILLS-STUDIO-923127,CAT-LIFE-SKILLS-STUD-OCCUPANT-EXPERIENC-821598,SUB-LIFE-SKILLS--OCCUPANT-E-SAFETY-AND-SUPERVI-5BC97F,ES,ES,,Select all that are present (restroom),,MultiSelect,Evaluation,MixedItemScoring,12,EqualWeight,,4520,True,True,Special Education,317
VO-001,VO-001,SRV-SPECIAL-EDUCATION,Special Education,Special Education,SPT-VOCATIONAL-LAB-534CA6,CAT-VOCATIONAL-LAB-FUNCTION-8CF6F5,SUB-VOCATIONAL-L-FUNCTION-LAYOUT-AND-FLEXIBI-789445,MS+HS,MS+HS,,Does the room shape allow for clear sightlines within the room and flexible room configuration options?,,YesNo,Evaluation,SingleResponse,12,EqualWeight,,4530,True,True,Special Education,321
VO-002,VO-002,SRV-SPECIAL-EDUCATION,Special Education,Special Education,SPT-VOCATIONAL-LAB-534CA6,CAT-VOCATIONAL-LAB-INFRASTRUCTURE-6D0F73,SUB-VOCATIONAL-L-INFRASTRUC-UTILITIES-AND-TECH-A8C72D,MS+HS,MS+HS,,Select all that apply (lighting),,MultiSelect,Evaluation,MixedItemScoring,12,EqualWeight,,4540,True,True,Special Education,325
VO-003,VO-003,SRV-SPECIAL-EDUCATION,Special Education,Special Education,SPT-VOCATIONAL-LAB-534CA6,CAT-VOCATIONAL-LAB-OCCUPANT-EXPERIENC-77F7A2,SUB-VOCATIONAL-L-OCCUPANT-E-AESTHETICS-62EE1B,MS+HS,MS+HS,,Which of the following describes the condition of the wall finishes?,,SingleSelect,Evaluation,SingleResponse,12,EqualWeight,,4550,True,True,Special Education,329
VO-004,VO-004,SRV-SPECIAL-EDUCATION,Special Education,Special Education,SPT-VOCATIONAL-LAB-534CA6,CAT-VOCATIONAL-LAB-OCCUPANT-EXPERIENC-77F7A2,SUB-VOCATIONAL-L-OCCUPANT-E-OCCUPANT-COMFORT-2779FA,MS+HS,MS+HS,,Are there exterior windows?,,YesNo,Evaluation,SingleResponse,12,EqualWeight,,4560,True,True,Special Education,334
VO-005,VO-005,SRV-SPECIAL-EDUCATION,Special Education,Special Education,SPT-VOCATIONAL-LAB-534CA6,CAT-VOCATIONAL-LAB-OCCUPANT-EXPERIENC-77F7A2,SUB-VOCATIONAL-L-OCCUPANT-E-OCCUPANT-COMFORT-2779FA,MS+HS,MS+HS,,"Is daylight accessible through another means (e.g., an interior window shared with a space that has exterior windows)?",,SingleSelect,Evaluation,SingleResponse,12,EqualWeight,"VO-004 = ""No""",4570,True,True,Special Education,338
VO-006,VO-006,SRV-SPECIAL-EDUCATION,Special Education,Special Education,SPT-VOCATIONAL-LAB-534CA6,CAT-VOCATIONAL-LAB-OCCUPANT-EXPERIENC-77F7A2,SUB-VOCATIONAL-L-OCCUPANT-E-OCCUPANT-COMFORT-2779FA,MS+HS,MS+HS,,Select all that apply (exterior windows),,MultiSelect,Evaluation,MixedItemScoring,12,EqualWeight,"VO-004 = ""Yes""",4580,True,True,Special Education,343
VO-007,VO-007,SRV-SPECIAL-EDUCATION,Special Education,Special Education,SPT-VOCATIONAL-LAB-534CA6,CAT-VOCATIONAL-LAB-OCCUPANT-EXPERIENC-77F7A2,SUB-VOCATIONAL-L-OCCUPANT-E-OCCUPANT-COMFORT-2779FA,MS+HS,MS+HS,,What window coverings are provided on exterior windows?,,SingleSelect,Evaluation,SingleResponse,12,EqualWeight,"VO-004 = ""Yes""",4590,True,True,Special Education,347
VO-008,VO-008,SRV-SPECIAL-EDUCATION,Special Education,Special Education,SPT-VOCATIONAL-LAB-534CA6,CAT-VOCATIONAL-LAB-AMENITIES-93289B,SUB-VOCATIONAL-L-AMENITIES-STORAGE-20DB48,MS+HS,MS+HS,,Select all that apply (storage),,MultiSelect,Inventory,RecordedOnly,0,EqualWeight_Unscored,,4600,True,True,Special Education,353
VO-009,VO-009,SRV-SPECIAL-EDUCATION,Special Education,Special Education,SPT-VOCATIONAL-LAB-534CA6,CAT-VOCATIONAL-LAB-AMENITIES-93289B,SUB-VOCATIONAL-L-AMENITIES-STORAGE-20DB48,MS+HS,MS+HS,,How sufficient does the storage appear for the space's program needs?,,SingleSelect,Evaluation,SingleResponse,12,EqualWeight,,4610,True,True,Special Education,360
VO-010,VO-010,SRV-SPECIAL-EDUCATION,Special Education,Special Education,SPT-VOCATIONAL-LAB-534CA6,CAT-VOCATIONAL-LAB-INFRASTRUCTURE-6D0F73,SUB-VOCATIONAL-L-INFRASTRUC-UTILITIES-AND-TECH-A8C72D,MS+HS,MS+HS,,Are there any visible workarounds accommodating a lack of power outlets?,,YesNo,Evaluation,SingleResponse,12,EqualWeight,,4620,True,True,Special Education,365
VO-011,VO-011,SRV-SPECIAL-EDUCATION,Special Education,Special Education,SPT-VOCATIONAL-LAB-534CA6,CAT-VOCATIONAL-LAB-OCCUPANT-EXPERIENC-77F7A2,SUB-VOCATIONAL-L-OCCUPANT-E-OCCUPANT-COMFORT-2779FA,MS+HS,MS+HS,,Select one (temperature control),,SingleSelect,Evaluation,SingleResponse,12,EqualWeight,,4630,True,True,Special Education,369
VO-012,VO-012,SRV-SPECIAL-EDUCATION,Special Education,Special Education,SPT-VOCATIONAL-LAB-534CA6,CAT-VOCATIONAL-LAB-OCCUPANT-EXPERIENC-77F7A2,SUB-VOCATIONAL-L-OCCUPANT-E-SAFETY-AND-SUPERVI-267D26,MS+HS,MS+HS,,What type of visibility is provided into the space from adjacent interior spaces or circulation?,,MultiSelect,Evaluation,MixedItemScoring,12,EqualWeight,,4640,True,True,Special Education,374
VO-013,VO-013,SRV-SPECIAL-EDUCATION,Special Education,Special Education,SPT-VOCATIONAL-LAB-534CA6,CAT-VOCATIONAL-LAB-OCCUPANT-EXPERIENC-77F7A2,SUB-VOCATIONAL-L-OCCUPANT-E-SAFETY-AND-SUPERVI-267D26,MS+HS,MS+HS,,How much of the wall facing the adjacent interior space or circulation is made up of interior window?,,SingleSelect,Inventory,RecordedOnly,0,EqualWeight_Unscored,"VO-012 includes ""Full-height interior window"" or ""Half-height interior window""",4650,True,True,Special Education,380
VO-014,VO-014,SRV-SPECIAL-EDUCATION,Special Education,Special Education,SPT-VOCATIONAL-LAB-534CA6,CAT-VOCATIONAL-LAB-OCCUPANT-EXPERIENC-77F7A2,SUB-VOCATIONAL-L-OCCUPANT-E-SAFETY-AND-SUPERVI-267D26,MS+HS,MS+HS,,Select all that apply (safety),,MultiSelect,Evaluation,MixedItemScoring,12,EqualWeight,,4660,True,True,Special Education,384
VO-015,VO-015,SRV-SPECIAL-EDUCATION,Special Education,Special Education,SPT-VOCATIONAL-LAB-534CA6,CAT-VOCATIONAL-LAB-AMENITIES-93289B,SUB-VOCATIONAL-L-AMENITIES-FURNITURE-AND-EQUI-48B52C,MS+HS,MS+HS,,Select all that apply (fixtures and equipment),,MultiSelect,Inventory,RecordedOnly,0,EqualWeight_Unscored,,4670,True,True,Special Education,390
VO-016,VO-016,SRV-SPECIAL-EDUCATION,Special Education,Special Education,SPT-VOCATIONAL-LAB-534CA6,CAT-VOCATIONAL-LAB-AMENITIES-93289B,SUB-VOCATIONAL-L-AMENITIES-FURNITURE-AND-EQUI-48B52C,MS+HS,MS+HS,,Select all that are present (furniture),,MultiSelect,Inventory,RecordedOnly,0,EqualWeight_Unscored,,4680,True,True,Special Education,403
VO-017,VO-017,SRV-SPECIAL-EDUCATION,Special Education,Special Education,SPT-VOCATIONAL-LAB-534CA6,CAT-VOCATIONAL-LAB-AMENITIES-93289B,SUB-VOCATIONAL-L-AMENITIES-FURNITURE-AND-EQUI-48B52C,MS+HS,MS+HS,,How easily can the furniture be rearranged?,,SingleSelect,Evaluation,SingleResponse,12,EqualWeight,,4690,True,True,Special Education,415
VO-018,VO-018,SRV-SPECIAL-EDUCATION,Special Education,Special Education,SPT-VOCATIONAL-LAB-534CA6,CAT-VOCATIONAL-LAB-AMENITIES-93289B,SUB-VOCATIONAL-L-AMENITIES-FURNITURE-AND-EQUI-48B52C,MS+HS,MS+HS,,"How varied are the seating options for students (i.e., seating beyond standard hard chairs, such as soft or active seating)?",,SingleSelect,Evaluation,SingleResponse,12,EqualWeight,,4700,True,True,Special Education,419
VO-019,VO-019,SRV-SPECIAL-EDUCATION,Special Education,Special Education,SPT-VOCATIONAL-LAB-534CA6,CAT-VOCATIONAL-LAB-AMENITIES-93289B,SUB-VOCATIONAL-L-AMENITIES-FURNITURE-AND-EQUI-48B52C,MS+HS,MS+HS,,What is the condition of the furniture?,,SingleSelect,Evaluation,SingleResponse,12,EqualWeight,,4710,True,True,Special Education,424
VO-020,VO-020,SRV-SPECIAL-EDUCATION,Special Education,Special Education,SPT-VOCATIONAL-LAB-534CA6,CAT-VOCATIONAL-LAB-INFRASTRUCTURE-6D0F73,SUB-VOCATIONAL-L-INFRASTRUC-FLOORING-AND-SURFA-04CD36,MS+HS,MS+HS,,What type of flooring is in the space?,,SingleSelect,Inventory,RecordedOnly,0,EqualWeight_Unscored,,4720,True,True,Special Education,428
VO-021,VO-021,SRV-SPECIAL-EDUCATION,Special Education,Special Education,SPT-VOCATIONAL-LAB-534CA6,CAT-VOCATIONAL-LAB-OCCUPANT-EXPERIENC-77F7A2,SUB-VOCATIONAL-L-OCCUPANT-E-OCCUPANT-COMFORT-2779FA,MS+HS,MS+HS,,Select all that apply (acoustic features),,MultiSelect,Evaluation,MixedItemScoring,12,EqualWeight,,4730,True,True,Special Education,436
VO-022,VO-022,SRV-SPECIAL-EDUCATION,Special Education,Special Education,SPT-VOCATIONAL-LAB-534CA6,CAT-VOCATIONAL-LAB-AMENITIES-93289B,SUB-VOCATIONAL-L-AMENITIES-DISPLAY-AND-PRESEN-BB2F4C,MS+HS,MS+HS,,"How much writable surface (e.g., markerboard) is provided, excluding glass? Include both fixed and mobile surfaces.",,SingleSelect,Evaluation,SingleResponse,12,EqualWeight,,4740,True,True,Special Education,442
VO-023,VO-023,SRV-SPECIAL-EDUCATION,Special Education,Special Education,SPT-VOCATIONAL-LAB-534CA6,CAT-VOCATIONAL-LAB-AMENITIES-93289B,SUB-VOCATIONAL-L-AMENITIES-DISPLAY-AND-PRESEN-BB2F4C,MS+HS,MS+HS,,How much tackboard/tackwall is provided? Include both fixed and mobile surfaces.,,SingleSelect,Evaluation,SingleResponse,12,EqualWeight,,4750,True,True,Special Education,450
VO-024,VO-024,SRV-SPECIAL-EDUCATION,Special Education,Special Education,SPT-VOCATIONAL-LAB-534CA6,CAT-VOCATIONAL-LAB-FUNCTION-8CF6F5,SUB-VOCATIONAL-L-FUNCTION-LAYOUT-AND-FLEXIBI-789445,MS+HS,MS+HS,,Select all that apply (proximities),,MultiSelect,Evaluation,MixedItemScoring,12,EqualWeight,,4760,True,True,Special Education,456
VO-025,VO-025,SRV-SPECIAL-EDUCATION,Special Education,Special Education,SPT-VOCATIONAL-LAB-66AA8F,CAT-VOCATIONAL-LAB-OBSERVATIONAL-0A661B,SUB-VOCATIONAL-L-OBSERVATIO-OBSERVATIONAL-8BBC16,MS+HS,MS+HS,,Does the environment provide realistic settings for practicing daily living skills? (check all that apply),,MultiSelect,Observational,RecordedOnly,0,EqualWeight_Unscored,,4770,True,True,Special Education,460
SP-002,SP-002,SRV-STUDIOS,Studios,Special Education,SPT-SPED-FLEX-STUDIO-8EBAD0,CAT-SPED-FLEX-STUDIO-FUNCTION-89F14E,SUB-SPED-FLEX-ST-FUNCTION-ADJACENCY-AND-ACCE-AF08B7,ALL,ALL,,Is the SPED flex studio integrated into the neighborhood?,,YesNo,Evaluation,SingleResponse,12,EqualWeight,,4780,True,True,Special Education,470
SP-003,SP-003,SRV-STUDIOS,Studios,Special Education,SPT-SPED-FLEX-STUDIO-8EBAD0,CAT-SPED-FLEX-STUDIO-FUNCTION-89F14E,SUB-SPED-FLEX-ST-FUNCTION-LAYOUT-AND-FLEXIBI-CFC5BD,ALL,ALL,,Does the room shape allow for clear sightlines within the room and flexible room configuration options?,,YesNo,Evaluation,SingleResponse,12,EqualWeight,,4790,True,True,Special Education,474
SP-004,SP-004,SRV-STUDIOS,Studios,Special Education,SPT-SPED-FLEX-STUDIO-8EBAD0,CAT-SPED-FLEX-STUDIO-INFRASTRUCTURE-AE1A1E,SUB-SPED-FLEX-ST-INFRASTRUC-UTILITIES-AND-TECH-46ACFF,ALL,ALL,,Select all that apply (lighting),,MultiSelect,Evaluation,MixedItemScoring,12,EqualWeight,,4800,True,True,Special Education,478
SP-005,SP-005,SRV-STUDIOS,Studios,Special Education,SPT-SPED-FLEX-STUDIO-8EBAD0,CAT-SPED-FLEX-STUDIO-OCCUPANT-EXPERIENC-712E43,SUB-SPED-FLEX-ST-OCCUPANT-E-AESTHETICS-4A847A,ALL,ALL,,Which of the following describes the condition of the wall finishes?,,SingleSelect,Evaluation,SingleResponse,12,EqualWeight,,4810,True,True,Special Education,482
SP-006,SP-006,SRV-STUDIOS,Studios,Special Education,SPT-SPED-FLEX-STUDIO-8EBAD0,CAT-SPED-FLEX-STUDIO-OCCUPANT-EXPERIENC-712E43,SUB-SPED-FLEX-ST-OCCUPANT-E-OCCUPANT-COMFORT-084D85,ALL,ALL,,Are there exterior windows?,,YesNo,Evaluation,SingleResponse,12,EqualWeight,,4820,True,True,Special Education,487
SP-007,SP-007,SRV-STUDIOS,Studios,Special Education,SPT-SPED-FLEX-STUDIO-8EBAD0,CAT-SPED-FLEX-STUDIO-OCCUPANT-EXPERIENC-712E43,SUB-SPED-FLEX-ST-OCCUPANT-E-OCCUPANT-COMFORT-084D85,ALL,ALL,,"Is daylight accessible through another means (e.g., an interior window shared with a space that has exterior windows)?",,SingleSelect,Evaluation,SingleResponse,12,EqualWeight,"SP-006 = ""No""",4830,True,True,Special Education,491
SP-008,SP-008,SRV-STUDIOS,Studios,Special Education,SPT-SPED-FLEX-STUDIO-8EBAD0,CAT-SPED-FLEX-STUDIO-OCCUPANT-EXPERIENC-712E43,SUB-SPED-FLEX-ST-OCCUPANT-E-OCCUPANT-COMFORT-084D85,ALL,ALL,,Select all that apply (exterior windows),,MultiSelect,Evaluation,MixedItemScoring,12,EqualWeight,"SP-006 = ""Yes""",4840,True,True,Special Education,496
SP-009,SP-009,SRV-STUDIOS,Studios,Special Education,SPT-SPED-FLEX-STUDIO-8EBAD0,CAT-SPED-FLEX-STUDIO-OCCUPANT-EXPERIENC-712E43,SUB-SPED-FLEX-ST-OCCUPANT-E-OCCUPANT-COMFORT-084D85,ALL,ALL,,What window coverings are provided on exterior windows?,,SingleSelect,Evaluation,SingleResponse,12,EqualWeight,"SP-006 = ""Yes""",4850,True,True,Special Education,500
SP-010,SP-010,SRV-STUDIOS,Studios,Special Education,SPT-SPED-FLEX-STUDIO-8EBAD0,CAT-SPED-FLEX-STUDIO-AMENITIES-BAA830,SUB-SPED-FLEX-ST-AMENITIES-STORAGE-3BEBEC,ALL,ALL,,Select all that apply (storage),,MultiSelect,Inventory,RecordedOnly,0,EqualWeight_Unscored,,4860,True,True,Special Education,506
SP-011,SP-011,SRV-STUDIOS,Studios,Special Education,SPT-SPED-FLEX-STUDIO-8EBAD0,CAT-SPED-FLEX-STUDIO-AMENITIES-BAA830,SUB-SPED-FLEX-ST-AMENITIES-STORAGE-3BEBEC,ALL,ALL,,How sufficient does the storage appear for the space's program needs?,,SingleSelect,Evaluation,SingleResponse,12,EqualWeight,,4870,True,True,Special Education,511
SP-012,SP-012,SRV-STUDIOS,Studios,Special Education,SPT-SPED-FLEX-STUDIO-8EBAD0,CAT-SPED-FLEX-STUDIO-INFRASTRUCTURE-AE1A1E,SUB-SPED-FLEX-ST-INFRASTRUC-UTILITIES-AND-TECH-46ACFF,ALL,ALL,,Are there any visible workarounds accommodating a lack of power outlets?,,YesNo,Evaluation,SingleResponse,12,EqualWeight,,4880,True,True,Special Education,516
SP-013,SP-013,SRV-STUDIOS,Studios,Special Education,SPT-SPED-FLEX-STUDIO-8EBAD0,CAT-SPED-FLEX-STUDIO-OCCUPANT-EXPERIENC-712E43,SUB-SPED-FLEX-ST-OCCUPANT-E-OCCUPANT-COMFORT-084D85,ALL,ALL,,Select one (temperature control),,SingleSelect,Evaluation,SingleResponse,12,EqualWeight,,4890,True,True,Special Education,520
SP-014,SP-014,SRV-STUDIOS,Studios,Special Education,SPT-SPED-FLEX-STUDIO-8EBAD0,CAT-SPED-FLEX-STUDIO-OCCUPANT-EXPERIENC-712E43,SUB-SPED-FLEX-ST-OCCUPANT-E-SAFETY-AND-SUPERVI-B718BB,ALL,ALL,,What type of visibility is provided into the space from adjacent interior spaces or circulation?,,MultiSelect,Evaluation,MixedItemScoring,12,EqualWeight,,4900,True,True,Special Education,525
SP-015,SP-015,SRV-STUDIOS,Studios,Special Education,SPT-SPED-FLEX-STUDIO-8EBAD0,CAT-SPED-FLEX-STUDIO-OCCUPANT-EXPERIENC-712E43,SUB-SPED-FLEX-ST-OCCUPANT-E-SAFETY-AND-SUPERVI-B718BB,ALL,ALL,,How much of the wall facing the adjacent interior space or circulation is made up of interior window?,,SingleSelect,Inventory,RecordedOnly,0,EqualWeight_Unscored,"SP-014 includes ""Full-height interior window"" or ""Half-height interior window""",4910,True,True,Special Education,531
SP-016,SP-016,SRV-STUDIOS,Studios,Special Education,SPT-SPED-FLEX-STUDIO-8EBAD0,CAT-SPED-FLEX-STUDIO-OCCUPANT-EXPERIENC-712E43,SUB-SPED-FLEX-ST-OCCUPANT-E-SAFETY-AND-SUPERVI-B718BB,ALL,ALL,,Select all that apply (safety),,MultiSelect,Evaluation,MixedItemScoring,12,EqualWeight,,4920,True,True,Special Education,535
SP-017,SP-017,SRV-STUDIOS,Studios,Special Education,SPT-SPED-FLEX-STUDIO-8EBAD0,CAT-SPED-FLEX-STUDIO-AMENITIES-BAA830,SUB-SPED-FLEX-ST-AMENITIES-FURNITURE-AND-EQUI-AF6CC1,ALL,ALL,,Select all that are present (furniture),,MultiSelect,Inventory,RecordedOnly,0,EqualWeight_Unscored,,4930,True,True,Special Education,541
SP-018,SP-018,SRV-STUDIOS,Studios,Special Education,SPT-SPED-FLEX-STUDIO-8EBAD0,CAT-SPED-FLEX-STUDIO-AMENITIES-BAA830,SUB-SPED-FLEX-ST-AMENITIES-FURNITURE-AND-EQUI-AF6CC1,ALL,ALL,,How easily can the furniture be rearranged?,,SingleSelect,Evaluation,SingleResponse,12,EqualWeight,,4940,True,True,Special Education,553
SP-019,SP-019,SRV-STUDIOS,Studios,Special Education,SPT-SPED-FLEX-STUDIO-8EBAD0,CAT-SPED-FLEX-STUDIO-AMENITIES-BAA830,SUB-SPED-FLEX-ST-AMENITIES-FURNITURE-AND-EQUI-AF6CC1,ALL,ALL,,"How varied are the seating options for students (i.e., seating beyond standard hard chairs, such as soft or active seating)?",,SingleSelect,Evaluation,SingleResponse,12,EqualWeight,,4950,True,True,Special Education,557
SP-020,SP-020,SRV-STUDIOS,Studios,Special Education,SPT-SPED-FLEX-STUDIO-8EBAD0,CAT-SPED-FLEX-STUDIO-AMENITIES-BAA830,SUB-SPED-FLEX-ST-AMENITIES-FURNITURE-AND-EQUI-AF6CC1,ALL,ALL,,What is the condition of the furniture?,,SingleSelect,Evaluation,SingleResponse,12,EqualWeight,,4960,True,True,Special Education,562
SP-021,SP-021,SRV-STUDIOS,Studios,Special Education,SPT-SPED-FLEX-STUDIO-8EBAD0,CAT-SPED-FLEX-STUDIO-INFRASTRUCTURE-AE1A1E,SUB-SPED-FLEX-ST-INFRASTRUC-FLOORING-AND-SURFA-DF4A71,ALL,ALL,,What type of flooring is in the space?,,SingleSelect,Inventory,RecordedOnly,0,EqualWeight_Unscored,,4970,True,True,Special Education,566
SP-022,SP-022,SRV-STUDIOS,Studios,Special Education,SPT-SPED-FLEX-STUDIO-8EBAD0,CAT-SPED-FLEX-STUDIO-INFRASTRUCTURE-AE1A1E,SUB-SPED-FLEX-ST-INFRASTRUC-UTILITIES-AND-TECH-46ACFF,ALL,ALL,,Select all that apply (plumbing),,MultiSelect,Evaluation,MixedItemScoring,12,EqualWeight,,4980,True,True,Special Education,574
SP-023,SP-023,SRV-STUDIOS,Studios,Special Education,SPT-SPED-FLEX-STUDIO-8EBAD0,CAT-SPED-FLEX-STUDIO-OCCUPANT-EXPERIENC-712E43,SUB-SPED-FLEX-ST-OCCUPANT-E-OCCUPANT-COMFORT-084D85,ALL,ALL,,Select all that apply (acoustic features),,MultiSelect,Evaluation,MixedItemScoring,12,EqualWeight,,4990,True,True,Special Education,578
SP-024,SP-024,SRV-STUDIOS,Studios,Special Education,SPT-SPED-FLEX-STUDIO-8EBAD0,CAT-SPED-FLEX-STUDIO-AMENITIES-BAA830,SUB-SPED-FLEX-ST-AMENITIES-DISPLAY-AND-PRESEN-C0EEFD,ALL,ALL,,"How much writable surface (e.g., markerboard) is provided, excluding glass? Include both fixed and mobile surfaces.",,SingleSelect,Evaluation,SingleResponse,12,EqualWeight,,5000,True,True,Special Education,584
SP-025,SP-025,SRV-STUDIOS,Studios,Special Education,SPT-SPED-FLEX-STUDIO-8EBAD0,CAT-SPED-FLEX-STUDIO-FUNCTION-89F14E,SUB-SPED-FLEX-ST-FUNCTION-ADJACENCY-AND-ACCE-AF08B7,ALL,ALL,,What restroom access is provided for the SPED Flex Studio suite?,,SingleSelect,Evaluation,SingleResponse,12,EqualWeight,,5010,True,True,Special Education,592
SP-026,SP-026,SRV-STUDIOS,Studios,Special Education,SPT-SPED-FLEX-STUDIO-8EBAD0,CAT-SPED-FLEX-STUDIO-OCCUPANT-EXPERIENC-712E43,SUB-SPED-FLEX-ST-OCCUPANT-E-SAFETY-AND-SUPERVI-B718BB,ALL,ALL,,Does the restroom appear to be ADA-compliant?,,YesNo,Evaluation,SingleResponse,12,EqualWeight,,5020,True,True,Special Education,597
SP-027,SP-027,SRV-STUDIOS,Studios,Special Education,SPT-SPED-FLEX-B08CC4,CAT-SPED-FLEX-OBSERVATIONAL-E7A5A3,SUB-SPED-FLEX-OBSERVATIO-OBSERVATIONAL-9EF9E8,ALL,ALL,,"Can the environment support personalized learning, independence, and participation? (check all that apply)",,MultiSelect,Observational,RecordedOnly,0,EqualWeight_Unscored,,5030,True,True,Special Education,601
MC-002,MC-002,SRV-SHARED-SPACES,Shared Spaces,Shared Spaces,SPT-LIBRARY-MEDIA-CENTER-951EE9,CAT-LIBRARY-MEDIA-CE-FUNCTION-04EAF5,SUB-LIBRARY-MEDI-FUNCTION-ADJACENCY-AND-ACCE-51F394,ALL,ALL,,Select all that apply (visibility and access),,MultiSelect,Evaluation,MixedItemScoring,12,EqualWeight,,5040,True,True,Library Media Center,6
MC-003,MC-003,SRV-SHARED-SPACES,Shared Spaces,Shared Spaces,SPT-LIBRARY-MEDIA-CENTER-951EE9,CAT-LIBRARY-MEDIA-CE-FUNCTION-04EAF5,SUB-LIBRARY-MEDI-FUNCTION-AVAILABILITY-B9412A,ES,ES,,Select all that apply (spaces checklist),,MultiSelect,Evaluation,MixedItemScoring,12,EqualWeight,,5050,True,True,Library Media Center,11
MC-004,MC-004,SRV-SHARED-SPACES,Shared Spaces,Shared Spaces,SPT-LIBRARY-MEDIA-CENTER-951EE9,CAT-LIBRARY-MEDIA-CE-FUNCTION-04EAF5,SUB-LIBRARY-MEDI-FUNCTION-AVAILABILITY-B9412A,MS,MS,,Select all that apply (spaces checklist),,MultiSelect,Evaluation,MixedItemScoring,12,EqualWeight,,5060,True,True,Library Media Center,18
MC-005,MC-005,SRV-SHARED-SPACES,Shared Spaces,Shared Spaces,SPT-LIBRARY-MEDIA-CENTER-951EE9,CAT-LIBRARY-MEDIA-CE-FUNCTION-04EAF5,SUB-LIBRARY-MEDI-FUNCTION-AVAILABILITY-B9412A,HS,HS,,Select all that apply (spaces checklist),,MultiSelect,Evaluation,MixedItemScoring,12,EqualWeight,,5070,True,True,Library Media Center,27
MC-006,MC-006,SRV-SHARED-SPACES,Shared Spaces,Shared Spaces,SPT-LIBRARY-MEDIA-CENTER-951EE9,CAT-LIBRARY-MEDIA-CE-FUNCTION-04EAF5,SUB-LIBRARY-MEDI-FUNCTION-AVAILABILITY-B9412A,HS,HS,,How many offices are provided?,,SingleSelect,Evaluation,SingleResponse,12,EqualWeight,,5080,True,True,Library Media Center,36
MC-007,MC-007,SRV-SHARED-SPACES,Shared Spaces,Shared Spaces,SPT-LIBRARY-MEDIA-CENTER-951EE9,CAT-LIBRARY-MEDIA-CE-FUNCTION-04EAF5,SUB-LIBRARY-MEDI-FUNCTION-AVAILABILITY-B9412A,HS,HS,,How many group rooms are provided?,,SingleSelect,Evaluation,SingleResponse,12,EqualWeight,,5090,True,True,Library Media Center,40
MC-008,MC-008,SRV-SHARED-SPACES,Shared Spaces,Shared Spaces,SPT-LIBRARY-MEDIA-CENTER-951EE9,CAT-LIBRARY-MEDIA-CE-OCCUPANT-EXPERIENC-FAF43D,SUB-LIBRARY-MEDI-OCCUPANT-E-OCCUPANT-COMFORT-C07510,ALL,ALL,,Select all that apply (acoustic zones and activities),"A distinct acoustic zone is an area differentiated from adjacent areas and designed to support a different activity, through furniture, acoustic treatments, or ceiling elements.",MultiSelect,Evaluation,MixedItemScoring,12,EqualWeight,,5100,True,True,Library Media Center,44
MC-009,MC-009,SRV-SHARED-SPACES,Shared Spaces,Shared Spaces,SPT-LIBRARY-MEDIA-CENTER-951EE9,CAT-LIBRARY-MEDIA-CE-INFRASTRUCTURE-9EC5EC,SUB-LIBRARY-MEDI-INFRASTRUC-UTILITIES-AND-TECH-CAC90D,ALL,ALL,,Select all that apply (lighting),,MultiSelect,Evaluation,MixedItemScoring,12,EqualWeight,,5110,True,True,Library Media Center,50
MC-010,MC-010,SRV-SHARED-SPACES,Shared Spaces,Shared Spaces,SPT-LIBRARY-MEDIA-CENTER-951EE9,CAT-LIBRARY-MEDIA-CE-OCCUPANT-EXPERIENC-FAF43D,SUB-LIBRARY-MEDI-OCCUPANT-E-AESTHETICS-725182,ALL,ALL,,Which of the following describes the condition of the wall finishes?,,SingleSelect,Evaluation,SingleResponse,12,EqualWeight,,5120,True,True,Library Media Center,54
MC-011,MC-011,SRV-SHARED-SPACES,Shared Spaces,Shared Spaces,SPT-LIBRARY-MEDIA-CENTER-951EE9,CAT-LIBRARY-MEDIA-CE-OCCUPANT-EXPERIENC-FAF43D,SUB-LIBRARY-MEDI-OCCUPANT-E-OCCUPANT-COMFORT-C07510,ALL,ALL,,Are there exterior windows?,,YesNo,Evaluation,SingleResponse,12,EqualWeight,,5130,True,True,Library Media Center,59
MC-012,MC-012,SRV-SHARED-SPACES,Shared Spaces,Shared Spaces,SPT-LIBRARY-MEDIA-CENTER-951EE9,CAT-LIBRARY-MEDIA-CE-OCCUPANT-EXPERIENC-FAF43D,SUB-LIBRARY-MEDI-OCCUPANT-E-OCCUPANT-COMFORT-C07510,ALL,ALL,,"Is daylight accessible through another means (e.g., an interior window shared with a space that has exterior windows)?",,SingleSelect,Evaluation,SingleResponse,12,EqualWeight,"MC-011 = ""No""",5140,True,True,Library Media Center,63
MC-013,MC-013,SRV-SHARED-SPACES,Shared Spaces,Shared Spaces,SPT-LIBRARY-MEDIA-CENTER-951EE9,CAT-LIBRARY-MEDIA-CE-OCCUPANT-EXPERIENC-FAF43D,SUB-LIBRARY-MEDI-OCCUPANT-E-OCCUPANT-COMFORT-C07510,ALL,ALL,,Select all that apply (exterior windows),"Supports wellbeing through connection to the outdoors, balanced against shelving needs",MultiSelect,Evaluation,MixedItemScoring,12,EqualWeight,"MC-011 = ""Yes""",5150,True,True,Library Media Center,68
MC-014,MC-014,SRV-SHARED-SPACES,Shared Spaces,Shared Spaces,SPT-LIBRARY-MEDIA-CENTER-951EE9,CAT-LIBRARY-MEDIA-CE-OCCUPANT-EXPERIENC-FAF43D,SUB-LIBRARY-MEDI-OCCUPANT-E-OCCUPANT-COMFORT-C07510,ALL,ALL,,What window coverings are provided on exterior windows?,,SingleSelect,Evaluation,SingleResponse,12,EqualWeight,"MC-011 = ""Yes""",5160,True,True,Library Media Center,73
MC-015,MC-015,SRV-SHARED-SPACES,Shared Spaces,Shared Spaces,SPT-LIBRARY-MEDIA-CENTER-951EE9,CAT-LIBRARY-MEDIA-CE-AMENITIES-B9B586,SUB-LIBRARY-MEDI-AMENITIES-STORAGE-F65349,ALL,ALL,,Select all that apply (storage in the reading room / teaching area),,MultiSelect,Inventory,RecordedOnly,0,EqualWeight_Unscored,,5170,True,True,Library Media Center,79
MC-016,MC-016,SRV-SHARED-SPACES,Shared Spaces,Shared Spaces,SPT-LIBRARY-MEDIA-CENTER-951EE9,CAT-LIBRARY-MEDIA-CE-AMENITIES-B9B586,SUB-LIBRARY-MEDI-AMENITIES-STORAGE-F65349,ALL,ALL,,How sufficient does the storage appear for the reading room / teaching area's program needs?,,SingleSelect,Evaluation,SingleResponse,12,EqualWeight,,5180,True,True,Library Media Center,86
MC-017,MC-017,SRV-SHARED-SPACES,Shared Spaces,Shared Spaces,SPT-LIBRARY-MEDIA-CENTER-951EE9,CAT-LIBRARY-MEDIA-CE-AMENITIES-B9B586,SUB-LIBRARY-MEDI-AMENITIES-STORAGE-F65349,ES,ES,,How much casework is provided in the office/workroom?,,SingleSelect,Evaluation,SingleResponse,12,EqualWeight,,5190,True,True,Library Media Center,91
MC-018,MC-018,SRV-SHARED-SPACES,Shared Spaces,Shared Spaces,SPT-LIBRARY-MEDIA-CENTER-951EE9,CAT-LIBRARY-MEDIA-CE-AMENITIES-B9B586,SUB-LIBRARY-MEDI-AMENITIES-STORAGE-F65349,MS+HS,MS+HS,,How much casework is provided in the office/workroom?,,SingleSelect,Evaluation,SingleResponse,12,EqualWeight,,5200,True,True,Library Media Center,95
MC-019,MC-019,SRV-SHARED-SPACES,Shared Spaces,Shared Spaces,SPT-LIBRARY-MEDIA-CENTER-951EE9,CAT-LIBRARY-MEDIA-CE-AMENITIES-B9B586,SUB-LIBRARY-MEDI-AMENITIES-STORAGE-F65349,ALL,ALL,,How much countertop is provided in the office/workroom?,,SingleSelect,Evaluation,SingleResponse,12,EqualWeight,,5210,True,True,Library Media Center,99
MC-020,MC-020,SRV-SHARED-SPACES,Shared Spaces,Shared Spaces,SPT-LIBRARY-MEDIA-CENTER-951EE9,CAT-LIBRARY-MEDIA-CE-AMENITIES-B9B586,SUB-LIBRARY-MEDI-AMENITIES-DISPLAY-AND-PRESEN-C10B0C,ALL,ALL,,"How much writable surface (e.g., markerboard) is provided in the reading room / teaching area, excluding glass? Include both fixed and mobile writable surfaces in your count.",,SingleSelect,Evaluation,SingleResponse,12,EqualWeight,,5220,True,True,Library Media Center,103
MC-021,MC-021,SRV-SHARED-SPACES,Shared Spaces,Shared Spaces,SPT-LIBRARY-MEDIA-CENTER-951EE9,CAT-LIBRARY-MEDIA-CE-AMENITIES-B9B586,SUB-LIBRARY-MEDI-AMENITIES-DISPLAY-AND-PRESEN-C10B0C,ALL,ALL,,How much tackboard/tackwall/tackstrip is provided? Include both fixed and mobile surfaces.,,SingleSelect,Evaluation,SingleResponse,12,EqualWeight,,5230,True,True,Library Media Center,111
MC-022,MC-022,SRV-SHARED-SPACES,Shared Spaces,Shared Spaces,SPT-LIBRARY-MEDIA-CENTER-951EE9,CAT-LIBRARY-MEDIA-CE-INFRASTRUCTURE-9EC5EC,SUB-LIBRARY-MEDI-INFRASTRUC-UTILITIES-AND-TECH-CAC90D,ALL,ALL,,How many floor box locations are provided in the space?,Supports flexible furniture layouts away from perimeter walls,SingleSelect,Evaluation,SingleResponse,12,EqualWeight,,5240,True,True,Library Media Center,119
MC-023,MC-023,SRV-SHARED-SPACES,Shared Spaces,Shared Spaces,SPT-LIBRARY-MEDIA-CENTER-951EE9,CAT-LIBRARY-MEDIA-CE-INFRASTRUCTURE-9EC5EC,SUB-LIBRARY-MEDI-INFRASTRUC-UTILITIES-AND-TECH-CAC90D,ALL,ALL,,Are there any visible workarounds accommodating a lack of power outlets?,,YesNo,Evaluation,SingleResponse,12,EqualWeight,,5250,True,True,Library Media Center,126
MC-024,MC-024,SRV-SHARED-SPACES,Shared Spaces,Shared Spaces,SPT-LIBRARY-MEDIA-CENTER-951EE9,CAT-LIBRARY-MEDIA-CE-OCCUPANT-EXPERIENC-FAF43D,SUB-LIBRARY-MEDI-OCCUPANT-E-OCCUPANT-COMFORT-C07510,ALL,ALL,,Select one (temperature control),,SingleSelect,Evaluation,SingleResponse,12,EqualWeight,,5260,True,True,Library Media Center,130
MC-025,MC-025,SRV-SHARED-SPACES,Shared Spaces,Shared Spaces,SPT-LIBRARY-MEDIA-CENTER-951EE9,CAT-LIBRARY-MEDIA-CE-OCCUPANT-EXPERIENC-FAF43D,SUB-LIBRARY-MEDI-OCCUPANT-E-SAFETY-AND-SUPERVI-DA5B38,ALL,ALL,,What type of visibility is provided into the space from adjacent interior spaces or circulation?,,MultiSelect,Evaluation,MixedItemScoring,12,EqualWeight,,5270,True,True,Library Media Center,135
MC-026,MC-026,SRV-SHARED-SPACES,Shared Spaces,Shared Spaces,SPT-LIBRARY-MEDIA-CENTER-951EE9,CAT-LIBRARY-MEDIA-CE-OCCUPANT-EXPERIENC-FAF43D,SUB-LIBRARY-MEDI-OCCUPANT-E-SAFETY-AND-SUPERVI-DA5B38,ALL,ALL,,How much of the wall facing the adjacent interior space or circulation is made up of interior window?,,SingleSelect,Inventory,RecordedOnly,0,EqualWeight_Unscored,"MC-025 includes ""Full-height interior window"" or ""Half-height interior window""",5280,True,True,Library Media Center,141
MC-027,MC-027,SRV-SHARED-SPACES,Shared Spaces,Shared Spaces,SPT-LIBRARY-MEDIA-CENTER-951EE9,CAT-LIBRARY-MEDIA-CE-OCCUPANT-EXPERIENC-FAF43D,SUB-LIBRARY-MEDI-OCCUPANT-E-SAFETY-AND-SUPERVI-DA5B38,ALL,ALL,,Select all that apply (sightlines),,MultiSelect,Evaluation,MixedItemScoring,12,EqualWeight,,5290,True,True,Library Media Center,145
MC-028,MC-028,SRV-SHARED-SPACES,Shared Spaces,Shared Spaces,SPT-LIBRARY-MEDIA-CENTER-951EE9,CAT-LIBRARY-MEDIA-CE-OCCUPANT-EXPERIENC-FAF43D,SUB-LIBRARY-MEDI-OCCUPANT-E-SAFETY-AND-SUPERVI-DA5B38,ALL,ALL,,Select all that apply (safety),,MultiSelect,Evaluation,MixedItemScoring,12,EqualWeight,,5300,True,True,Library Media Center,149
MC-029,MC-029,SRV-SHARED-SPACES,Shared Spaces,Shared Spaces,SPT-LIBRARY-MEDIA-CENTER-951EE9,CAT-LIBRARY-MEDIA-CE-AMENITIES-B9B586,SUB-LIBRARY-MEDI-AMENITIES-FURNITURE-AND-EQUI-A303BF,ALL,ALL,,Select all that are present (furniture),,MultiSelect,Evaluation,MixedItemScoring,12,EqualWeight,,5310,True,True,Library Media Center,154
MC-030,MC-030,SRV-SHARED-SPACES,Shared Spaces,Shared Spaces,SPT-LIBRARY-MEDIA-CENTER-951EE9,CAT-LIBRARY-MEDIA-CE-AMENITIES-B9B586,SUB-LIBRARY-MEDI-AMENITIES-FURNITURE-AND-EQUI-A303BF,ALL,ALL,,"Are the book stacks flexible (i.e., mobile and/or reconfigurable)?",,YesNo,Evaluation,SingleResponse,12,EqualWeight,,5320,True,True,Library Media Center,164
MC-031,MC-031,SRV-SHARED-SPACES,Shared Spaces,Shared Spaces,SPT-LIBRARY-MEDIA-CENTER-951EE9,CAT-LIBRARY-MEDIA-CE-AMENITIES-B9B586,SUB-LIBRARY-MEDI-AMENITIES-FURNITURE-AND-EQUI-A303BF,ALL,ALL,,How easily can the furniture be rearranged?,,SingleSelect,Evaluation,SingleResponse,12,EqualWeight,,5330,True,True,Library Media Center,168
MC-032,MC-032,SRV-SHARED-SPACES,Shared Spaces,Shared Spaces,SPT-LIBRARY-MEDIA-CENTER-951EE9,CAT-LIBRARY-MEDIA-CE-AMENITIES-B9B586,SUB-LIBRARY-MEDI-AMENITIES-FURNITURE-AND-EQUI-A303BF,ALL,ALL,,What is the condition of the furniture?,,SingleSelect,Evaluation,SingleResponse,12,EqualWeight,,5340,True,True,Library Media Center,172
MC-033,MC-033,SRV-SHARED-SPACES,Shared Spaces,Shared Spaces,SPT-LIBRARY-MEDIA-CENTER-951EE9,CAT-LIBRARY-MEDIA-CE-AMENITIES-B9B586,SUB-LIBRARY-MEDI-AMENITIES-FURNITURE-AND-EQUI-A303BF,ALL,ALL,,Select all that apply (circulation desk),,MultiSelect,Evaluation,MixedItemScoring,12,EqualWeight,,5350,True,True,Library Media Center,176
MC-034,MC-034,SRV-SHARED-SPACES,Shared Spaces,Shared Spaces,SPT-LIBRARY-MEDIA-CENTER-951EE9,CAT-LIBRARY-MEDIA-CE-INFRASTRUCTURE-9EC5EC,SUB-LIBRARY-MEDI-INFRASTRUC-FLOORING-AND-SURFA-BE8198,ALL,ALL,,What type of flooring is in the space?,,SingleSelect,Inventory,RecordedOnly,0,EqualWeight_Unscored,,5360,True,True,Library Media Center,185
MC-035,MC-035,SRV-SHARED-SPACES,Shared Spaces,Shared Spaces,SPT-LIBRARY-MEDIA-CENTER-951EE9,CAT-LIBRARY-MEDIA-CE-FUNCTION-04EAF5,SUB-LIBRARY-MEDI-FUNCTION-ADJACENCY-AND-ACCE-51F394,ALL,ALL,,Select all that apply (restroom access),,SingleSelect,Evaluation,SingleResponse,12,EqualWeight,,5370,True,True,Library Media Center,192
MC-036,MC-036,SRV-SHARED-SPACES,Shared Spaces,Shared Spaces,SPT-LIBRARY-MEDIA-CENTER-951EE9,CAT-LIBRARY-MEDIA-CE-INFRASTRUCTURE-9EC5EC,SUB-LIBRARY-MEDI-INFRASTRUC-UTILITIES-AND-TECH-CAC90D,ALL,ALL,,Select all that apply (general inventory),,MultiSelect,Inventory,RecordedOnly,0,EqualWeight_Unscored,,5380,True,True,Library Media Center,198
MC-037,MC-037,SRV-SHARED-SPACES,Shared Spaces,Shared Spaces,SPT-LIBRARY-MEDIA-CENTER-951EE9,CAT-LIBRARY-MEDIA-CE-OBSERVATIONAL-B07448,SUB-LIBRARY-MEDI-OBSERVATIO-OBSERVATIONAL-A31181,ALL,ALL,,"Can the Media Center function as a hub for inquiry, exploration, collaboration, and creation? (check all that apply)",,MultiSelect,Observational,RecordedOnly,0,EqualWeight_Unscored,,5390,True,True,Library Media Center,202
CG-002,CG-002,SRV-ATHLETICS-AND-WELLNESS,Athletics and Wellness,Athletics and Wellness,SPT-COMPETITION-GYM-D05D49,CAT-COMPETITION-GYM-FUNCTION-7E8D10,SUB-COMPETITION--FUNCTION-LAYOUT-AND-FLEXIBI-7AAA5D,HS,HS,,Does the competition gym provide one main court and two cross-courts for both basketball and volleyball?,,YesNo,Evaluation,SingleResponse,12,EqualWeight,,5400,True,True,Athletics & Wellness,6
CG-003,CG-003,SRV-ATHLETICS-AND-WELLNESS,Athletics and Wellness,Athletics and Wellness,SPT-COMPETITION-GYM-D05D49,CAT-COMPETITION-GYM-OCCUPANT-EXPERIENC-058D89,SUB-COMPETITION--OCCUPANT-E-CIRCULATION-AND-EG-5A7483,HS,HS,,"Are separate entries and exits provided for home and visiting teams, distinct from spectator circulation?",,SingleSelect,Evaluation,SingleResponse,12,EqualWeight,,5410,True,True,Athletics & Wellness,10
CG-004,CG-004,SRV-ATHLETICS-AND-WELLNESS,Athletics and Wellness,Athletics and Wellness,SPT-COMPETITION-GYM-D05D49,CAT-COMPETITION-GYM-OCCUPANT-EXPERIENC-058D89,SUB-COMPETITION--OCCUPANT-E-CIRCULATION-AND-EG-5A7483,HS,HS,,"Is at least one door a minimum of 72"" wide?",,YesNo,Evaluation,SingleResponse,12,EqualWeight,,5420,True,True,Athletics & Wellness,15
CG-005,CG-005,SRV-ATHLETICS-AND-WELLNESS,Athletics and Wellness,Athletics and Wellness,SPT-COMPETITION-GYM-D05D49,CAT-COMPETITION-GYM-INFRASTRUCTURE-DA01FB,SUB-COMPETITION--INFRASTRUC-FLOORING-AND-SURFA-06A4FF,HS,HS,,Is the flooring wood athletic flooring?,,YesNo,Evaluation,SingleResponse,12,EqualWeight,,5430,True,True,Athletics & Wellness,19
CG-006,CG-006,SRV-ATHLETICS-AND-WELLNESS,Athletics and Wellness,Athletics and Wellness,SPT-COMPETITION-GYM-D05D49,CAT-COMPETITION-GYM-FUNCTION-7E8D10,SUB-COMPETITION--FUNCTION-LAYOUT-AND-FLEXIBI-7AAA5D,HS,HS,,What is the status of main court bleacher seating?,,SingleSelect,Evaluation,SingleResponse,12,EqualWeight,,5440,True,True,Athletics & Wellness,23
CG-007,CG-007,SRV-ATHLETICS-AND-WELLNESS,Athletics and Wellness,Athletics and Wellness,SPT-COMPETITION-GYM-D05D49,CAT-COMPETITION-GYM-FUNCTION-7E8D10,SUB-COMPETITION--FUNCTION-LAYOUT-AND-FLEXIBI-7AAA5D,HS,HS,,Are cross-court bleachers provided?,,YesNo,Inventory,RecordedOnly,0,EqualWeight_Unscored,,5450,True,True,Athletics & Wellness,28
CG-008,CG-008,SRV-ATHLETICS-AND-WELLNESS,Athletics and Wellness,Athletics and Wellness,SPT-COMPETITION-GYM-D05D49,CAT-COMPETITION-GYM-FUNCTION-7E8D10,SUB-COMPETITION--FUNCTION-LAYOUT-AND-FLEXIBI-7AAA5D,HS,HS,,Does the space have a minimum clear floor space (floor to underside of ceiling/structure) of 16'?,,YesNo,Evaluation,SingleResponse,12,EqualWeight,,5460,True,True,Athletics & Wellness,32
CG-009,CG-009,SRV-ATHLETICS-AND-WELLNESS,Athletics and Wellness,Athletics and Wellness,SPT-COMPETITION-GYM-D05D49,CAT-COMPETITION-GYM-FUNCTION-7E8D10,SUB-COMPETITION--FUNCTION-LAYOUT-AND-FLEXIBI-7AAA5D,HS,HS,,"Select all that apply for basketball full court (clearance, measured from sideline to closest wall or bleachers)",,MultiSelect,Evaluation,MixedItemScoring,12,EqualWeight,,5470,True,True,Athletics & Wellness,36
CG-010,CG-010,SRV-ATHLETICS-AND-WELLNESS,Athletics and Wellness,Athletics and Wellness,SPT-COMPETITION-GYM-D05D49,CAT-COMPETITION-GYM-FUNCTION-7E8D10,SUB-COMPETITION--FUNCTION-LAYOUT-AND-FLEXIBI-7AAA5D,HS,HS,,"Select all that apply basketball cross courts (clearance, measured from sideline to closest wall or bleachers)",,MultiSelect,Evaluation,MixedItemScoring,12,EqualWeight,,5480,True,True,Athletics & Wellness,41
CG-011,CG-011,SRV-ATHLETICS-AND-WELLNESS,Athletics and Wellness,Athletics and Wellness,SPT-COMPETITION-GYM-D05D49,CAT-COMPETITION-GYM-FUNCTION-7E8D10,SUB-COMPETITION--FUNCTION-LAYOUT-AND-FLEXIBI-7AAA5D,HS,HS,,Is there water directly adjacent to or in close proximity to the gym? Select all that apply.,,MultiSelect,Evaluation,MixedItemScoring,12,EqualWeight,,5490,True,True,Athletics & Wellness,45
CG-012,CG-012,SRV-ATHLETICS-AND-WELLNESS,Athletics and Wellness,Athletics and Wellness,SPT-COMPETITION-GYM-D05D49,CAT-COMPETITION-GYM-FUNCTION-7E8D10,SUB-COMPETITION--FUNCTION-LAYOUT-AND-FLEXIBI-7AAA5D,HS,HS,,Is there a restroom directly adjacent to or in close proximity to the gym? Select all that apply.,,MultiSelect,Evaluation,MixedItemScoring,12,EqualWeight,,5500,True,True,Athletics & Wellness,49
CG-013,CG-013,SRV-ATHLETICS-AND-WELLNESS,Athletics and Wellness,Athletics and Wellness,SPT-COMPETITION-GYM-D05D49,CAT-COMPETITION-GYM-AMENITIES-9ED9A4,SUB-COMPETITION--AMENITIES-DISPLAY-AND-PRESEN-CFDA0E,HS,HS,,"How much writable surface (e.g., markerboard) is provided, excluding glass? Include both fixed and mobile surfaces.",,SingleSelect,Evaluation,SingleResponse,12,EqualWeight,,5510,True,True,Athletics & Wellness,53
CG-014,CG-014,SRV-ATHLETICS-AND-WELLNESS,Athletics and Wellness,Athletics and Wellness,SPT-COMPETITION-GYM-D05D49,CAT-COMPETITION-GYM-INFRASTRUCTURE-DA01FB,SUB-COMPETITION--INFRASTRUC-UTILITIES-AND-TECH-87BDBF,HS,HS,,Are there any visible workarounds accommodating a lack of power outlets?,,YesNo,Evaluation,SingleResponse,12,EqualWeight,,5520,True,True,Athletics & Wellness,61
CG-015,CG-015,SRV-ATHLETICS-AND-WELLNESS,Athletics and Wellness,Athletics and Wellness,SPT-COMPETITION-GYM-D05D49,CAT-COMPETITION-GYM-AMENITIES-9ED9A4,SUB-COMPETITION--AMENITIES-DISPLAY-AND-PRESEN-CFDA0E,HS,HS,,Select all that apply (presentation technology),,MultiSelect,Evaluation,MixedItemScoring,12,EqualWeight,,5530,True,True,Athletics & Wellness,65
CG-016,CG-016,SRV-ATHLETICS-AND-WELLNESS,Athletics and Wellness,Athletics and Wellness,SPT-COMPETITION-GYM-D05D49,CAT-COMPETITION-GYM-AMENITIES-9ED9A4,SUB-COMPETITION--AMENITIES-FURNITURE-AND-EQUI-1098BD,HS,HS,,How many pairs of motorized basketball backboards are provided?,,SingleSelect,Evaluation,SingleResponse,12,EqualWeight,,5540,True,True,Athletics & Wellness,69
CG-017,CG-017,SRV-ATHLETICS-AND-WELLNESS,Athletics and Wellness,Athletics and Wellness,SPT-COMPETITION-GYM-D05D49,CAT-COMPETITION-GYM-AMENITIES-9ED9A4,SUB-COMPETITION--AMENITIES-FURNITURE-AND-EQUI-1098BD,HS,HS,,How many electronic scoreboards are provided?,,SingleSelect,Evaluation,SingleResponse,12,EqualWeight,,5550,True,True,Athletics & Wellness,74
CG-018,CG-018,SRV-ATHLETICS-AND-WELLNESS,Athletics and Wellness,Athletics and Wellness,SPT-COMPETITION-GYM-D05D49,CAT-COMPETITION-GYM-AMENITIES-9ED9A4,SUB-COMPETITION--AMENITIES-STORAGE-049BD0,HS,HS,,Is there an ensuite equipment storage room?,"Supports PE, basketball, and volleyball equipment storage",YesNo,Evaluation,SingleResponse,12,EqualWeight,,5560,True,True,Athletics & Wellness,80
CG-019,CG-019,SRV-ATHLETICS-AND-WELLNESS,Athletics and Wellness,Athletics and Wellness,SPT-COMPETITION-GYM-D05D49,CAT-COMPETITION-GYM-FUNCTION-7E8D10,SUB-COMPETITION--FUNCTION-ADJACENCY-AND-ACCE-F18482,HS,HS,,Is there direct access to the athletics lobby to support safe and efficient circulation in surge space?,"High volume of spectators, athletes, and staff moving through the lobby -- typically before/after games and at halftime",YesNo,Evaluation,SingleResponse,12,EqualWeight,,5570,True,True,Athletics & Wellness,84
CG-020,CG-020,SRV-ATHLETICS-AND-WELLNESS,Athletics and Wellness,Athletics and Wellness,SPT-COMPETITION-GYM-D05D49,CAT-COMPETITION-GYM-INFRASTRUCTURE-DA01FB,SUB-COMPETITION--INFRASTRUC-UTILITIES-AND-TECH-87BDBF,HS,HS,,Select all that apply (scoring table floor box),"Supports scoring tables for basketball, volleyball, and wrestling.",MultiSelect,Evaluation,MixedItemScoring,12,EqualWeight,,5580,True,True,Athletics & Wellness,88
CG-021,CG-021,SRV-ATHLETICS-AND-WELLNESS,Athletics and Wellness,Athletics and Wellness,SPT-COMPETITION-GYM-D05D49,CAT-COMPETITION-GYM-OBSERVATIONAL-704A6B,SUB-COMPETITION--OBSERVATIO-OBSERVATIONAL-5871E0,HS,HS,,"Are flexible spaces available to support daily PE classes, athletic team practices, and competitive events for all sports? (check all that apply)",MultiSelect (Y/N/DNA/UTA per item),SingleSelect,Observational,RecordedOnly,0,EqualWeight_Unscored,,5590,True,True,Athletics & Wellness,92
MG-002,MG-002,SRV-ATHLETICS-AND-WELLNESS,Athletics and Wellness,Athletics and Wellness,SPT-MULTIPURPOSE-GYM-99D091,CAT-MULTIPURPOSE-GYM-FUNCTION-A7279A,SUB-MULTIPURPOSE-FUNCTION-LAYOUT-AND-FLEXIBI-DF8028,MS+HS,MS+HS,,Does the multipurpose gym provide one main court and two cross-courts for both basketball and volleyball?,,YesNo,Evaluation,SingleResponse,12,EqualWeight,,5600,True,True,Athletics & Wellness,106
MG-003,MG-003,SRV-ATHLETICS-AND-WELLNESS,Athletics and Wellness,Athletics and Wellness,SPT-MULTIPURPOSE-GYM-99D091,CAT-MULTIPURPOSE-GYM-OCCUPANT-EXPERIENC-BB9BF7,SUB-MULTIPURPOSE-OCCUPANT-E-CIRCULATION-AND-EG-7FD46B,MS+HS,MS+HS,,"Is at least one door a minimum of 72"" wide?",,YesNo,Evaluation,SingleResponse,12,EqualWeight,,5610,True,True,Athletics & Wellness,110
MG-004,MG-004,SRV-ATHLETICS-AND-WELLNESS,Athletics and Wellness,Athletics and Wellness,SPT-MULTIPURPOSE-GYM-99D091,CAT-MULTIPURPOSE-GYM-INFRASTRUCTURE-56C527,SUB-MULTIPURPOSE-INFRASTRUC-FLOORING-AND-SURFA-598E25,MS+HS,MS+HS,,Is the flooring wood athletic flooring?,,YesNo,Evaluation,SingleResponse,12,EqualWeight,,5620,True,True,Athletics & Wellness,114
MG-005,MG-005,SRV-ATHLETICS-AND-WELLNESS,Athletics and Wellness,Athletics and Wellness,SPT-MULTIPURPOSE-GYM-99D091,CAT-MULTIPURPOSE-GYM-FUNCTION-A7279A,SUB-MULTIPURPOSE-FUNCTION-LAYOUT-AND-FLEXIBI-DF8028,MS+HS,MS+HS,,What is the status of main court bleacher seating?,,SingleSelect,Evaluation,SingleResponse,12,EqualWeight,,5630,True,True,Athletics & Wellness,118
MG-006,MG-006,SRV-ATHLETICS-AND-WELLNESS,Athletics and Wellness,Athletics and Wellness,SPT-MULTIPURPOSE-GYM-99D091,CAT-MULTIPURPOSE-GYM-FUNCTION-A7279A,SUB-MULTIPURPOSE-FUNCTION-LAYOUT-AND-FLEXIBI-DF8028,MS+HS,MS+HS,,Are cross-court bleachers provided?,,YesNo,Inventory,RecordedOnly,0,EqualWeight_Unscored,,5640,True,True,Athletics & Wellness,123
MG-007,MG-007,SRV-ATHLETICS-AND-WELLNESS,Athletics and Wellness,Athletics and Wellness,SPT-MULTIPURPOSE-GYM-99D091,CAT-MULTIPURPOSE-GYM-FUNCTION-A7279A,SUB-MULTIPURPOSE-FUNCTION-LAYOUT-AND-FLEXIBI-DF8028,MS+HS,MS+HS,,Does the space have a minimum clear floor space (floor to underside of ceiling/structure) of 16'?,,YesNo,Evaluation,SingleResponse,12,EqualWeight,,5650,True,True,Athletics & Wellness,127
MG-008,MG-008,SRV-ATHLETICS-AND-WELLNESS,Athletics and Wellness,Athletics and Wellness,SPT-MULTIPURPOSE-GYM-99D091,CAT-MULTIPURPOSE-GYM-FUNCTION-A7279A,SUB-MULTIPURPOSE-FUNCTION-LAYOUT-AND-FLEXIBI-DF8028,MS+HS,MS+HS,,"Select all that apply for basketball full court (clearance, measured from sideline to closest wall or bleachers)",,MultiSelect,Evaluation,MixedItemScoring,12,EqualWeight,,5660,True,True,Athletics & Wellness,131
MG-009,MG-009,SRV-ATHLETICS-AND-WELLNESS,Athletics and Wellness,Athletics and Wellness,SPT-MULTIPURPOSE-GYM-99D091,CAT-MULTIPURPOSE-GYM-FUNCTION-A7279A,SUB-MULTIPURPOSE-FUNCTION-LAYOUT-AND-FLEXIBI-DF8028,MS+HS,MS+HS,,"Select all that apply basketball cross courts (clearance, measured from sideline to closest wall or bleachers)",,MultiSelect,Evaluation,MixedItemScoring,12,EqualWeight,,5670,True,True,Athletics & Wellness,135
MG-010,MG-010,SRV-ATHLETICS-AND-WELLNESS,Athletics and Wellness,Athletics and Wellness,SPT-MULTIPURPOSE-GYM-99D091,CAT-MULTIPURPOSE-GYM-FUNCTION-A7279A,SUB-MULTIPURPOSE-FUNCTION-LAYOUT-AND-FLEXIBI-DF8028,MS+HS,MS+HS,,Is there water directly adjacent to or in close proximity to the gym? Select all that apply.,,MultiSelect,Evaluation,MixedItemScoring,12,EqualWeight,,5680,True,True,Athletics & Wellness,139
MG-011,MG-011,SRV-ATHLETICS-AND-WELLNESS,Athletics and Wellness,Athletics and Wellness,SPT-MULTIPURPOSE-GYM-99D091,CAT-MULTIPURPOSE-GYM-FUNCTION-A7279A,SUB-MULTIPURPOSE-FUNCTION-LAYOUT-AND-FLEXIBI-DF8028,MS+HS,MS+HS,,Is there a restroom directly adjacent to or in close proximity to the gym? Select all that apply.,,MultiSelect,Evaluation,MixedItemScoring,12,EqualWeight,,5690,True,True,Athletics & Wellness,143
MG-012,MG-012,SRV-ATHLETICS-AND-WELLNESS,Athletics and Wellness,Athletics and Wellness,SPT-MULTIPURPOSE-GYM-99D091,CAT-MULTIPURPOSE-GYM-AMENITIES-F07504,SUB-MULTIPURPOSE-AMENITIES-DISPLAY-AND-PRESEN-ABDA67,MS+HS,MS+HS,,"How much writable surface (e.g., markerboard) is provided, excluding glass? Include both fixed and mobile surfaces.",,SingleSelect,Evaluation,SingleResponse,12,EqualWeight,,5700,True,True,Athletics & Wellness,147
MG-013,MG-013,SRV-ATHLETICS-AND-WELLNESS,Athletics and Wellness,Athletics and Wellness,SPT-MULTIPURPOSE-GYM-99D091,CAT-MULTIPURPOSE-GYM-INFRASTRUCTURE-56C527,SUB-MULTIPURPOSE-INFRASTRUC-UTILITIES-AND-TECH-7D02DD,MS+HS,MS+HS,,Are there any visible workarounds accommodating a lack of power outlets?,,YesNo,Evaluation,SingleResponse,12,EqualWeight,,5710,True,True,Athletics & Wellness,155
MG-014,MG-014,SRV-ATHLETICS-AND-WELLNESS,Athletics and Wellness,Athletics and Wellness,SPT-MULTIPURPOSE-GYM-99D091,CAT-MULTIPURPOSE-GYM-AMENITIES-F07504,SUB-MULTIPURPOSE-AMENITIES-DISPLAY-AND-PRESEN-ABDA67,MS+HS,MS+HS,,Select all that apply (presentation technology),,MultiSelect,Evaluation,MixedItemScoring,12,EqualWeight,,5720,True,True,Athletics & Wellness,159
MG-015,MG-015,SRV-ATHLETICS-AND-WELLNESS,Athletics and Wellness,Athletics and Wellness,SPT-MULTIPURPOSE-GYM-99D091,CAT-MULTIPURPOSE-GYM-AMENITIES-F07504,SUB-MULTIPURPOSE-AMENITIES-FURNITURE-AND-EQUI-C3B95E,MS+HS,MS+HS,,How many pairs of motorized basketball backboards are provided?,,SingleSelect,Evaluation,SingleResponse,12,EqualWeight,,5730,True,True,Athletics & Wellness,163
MG-016,MG-016,SRV-ATHLETICS-AND-WELLNESS,Athletics and Wellness,Athletics and Wellness,SPT-MULTIPURPOSE-GYM-99D091,CAT-MULTIPURPOSE-GYM-AMENITIES-F07504,SUB-MULTIPURPOSE-AMENITIES-FURNITURE-AND-EQUI-C3B95E,MS+HS,MS+HS,,How many electronic scoreboards are provided?,,SingleSelect,Evaluation,SingleResponse,12,EqualWeight,,5740,True,True,Athletics & Wellness,168
MG-017,MG-017,SRV-ATHLETICS-AND-WELLNESS,Athletics and Wellness,Athletics and Wellness,SPT-MULTIPURPOSE-GYM-99D091,CAT-MULTIPURPOSE-GYM-AMENITIES-F07504,SUB-MULTIPURPOSE-AMENITIES-STORAGE-15D635,MS+HS,MS+HS,,Is there an ensuite equipment storage room?,"Supports PE, basketball, and volleyball equipment storage",YesNo,Evaluation,SingleResponse,12,EqualWeight,,5750,True,True,Athletics & Wellness,172
MG-018,MG-018,SRV-ATHLETICS-AND-WELLNESS,Athletics and Wellness,Athletics and Wellness,SPT-MULTIPURPOSE-GYM-99D091,CAT-MULTIPURPOSE-GYM-FUNCTION-A7279A,SUB-MULTIPURPOSE-FUNCTION-ADJACENCY-AND-ACCE-0B9197,MS+HS,MS+HS,,Is there direct access to the athletics lobby to support safe and efficient circulation in surge space?,,YesNo,Evaluation,SingleResponse,12,EqualWeight,,5760,True,True,Athletics & Wellness,176
MG-019,MG-019,SRV-ATHLETICS-AND-WELLNESS,Athletics and Wellness,Athletics and Wellness,SPT-MULTIPURPOSE-GYM-99D091,CAT-MULTIPURPOSE-GYM-INFRASTRUCTURE-56C527,SUB-MULTIPURPOSE-INFRASTRUC-UTILITIES-AND-TECH-7D02DD,MS+HS,MS+HS,,Select all that apply (scoring table floor box),"Supports scoring tables for basketball, volleyball, and wrestling.",MultiSelect,Evaluation,MixedItemScoring,12,EqualWeight,,5770,True,True,Athletics & Wellness,180
MG-020,MG-020,SRV-ATHLETICS-AND-WELLNESS,Athletics and Wellness,Athletics and Wellness,SPT-MULTIPURPOSE-GYM-99D091,CAT-MULTIPURPOSE-GYM-OBSERVATIONAL-6E97CE,SUB-MULTIPURPOSE-OBSERVATIO-OBSERVATIONAL-312D87,MS+HS,MS+HS,,"Are flexible spaces available to support daily PE classes, athletic team practices, and competitive events for all sports? (check all that apply)",MultiSelect (Y/N/DNA/UTA per item),SingleSelect,Observational,RecordedOnly,0,EqualWeight_Unscored,,5780,True,True,Athletics & Wellness,184
PG-002,PG-002,SRV-ATHLETICS-AND-WELLNESS,Athletics and Wellness,Athletics and Wellness,SPT-PRACTICE-GYM-8CB861,CAT-PRACTICE-GYM-FUNCTION-DA1C9B,SUB-PRACTICE-GYM-FUNCTION-LAYOUT-AND-FLEXIBI-97A37D,MS,MS,,Does the practice gym provide one main court and two cross-courts for both basketball and volleyball?,,YesNo,Evaluation,SingleResponse,12,EqualWeight,,5790,True,True,Athletics & Wellness,198
PG-003,PG-003,SRV-ATHLETICS-AND-WELLNESS,Athletics and Wellness,Athletics and Wellness,SPT-PRACTICE-GYM-8CB861,CAT-PRACTICE-GYM-OCCUPANT-EXPERIENC-72A2F8,SUB-PRACTICE-GYM-OCCUPANT-E-CIRCULATION-AND-EG-092E0D,MS,MS,,"Is at least one door a minimum of 72"" wide?",,YesNo,Evaluation,SingleResponse,12,EqualWeight,,5800,True,True,Athletics & Wellness,202
PG-004,PG-004,SRV-ATHLETICS-AND-WELLNESS,Athletics and Wellness,Athletics and Wellness,SPT-PRACTICE-GYM-8CB861,CAT-PRACTICE-GYM-INFRASTRUCTURE-46F01A,SUB-PRACTICE-GYM-INFRASTRUC-FLOORING-AND-SURFA-D99FC3,MS,MS,,Is the flooring wood athletic flooring?,,YesNo,Evaluation,SingleResponse,12,EqualWeight,,5810,True,True,Athletics & Wellness,206
PG-005,PG-005,SRV-ATHLETICS-AND-WELLNESS,Athletics and Wellness,Athletics and Wellness,SPT-PRACTICE-GYM-8CB861,CAT-PRACTICE-GYM-FUNCTION-DA1C9B,SUB-PRACTICE-GYM-FUNCTION-LAYOUT-AND-FLEXIBI-97A37D,MS,MS,,What is the status of main court bleacher seating?,,SingleSelect,Evaluation,SingleResponse,12,EqualWeight,,5820,True,True,Athletics & Wellness,210
PG-006,PG-006,SRV-ATHLETICS-AND-WELLNESS,Athletics and Wellness,Athletics and Wellness,SPT-PRACTICE-GYM-8CB861,CAT-PRACTICE-GYM-FUNCTION-DA1C9B,SUB-PRACTICE-GYM-FUNCTION-LAYOUT-AND-FLEXIBI-97A37D,MS,MS,,Does the space have a minimum clear floor space (floor to underside of ceiling/structure) of 16'?,,YesNo,Evaluation,SingleResponse,12,EqualWeight,,5830,True,True,Athletics & Wellness,215
PG-007,PG-007,SRV-ATHLETICS-AND-WELLNESS,Athletics and Wellness,Athletics and Wellness,SPT-PRACTICE-GYM-8CB861,CAT-PRACTICE-GYM-FUNCTION-DA1C9B,SUB-PRACTICE-GYM-FUNCTION-LAYOUT-AND-FLEXIBI-97A37D,MS,MS,,"Select all that apply for basketball full court (clearance, measured from sideline to closest wall or bleachers)",,MultiSelect,Evaluation,MixedItemScoring,12,EqualWeight,,5840,True,True,Athletics & Wellness,219
PG-008,PG-008,SRV-ATHLETICS-AND-WELLNESS,Athletics and Wellness,Athletics and Wellness,SPT-PRACTICE-GYM-8CB861,CAT-PRACTICE-GYM-AMENITIES-F01D2D,SUB-PRACTICE-GYM-AMENITIES-DISPLAY-AND-PRESEN-C9CD32,MS,MS,,"How much writable surface (e.g., markerboard) is provided, excluding glass? Include both fixed and mobile surfaces.",,SingleSelect,Evaluation,SingleResponse,12,EqualWeight,,5850,True,True,Athletics & Wellness,223
PG-009,PG-009,SRV-ATHLETICS-AND-WELLNESS,Athletics and Wellness,Athletics and Wellness,SPT-PRACTICE-GYM-8CB861,CAT-PRACTICE-GYM-INFRASTRUCTURE-46F01A,SUB-PRACTICE-GYM-INFRASTRUC-UTILITIES-AND-TECH-550D3A,MS,MS,,Are there any visible workarounds accommodating a lack of power outlets?,,YesNo,Evaluation,SingleResponse,12,EqualWeight,,5860,True,True,Athletics & Wellness,231
PG-010,PG-010,SRV-ATHLETICS-AND-WELLNESS,Athletics and Wellness,Athletics and Wellness,SPT-PRACTICE-GYM-8CB861,CAT-PRACTICE-GYM-AMENITIES-F01D2D,SUB-PRACTICE-GYM-AMENITIES-STORAGE-337BF2,MS,MS,,Is there an ensuite equipment storage room?,"Supports PE, basketball, and volleyball equipment storage",YesNo,Evaluation,SingleResponse,12,EqualWeight,,5870,True,True,Athletics & Wellness,235
PG-011,PG-011,SRV-ATHLETICS-AND-WELLNESS,Athletics and Wellness,Athletics and Wellness,SPT-PRACTICE-GYM-8CB861,CAT-PRACTICE-GYM-FUNCTION-DA1C9B,SUB-PRACTICE-GYM-FUNCTION-ADJACENCY-AND-ACCE-FE686E,MS,MS,,Is there direct access to the athletics lobby to support safe and efficient circulation in surge space?,,YesNo,Evaluation,SingleResponse,12,EqualWeight,,5880,True,True,Athletics & Wellness,239
PG-012,PG-012,SRV-ATHLETICS-AND-WELLNESS,Athletics and Wellness,Athletics and Wellness,SPT-PRACTICE-GYM-8CB861,CAT-PRACTICE-GYM-INFRASTRUCTURE-46F01A,SUB-PRACTICE-GYM-INFRASTRUC-UTILITIES-AND-TECH-550D3A,MS,MS,,Select all that apply (scoring table floor box),"Supports scoring tables for basketball, volleyball, and wrestling.",MultiSelect,Evaluation,MixedItemScoring,12,EqualWeight,,5890,True,True,Athletics & Wellness,243
PG-013,PG-013,SRV-ATHLETICS-AND-WELLNESS,Athletics and Wellness,Athletics and Wellness,SPT-PRACTICE-GYM-8CB861,CAT-PRACTICE-GYM-FUNCTION-DA1C9B,SUB-PRACTICE-GYM-FUNCTION-AVAILABILITY-DA650A,MS,MS,,"Are flexible spaces available to support daily PE classes, athletic team practices, and competitive events for all sports? (check all that apply)",MultiSelect (Y/N/DNA/UTA per item),SingleSelect,Inventory,RecordedOnly,0,EqualWeight_Unscored,,5900,True,True,Athletics & Wellness,247
EG-002,EG-002,SRV-ATHLETICS-AND-WELLNESS,Athletics and Wellness,Shared Spaces,SPT-ES-GYMNASIUM-BE0D5E,CAT-ES-GYMNASIUM-OCCUPANT-EXPERIENC-432605,SUB-ES-GYMNASIUM-OCCUPANT-E-CIRCULATION-AND-EG-09C9AC,ES,ES,,"Is a 72"" or wider entry door from circulation provided?",,YesNo,Evaluation,SingleResponse,12,EqualWeight,,5910,True,True,Athletics & Wellness,261
EG-003,EG-003,SRV-ATHLETICS-AND-WELLNESS,Athletics and Wellness,Shared Spaces,SPT-ES-GYMNASIUM-BE0D5E,CAT-ES-GYMNASIUM-AMENITIES-35A8E9,SUB-ES-GYMNASIUM-AMENITIES-FURNITURE-AND-EQUI-8540E2,ES,ES,,How many basketball goals are provided?,,SingleSelect,Evaluation,SingleResponse,12,EqualWeight,,5920,True,True,Athletics & Wellness,265
EG-004,EG-004,SRV-ATHLETICS-AND-WELLNESS,Athletics and Wellness,Shared Spaces,SPT-ES-GYMNASIUM-BE0D5E,CAT-ES-GYMNASIUM-AMENITIES-35A8E9,SUB-ES-GYMNASIUM-AMENITIES-FURNITURE-AND-EQUI-8540E2,ES,ES,,Select all that are present (gym equipment),,MultiSelect,Evaluation,MixedItemScoring,12,EqualWeight,,5930,True,True,Athletics & Wellness,270
EG-005,EG-005,SRV-ATHLETICS-AND-WELLNESS,Athletics and Wellness,Shared Spaces,SPT-ES-GYMNASIUM-BE0D5E,CAT-ES-GYMNASIUM-AMENITIES-35A8E9,SUB-ES-GYMNASIUM-AMENITIES-STORAGE-8DA3E3,ES,ES,,Is there an ensuite equipment storage room?,,YesNo,Evaluation,SingleResponse,12,EqualWeight,,5940,True,True,Athletics & Wellness,281
EG-006,EG-006,SRV-ATHLETICS-AND-WELLNESS,Athletics and Wellness,Shared Spaces,SPT-ES-GYMNASIUM-BE0D5E,CAT-ES-GYMNASIUM-AMENITIES-35A8E9,SUB-ES-GYMNASIUM-AMENITIES-DISPLAY-AND-PRESEN-47E91D,ES,ES,,"How much writable surface (e.g., markerboard) is provided, excluding glass? Include both fixed and mobile writable surfaces in your count.",,SingleSelect,Evaluation,SingleResponse,12,EqualWeight,,5950,True,True,Athletics & Wellness,285
EG-007,EG-007,SRV-ATHLETICS-AND-WELLNESS,Athletics and Wellness,Shared Spaces,SPT-ES-GYMNASIUM-BE0D5E,CAT-ES-GYMNASIUM-AMENITIES-35A8E9,SUB-ES-GYMNASIUM-AMENITIES-DISPLAY-AND-PRESEN-47E91D,ES,ES,,Is the writable surface and tackboard distributed to create two separate teaching areas within the gymnasium?,,YesNo,Evaluation,SingleResponse,12,EqualWeight,,5960,True,True,Athletics & Wellness,293
EG-008,EG-008,SRV-ATHLETICS-AND-WELLNESS,Athletics and Wellness,Shared Spaces,SPT-ES-GYMNASIUM-BE0D5E,CAT-ES-GYMNASIUM-AMENITIES-35A8E9,SUB-ES-GYMNASIUM-AMENITIES-DISPLAY-AND-PRESEN-47E91D,ES,ES,,How much tackboard/tackwall is provided? Include both fixed and mobile surfaces.,,SingleSelect,Evaluation,SingleResponse,12,EqualWeight,,5970,True,True,Athletics & Wellness,297
EG-009,EG-009,SRV-ATHLETICS-AND-WELLNESS,Athletics and Wellness,Shared Spaces,SPT-ES-GYMNASIUM-BE0D5E,CAT-ES-GYMNASIUM-AMENITIES-35A8E9,SUB-ES-GYMNASIUM-AMENITIES-DISPLAY-AND-PRESEN-47E91D,ES,ES,,Is additional tackboard provided outside the gymnasium?,,YesNo,Evaluation,SingleResponse,12,EqualWeight,,5980,True,True,Athletics & Wellness,303
EG-010,EG-010,SRV-ATHLETICS-AND-WELLNESS,Athletics and Wellness,Shared Spaces,SPT-ES-GYMNASIUM-BE0D5E,CAT-ES-GYMNASIUM-INFRASTRUCTURE-9A92E5,SUB-ES-GYMNASIUM-INFRASTRUC-UTILITIES-AND-TECH-88BE45,ES,ES,,Are there any visible workarounds accommodating a lack of power outlets?,,YesNo,Evaluation,SingleResponse,12,EqualWeight,,5990,True,True,Athletics & Wellness,307
EG-011,EG-011,SRV-ATHLETICS-AND-WELLNESS,Athletics and Wellness,Shared Spaces,SPT-ES-GYMNASIUM-BE0D5E,CAT-ES-GYMNASIUM-FUNCTION-11FD08,SUB-ES-GYMNASIUM-FUNCTION-ADJACENCY-AND-ACCE-FEFCED,ES,ES,,What is directly adjacent to or in close proximity to the gym? Select all that apply.,,MultiSelect,Evaluation,MixedItemScoring,12,EqualWeight,,6000,True,True,Athletics & Wellness,311
EG-012,EG-012,SRV-ATHLETICS-AND-WELLNESS,Athletics and Wellness,Shared Spaces,SPT-ES-GYMNASIUM-BE0D5E,CAT-ES-GYMNASIUM-FUNCTION-11FD08,SUB-ES-GYMNASIUM-FUNCTION-ADJACENCY-AND-ACCE-FEFCED,ES,ES,,What is the gymnasium's proximity to the Dining Commons?,,SingleSelect,Evaluation,SingleResponse,12,EqualWeight,,6010,True,True,Athletics & Wellness,318
EG-013,EG-013,SRV-ATHLETICS-AND-WELLNESS,Athletics and Wellness,Shared Spaces,SPT-ES-GYMNASIUM-BE0D5E,CAT-ES-GYMNASIUM-AMENITIES-35A8E9,SUB-ES-GYMNASIUM-AMENITIES-DISPLAY-AND-PRESEN-47E91D,ES,ES,,Are a motorized projection screen and ceiling/wall-mounted projector provided?,,YesNo,Evaluation,SingleResponse,12,EqualWeight,,6020,True,True,Athletics & Wellness,323
EG-014,EG-014,SRV-ATHLETICS-AND-WELLNESS,Athletics and Wellness,Shared Spaces,SPT-ES-GYMNASIUM-BE0D5E,CAT-ES-GYMNASIUM-INFRASTRUCTURE-9A92E5,SUB-ES-GYMNASIUM-INFRASTRUC-UTILITIES-AND-TECH-88BE45,ES,ES,,Is the ceiling or structural design such that balls or equipment are prevented from getting lodged?,,YesNo,Evaluation,SingleResponse,12,EqualWeight,,6030,True,True,Athletics & Wellness,327
EG-015,EG-015,SRV-ATHLETICS-AND-WELLNESS,Athletics and Wellness,Shared Spaces,SPT-ES-GYMNASIUM-BE0D5E,CAT-ES-GYMNASIUM-INFRASTRUCTURE-9A92E5,SUB-ES-GYMNASIUM-INFRASTRUC-UTILITIES-AND-TECH-88BE45,ES,ES,,Select all that apply (general inventory),,MultiSelect,Inventory,RecordedOnly,0,EqualWeight_Unscored,,6040,True,True,Athletics & Wellness,331
WE-002,WE-002,SRV-ATHLETICS-AND-WELLNESS,Athletics and Wellness,Athletics and Wellness,SPT-WEIGHT-ROOM-9E9F80,CAT-WEIGHT-ROOM-FUNCTION-55F532,SUB-WEIGHT-ROOM-FUNCTION-AVAILABILITY-12F24C,MS+HS,MS+HS,,Select all that are present:,,MultiSelect,Evaluation,MixedItemScoring,12,EqualWeight,,6050,True,True,Athletics & Wellness,340
WE-003,WE-003,SRV-ATHLETICS-AND-WELLNESS,Athletics and Wellness,Athletics and Wellness,SPT-WEIGHT-ROOM-9E9F80,CAT-WEIGHT-ROOM-FUNCTION-55F532,SUB-WEIGHT-ROOM-FUNCTION-ADJACENCY-AND-ACCE-A8445A,MS+HS,MS+HS,,Is the space in close proximity to locker rooms and/or multipurpose/practice gyms?,,YesNo,Evaluation,SingleResponse,12,EqualWeight,,6060,True,True,Athletics & Wellness,344
WE-004,WE-004,SRV-ATHLETICS-AND-WELLNESS,Athletics and Wellness,Athletics and Wellness,SPT-WEIGHT-ROOM-9E9F80,CAT-WEIGHT-ROOM-AMENITIES-5C97E5,SUB-WEIGHT-ROOM-AMENITIES-FURNITURE-AND-EQUI-650AEC,MS+HS,MS+HS,,Select all that are present:,,MultiSelect,Evaluation,MixedItemScoring,12,EqualWeight,,6070,True,True,Athletics & Wellness,348
WE-005,WE-005,SRV-ATHLETICS-AND-WELLNESS,Athletics and Wellness,Athletics and Wellness,SPT-WEIGHT-ROOM-9E9F80,CAT-WEIGHT-ROOM-FUNCTION-55F532,SUB-WEIGHT-ROOM-FUNCTION-LAYOUT-AND-FLEXIBI-87AB0D,MS+HS,MS+HS,,Is there ample space for safe circulation around the equipment?,,YesNo,Evaluation,SingleResponse,12,EqualWeight,,6080,True,True,Athletics & Wellness,357
WE-006,WE-006,SRV-ATHLETICS-AND-WELLNESS,Athletics and Wellness,Athletics and Wellness,SPT-WEIGHT-ROOM-9E9F80,CAT-WEIGHT-ROOM-FUNCTION-55F532,SUB-WEIGHT-ROOM-FUNCTION-LAYOUT-AND-FLEXIBI-87AB0D,MS+HS,MS+HS,,Do overhead doors provide access to an exterior weight training yard?,,YesNo,Evaluation,SingleResponse,12,EqualWeight,,6090,True,True,Athletics & Wellness,361
WE-007,WE-007,SRV-ATHLETICS-AND-WELLNESS,Athletics and Wellness,Athletics and Wellness,SPT-WEIGHT-ROOM-9E9F80,CAT-WEIGHT-ROOM-OCCUPANT-EXPERIENC-F78862,SUB-WEIGHT-ROOM-OCCUPANT-E-CIRCULATION-AND-EG-F2F8EB,MS+HS,MS+HS,,"Is at least one interior door a minimum of 72"" wide?",,YesNo,Evaluation,SingleResponse,12,EqualWeight,,6100,True,True,Athletics & Wellness,365
WE-008,WE-008,SRV-ATHLETICS-AND-WELLNESS,Athletics and Wellness,Athletics and Wellness,SPT-WEIGHT-ROOM-9E9F80,CAT-WEIGHT-ROOM-INFRASTRUCTURE-E9A8D6,SUB-WEIGHT-ROOM-INFRASTRUC-UTILITIES-AND-TECH-CD97CD,MS+HS,MS+HS,,Are there any visible workarounds accommodating a lack of power outlets?,,YesNo,Evaluation,SingleResponse,12,EqualWeight,,6110,True,True,Athletics & Wellness,369
WE-009,WE-009,SRV-ATHLETICS-AND-WELLNESS,Athletics and Wellness,Athletics and Wellness,SPT-WEIGHT-ROOM-9E9F80,CAT-WEIGHT-ROOM-INFRASTRUCTURE-E9A8D6,SUB-WEIGHT-ROOM-INFRASTRUC-UTILITIES-AND-TECH-CD97CD,MS+HS,MS+HS,,Select all that apply (water),,MultiSelect,Evaluation,MixedItemScoring,12,EqualWeight,,6120,True,True,Athletics & Wellness,373
WR-002,WR-002,SRV-ATHLETICS-AND-WELLNESS,Athletics and Wellness,Athletics and Wellness,SPT-WRESTLING-A78FB6,CAT-WRESTLING-FUNCTION-27DCEC,SUB-WRESTLING-FUNCTION-ADJACENCY-AND-ACCE-1A7AAB,HS,HS,,Is the space in close proximity to locker rooms or multipurpose/practice gyms?,,YesNo,Evaluation,SingleResponse,12,EqualWeight,,6130,True,True,Athletics & Wellness,381
WR-003,WR-003,SRV-ATHLETICS-AND-WELLNESS,Athletics and Wellness,Athletics and Wellness,SPT-WRESTLING-A78FB6,CAT-WRESTLING-FUNCTION-27DCEC,SUB-WRESTLING-FUNCTION-LAYOUT-AND-FLEXIBI-760DC4,HS,HS,,Select all that apply (mat clearance),,MultiSelect,Evaluation,MixedItemScoring,12,EqualWeight,,6140,True,True,Athletics & Wellness,385
WR-004,WR-004,SRV-ATHLETICS-AND-WELLNESS,Athletics and Wellness,Athletics and Wellness,SPT-WRESTLING-A78FB6,CAT-WRESTLING-AMENITIES-A5EEF1,SUB-WRESTLING-AMENITIES-FURNITURE-AND-EQUI-08E300,HS,HS,,Is an observation platform provided?,,YesNo,Evaluation,SingleResponse,12,EqualWeight,,6150,True,True,Athletics & Wellness,389
WR-005,WR-005,SRV-ATHLETICS-AND-WELLNESS,Athletics and Wellness,Athletics and Wellness,SPT-WRESTLING-A78FB6,CAT-WRESTLING-FUNCTION-27DCEC,SUB-WRESTLING-FUNCTION-LAYOUT-AND-FLEXIBI-760DC4,HS,HS,,Does the space have a minimum clear floor space (floor to underside of ceiling/structure) of 16'?,,YesNo,Evaluation,SingleResponse,12,EqualWeight,,6160,True,True,Athletics & Wellness,393
WR-006,WR-006,SRV-ATHLETICS-AND-WELLNESS,Athletics and Wellness,Athletics and Wellness,SPT-WRESTLING-A78FB6,CAT-WRESTLING-OCCUPANT-EXPERIENC-7C2530,SUB-WRESTLING-OCCUPANT-E-CIRCULATION-AND-EG-DE0DA5,HS,HS,,"Is at least one interior door a minimum of 72"" wide?",,YesNo,Evaluation,SingleResponse,12,EqualWeight,,6170,True,True,Athletics & Wellness,397
WR-007,WR-007,SRV-ATHLETICS-AND-WELLNESS,Athletics and Wellness,Athletics and Wellness,SPT-WRESTLING-A78FB6,CAT-WRESTLING-AMENITIES-A5EEF1,SUB-WRESTLING-AMENITIES-DISPLAY-AND-PRESEN-C4D38A,HS,HS,,"How much writable surface (e.g., markerboard) is provided, excluding glass? Include both fixed and mobile surfaces.",,SingleSelect,Evaluation,SingleResponse,12,EqualWeight,,6180,True,True,Athletics & Wellness,401
WR-008,WR-008,SRV-ATHLETICS-AND-WELLNESS,Athletics and Wellness,Athletics and Wellness,SPT-WRESTLING-A78FB6,CAT-WRESTLING-INFRASTRUCTURE-BE3E2A,SUB-WRESTLING-INFRASTRUC-UTILITIES-AND-TECH-703541,HS,HS,,Are there any visible workarounds accommodating a lack of power outlets?,,YesNo,Evaluation,SingleResponse,12,EqualWeight,,6190,True,True,Athletics & Wellness,405
WR-009,WR-009,SRV-ATHLETICS-AND-WELLNESS,Athletics and Wellness,Athletics and Wellness,SPT-WRESTLING-A78FB6,CAT-WRESTLING-INFRASTRUCTURE-BE3E2A,SUB-WRESTLING-INFRASTRUC-UTILITIES-AND-TECH-703541,HS,HS,,Select all that apply (water),,MultiSelect,Evaluation,MixedItemScoring,12,EqualWeight,,6200,True,True,Athletics & Wellness,409
LR-002,LR-002,SRV-ATHLETICS-AND-WELLNESS,Athletics and Wellness,Athletics and Wellness,SPT-LOCKER-ROOMS-5ED7DB,CAT-LOCKER-ROOMS-FUNCTION-F3A348,SUB-LOCKER-ROOMS-FUNCTION-AVAILABILITY-2BEA02,MS+HS,MS+HS,,Select all that are present:,,MultiSelect,Evaluation,MixedItemScoring,12,EqualWeight,,6210,True,True,Athletics & Wellness,417
LR-003,LR-003,SRV-ATHLETICS-AND-WELLNESS,Athletics and Wellness,Athletics and Wellness,SPT-LOCKER-ROOMS-5ED7DB,CAT-LOCKER-ROOMS-OCCUPANT-EXPERIENC-D9024C,SUB-LOCKER-ROOMS-OCCUPANT-E-SAFETY-AND-SUPERVI-F11A24,MS+HS,MS+HS,,Are the locker rooms secure and lockable when not in use?,,YesNo,Evaluation,SingleResponse,12,EqualWeight,,6220,True,True,Athletics & Wellness,426
LR-004,LR-004,SRV-ATHLETICS-AND-WELLNESS,Athletics and Wellness,Athletics and Wellness,SPT-LOCKER-ROOMS-5ED7DB,CAT-LOCKER-ROOMS-FUNCTION-F3A348,SUB-LOCKER-ROOMS-FUNCTION-ADJACENCY-AND-ACCE-3A7B7C,MS+HS,MS+HS,,Select all that apply (access),,MultiSelect,Evaluation,MixedItemScoring,12,EqualWeight,,6230,True,True,Athletics & Wellness,430
LR-005,LR-005,SRV-ATHLETICS-AND-WELLNESS,Athletics and Wellness,Athletics and Wellness,SPT-LOCKER-ROOMS-5ED7DB,CAT-LOCKER-ROOMS-INFRASTRUCTURE-567374,SUB-LOCKER-ROOMS-INFRASTRUC-UTILITIES-AND-TECH-023F5F,MS+HS,MS+HS,,Select all that apply (plumbing),,MultiSelect,Evaluation,MixedItemScoring,12,EqualWeight,,6240,True,True,Athletics & Wellness,435
LR-006,LR-006,SRV-ATHLETICS-AND-WELLNESS,Athletics and Wellness,Athletics and Wellness,SPT-LOCKER-ROOMS-5ED7DB,CAT-LOCKER-ROOMS-FUNCTION-F3A348,SUB-LOCKER-ROOMS-FUNCTION-ADJACENCY-AND-ACCE-3A7B7C,HS,HS,,Select all that apply (close proximity),,MultiSelect,Evaluation,MixedItemScoring,12,EqualWeight,,6250,True,True,Athletics & Wellness,440
PF-002,PF-002,SRV-ATHLETICS-AND-WELLNESS,Athletics and Wellness,Athletics and Wellness,SPT-PE-FITNESS-ROOM-F9EFD1,CAT-PE-FITNESS-ROOM-FUNCTION-9247CE,SUB-PE-FITNESS-R-FUNCTION-LAYOUT-AND-FLEXIBI-E8FFC4,HS,HS,,Does the space have a minimum clear floor space (floor to underside of ceiling/structure) of 16'?,,YesNo,Evaluation,SingleResponse,12,EqualWeight,,6260,True,True,Athletics & Wellness,450
PF-003,PF-003,SRV-ATHLETICS-AND-WELLNESS,Athletics and Wellness,Athletics and Wellness,SPT-PE-FITNESS-ROOM-F9EFD1,CAT-PE-FITNESS-ROOM-AMENITIES-146AEA,SUB-PE-FITNESS-R-AMENITIES-DISPLAY-AND-PRESEN-6F5422,HS,HS,,"How much writable surface (e.g., markerboard) is provided, excluding glass? Include both fixed and mobile surfaces.",,SingleSelect,Evaluation,SingleResponse,12,EqualWeight,,6270,True,True,Athletics & Wellness,454
PF-004,PF-004,SRV-ATHLETICS-AND-WELLNESS,Athletics and Wellness,Athletics and Wellness,SPT-PE-FITNESS-ROOM-F9EFD1,CAT-PE-FITNESS-ROOM-AMENITIES-146AEA,SUB-PE-FITNESS-R-AMENITIES-DISPLAY-AND-PRESEN-6F5422,HS,HS,,How much tackboard/tackwall/tackstrip is provided? Include both fixed and mobile surfaces.,Supports display of student work,SingleSelect,Evaluation,SingleResponse,12,EqualWeight,,6280,True,True,Athletics & Wellness,459
PF-005,PF-005,SRV-ATHLETICS-AND-WELLNESS,Athletics and Wellness,Athletics and Wellness,SPT-PE-FITNESS-ROOM-F9EFD1,CAT-PE-FITNESS-ROOM-INFRASTRUCTURE-E77F86,SUB-PE-FITNESS-R-INFRASTRUC-UTILITIES-AND-TECH-CDE527,HS,HS,,Are there any visible workarounds accommodating a lack of power outlets?,,YesNo,Evaluation,SingleResponse,12,EqualWeight,,6290,True,True,Athletics & Wellness,464
PF-006,PF-006,SRV-ATHLETICS-AND-WELLNESS,Athletics and Wellness,Athletics and Wellness,SPT-PE-FITNESS-ROOM-F9EFD1,CAT-PE-FITNESS-ROOM-INFRASTRUCTURE-E77F86,SUB-PE-FITNESS-R-INFRASTRUC-UTILITIES-AND-TECH-CDE527,HS,HS,,Select all that apply (water),,MultiSelect,Evaluation,MixedItemScoring,12,EqualWeight,,6300,True,True,Athletics & Wellness,468
PF-007,PF-007,SRV-ATHLETICS-AND-WELLNESS,Athletics and Wellness,Athletics and Wellness,SPT-PE-FITNESS-ROOM-F9EFD1,CAT-PE-FITNESS-ROOM-AMENITIES-146AEA,SUB-PE-FITNESS-R-AMENITIES-FURNITURE-AND-EQUI-B5903A,HS,HS,,Select all that apply (mirrors),,MultiSelect,Evaluation,MixedItemScoring,12,EqualWeight,,6310,True,True,Athletics & Wellness,472
PF-008,PF-008,SRV-ATHLETICS-AND-WELLNESS,Athletics and Wellness,Athletics and Wellness,SPT-PE-FITNESS-ROOM-F9EFD1,CAT-PE-FITNESS-ROOM-AMENITIES-146AEA,SUB-PE-FITNESS-R-AMENITIES-FURNITURE-AND-EQUI-B5903A,HS,HS,,Select all that apply (exercise equipment),,MultiSelect,Evaluation,MixedItemScoring,12,EqualWeight,,6320,True,True,Athletics & Wellness,476
AT-001,AT-001,SRV-ATHLETICS-AND-WELLNESS,Athletics and Wellness,Athletics and Wellness,SPT-ATHLETICS-WING-31743B,CAT-ATHLETICS-WING-FUNCTION-14FFDA,SUB-ATHLETICS-WI-FUNCTION-LAYOUT-AND-FLEXIBI-083627,MS+HS,MS+HS,,Select all that apply (after-hours access),"Restricted means non-athletics areas of the school (e.g., academic corridors, studios) are locked off from public access",MultiSelect,Evaluation,MixedItemScoring,12,EqualWeight,,6330,True,True,Athletics & Wellness,482
AT-002,AT-002,SRV-ATHLETICS-AND-WELLNESS,Athletics and Wellness,Athletics and Wellness,SPT-ATHLETICS-WING-31743B,CAT-ATHLETICS-WING-FUNCTION-14FFDA,SUB-ATHLETICS-WI-FUNCTION-ADJACENCY-AND-ACCE-4136F6,MS+HS,MS+HS,,Does the athletics wing provide direct access to the outdoor athletics area?,,YesNo,Evaluation,SingleResponse,12,EqualWeight,,6340,True,True,Athletics & Wellness,486
AT-003,AT-003,SRV-ATHLETICS-AND-WELLNESS,Athletics and Wellness,Athletics and Wellness,SPT-ATHLETICS-WING-31743B,CAT-ATHLETICS-WING-FUNCTION-14FFDA,SUB-ATHLETICS-WI-FUNCTION-AVAILABILITY-52CBB7,MS+HS,MS+HS,,Select all that are present (spaces checklist),,MultiSelect,Evaluation,MixedItemScoring,12,EqualWeight,,6350,True,True,Athletics & Wellness,490
AT-004,AT-004,SRV-ATHLETICS-AND-WELLNESS,Athletics and Wellness,Athletics and Wellness,SPT-ATHLETICS-WING-31743B,CAT-ATHLETICS-WING-FUNCTION-14FFDA,SUB-ATHLETICS-WI-FUNCTION-AVAILABILITY-52CBB7,HS,HS,,Select all that are present (spaces checklist),,MultiSelect,Evaluation,MixedItemScoring,12,EqualWeight,,6360,True,True,Athletics & Wellness,499
AT-005,AT-005,SRV-ATHLETICS-AND-WELLNESS,Athletics and Wellness,Athletics and Wellness,SPT-ATHLETICS-WING-31743B,CAT-ATHLETICS-WING-AMENITIES-5797E7,SUB-ATHLETICS-WI-AMENITIES-STORAGE-77C653,MS+HS,MS+HS,,How many storage rooms are provided?,,SingleSelect,Evaluation,SingleResponse,12,EqualWeight,,6370,True,True,Athletics & Wellness,507
AT-006,AT-006,SRV-ATHLETICS-AND-WELLNESS,Athletics and Wellness,Athletics and Wellness,SPT-ATHLETICS-WING-31743B,CAT-ATHLETICS-WING-FUNCTION-14FFDA,SUB-ATHLETICS-WI-FUNCTION-AVAILABILITY-52CBB7,HS,HS,,How many small group rooms are provided?,,SingleSelect,Evaluation,SingleResponse,12,EqualWeight,,6380,True,True,Athletics & Wellness,512
AT-007,AT-007,SRV-ATHLETICS-AND-WELLNESS,Athletics and Wellness,Athletics and Wellness,SPT-ATHLETICS-WING-31743B,CAT-ATHLETICS-WING-FUNCTION-14FFDA,SUB-ATHLETICS-WI-FUNCTION-AVAILABILITY-52CBB7,MS+HS,MS+HS,,How many Athletics and Wellness PLCs are provided?,Also referred to as Coaches PLC,SingleSelect,Evaluation,SingleResponse,12,EqualWeight,,6390,True,True,Athletics & Wellness,517
OA-001,OA-001,SRV-ATHLETICS-AND-WELLNESS,Athletics and Wellness,Athletics and Wellness,SPT-OUTDOOR-ATHLETICS-DEC8BC,CAT-OUTDOOR-ATHLETIC-FUNCTION-A63ABB,SUB-OUTDOOR-ATHL-FUNCTION-AVAILABILITY-7EAA18,MS+HS,MS+HS,,Is there a football/soccer field?,,YesNo,Evaluation,SingleResponse,12,EqualWeight,,6400,True,True,Athletics & Wellness,521
OA-002,OA-002,SRV-ATHLETICS-AND-WELLNESS,Athletics and Wellness,Athletics and Wellness,SPT-OUTDOOR-ATHLETICS-DEC8BC,CAT-OUTDOOR-ATHLETIC-INFRASTRUCTURE-74D333,SUB-OUTDOOR-ATHL-INFRASTRUC-FLOORING-AND-SURFA-E47C3C,HS,HS,,What is the surface of the football/soccer field?,,SingleSelect,Evaluation,SingleResponse,12,EqualWeight,,6410,True,True,Athletics & Wellness,525
OA-003,OA-003,SRV-ATHLETICS-AND-WELLNESS,Athletics and Wellness,Athletics and Wellness,SPT-OUTDOOR-ATHLETICS-DEC8BC,CAT-OUTDOOR-ATHLETIC-FUNCTION-A63ABB,SUB-OUTDOOR-ATHL-FUNCTION-AVAILABILITY-7EAA18,MS,MS,,Is there a flat grass playfield (separate from the football/soccer field)?,,YesNo,Evaluation,SingleResponse,12,EqualWeight,,6420,True,True,Athletics & Wellness,529
OA-004,OA-004,SRV-ATHLETICS-AND-WELLNESS,Athletics and Wellness,Athletics and Wellness,SPT-OUTDOOR-ATHLETICS-DEC8BC,CAT-OUTDOOR-ATHLETIC-FUNCTION-A63ABB,SUB-OUTDOOR-ATHL-FUNCTION-AVAILABILITY-7EAA18,HS,HS,,Is there a football/soccer practice field?,,YesNo,Evaluation,SingleResponse,12,EqualWeight,,6430,True,True,Athletics & Wellness,533
OA-005,OA-005,SRV-ATHLETICS-AND-WELLNESS,Athletics and Wellness,Athletics and Wellness,SPT-OUTDOOR-ATHLETICS-DEC8BC,CAT-OUTDOOR-ATHLETIC-INFRASTRUCTURE-74D333,SUB-OUTDOOR-ATHL-INFRASTRUC-FLOORING-AND-SURFA-E47C3C,HS,HS,,What is the surface of the football/soccer practice field?,,SingleSelect,Inventory,RecordedOnly,0,EqualWeight_Unscored,,6440,True,True,Athletics & Wellness,537
OA-006,OA-006,SRV-ATHLETICS-AND-WELLNESS,Athletics and Wellness,Athletics and Wellness,SPT-OUTDOOR-ATHLETICS-DEC8BC,CAT-OUTDOOR-ATHLETIC-AMENITIES-47CB0A,SUB-OUTDOOR-ATHL-AMENITIES-FURNITURE-AND-EQUI-4C1F28,HS,HS,,Is there a press box for the football/soccer field?,,YesNo,Evaluation,SingleResponse,12,EqualWeight,,6450,True,True,Athletics & Wellness,541
OA-007,OA-007,SRV-ATHLETICS-AND-WELLNESS,Athletics and Wellness,Athletics and Wellness,SPT-OUTDOOR-ATHLETICS-DEC8BC,CAT-OUTDOOR-ATHLETIC-FUNCTION-A63ABB,SUB-OUTDOOR-ATHL-FUNCTION-ADJACENCY-AND-ACCE-978E8E,MS+HS,MS+HS,,Is there direct pedestrian access from the parking lot to the football/soccer field?,,YesNo,Evaluation,SingleResponse,12,EqualWeight,,6460,True,True,Athletics & Wellness,545
OA-008,OA-008,SRV-ATHLETICS-AND-WELLNESS,Athletics and Wellness,Athletics and Wellness,SPT-OUTDOOR-ATHLETICS-DEC8BC,CAT-OUTDOOR-ATHLETIC-FUNCTION-A63ABB,SUB-OUTDOOR-ATHL-FUNCTION-ADJACENCY-AND-ACCE-978E8E,MS+HS,MS+HS,,Is there restroom access within 500 feet of the football/soccer field?,,YesNo,Evaluation,SingleResponse,12,EqualWeight,,6470,True,True,Athletics & Wellness,549
OA-009,OA-009,SRV-ATHLETICS-AND-WELLNESS,Athletics and Wellness,Athletics and Wellness,SPT-OUTDOOR-ATHLETICS-DEC8BC,CAT-OUTDOOR-ATHLETIC-INFRASTRUCTURE-74D333,SUB-OUTDOOR-ATHL-INFRASTRUC-UTILITIES-AND-TECH-78E4EF,MS+HS,MS+HS,,Is field lighting provided at the football/soccer field?,,YesNo,Evaluation,SingleResponse,12,EqualWeight,,6480,True,True,Athletics & Wellness,553
OA-010,OA-010,SRV-ATHLETICS-AND-WELLNESS,Athletics and Wellness,Athletics and Wellness,SPT-OUTDOOR-ATHLETICS-DEC8BC,CAT-OUTDOOR-ATHLETIC-AMENITIES-47CB0A,SUB-OUTDOOR-ATHL-AMENITIES-FURNITURE-AND-EQUI-4C1F28,HS,HS,,What is the status of spectator seating at the football/soccer field?,,SingleSelect,Evaluation,SingleResponse,12,EqualWeight,,6490,True,True,Athletics & Wellness,557
OA-011,OA-011,SRV-ATHLETICS-AND-WELLNESS,Athletics and Wellness,Athletics and Wellness,SPT-OUTDOOR-ATHLETICS-DEC8BC,CAT-OUTDOOR-ATHLETIC-AMENITIES-47CB0A,SUB-OUTDOOR-ATHL-AMENITIES-STORAGE-48FA7B,MS+HS,MS+HS,,How sufficient does the storage appear for the space's program needs?,,SingleSelect,Evaluation,SingleResponse,12,EqualWeight,,6500,True,True,Athletics & Wellness,562
OA-012,OA-012,SRV-ATHLETICS-AND-WELLNESS,Athletics and Wellness,Athletics and Wellness,SPT-OUTDOOR-ATHLETICS-DEC8BC,CAT-OUTDOOR-ATHLETIC-FUNCTION-A63ABB,SUB-OUTDOOR-ATHL-FUNCTION-AVAILABILITY-7EAA18,MS+HS,MS+HS,,Is there a track and field event area?,,YesNo,Evaluation,SingleResponse,12,EqualWeight,,6510,True,True,Athletics & Wellness,567
OA-013,OA-013,SRV-ATHLETICS-AND-WELLNESS,Athletics and Wellness,Athletics and Wellness,SPT-OUTDOOR-ATHLETICS-DEC8BC,CAT-OUTDOOR-ATHLETIC-AMENITIES-47CB0A,SUB-OUTDOOR-ATHL-AMENITIES-FURNITURE-AND-EQUI-4C1F28,MS,MS,,Select all that are present (track and field areas),,MultiSelect,Evaluation,MixedItemScoring,12,EqualWeight,,6520,True,True,Athletics & Wellness,571
OA-014,OA-014,SRV-ATHLETICS-AND-WELLNESS,Athletics and Wellness,Athletics and Wellness,SPT-OUTDOOR-ATHLETICS-DEC8BC,CAT-OUTDOOR-ATHLETIC-AMENITIES-47CB0A,SUB-OUTDOOR-ATHL-AMENITIES-FURNITURE-AND-EQUI-4C1F28,HS,HS,,Select all that are present (track and field areas),,MultiSelect,Evaluation,MixedItemScoring,12,EqualWeight,,6530,True,True,Athletics & Wellness,578
OA-015,OA-015,SRV-ATHLETICS-AND-WELLNESS,Athletics and Wellness,Athletics and Wellness,SPT-OUTDOOR-ATHLETICS-DEC8BC,CAT-OUTDOOR-ATHLETIC-FUNCTION-A63ABB,SUB-OUTDOOR-ATHL-FUNCTION-AVAILABILITY-7EAA18,MS+HS,MS+HS,,Is there a clear line of sight from the track to most field event areas?,,YesNo,Evaluation,SingleResponse,12,EqualWeight,,6540,True,True,Athletics & Wellness,586
OA-016,OA-016,SRV-ATHLETICS-AND-WELLNESS,Athletics and Wellness,Athletics and Wellness,SPT-OUTDOOR-ATHLETICS-DEC8BC,CAT-OUTDOOR-ATHLETIC-FUNCTION-A63ABB,SUB-OUTDOOR-ATHL-FUNCTION-LAYOUT-AND-FLEXIBI-F6B321,MS,MS,,How many lanes does the track have?,,SingleSelect,Evaluation,SingleResponse,12,EqualWeight,,6550,True,True,Athletics & Wellness,590
OA-017,OA-017,SRV-ATHLETICS-AND-WELLNESS,Athletics and Wellness,Athletics and Wellness,SPT-OUTDOOR-ATHLETICS-DEC8BC,CAT-OUTDOOR-ATHLETIC-FUNCTION-A63ABB,SUB-OUTDOOR-ATHL-FUNCTION-LAYOUT-AND-FLEXIBI-F6B321,HS,HS,,How many lanes does the track have?,,SingleSelect,Evaluation,SingleResponse,12,EqualWeight,,6560,True,True,Athletics & Wellness,598
OA-018,OA-018,SRV-ATHLETICS-AND-WELLNESS,Athletics and Wellness,Athletics and Wellness,SPT-OUTDOOR-ATHLETICS-DEC8BC,CAT-OUTDOOR-ATHLETIC-FUNCTION-A63ABB,SUB-OUTDOOR-ATHL-FUNCTION-LAYOUT-AND-FLEXIBI-F6B321,MS+HS,MS+HS,,Is the track a standard 400-meter distance?,,YesNo,Evaluation,SingleResponse,12,EqualWeight,,6570,True,True,Athletics & Wellness,606
OA-019,OA-019,SRV-ATHLETICS-AND-WELLNESS,Athletics and Wellness,Athletics and Wellness,SPT-OUTDOOR-ATHLETICS-DEC8BC,CAT-OUTDOOR-ATHLETIC-FUNCTION-A63ABB,SUB-OUTDOOR-ATHL-FUNCTION-ADJACENCY-AND-ACCE-978E8E,MS+HS,MS+HS,,Is there direct pedestrian access from the parking lot to the track and field event areas?,,YesNo,Evaluation,SingleResponse,12,EqualWeight,,6580,True,True,Athletics & Wellness,610
OA-020,OA-020,SRV-ATHLETICS-AND-WELLNESS,Athletics and Wellness,Athletics and Wellness,SPT-OUTDOOR-ATHLETICS-DEC8BC,CAT-OUTDOOR-ATHLETIC-FUNCTION-A63ABB,SUB-OUTDOOR-ATHL-FUNCTION-ADJACENCY-AND-ACCE-978E8E,MS+HS,MS+HS,,Is there restroom access within 500 feet of the track and field event areas?,,YesNo,Evaluation,SingleResponse,12,EqualWeight,,6590,True,True,Athletics & Wellness,614
OA-021,OA-021,SRV-ATHLETICS-AND-WELLNESS,Athletics and Wellness,Athletics and Wellness,SPT-OUTDOOR-ATHLETICS-DEC8BC,CAT-OUTDOOR-ATHLETIC-AMENITIES-47CB0A,SUB-OUTDOOR-ATHL-AMENITIES-STORAGE-48FA7B,MS+HS,MS+HS,,How sufficient does the storage appear for the space's program needs?,,SingleSelect,Evaluation,SingleResponse,12,EqualWeight,,6600,True,True,Athletics & Wellness,618
OA-022,OA-022,SRV-ATHLETICS-AND-WELLNESS,Athletics and Wellness,Athletics and Wellness,SPT-OUTDOOR-ATHLETICS-DEC8BC,CAT-OUTDOOR-ATHLETIC-FUNCTION-A63ABB,SUB-OUTDOOR-ATHL-FUNCTION-AVAILABILITY-7EAA18,MS+HS,MS+HS,,Are there tennis courts?,,YesNo,Evaluation,SingleResponse,12,EqualWeight,,6610,True,True,Athletics & Wellness,623
OA-023,OA-023,SRV-ATHLETICS-AND-WELLNESS,Athletics and Wellness,Athletics and Wellness,SPT-OUTDOOR-ATHLETICS-DEC8BC,CAT-OUTDOOR-ATHLETIC-FUNCTION-A63ABB,SUB-OUTDOOR-ATHL-FUNCTION-AVAILABILITY-7EAA18,MS,MS,,How many tennis courts are provided?,,SingleSelect,Evaluation,SingleResponse,12,EqualWeight,,6620,True,True,Athletics & Wellness,627
OA-024,OA-024,SRV-ATHLETICS-AND-WELLNESS,Athletics and Wellness,Athletics and Wellness,SPT-OUTDOOR-ATHLETICS-DEC8BC,CAT-OUTDOOR-ATHLETIC-FUNCTION-A63ABB,SUB-OUTDOOR-ATHL-FUNCTION-AVAILABILITY-7EAA18,HS,HS,,How many tennis courts are provided?,,SingleSelect,Evaluation,SingleResponse,12,EqualWeight,,6630,True,True,Athletics & Wellness,631
OA-025,OA-025,SRV-ATHLETICS-AND-WELLNESS,Athletics and Wellness,Athletics and Wellness,SPT-OUTDOOR-ATHLETICS-DEC8BC,CAT-OUTDOOR-ATHLETIC-FUNCTION-A63ABB,SUB-OUTDOOR-ATHL-FUNCTION-ADJACENCY-AND-ACCE-978E8E,MS+HS,MS+HS,,Is there direct pedestrian access from the parking lot to the tennis courts?,,YesNo,Evaluation,SingleResponse,12,EqualWeight,,6640,True,True,Athletics & Wellness,637
OA-026,OA-026,SRV-ATHLETICS-AND-WELLNESS,Athletics and Wellness,Athletics and Wellness,SPT-OUTDOOR-ATHLETICS-DEC8BC,CAT-OUTDOOR-ATHLETIC-FUNCTION-A63ABB,SUB-OUTDOOR-ATHL-FUNCTION-ADJACENCY-AND-ACCE-978E8E,MS+HS,MS+HS,,Is there restroom access within 500 feet of the tennis courts?,,YesNo,Evaluation,SingleResponse,12,EqualWeight,,6650,True,True,Athletics & Wellness,641
OA-027,OA-027,SRV-ATHLETICS-AND-WELLNESS,Athletics and Wellness,Athletics and Wellness,SPT-OUTDOOR-ATHLETICS-DEC8BC,CAT-OUTDOOR-ATHLETIC-INFRASTRUCTURE-74D333,SUB-OUTDOOR-ATHL-INFRASTRUC-UTILITIES-AND-TECH-78E4EF,MS+HS,MS+HS,,Is field lighting provided at the tennis courts?,,YesNo,Evaluation,SingleResponse,12,EqualWeight,,6660,True,True,Athletics & Wellness,645
OA-028,OA-028,SRV-ATHLETICS-AND-WELLNESS,Athletics and Wellness,Athletics and Wellness,SPT-OUTDOOR-ATHLETICS-DEC8BC,CAT-OUTDOOR-ATHLETIC-AMENITIES-47CB0A,SUB-OUTDOOR-ATHL-AMENITIES-FURNITURE-AND-EQUI-4C1F28,HS,HS,,What is the status of spectator seating at the tennis courts?,,SingleSelect,Evaluation,SingleResponse,12,EqualWeight,,6670,True,True,Athletics & Wellness,649
OA-029,OA-029,SRV-ATHLETICS-AND-WELLNESS,Athletics and Wellness,Athletics and Wellness,SPT-OUTDOOR-ATHLETICS-DEC8BC,CAT-OUTDOOR-ATHLETIC-AMENITIES-47CB0A,SUB-OUTDOOR-ATHL-AMENITIES-STORAGE-48FA7B,MS+HS,MS+HS,,How sufficient does the storage appear for the space's program needs?,,SingleSelect,Evaluation,SingleResponse,12,EqualWeight,,6680,True,True,Athletics & Wellness,654
OA-030,OA-030,SRV-ATHLETICS-AND-WELLNESS,Athletics and Wellness,Athletics and Wellness,SPT-OUTDOOR-ATHLETICS-DEC8BC,CAT-OUTDOOR-ATHLETIC-FUNCTION-A63ABB,SUB-OUTDOOR-ATHL-FUNCTION-AVAILABILITY-7EAA18,HS,HS,,Is there a baseball field?,,YesNo,Evaluation,SingleResponse,12,EqualWeight,,6690,True,True,Athletics & Wellness,659
OA-031,OA-031,SRV-ATHLETICS-AND-WELLNESS,Athletics and Wellness,Athletics and Wellness,SPT-OUTDOOR-ATHLETICS-DEC8BC,CAT-OUTDOOR-ATHLETIC-FUNCTION-A63ABB,SUB-OUTDOOR-ATHL-FUNCTION-ADJACENCY-AND-ACCE-978E8E,HS,HS,,Is there direct pedestrian access from the parking lot to the baseball field?,,YesNo,Evaluation,SingleResponse,12,EqualWeight,,6700,True,True,Athletics & Wellness,663
OA-032,OA-032,SRV-ATHLETICS-AND-WELLNESS,Athletics and Wellness,Athletics and Wellness,SPT-OUTDOOR-ATHLETICS-DEC8BC,CAT-OUTDOOR-ATHLETIC-FUNCTION-A63ABB,SUB-OUTDOOR-ATHL-FUNCTION-ADJACENCY-AND-ACCE-978E8E,HS,HS,,Is there restroom access within 500 feet of the baseball field?,,YesNo,Evaluation,SingleResponse,12,EqualWeight,,6710,True,True,Athletics & Wellness,667
OA-033,OA-033,SRV-ATHLETICS-AND-WELLNESS,Athletics and Wellness,Athletics and Wellness,SPT-OUTDOOR-ATHLETICS-DEC8BC,CAT-OUTDOOR-ATHLETIC-INFRASTRUCTURE-74D333,SUB-OUTDOOR-ATHL-INFRASTRUC-UTILITIES-AND-TECH-78E4EF,HS,HS,,Is field lighting provided at the baseball field?,,YesNo,Evaluation,SingleResponse,12,EqualWeight,,6720,True,True,Athletics & Wellness,671
OA-034,OA-034,SRV-ATHLETICS-AND-WELLNESS,Athletics and Wellness,Athletics and Wellness,SPT-OUTDOOR-ATHLETICS-DEC8BC,CAT-OUTDOOR-ATHLETIC-AMENITIES-47CB0A,SUB-OUTDOOR-ATHL-AMENITIES-FURNITURE-AND-EQUI-4C1F28,HS,HS,,What is the status of spectator seating at the baseball field?,,SingleSelect,Evaluation,SingleResponse,12,EqualWeight,,6730,True,True,Athletics & Wellness,675
OA-035,OA-035,SRV-ATHLETICS-AND-WELLNESS,Athletics and Wellness,Athletics and Wellness,SPT-OUTDOOR-ATHLETICS-DEC8BC,CAT-OUTDOOR-ATHLETIC-AMENITIES-47CB0A,SUB-OUTDOOR-ATHL-AMENITIES-STORAGE-48FA7B,HS,HS,,How sufficient does the storage appear for the space's program needs?,,SingleSelect,Evaluation,SingleResponse,12,EqualWeight,,6740,True,True,Athletics & Wellness,680
OA-036,OA-036,SRV-ATHLETICS-AND-WELLNESS,Athletics and Wellness,Athletics and Wellness,SPT-OUTDOOR-ATHLETICS-DEC8BC,CAT-OUTDOOR-ATHLETIC-FUNCTION-A63ABB,SUB-OUTDOOR-ATHL-FUNCTION-AVAILABILITY-7EAA18,HS,HS,,Is there a softball field?,,YesNo,Evaluation,SingleResponse,12,EqualWeight,,6750,True,True,Athletics & Wellness,685
OA-037,OA-037,SRV-ATHLETICS-AND-WELLNESS,Athletics and Wellness,Athletics and Wellness,SPT-OUTDOOR-ATHLETICS-DEC8BC,CAT-OUTDOOR-ATHLETIC-FUNCTION-A63ABB,SUB-OUTDOOR-ATHL-FUNCTION-ADJACENCY-AND-ACCE-978E8E,HS,HS,,Is there direct pedestrian access from the parking lot to the softball field?,,YesNo,Evaluation,SingleResponse,12,EqualWeight,,6760,True,True,Athletics & Wellness,689
OA-038,OA-038,SRV-ATHLETICS-AND-WELLNESS,Athletics and Wellness,Athletics and Wellness,SPT-OUTDOOR-ATHLETICS-DEC8BC,CAT-OUTDOOR-ATHLETIC-FUNCTION-A63ABB,SUB-OUTDOOR-ATHL-FUNCTION-ADJACENCY-AND-ACCE-978E8E,HS,HS,,Is there restroom access within 500 feet of the softball field?,,YesNo,Evaluation,SingleResponse,12,EqualWeight,,6770,True,True,Athletics & Wellness,693
OA-039,OA-039,SRV-ATHLETICS-AND-WELLNESS,Athletics and Wellness,Athletics and Wellness,SPT-OUTDOOR-ATHLETICS-DEC8BC,CAT-OUTDOOR-ATHLETIC-INFRASTRUCTURE-74D333,SUB-OUTDOOR-ATHL-INFRASTRUC-UTILITIES-AND-TECH-78E4EF,HS,HS,,Is field lighting provided at the softball field?,,YesNo,Evaluation,SingleResponse,12,EqualWeight,,6780,True,True,Athletics & Wellness,697
OA-040,OA-040,SRV-ATHLETICS-AND-WELLNESS,Athletics and Wellness,Athletics and Wellness,SPT-OUTDOOR-ATHLETICS-DEC8BC,CAT-OUTDOOR-ATHLETIC-AMENITIES-47CB0A,SUB-OUTDOOR-ATHL-AMENITIES-FURNITURE-AND-EQUI-4C1F28,HS,HS,,What is the status of spectator seating at the softball field?,,SingleSelect,Evaluation,SingleResponse,12,EqualWeight,,6790,True,True,Athletics & Wellness,701
OA-041,OA-041,SRV-ATHLETICS-AND-WELLNESS,Athletics and Wellness,Athletics and Wellness,SPT-OUTDOOR-ATHLETICS-DEC8BC,CAT-OUTDOOR-ATHLETIC-AMENITIES-47CB0A,SUB-OUTDOOR-ATHL-AMENITIES-STORAGE-48FA7B,HS,HS,,How sufficient does the storage appear for the space's program needs?,,SingleSelect,Evaluation,SingleResponse,12,EqualWeight,,6800,True,True,Athletics & Wellness,706
DC-002,DC-002,SRV-SHARED-SPACES,Shared Spaces,Shared Spaces,SPT-DINING-COMMONS-B2FE05,CAT-DINING-COMMONS-OCCUPANT-EXPERIENC-564FEC,SUB-DINING-COMMO-OCCUPANT-E-AESTHETICS-4DC52C,ALL,ALL,,Which of the following describes the condition of the wall finishes?,,SingleSelect,Evaluation,SingleResponse,12,EqualWeight,,6810,True,True,Food Service,6
DC-003,DC-003,SRV-SHARED-SPACES,Shared Spaces,Shared Spaces,SPT-DINING-COMMONS-B2FE05,CAT-DINING-COMMONS-INFRASTRUCTURE-3C5972,SUB-DINING-COMMO-INFRASTRUC-FLOORING-AND-SURFA-82646A,ALL,ALL,,What type of flooring is in the space?,,SingleSelect,Evaluation,SingleResponse,12,EqualWeight,,6820,True,True,Food Service,11
DC-004,DC-004,SRV-SHARED-SPACES,Shared Spaces,Shared Spaces,SPT-DINING-COMMONS-B2FE05,CAT-DINING-COMMONS-FUNCTION-A797AA,SUB-DINING-COMMO-FUNCTION-ADJACENCY-AND-ACCE-F5BF28,ES,ES,,Is the Dining Commons centrally located?,,YesNo,Evaluation,SingleResponse,12,EqualWeight,,6830,True,True,Food Service,18
DC-005,DC-005,SRV-SHARED-SPACES,Shared Spaces,Shared Spaces,SPT-DINING-COMMONS-B2FE05,CAT-DINING-COMMONS-FUNCTION-A797AA,SUB-DINING-COMMO-FUNCTION-ADJACENCY-AND-ACCE-F5BF28,MS+HS,MS+HS,,Which best describes the Dining Commons configuration?,,SingleSelect,Evaluation,SingleResponse,12,EqualWeight,,6840,True,True,Food Service,22
DC-006,DC-006,SRV-SHARED-SPACES,Shared Spaces,Shared Spaces,SPT-DINING-COMMONS-B2FE05,CAT-DINING-COMMONS-FUNCTION-A797AA,SUB-DINING-COMMO-FUNCTION-AVAILABILITY-F8F4F7,MS+HS,MS+HS,,How many dispersed Dining Commons locations are provided?,,SingleSelect,Evaluation,SingleResponse,12,EqualWeight,"DC-005 = ""Multiple dispersed Dining Commons throughout the building""",6850,True,True,Food Service,28
DC-007,DC-007,SRV-SHARED-SPACES,Shared Spaces,Shared Spaces,SPT-DINING-COMMONS-B2FE05,CAT-DINING-COMMONS-OCCUPANT-EXPERIENC-564FEC,SUB-DINING-COMMO-OCCUPANT-E-SAFETY-AND-SUPERVI-132F1B,MS+HS,MS+HS,,Does the dispersed Dining Commons have sightlines from an adjacent space for passive supervision?,,YesNo,Evaluation,SingleResponse,12,EqualWeight,"DC-005 = ""Multiple dispersed Dining Commons throughout the building""",6860,True,True,Food Service,33
DC-008,DC-008,SRV-SHARED-SPACES,Shared Spaces,Shared Spaces,SPT-DINING-COMMONS-B2FE05,CAT-DINING-COMMONS-AMENITIES-980C40,SUB-DINING-COMMO-AMENITIES-FURNITURE-AND-EQUI-D0E377,ALL,ALL,,Is a variety of furniture and/or modular furniture provided to support both small and large group collaboration when used as a learning space?,,YesNo,Evaluation,SingleResponse,12,EqualWeight,,6870,True,True,Food Service,37
DC-009,DC-009,SRV-SHARED-SPACES,Shared Spaces,Shared Spaces,SPT-DINING-COMMONS-B2FE05,CAT-DINING-COMMONS-INFRASTRUCTURE-3C5972,SUB-DINING-COMMO-INFRASTRUC-UTILITIES-AND-TECH-524DF7,ALL,ALL,,Are there any visible workarounds accommodating a lack of power outlets?,Supports the Dining Commons' use as a learning space,YesNo,Evaluation,SingleResponse,12,EqualWeight,,6880,True,True,Food Service,41
DC-010,DC-010,SRV-SHARED-SPACES,Shared Spaces,Shared Spaces,SPT-DINING-COMMONS-B2FE05,CAT-DINING-COMMONS-OCCUPANT-EXPERIENC-564FEC,SUB-DINING-COMMO-OCCUPANT-E-OCCUPANT-COMFORT-C25D64,ALL,ALL,,Is there an outdoor dining space?,,YesNo,Evaluation,SingleResponse,12,EqualWeight,,6890,True,True,Food Service,45
DC-011,DC-011,SRV-SHARED-SPACES,Shared Spaces,Shared Spaces,SPT-DINING-COMMONS-B2FE05,CAT-DINING-COMMONS-OCCUPANT-EXPERIENC-564FEC,SUB-DINING-COMMO-OCCUPANT-E-SAFETY-AND-SUPERVI-132F1B,ALL,ALL,,Select all that are present (outdoor dining),,MultiSelect,Evaluation,MixedItemScoring,12,EqualWeight,"DC-010 = ""Yes""",6900,True,True,Food Service,49
DC-012,DC-012,SRV-SHARED-SPACES,Shared Spaces,Shared Spaces,SPT-DINING-COMMONS-B2FE05,CAT-DINING-COMMONS-OCCUPANT-EXPERIENC-564FEC,SUB-DINING-COMMO-OCCUPANT-E-OCCUPANT-COMFORT-C25D64,ALL,ALL,,Are there exterior windows?,,YesNo,Evaluation,SingleResponse,12,EqualWeight,,6910,True,True,Food Service,54
DC-013,DC-013,SRV-SHARED-SPACES,Shared Spaces,Shared Spaces,SPT-DINING-COMMONS-B2FE05,CAT-DINING-COMMONS-OCCUPANT-EXPERIENC-564FEC,SUB-DINING-COMMO-OCCUPANT-E-OCCUPANT-COMFORT-C25D64,ALL,ALL,,"Is daylight accessible through another means (e.g., an interior window shared with a space that has exterior windows)?","Captures indirect daylight access, such as borrowed light through interior glazing from a naturally lit adjacent space",SingleSelect,Evaluation,SingleResponse,12,EqualWeight,"DC-012 = ""No""",6920,True,True,Food Service,58
DC-014,DC-014,SRV-SHARED-SPACES,Shared Spaces,Shared Spaces,SPT-DINING-COMMONS-B2FE05,CAT-DINING-COMMONS-OCCUPANT-EXPERIENC-564FEC,SUB-DINING-COMMO-OCCUPANT-E-OCCUPANT-COMFORT-C25D64,ALL,ALL,,Select all that apply (exterior windows),,MultiSelect,Evaluation,MixedItemScoring,12,EqualWeight,"DC-012 = ""Yes""",6930,True,True,Food Service,63
DC-015,DC-015,SRV-SHARED-SPACES,Shared Spaces,Shared Spaces,SPT-DINING-COMMONS-B2FE05,CAT-DINING-COMMONS-AMENITIES-980C40,SUB-DINING-COMMO-AMENITIES-DISPLAY-AND-PRESEN-338F6A,ALL,ALL,,How much tackboard/tackwall/tackstrip is provided? Include both fixed and mobile surfaces in your count.,,SingleSelect,Evaluation,SingleResponse,12,EqualWeight,,6940,True,True,Food Service,67
DC-016,DC-016,SRV-SHARED-SPACES,Shared Spaces,Shared Spaces,SPT-DINING-COMMONS-B2FE05,CAT-DINING-COMMONS-AMENITIES-980C40,SUB-DINING-COMMO-AMENITIES-STORAGE-F0ACE8,ES,ES,,How many storage closets are provided for the Dining Commons?,,SingleSelect,Evaluation,SingleResponse,12,EqualWeight,,6950,True,True,Food Service,73
DC-017,DC-017,SRV-SHARED-SPACES,Shared Spaces,Shared Spaces,SPT-DINING-COMMONS-B2FE05,CAT-DINING-COMMONS-AMENITIES-980C40,SUB-DINING-COMMO-AMENITIES-STORAGE-F0ACE8,MS,MS,,How many storage closets are provided for the Dining Commons?,,SingleSelect,Evaluation,SingleResponse,12,EqualWeight,,6960,True,True,Food Service,78
DC-018,DC-018,SRV-SHARED-SPACES,Shared Spaces,Shared Spaces,SPT-DINING-COMMONS-B2FE05,CAT-DINING-COMMONS-AMENITIES-980C40,SUB-DINING-COMMO-AMENITIES-STORAGE-F0ACE8,HS,HS,,"Is a storage closet provided for chairs, tables, and portable stage?",,YesNo,Evaluation,SingleResponse,12,EqualWeight,,6970,True,True,Food Service,83
DC-019,DC-019,SRV-SHARED-SPACES,Shared Spaces,Shared Spaces,SPT-DINING-COMMONS-B2FE05,CAT-DINING-COMMONS-AMENITIES-980C40,SUB-DINING-COMMO-AMENITIES-STORAGE-F0ACE8,ES,ES,,Select all that apply (storage),,MultiSelect,Evaluation,MixedItemScoring,12,EqualWeight,,6980,True,True,Food Service,87
DC-020,DC-020,SRV-SHARED-SPACES,Shared Spaces,Shared Spaces,SPT-DINING-COMMONS-B2FE05,CAT-DINING-COMMONS-AMENITIES-980C40,SUB-DINING-COMMO-AMENITIES-STORAGE-F0ACE8,MS,MS,,Select all that apply (storage),,MultiSelect,Evaluation,MixedItemScoring,12,EqualWeight,,6990,True,True,Food Service,92
DC-021,DC-021,SRV-SHARED-SPACES,Shared Spaces,Shared Spaces,SPT-DINING-COMMONS-B2FE05,CAT-DINING-COMMONS-FUNCTION-A797AA,SUB-DINING-COMMO-FUNCTION-AVAILABILITY-F8F4F7,ES+MS,ES+MS,,Is there a stage in the Dining Commons?,,YesNo,Evaluation,SingleResponse,12,EqualWeight,,7000,True,True,Food Service,96
DC-022,DC-022,SRV-SHARED-SPACES,Shared Spaces,Shared Spaces,SPT-DINING-COMMONS-B2FE05,CAT-DINING-COMMONS-OCCUPANT-EXPERIENC-564FEC,SUB-DINING-COMMO-OCCUPANT-E-SAFETY-AND-SUPERVI-132F1B,ES+MS,ES+MS,,Is the stage accessed from the audience area by a ramp with an unobstructed sightline?,,YesNo,Evaluation,SingleResponse,12,EqualWeight,"DC-021 = ""Yes""",7010,True,True,Food Service,100
DC-023,DC-023,SRV-SHARED-SPACES,Shared Spaces,Shared Spaces,SPT-DINING-COMMONS-B2FE05,CAT-DINING-COMMONS-FUNCTION-A797AA,SUB-DINING-COMMO-FUNCTION-ADJACENCY-AND-ACCE-F5BF28,ALL,ALL,,What is the Dining Commons' proximity to the gymnasium?,,SingleSelect,Evaluation,SingleResponse,12,EqualWeight,,7020,True,True,Food Service,104
DC-024,DC-024,SRV-SHARED-SPACES,Shared Spaces,Shared Spaces,SPT-DINING-COMMONS-B2FE05,CAT-DINING-COMMONS-FUNCTION-A797AA,SUB-DINING-COMMO-FUNCTION-ADJACENCY-AND-ACCE-F5BF28,MS+HS,MS+HS,,What is the Dining Commons' proximity to the Empower Center?,,SingleSelect,Evaluation,SingleResponse,12,EqualWeight,,7030,True,True,Food Service,109
DC-025,DC-025,SRV-SHARED-SPACES,Shared Spaces,Shared Spaces,SPT-DINING-COMMONS-B2FE05,CAT-DINING-COMMONS-FUNCTION-A797AA,SUB-DINING-COMMO-FUNCTION-ADJACENCY-AND-ACCE-F5BF28,ALL,ALL,,Select all that apply (entrance and access),,MultiSelect,Evaluation,MixedItemScoring,12,EqualWeight,,7040,True,True,Food Service,114
DC-026,DC-026,SRV-SHARED-SPACES,Shared Spaces,Shared Spaces,SPT-DINING-COMMONS-B2FE05,CAT-DINING-COMMONS-FUNCTION-A797AA,SUB-DINING-COMMO-FUNCTION-ADJACENCY-AND-ACCE-F5BF28,ALL,ALL,,Can the Dining Commons be accessed for after-hours use while restricting access to the rest of campus?,"Restricted means non-dining areas of the school (e.g., academic corridors, studios) are locked off from public access",YesNo,Evaluation,SingleResponse,12,EqualWeight,,7050,True,True,Food Service,118
DC-027,DC-027,SRV-SHARED-SPACES,Shared Spaces,Shared Spaces,SPT-DINING-COMMONS-B2FE05,CAT-DINING-COMMONS-FUNCTION-A797AA,SUB-DINING-COMMO-FUNCTION-ADJACENCY-AND-ACCE-F5BF28,ALL,ALL,,Select all that apply (restroom proximity),,MultiSelect,Evaluation,MixedItemScoring,12,EqualWeight,,7060,True,True,Food Service,122
DC-028,DC-028,SRV-SHARED-SPACES,Shared Spaces,Shared Spaces,SPT-DINING-COMMONS-B2FE05,CAT-DINING-COMMONS-FUNCTION-A797AA,SUB-DINING-COMMO-FUNCTION-ADJACENCY-AND-ACCE-F5BF28,ALL,ALL,,"If the rest of the campus is locked down, are the restrooms identified above still accessible from the Dining Commons?",,YesNo,Evaluation,SingleResponse,12,EqualWeight,DC-027 = at least one item selected,7070,True,True,Food Service,127
DC-029,DC-029,SRV-SHARED-SPACES,Shared Spaces,Shared Spaces,SPT-DINING-COMMONS-B2FE05,CAT-DINING-COMMONS-AMENITIES-980C40,SUB-DINING-COMMO-AMENITIES-FURNITURE-AND-EQUI-D0E377,ALL,ALL,,Select all that apply (general inventory),,MultiSelect,Evaluation,MixedItemScoring,12,EqualWeight,,7080,True,True,Food Service,131
DC-030,DC-030,SRV-SHARED-SPACES,Shared Spaces,Shared Spaces,SPT-DINING-COMMONS-B2FE05,CAT-DINING-COMMONS-AMENITIES-980C40,SUB-DINING-COMMO-AMENITIES-STORAGE-F0ACE8,ALL,ALL,,Is the custodial storage sufficient for all custodial equipment to be kept out of sight when not in use?,,MultiSelect,Evaluation,MixedItemScoring,12,EqualWeight,,7090,True,True,Food Service,136
DC-031,DC-031,SRV-SHARED-SPACES,Shared Spaces,Shared Spaces,SPT-DINING-COMMONS-B2FE05,CAT-DINING-COMMONS-OBSERVATIONAL-E3F748,SUB-DINING-COMMO-OBSERVATIO-OBSERVATIONAL-D2E1C3,ALL,ALL,,Can the Dining Commons support community gathering and learning activities in addition to meal service? (check all that apply),,MultiSelect,Observational,RecordedOnly,0,EqualWeight_Unscored,,7100,True,True,Food Service,140
KT-002,KT-002,SRV-SHARED-SPACES,Shared Spaces,Shared Spaces,SPT-KITCHEN-B9C465,CAT-KITCHEN-FUNCTION-0374BD,SUB-KITCHEN-FUNCTION-AVAILABILITY-F964D4,ALL,ALL,,Select all that are present (spaces checklist),,MultiSelect,Evaluation,MixedItemScoring,12,EqualWeight,,7110,True,True,Food Service,150
KT-003,KT-003,SRV-SHARED-SPACES,Shared Spaces,Shared Spaces,SPT-KITCHEN-B9C465,CAT-KITCHEN-FUNCTION-0374BD,SUB-KITCHEN-FUNCTION-CIRCULATION-AND-EG-6B9DA7,ALL,ALL,,"Does the kitchen loading area have a 42"" door and corridor to allow for easy delivery and movement of foods and equipment?",,YesNo,Evaluation,SingleResponse,12,EqualWeight,,7120,True,True,Food Service,159
KT-004,KT-004,SRV-SHARED-SPACES,Shared Spaces,Shared Spaces,SPT-KITCHEN-B9C465,CAT-KITCHEN-FUNCTION-0374BD,SUB-KITCHEN-FUNCTION-ADJACENCY-AND-ACCE-6272C4,ALL,ALL,,How is the kitchen's loading area configured?,,SingleSelect,Evaluation,SingleResponse,12,EqualWeight,,7130,True,True,Food Service,163
KT-005,KT-005,SRV-SHARED-SPACES,Shared Spaces,Shared Spaces,SPT-KITCHEN-B9C465,CAT-KITCHEN-INFRASTRUCTURE-4E6180,SUB-KITCHEN-INFRASTRUC-UTILITIES-AND-TECH-668C4A,ALL,ALL,,Select all that apply (plumbing),,MultiSelect,Evaluation,MixedItemScoring,12,EqualWeight,,7140,True,True,Food Service,169
EM-002,EM-002,SRV-EMPOWER-CENTER,Empower Center,Empower Center,SPT-EMPOWER-CENTER-B88577,CAT-EMPOWER-CENTER-FUNCTION-E63654,SUB-EMPOWER-CENT-FUNCTION-ADJACENCY-AND-ACCE-538E1F,MS+HS,MS+HS,,Is the space located on the ground floor?,,YesNo,Evaluation,SingleResponse,12,EqualWeight,,7150,True,True,Empower Center,6
EM-003,EM-003,SRV-EMPOWER-CENTER,Empower Center,Empower Center,SPT-EMPOWER-CENTER-B88577,CAT-EMPOWER-CENTER-FUNCTION-E63654,SUB-EMPOWER-CENT-FUNCTION-ADJACENCY-AND-ACCE-538E1F,MS+HS,MS+HS,,"Is the space accessible from a primary circulation path, rather than embedded within a single department?",,YesNo,Evaluation,SingleResponse,12,EqualWeight,,7160,True,True,Empower Center,10
EM-004,EM-004,SRV-EMPOWER-CENTER,Empower Center,Empower Center,SPT-EMPOWER-CENTER-B88577,CAT-EMPOWER-CENTER-FUNCTION-E63654,SUB-EMPOWER-CENT-FUNCTION-ADJACENCY-AND-ACCE-538E1F,MS+HS,MS+HS,,What is the Empower Center's proximity to the Dining Commons?,,SingleSelect,Evaluation,SingleResponse,12,EqualWeight,,7170,True,True,Empower Center,14
EM-005,EM-005,SRV-EMPOWER-CENTER,Empower Center,Empower Center,SPT-EMPOWER-CENTER-B88577,CAT-EMPOWER-CENTER-FUNCTION-E63654,SUB-EMPOWER-CENT-FUNCTION-ADJACENCY-AND-ACCE-538E1F,MS+HS,MS+HS,,Is there close proximity to a custodial space that has the capacity for housing specialized equipment?,,YesNo,Evaluation,SingleResponse,12,EqualWeight,,7180,True,True,Empower Center,19
EM-006,EM-006,SRV-EMPOWER-CENTER,Empower Center,Empower Center,SPT-EMPOWER-CENTER-B88577,CAT-EMPOWER-CENTER-FUNCTION-E63654,SUB-EMPOWER-CENT-FUNCTION-AVAILABILITY-6E936A,MS+HS,MS+HS,,How many staging spaces are provided?,,SingleSelect,Evaluation,SingleResponse,12,EqualWeight,,7190,True,True,Empower Center,23
EM-007,EM-007,SRV-EMPOWER-CENTER,Empower Center,Empower Center,SPT-EMPOWER-CENTER-B88577,CAT-EMPOWER-CENTER-FUNCTION-E63654,SUB-EMPOWER-CENT-FUNCTION-ADJACENCY-AND-ACCE-538E1F,MS+HS,MS+HS,,Do the Staging Areas have a 12' wide opening connecting to their adjacent Core Space?,,SingleSelect,Evaluation,SingleResponse,12,EqualWeight,,7200,True,True,Empower Center,29
EM-008,EM-008,SRV-EMPOWER-CENTER,Empower Center,Empower Center,SPT-EMPOWER-CENTER-B88577,CAT-EMPOWER-CENTER-FUNCTION-E63654,SUB-EMPOWER-CENT-FUNCTION-ADJACENCY-AND-ACCE-538E1F,MS+HS,MS+HS,,Select all that apply (staging area connections),,MultiSelect,Evaluation,MixedItemScoring,12,EqualWeight,,7210,True,True,Empower Center,34
EM-009,EM-009,SRV-EMPOWER-CENTER,Empower Center,Empower Center,SPT-EMPOWER-CENTER-B88577,CAT-EMPOWER-CENTER-FUNCTION-E63654,SUB-EMPOWER-CENT-FUNCTION-AVAILABILITY-6E936A,MS+HS,MS+HS,,Is a Control Room provided?,,YesNo,Evaluation,SingleResponse,12,EqualWeight,,7220,True,True,Empower Center,39
EM-010,EM-010,SRV-EMPOWER-CENTER,Empower Center,Empower Center,SPT-EMPOWER-CENTER-B88577,CAT-EMPOWER-CENTER-FUNCTION-E63654,SUB-EMPOWER-CENT-FUNCTION-ADJACENCY-AND-ACCE-538E1F,MS+HS,MS+HS,,What sightlines does the Control Room have into the Core Space(s)?,,SingleSelect,Evaluation,SingleResponse,12,EqualWeight,"EM-008 = ""Yes""",7230,True,True,Empower Center,43
EM-011,EM-011,SRV-EMPOWER-CENTER,Empower Center,Empower Center,SPT-EMPOWER-CENTER-B88577,CAT-EMPOWER-CENTER-FUNCTION-E63654,SUB-EMPOWER-CENT-FUNCTION-LAYOUT-AND-FLEXIBI-05177A,MS+HS,MS+HS,,Is there an acoustical partition provided to divide the space?,,YesNo,Evaluation,SingleResponse,12,EqualWeight,,7240,True,True,Empower Center,48
EM-012,EM-012,SRV-EMPOWER-CENTER,Empower Center,Empower Center,SPT-EMPOWER-CENTER-B88577,CAT-EMPOWER-CENTER-INFRASTRUCTURE-60A8C5,SUB-EMPOWER-CENT-INFRASTRUC-UTILITIES-AND-TECH-32BCA8,MS+HS,MS+HS,,Select all that apply (lighting),,MultiSelect,Evaluation,MixedItemScoring,12,EqualWeight,,7250,True,True,Empower Center,52
EM-013,EM-013,SRV-EMPOWER-CENTER,Empower Center,Empower Center,SPT-EMPOWER-CENTER-B88577,CAT-EMPOWER-CENTER-OCCUPANT-EXPERIENC-FC3C38,SUB-EMPOWER-CENT-OCCUPANT-E-AESTHETICS-B926C3,MS+HS,MS+HS,,Which of the following describes the condition of the wall finishes?,,SingleSelect,Evaluation,SingleResponse,12,EqualWeight,,7260,True,True,Empower Center,58
EM-014,EM-014,SRV-EMPOWER-CENTER,Empower Center,Empower Center,SPT-EMPOWER-CENTER-B88577,CAT-EMPOWER-CENTER-OCCUPANT-EXPERIENC-FC3C38,SUB-EMPOWER-CENT-OCCUPANT-E-OCCUPANT-COMFORT-9D71E9,MS+HS,MS+HS,,Are there exterior windows?,,YesNo,Evaluation,SingleResponse,12,EqualWeight,,7270,True,True,Empower Center,63
EM-015,EM-015,SRV-EMPOWER-CENTER,Empower Center,Empower Center,SPT-EMPOWER-CENTER-B88577,CAT-EMPOWER-CENTER-OCCUPANT-EXPERIENC-FC3C38,SUB-EMPOWER-CENT-OCCUPANT-E-OCCUPANT-COMFORT-9D71E9,MS+HS,MS+HS,,"Is daylight accessible through another means (e.g., an interior window shared with a space that has exterior windows)?",,SingleSelect,Evaluation,SingleResponse,12,EqualWeight,"EM-014 = ""No""",7280,True,True,Empower Center,67
EM-016,EM-016,SRV-EMPOWER-CENTER,Empower Center,Empower Center,SPT-EMPOWER-CENTER-B88577,CAT-EMPOWER-CENTER-OCCUPANT-EXPERIENC-FC3C38,SUB-EMPOWER-CENT-OCCUPANT-E-OCCUPANT-COMFORT-9D71E9,MS+HS,MS+HS,,What window coverings are provided on exterior windows?,Room darkening is a stronger fit for the Empower Center's presentation/performance uses than standard shades,SingleSelect,Evaluation,SingleResponse,12,EqualWeight,"EM-014 = ""Yes""",7290,True,True,Empower Center,72
EM-017,EM-017,SRV-EMPOWER-CENTER,Empower Center,Empower Center,SPT-EMPOWER-CENTER-B88577,CAT-EMPOWER-CENTER-AMENITIES-97A1E7,SUB-EMPOWER-CENT-AMENITIES-DISPLAY-AND-PRESEN-4777F6,MS+HS,MS+HS,,"How much writable surface (e.g., markerboard) is provided, excluding glass? Include both fixed and mobile writable surfaces in your count.",,SingleSelect,Evaluation,SingleResponse,12,EqualWeight,,7300,True,True,Empower Center,79
EM-018,EM-018,SRV-EMPOWER-CENTER,Empower Center,Empower Center,SPT-EMPOWER-CENTER-B88577,CAT-EMPOWER-CENTER-INFRASTRUCTURE-60A8C5,SUB-EMPOWER-CENT-INFRASTRUC-UTILITIES-AND-TECH-32BCA8,MS+HS,MS+HS,,Are there any visible workarounds accommodating a lack of power outlets?,,YesNo,Evaluation,SingleResponse,12,EqualWeight,,7310,True,True,Empower Center,87
EM-019,EM-019,SRV-EMPOWER-CENTER,Empower Center,Empower Center,SPT-EMPOWER-CENTER-B88577,CAT-EMPOWER-CENTER-INFRASTRUCTURE-60A8C5,SUB-EMPOWER-CENT-INFRASTRUC-UTILITIES-AND-TECH-32BCA8,MS+HS,MS+HS,,How many ceiling-hung outlets are provided?,,SingleSelect,Evaluation,SingleResponse,12,EqualWeight,,7320,True,True,Empower Center,91
EM-020,EM-020,SRV-EMPOWER-CENTER,Empower Center,Empower Center,SPT-EMPOWER-CENTER-B88577,CAT-EMPOWER-CENTER-OCCUPANT-EXPERIENC-FC3C38,SUB-EMPOWER-CENT-OCCUPANT-E-OCCUPANT-COMFORT-9D71E9,MS+HS,MS+HS,,Select one (temperature control),,SingleSelect,Evaluation,SingleResponse,12,EqualWeight,,7330,True,True,Empower Center,97
EM-021,EM-021,SRV-EMPOWER-CENTER,Empower Center,Empower Center,SPT-EMPOWER-CENTER-B88577,CAT-EMPOWER-CENTER-OCCUPANT-EXPERIENC-FC3C38,SUB-EMPOWER-CENT-OCCUPANT-E-SAFETY-AND-SUPERVI-358EFB,MS+HS,MS+HS,,What type of visibility is provided into the space from adjacent interior spaces or circulation?,,MultiSelect,Evaluation,MixedItemScoring,12,EqualWeight,,7340,True,True,Empower Center,102
EM-022,EM-022,SRV-EMPOWER-CENTER,Empower Center,Empower Center,SPT-EMPOWER-CENTER-B88577,CAT-EMPOWER-CENTER-OCCUPANT-EXPERIENC-FC3C38,SUB-EMPOWER-CENT-OCCUPANT-E-SAFETY-AND-SUPERVI-358EFB,MS+HS,MS+HS,,How much of the wall facing the adjacent interior space or circulation is made up of interior window?,,SingleSelect,Inventory,RecordedOnly,0,EqualWeight_Unscored,"EM-021 includes ""Full-height interior window"" or ""Half-height interior window""",7350,True,True,Empower Center,108
EM-023,EM-023,SRV-EMPOWER-CENTER,Empower Center,Empower Center,SPT-EMPOWER-CENTER-B88577,CAT-EMPOWER-CENTER-OCCUPANT-EXPERIENC-FC3C38,SUB-EMPOWER-CENT-OCCUPANT-E-SAFETY-AND-SUPERVI-358EFB,MS+HS,MS+HS,,Select all that apply (safety),,MultiSelect,Evaluation,MixedItemScoring,12,EqualWeight,,7360,True,True,Empower Center,112
EM-024,EM-024,SRV-EMPOWER-CENTER,Empower Center,Empower Center,SPT-EMPOWER-CENTER-B88577,CAT-EMPOWER-CENTER-AMENITIES-97A1E7,SUB-EMPOWER-CENT-AMENITIES-FURNITURE-AND-EQUI-2A7FAC,MS+HS,MS+HS,,Select all that are present (furniture),,MultiSelect,Inventory,RecordedOnly,0,EqualWeight_Unscored,,7370,True,True,Empower Center,118
EM-025,EM-025,SRV-EMPOWER-CENTER,Empower Center,Empower Center,SPT-EMPOWER-CENTER-B88577,CAT-EMPOWER-CENTER-AMENITIES-97A1E7,SUB-EMPOWER-CENT-AMENITIES-FURNITURE-AND-EQUI-2A7FAC,MS+HS,MS+HS,,How easily can the furniture be rearranged?,,SingleSelect,Evaluation,SingleResponse,12,EqualWeight,,7380,True,True,Empower Center,131
EM-026,EM-026,SRV-EMPOWER-CENTER,Empower Center,Empower Center,SPT-EMPOWER-CENTER-B88577,CAT-EMPOWER-CENTER-AMENITIES-97A1E7,SUB-EMPOWER-CENT-AMENITIES-FURNITURE-AND-EQUI-2A7FAC,MS+HS,MS+HS,,What is the condition of the furniture?,,SingleSelect,Evaluation,SingleResponse,12,EqualWeight,,7390,True,True,Empower Center,135
EM-027,EM-027,SRV-EMPOWER-CENTER,Empower Center,Empower Center,SPT-EMPOWER-CENTER-B88577,CAT-EMPOWER-CENTER-INFRASTRUCTURE-60A8C5,SUB-EMPOWER-CENT-INFRASTRUC-FLOORING-AND-SURFA-3F1360,MS+HS,MS+HS,,What type of flooring is in the Core Space?,,SingleSelect,Evaluation,SingleResponse,12,EqualWeight,,7400,True,True,Empower Center,139
EM-028,EM-028,SRV-EMPOWER-CENTER,Empower Center,Empower Center,SPT-EMPOWER-CENTER-B88577,CAT-EMPOWER-CENTER-INFRASTRUCTURE-60A8C5,SUB-EMPOWER-CENT-INFRASTRUC-FLOORING-AND-SURFA-3F1360,MS+HS,MS+HS,,What type of flooring is in the Staging Area(s)?,,SingleSelect,Evaluation,SingleResponse,12,EqualWeight,,7410,True,True,Empower Center,146
EM-029,EM-029,SRV-EMPOWER-CENTER,Empower Center,Empower Center,SPT-EMPOWER-CENTER-B88577,CAT-EMPOWER-CENTER-FUNCTION-E63654,SUB-EMPOWER-CENT-FUNCTION-ADJACENCY-AND-ACCE-538E1F,MS+HS,MS+HS,,What access does the space have to the exterior?,,SingleSelect,Evaluation,SingleResponse,12,EqualWeight,,7420,True,True,Empower Center,153
EM-030,EM-030,SRV-EMPOWER-CENTER,Empower Center,Empower Center,SPT-EMPOWER-CENTER-B88577,CAT-EMPOWER-CENTER-FUNCTION-E63654,SUB-EMPOWER-CENT-FUNCTION-ADJACENCY-AND-ACCE-538E1F,MS+HS,MS+HS,,How is the Empower Center's loading area configured?,,SingleSelect,Evaluation,SingleResponse,12,EqualWeight,,7430,True,True,Empower Center,158
EM-031,EM-031,SRV-EMPOWER-CENTER,Empower Center,Empower Center,SPT-EMPOWER-CENTER-B88577,CAT-EMPOWER-CENTER-OCCUPANT-EXPERIENC-FC3C38,SUB-EMPOWER-CENT-OCCUPANT-E-CIRCULATION-AND-EG-19842D,MS+HS,MS+HS,,Select all that apply (doors from primary circulation),,MultiSelect,Evaluation,MixedItemScoring,12,EqualWeight,,7440,True,True,Empower Center,164
EM-032,EM-032,SRV-EMPOWER-CENTER,Empower Center,Empower Center,SPT-EMPOWER-CENTER-B88577,CAT-EMPOWER-CENTER-AMENITIES-97A1E7,SUB-EMPOWER-CENT-AMENITIES-FURNITURE-AND-EQUI-2A7FAC,MS+HS,MS+HS,,Is there a vertically adjustable pipe grid system provided?,Should incorporate all audio and lighting needs,YesNo,Evaluation,SingleResponse,12,EqualWeight,,7450,True,True,Empower Center,172
EM-033,EM-033,SRV-EMPOWER-CENTER,Empower Center,Empower Center,SPT-EMPOWER-CENTER-B88577,CAT-EMPOWER-CENTER-AMENITIES-97A1E7,SUB-EMPOWER-CENT-AMENITIES-FURNITURE-AND-EQUI-2A7FAC,MS+HS,MS+HS,,Select all that apply (presentation technology),,MultiSelect,Evaluation,MixedItemScoring,12,EqualWeight,,7460,True,True,Empower Center,176
EM-034,EM-034,SRV-EMPOWER-CENTER,Empower Center,Empower Center,SPT-EMPOWER-CENTER-B88577,CAT-EMPOWER-CENTER-FUNCTION-E63654,SUB-EMPOWER-CENT-FUNCTION-ADJACENCY-AND-ACCE-538E1F,MS+HS,MS+HS,,"Is there an auxiliary entry near the Empower Center that can be used independently from the rest of campus, allowing after-hours use while restricting the rest of campus?",,YesNo,Evaluation,SingleResponse,12,EqualWeight,,7470,True,True,Empower Center,181
EM-035,EM-035,SRV-EMPOWER-CENTER,Empower Center,Empower Center,SPT-EMPOWER-CENTER-B88577,CAT-EMPOWER-CENTER-FUNCTION-E63654,SUB-EMPOWER-CENT-FUNCTION-ADJACENCY-AND-ACCE-538E1F,MS+HS,MS+HS,,Select all that apply (restroom proximity),,MultiSelect,Evaluation,MixedItemScoring,12,EqualWeight,,7480,True,True,Empower Center,185
EM-036,EM-036,SRV-EMPOWER-CENTER,Empower Center,Empower Center,SPT-EMPOWER-CENTER-B88577,CAT-EMPOWER-CENTER-FUNCTION-E63654,SUB-EMPOWER-CENT-FUNCTION-ADJACENCY-AND-ACCE-538E1F,MS+HS,MS+HS,,"If the rest of the campus is locked down, are the restrooms identified above still accessible from the Empower Center?",,YesNo,Evaluation,SingleResponse,12,EqualWeight,EM-034 = at least one item selected,7490,True,True,Empower Center,190
EM-037,EM-037,SRV-EMPOWER-CENTER,Empower Center,Empower Center,SPT-EMPOWER-CENTER-B88577,CAT-EMPOWER-CENTER-INFRASTRUCTURE-60A8C5,SUB-EMPOWER-CENT-INFRASTRUC-UTILITIES-AND-TECH-32BCA8,MS+HS,MS+HS,,Select all that apply (general inventory),,MultiSelect,Evaluation,MixedItemScoring,12,EqualWeight,,7500,True,True,Empower Center,194
NH-002,NH-002,SRV-NEIGHBORHOODS,Neighborhoods,Neighborhoods,SPT-NEIGHBORHOOD-D091AE,CAT-NEIGHBORHOOD-OCCUPANT-EXPERIENC-E11790,SUB-NEIGHBORHOOD-OCCUPANT-E-SAFETY-AND-SUPERVI-63AE1B,ALL,ALL,,Select all that apply (neighborhood security),,MultiSelect,Evaluation,MixedItemScoring,12,EqualWeight,,7510,True,True,Neighborhoods,6
NH-003,NH-003,SRV-NEIGHBORHOODS,Neighborhoods,Neighborhoods,SPT-NEIGHBORHOOD-D091AE,CAT-NEIGHBORHOOD-FUNCTION-1E098F,SUB-NEIGHBORHOOD-FUNCTION-LAYOUT-AND-FLEXIBI-DDE82B,ALL,ALL,,Does main circulation avoid traveling through the neighborhood to limit opportunities for disruption?,Learning neighborhoods are designed to maintain a distinct functional identity separate from primary building circulation,YesNo,Evaluation,SingleResponse,12,EqualWeight,,7520,True,True,Neighborhoods,11
NH-004,NH-004,SRV-NEIGHBORHOODS,Neighborhoods,Neighborhoods,SPT-NEIGHBORHOOD-D091AE,CAT-NEIGHBORHOOD-FUNCTION-1E098F,SUB-NEIGHBORHOOD-FUNCTION-AVAILABILITY-6F82FD,ES,ES,,Select all that are present (spaces checklist),,MultiSelect,Evaluation,MixedItemScoring,12,EqualWeight,,7530,True,True,Neighborhoods,15
NH-005,NH-005,SRV-NEIGHBORHOODS,Neighborhoods,Neighborhoods,SPT-NEIGHBORHOOD-D091AE,CAT-NEIGHBORHOOD-FUNCTION-1E098F,SUB-NEIGHBORHOOD-FUNCTION-AVAILABILITY-6F82FD,MS,MS,,Select all that are present (spaces checklist),,MultiSelect,Evaluation,MixedItemScoring,12,EqualWeight,,7540,True,True,Neighborhoods,21
NH-006,NH-006,SRV-NEIGHBORHOODS,Neighborhoods,Neighborhoods,SPT-NEIGHBORHOOD-D091AE,CAT-NEIGHBORHOOD-FUNCTION-1E098F,SUB-NEIGHBORHOOD-FUNCTION-AVAILABILITY-6F82FD,HS,HS,,Select all that are present (spaces checklist),,MultiSelect,Evaluation,MixedItemScoring,12,EqualWeight,,7550,True,True,Neighborhoods,30
NH-007,NH-007,SRV-NEIGHBORHOODS,Neighborhoods,Neighborhoods,SPT-NEIGHBORHOOD-D091AE,CAT-NEIGHBORHOOD-FUNCTION-1E098F,SUB-NEIGHBORHOOD-FUNCTION-AVAILABILITY-6F82FD,ES,ES,,How many small group rooms (fits 3-5 students) are in the neighborhood?,,SingleSelect,Evaluation,SingleResponse,12,EqualWeight,,7560,True,True,Neighborhoods,40
NH-008,NH-008,SRV-NEIGHBORHOODS,Neighborhoods,Neighborhoods,SPT-NEIGHBORHOOD-D091AE,CAT-NEIGHBORHOOD-FUNCTION-1E098F,SUB-NEIGHBORHOOD-FUNCTION-AVAILABILITY-6F82FD,MS+HS,MS+HS,,How many small group rooms (fits 3-5 students) are in the neighborhood?,,SingleSelect,Evaluation,SingleResponse,12,EqualWeight,,7570,True,True,Neighborhoods,45
NH-009,NH-009,SRV-NEIGHBORHOODS,Neighborhoods,Neighborhoods,SPT-NEIGHBORHOOD-D091AE,CAT-NEIGHBORHOOD-FUNCTION-1E098F,SUB-NEIGHBORHOOD-FUNCTION-ADJACENCY-AND-ACCE-C7A628,ALL,ALL,,Are the small group rooms distributed throughout the neighborhood so that all studios have similarly convenient access?,,YesNo,Evaluation,SingleResponse,12,EqualWeight,,7580,True,True,Neighborhoods,49
NH-010,NH-010,SRV-NEIGHBORHOODS,Neighborhoods,Neighborhoods,SPT-NEIGHBORHOOD-D091AE,CAT-NEIGHBORHOOD-FUNCTION-1E098F,SUB-NEIGHBORHOOD-FUNCTION-AVAILABILITY-6F82FD,HS,HS,,Is there a large group room (fits 8-14 students) in the neighborhood?,,YesNo,Evaluation,SingleResponse,12,EqualWeight,,7590,True,True,Neighborhoods,53
NH-011,NH-011,SRV-NEIGHBORHOODS,Neighborhoods,Neighborhoods,SPT-NEIGHBORHOOD-D091AE,CAT-NEIGHBORHOOD-FUNCTION-1E098F,SUB-NEIGHBORHOOD-FUNCTION-AVAILABILITY-6F82FD,HS,HS,,How many Science Labs are in the neighborhood?,,SingleSelect,Evaluation,SingleResponse,12,EqualWeight,,7600,True,True,Neighborhoods,57
NH-012,NH-012,SRV-NEIGHBORHOODS,Neighborhoods,Neighborhoods,SPT-NEIGHBORHOOD-D091AE,CAT-NEIGHBORHOOD-FUNCTION-1E098F,SUB-NEIGHBORHOOD-FUNCTION-ADJACENCY-AND-ACCE-C7A628,ALL,ALL,,Where is a learner restroom located relative to the neighborhood?,,SingleSelect,Evaluation,SingleResponse,12,EqualWeight,,7610,True,True,Neighborhoods,61
NH-013,NH-013,SRV-NEIGHBORHOODS,Neighborhoods,Neighborhoods,SPT-NEIGHBORHOOD-D091AE,CAT-NEIGHBORHOOD-FUNCTION-1E098F,SUB-NEIGHBORHOOD-FUNCTION-ADJACENCY-AND-ACCE-C7A628,ALL,ALL,,Where is an adult restroom located relative to the neighborhood?,,SingleSelect,Evaluation,SingleResponse,12,EqualWeight,,7620,True,True,Neighborhoods,66
NH-014,NH-014,SRV-NEIGHBORHOODS,Neighborhoods,Neighborhoods,SPT-NEIGHBORHOOD-D091AE,CAT-NEIGHBORHOOD-FUNCTION-1E098F,SUB-NEIGHBORHOOD-FUNCTION-ADJACENCY-AND-ACCE-C7A628,ALL,ALL,,Select all that apply (neighborhood adjacency),,MultiSelect,Evaluation,MixedItemScoring,12,EqualWeight,,7630,True,True,Neighborhoods,71
NH-015,NH-015,SRV-NEIGHBORHOODS,Neighborhoods,Neighborhoods,SPT-NEIGHBORHOOD-D091AE,CAT-NEIGHBORHOOD-INFRASTRUCTURE-E429BE,SUB-NEIGHBORHOOD-INFRASTRUC-LAYOUT-AND-FLEXIBI-901716,ALL,ALL,,How many operable partitions (between studios and/or open collaboration spaces) does the neighborhood have?,,SingleSelect,Evaluation,SingleResponse,12,EqualWeight,,7640,True,True,Neighborhoods,75
NH-016,NH-016,SRV-NEIGHBORHOODS,Neighborhoods,Neighborhoods,SPT-NEIGHBORHOOD-D091AE,CAT-NEIGHBORHOOD-OBSERVATIONAL-86CC14,SUB-NEIGHBORHOOD-OBSERVATIO-OBSERVATIONAL-A71116,ALL,ALL,,Can the neighborhood function as a space for student social emotional regulation? (Check all that apply),,MultiSelect,Observational,RecordedOnly,0,EqualWeight_Unscored,,7650,True,True,Neighborhoods,79
NH-017,NH-017,SRV-NEIGHBORHOODS,Neighborhoods,Neighborhoods,SPT-NEIGHBORHOOD-D091AE,CAT-NEIGHBORHOOD-OBSERVATIONAL-86CC14,SUB-NEIGHBORHOOD-OBSERVATIO-OBSERVATIONAL-A71116,ALL,ALL,,Can the neighborhood function as a collaborative learning community? (Check all that apply),,MultiSelect,Observational,RecordedOnly,0,EqualWeight_Unscored,,7660,True,True,Neighborhoods,85
NH-018,NH-018,SRV-NEIGHBORHOODS,Neighborhoods,Neighborhoods,SPT-NEIGHBORHOOD-D091AE,CAT-NEIGHBORHOOD-OBSERVATIONAL-86CC14,SUB-NEIGHBORHOOD-OBSERVATIO-OBSERVATIONAL-A71116,ALL,ALL,,Is there evidence that shared learning spaces within the neighborhood are actively used for instruction and collaboration? (check all that apply),,MultiSelect,Observational,RecordedOnly,0,EqualWeight_Unscored,,7670,True,True,Neighborhoods,91
NH-019,NH-019,SRV-NEIGHBORHOODS,Neighborhoods,Neighborhoods,SPT-NEIGHBORHOOD-D091AE,CAT-NEIGHBORHOOD-OBSERVATIONAL-86CC14,SUB-NEIGHBORHOOD-OBSERVATIO-OBSERVATIONAL-A71116,ALL,ALL,,All-learner restrooms have been gendered through signage.,,YesNo,Observational,RecordedOnly,0,EqualWeight_Unscored,,7680,True,True,Neighborhoods,97
EN-002,EN-002,SRV-NEIGHBORHOODS,Neighborhoods,Neighborhoods,SPT-EARLY-CHILDHOOD-NEIGHBORH-A22ECD,CAT-EARLY-CHILDHOOD--OCCUPANT-EXPERIENC-676E2B,SUB-EARLY-CHILDH-OCCUPANT-E-SAFETY-AND-SUPERVI-C27AEA,ES,ES,,Select all that apply (neighborhood security),,MultiSelect,Evaluation,MixedItemScoring,12,EqualWeight,,7690,True,True,Neighborhoods,106
EN-003,EN-003,SRV-NEIGHBORHOODS,Neighborhoods,Neighborhoods,SPT-EARLY-CHILDHOOD-NEIGHBORH-A22ECD,CAT-EARLY-CHILDHOOD--FUNCTION-F29323,SUB-EARLY-CHILDH-FUNCTION-LAYOUT-AND-FLEXIBI-1AC804,ES,ES,,Does main circulation avoid traveling through the neighborhood to limit opportunities for disruption?,Learning neighborhoods are designed to maintain a distinct functional identity separate from primary building circulation,YesNo,Evaluation,SingleResponse,12,EqualWeight,,7700,True,True,Neighborhoods,111
EN-004,EN-004,SRV-NEIGHBORHOODS,Neighborhoods,Neighborhoods,SPT-EARLY-CHILDHOOD-NEIGHBORH-A22ECD,CAT-EARLY-CHILDHOOD--FUNCTION-F29323,SUB-EARLY-CHILDH-FUNCTION-AVAILABILITY-1BFB3E,ES,ES,,Select all that are present (spaces checklist),,MultiSelect,Evaluation,MixedItemScoring,12,EqualWeight,,7710,True,True,Neighborhoods,115
EN-005,EN-005,SRV-NEIGHBORHOODS,Neighborhoods,Neighborhoods,SPT-EARLY-CHILDHOOD-NEIGHBORH-A22ECD,CAT-EARLY-CHILDHOOD--FUNCTION-F29323,SUB-EARLY-CHILDH-FUNCTION-ADJACENCY-AND-ACCE-C0E8E9,ES,ES,,Where is a learner restroom located relative to the neighborhood?,,SingleSelect,Evaluation,SingleResponse,12,EqualWeight,,7720,True,True,Neighborhoods,121
EN-006,EN-006,SRV-NEIGHBORHOODS,Neighborhoods,Neighborhoods,SPT-EARLY-CHILDHOOD-NEIGHBORH-A22ECD,CAT-EARLY-CHILDHOOD--FUNCTION-F29323,SUB-EARLY-CHILDH-FUNCTION-ADJACENCY-AND-ACCE-C0E8E9,ES,ES,,Where is an adult restroom located relative to the neighborhood?,,SingleSelect,Evaluation,SingleResponse,12,EqualWeight,,7730,True,True,Neighborhoods,126
EN-007,EN-007,SRV-NEIGHBORHOODS,Neighborhoods,Neighborhoods,SPT-EARLY-CHILDHOOD-NEIGHBORH-A22ECD,CAT-EARLY-CHILDHOOD--FUNCTION-F29323,SUB-EARLY-CHILDH-FUNCTION-ADJACENCY-AND-ACCE-C0E8E9,ES,ES,,Select all that apply (neighborhood adjacency),,MultiSelect,Evaluation,MixedItemScoring,12,EqualWeight,,7740,True,True,Neighborhoods,131
EN-008,EN-008,SRV-NEIGHBORHOODS,Neighborhoods,Neighborhoods,SPT-EARLY-CHILDHOOD-NEIGHBORH-A22ECD,CAT-EARLY-CHILDHOOD--INFRASTRUCTURE-728E1F,SUB-EARLY-CHILDH-INFRASTRUC-LAYOUT-AND-FLEXIBI-33B633,ES,ES,,How many operable partitions (between studios and/or open collaboration spaces) does the neighborhood have?,,SingleSelect,Evaluation,SingleResponse,12,EqualWeight,,7750,True,True,Neighborhoods,135
GR-002,GR-002,SRV-NEIGHBORHOODS,Neighborhoods,Neighborhoods,SPT-GROUP-ROOM-4362E2,CAT-GROUP-ROOM-INFRASTRUCTURE-0F200D,SUB-GROUP-ROOM-INFRASTRUC-UTILITIES-AND-TECH-EB266E,ALL,ALL,,Select all that apply (lighting),,MultiSelect,Evaluation,MixedItemScoring,12,EqualWeight,,7760,True,True,Neighborhoods,143
GR-003,GR-003,SRV-NEIGHBORHOODS,Neighborhoods,Neighborhoods,SPT-GROUP-ROOM-4362E2,CAT-GROUP-ROOM-AMENITIES-A20127,SUB-GROUP-ROOM-AMENITIES-DISPLAY-AND-PRESEN-2B91F3,ALL,ALL,,How many linear feet of writable surface is provided?,,SingleSelect,Evaluation,SingleResponse,12,EqualWeight,,7770,True,True,Neighborhoods,147
GR-004,GR-004,SRV-NEIGHBORHOODS,Neighborhoods,Neighborhoods,SPT-GROUP-ROOM-4362E2,CAT-GROUP-ROOM-INFRASTRUCTURE-0F200D,SUB-GROUP-ROOM-INFRASTRUC-UTILITIES-AND-TECH-EB266E,ALL,ALL,,Are there any visible workarounds accommodating a lack of power outlets?,,SingleSelect,Evaluation,SingleResponse,12,EqualWeight,,7780,True,True,Neighborhoods,154
GR-005,GR-005,SRV-NEIGHBORHOODS,Neighborhoods,Neighborhoods,SPT-GROUP-ROOM-4362E2,CAT-GROUP-ROOM-OCCUPANT-EXPERIENC-97A6BC,SUB-GROUP-ROOM-OCCUPANT-E-SAFETY-AND-SUPERVI-A5F184,ALL,ALL,,What type of visibility is provided into the space from adjacent interior spaces or circulation?,,MultiSelect,Evaluation,MixedItemScoring,12,EqualWeight,,7790,True,True,Neighborhoods,158
GR-006,GR-006,SRV-NEIGHBORHOODS,Neighborhoods,Neighborhoods,SPT-GROUP-ROOM-4362E2,CAT-GROUP-ROOM-OCCUPANT-EXPERIENC-97A6BC,SUB-GROUP-ROOM-OCCUPANT-E-SAFETY-AND-SUPERVI-A5F184,ALL,ALL,,How much of the wall facing the adjacent interior space or circulation is made up of interior window?,,SingleSelect,Inventory,RecordedOnly,0,EqualWeight_Unscored,"GR-005 includes ""Full-height interior window"" or ""Half-height interior window""",7800,True,True,Neighborhoods,164
GR-007,GR-007,SRV-NEIGHBORHOODS,Neighborhoods,Neighborhoods,SPT-GROUP-ROOM-4362E2,CAT-GROUP-ROOM-AMENITIES-A20127,SUB-GROUP-ROOM-AMENITIES-FURNITURE-AND-EQUI-D3D174,ALL,ALL,,Select all that are present (furniture),,MultiSelect,Inventory,RecordedOnly,0,EqualWeight_Unscored,,7810,True,True,Neighborhoods,168
GR-008,GR-008,SRV-NEIGHBORHOODS,Neighborhoods,Neighborhoods,SPT-GROUP-ROOM-4362E2,CAT-GROUP-ROOM-AMENITIES-A20127,SUB-GROUP-ROOM-AMENITIES-FURNITURE-AND-EQUI-D3D174,ALL,ALL,,How easily can the furniture be rearranged?,,SingleSelect,Evaluation,SingleResponse,12,EqualWeight,,7820,True,True,Neighborhoods,183
GR-009,GR-009,SRV-NEIGHBORHOODS,Neighborhoods,Neighborhoods,SPT-GROUP-ROOM-4362E2,CAT-GROUP-ROOM-AMENITIES-A20127,SUB-GROUP-ROOM-AMENITIES-FURNITURE-AND-EQUI-D3D174,ALL,ALL,,What is the condition of the furniture?,,SingleSelect,Evaluation,SingleResponse,12,EqualWeight,,7830,True,True,Neighborhoods,187
GR-010,GR-010,SRV-NEIGHBORHOODS,Neighborhoods,Neighborhoods,SPT-GROUP-ROOM-4362E2,CAT-GROUP-ROOM-OBSERVATIONAL-F98329,SUB-GROUP-ROOM-OBSERVATIO-OBSERVATIONAL-E420EF,ALL,ALL,,Is there observable evidence that group rooms function as shared instructional resources? (check all that apply),,MultiSelect,Observational,RecordedOnly,0,EqualWeight_Unscored,,7840,True,True,Neighborhoods,191
GR-011,GR-011,SRV-NEIGHBORHOODS,Neighborhoods,Neighborhoods,SPT-GROUP-ROOM-4362E2,CAT-GROUP-ROOM-OBSERVATIONAL-F98329,SUB-GROUP-ROOM-OBSERVATIO-OBSERVATIONAL-E420EF,ALL,ALL,,Select all that apply (Education Efficiency),,MultiSelect,Observational,RecordedOnly,0,EqualWeight_Unscored,,7850,True,True,Neighborhoods,200
OC-002,OC-002,SRV-NEIGHBORHOODS,Neighborhoods,Neighborhoods,SPT-OPEN-COLLABORATION-0308C2,CAT-OPEN-COLLABORATI-AMENITIES-8C89B3,SUB-OPEN-COLLABO-AMENITIES-DISPLAY-AND-PRESEN-3AB76F,ES,ES,,"How much writable surface (e.g., markerboard) is provided, excluding glass? Include both fixed and mobile writable surfaces.",,SingleSelect,Evaluation,SingleResponse,12,EqualWeight,,7860,True,True,Neighborhoods,213
OC-003,OC-003,SRV-NEIGHBORHOODS,Neighborhoods,Neighborhoods,SPT-OPEN-COLLABORATION-0308C2,CAT-OPEN-COLLABORATI-AMENITIES-8C89B3,SUB-OPEN-COLLABO-AMENITIES-DISPLAY-AND-PRESEN-3AB76F,MS+HS,MS+HS,,"How much writable surface (e.g., markerboard) is provided, excluding glass? Include both fixed and mobile writable surfaces.",,SingleSelect,Evaluation,SingleResponse,12,EqualWeight,,7870,True,True,Neighborhoods,220
OC-004,OC-004,SRV-NEIGHBORHOODS,Neighborhoods,Neighborhoods,SPT-OPEN-COLLABORATION-0308C2,CAT-OPEN-COLLABORATI-INFRASTRUCTURE-320BD5,SUB-OPEN-COLLABO-INFRASTRUC-UTILITIES-AND-TECH-0657A9,ALL,ALL,,Are there any visible workarounds accommodating a lack of power outlets?,,YesNo,Evaluation,SingleResponse,12,EqualWeight,,7880,True,True,Neighborhoods,227
OC-005,OC-005,SRV-NEIGHBORHOODS,Neighborhoods,Neighborhoods,SPT-OPEN-COLLABORATION-0308C2,CAT-OPEN-COLLABORATI-OCCUPANT-EXPERIENC-C9CF31,SUB-OPEN-COLLABO-OCCUPANT-E-SAFETY-AND-SUPERVI-66DAAA,ALL,ALL,,What type of visibility do neighboring studios have into the space?,,SingleSelect,Evaluation,SingleResponse,12,EqualWeight,,7890,True,True,Neighborhoods,231
OC-006,OC-006,SRV-NEIGHBORHOODS,Neighborhoods,Neighborhoods,SPT-OPEN-COLLABORATION-0308C2,CAT-OPEN-COLLABORATI-FUNCTION-D6A811,SUB-OPEN-COLLABO-FUNCTION-ADJACENCY-AND-ACCE-442AE1,ALL,ALL,,What portion of all studios in the neighborhood have direct access to the open collaboration space?,,SingleSelect,Evaluation,SingleResponse,12,EqualWeight,,7900,True,True,Neighborhoods,236
OC-007,OC-007,SRV-NEIGHBORHOODS,Neighborhoods,Neighborhoods,SPT-OPEN-COLLABORATION-0308C2,CAT-OPEN-COLLABORATI-AMENITIES-8C89B3,SUB-OPEN-COLLABO-AMENITIES-FURNITURE-AND-EQUI-788DA5,ALL,ALL,,Select all that are present (furniture),,MultiSelect,Inventory,RecordedOnly,0,EqualWeight_Unscored,,7910,True,True,Neighborhoods,241
OC-008,OC-008,SRV-NEIGHBORHOODS,Neighborhoods,Neighborhoods,SPT-OPEN-COLLABORATION-0308C2,CAT-OPEN-COLLABORATI-AMENITIES-8C89B3,SUB-OPEN-COLLABO-AMENITIES-FURNITURE-AND-EQUI-788DA5,ALL,ALL,,How easily can the furniture be rearranged?,,SingleSelect,Evaluation,SingleResponse,12,EqualWeight,,7920,True,True,Neighborhoods,255
OC-009,OC-009,SRV-NEIGHBORHOODS,Neighborhoods,Neighborhoods,SPT-OPEN-COLLABORATION-0308C2,CAT-OPEN-COLLABORATI-AMENITIES-8C89B3,SUB-OPEN-COLLABO-AMENITIES-FURNITURE-AND-EQUI-788DA5,ALL,ALL,,"How varied are the seating options for students (i.e., seating beyond standard hard chairs, such as soft or active seating)?",,SingleSelect,Evaluation,SingleResponse,12,EqualWeight,,7930,True,True,Neighborhoods,259
OC-010,OC-010,SRV-NEIGHBORHOODS,Neighborhoods,Neighborhoods,SPT-OPEN-COLLABORATION-0308C2,CAT-OPEN-COLLABORATI-AMENITIES-8C89B3,SUB-OPEN-COLLABO-AMENITIES-FURNITURE-AND-EQUI-788DA5,ALL,ALL,,What is the condition of the furniture?,,SingleSelect,Evaluation,SingleResponse,12,EqualWeight,,7940,True,True,Neighborhoods,264
OC-011,OC-011,SRV-NEIGHBORHOODS,Neighborhoods,Neighborhoods,SPT-OPEN-COLLABORATION-0308C2,CAT-OPEN-COLLABORATI-INFRASTRUCTURE-320BD5,SUB-OPEN-COLLABO-INFRASTRUC-FLOORING-AND-SURFA-54869F,ALL,ALL,,What type of flooring is in the space?,,SingleSelect,Evaluation,SingleResponse,12,EqualWeight,,7950,True,True,Neighborhoods,268
OC-012,OC-012,SRV-NEIGHBORHOODS,Neighborhoods,Neighborhoods,SPT-OPEN-COLLABORATION-0308C2,CAT-OPEN-COLLABORATI-INFRASTRUCTURE-320BD5,SUB-OPEN-COLLABO-INFRASTRUC-UTILITIES-AND-TECH-0657A9,ALL,ALL,,Select all that are present (water access),,MultiSelect,Evaluation,MixedItemScoring,12,EqualWeight,,7960,True,True,Neighborhoods,275
OC-013,OC-013,SRV-NEIGHBORHOODS,Neighborhoods,Neighborhoods,SPT-OPEN-COLLABORATION-0308C2,CAT-OPEN-COLLABORATI-OBSERVATIONAL-AC4454,SUB-OPEN-COLLABO-OBSERVATIO-OBSERVATIONAL-62FF0F,ALL,ALL,,Select all that apply (Education Efficiency),,MultiSelect,Observational,RecordedOnly,0,EqualWeight_Unscored,,7970,True,True,Neighborhoods,280
CT-002,CT-002,SRV-CTE,CTE,CTE,SPT-CTE-STUDIO-143933,CAT-CTE-STUDIO-FUNCTION-92C9F4,SUB-CTE-STUDIO-FUNCTION-ADJACENCY-AND-ACCE-B8C174,MS+HS,MS+HS,,What type of CTE space is this?,,MultiSelect,Inventory,RecordedOnly,0,EqualWeight_Unscored,,7980,True,True,CTE Studio,6
CT-003,CT-003,SRV-CTE,CTE,CTE,SPT-CTE-STUDIO-143933,CAT-CTE-STUDIO-FUNCTION-92C9F4,SUB-CTE-STUDIO-FUNCTION-ADJACENCY-AND-ACCE-B8C174,MS+HS,MS+HS,,"If paired with a CTE Lab, does the studio have close proximity with sightlines into the lab?",,SingleSelect,Evaluation,SingleResponse,12,EqualWeight,,7990,True,True,CTE Studio,10
CT-004,CT-004,SRV-CTE,CTE,CTE,SPT-CTE-STUDIO-143933,CAT-CTE-STUDIO-FUNCTION-92C9F4,SUB-CTE-STUDIO-FUNCTION-LAYOUT-AND-FLEXIBI-AFDC56,MS+HS,MS+HS,,Does the room shape allow for clear sightlines within the room and flexible room configuration options?,,YesNo,Evaluation,SingleResponse,12,EqualWeight,,8000,True,True,CTE Studio,16
CT-005,CT-005,SRV-CTE,CTE,CTE,SPT-CTE-STUDIO-143933,CAT-CTE-STUDIO-INFRASTRUCTURE-DB61F1,SUB-CTE-STUDIO-INFRASTRUC-UTILITIES-AND-TECH-34EB6F,MS+HS,MS+HS,,Select all that apply (lighting),,MultiSelect,Evaluation,MixedItemScoring,12,EqualWeight,,8010,True,True,CTE Studio,20
CT-006,CT-006,SRV-CTE,CTE,CTE,SPT-CTE-STUDIO-143933,CAT-CTE-STUDIO-OCCUPANT-EXPERIENC-8F9903,SUB-CTE-STUDIO-OCCUPANT-E-AESTHETICS-D5B4A1,MS+HS,MS+HS,,Which of the following describes the condition of the wall finishes?,,SingleSelect,Evaluation,SingleResponse,12,EqualWeight,,8020,True,True,CTE Studio,24
CT-007,CT-007,SRV-CTE,CTE,CTE,SPT-CTE-STUDIO-143933,CAT-CTE-STUDIO-OCCUPANT-EXPERIENC-8F9903,SUB-CTE-STUDIO-OCCUPANT-E-OCCUPANT-COMFORT-20A958,MS+HS,MS+HS,,Are there exterior windows?,,YesNo,Evaluation,SingleResponse,12,EqualWeight,,8030,True,True,CTE Studio,29
CT-008,CT-008,SRV-CTE,CTE,CTE,SPT-CTE-STUDIO-143933,CAT-CTE-STUDIO-OCCUPANT-EXPERIENC-8F9903,SUB-CTE-STUDIO-OCCUPANT-E-OCCUPANT-COMFORT-20A958,MS+HS,MS+HS,,"Is daylight accessible through another means (e.g., an interior window shared with a space that has exterior windows)?",,SingleSelect,Evaluation,SingleResponse,12,EqualWeight,"CT-007 = ""No""",8040,True,True,CTE Studio,33
CT-009,CT-009,SRV-CTE,CTE,CTE,SPT-CTE-STUDIO-143933,CAT-CTE-STUDIO-OCCUPANT-EXPERIENC-8F9903,SUB-CTE-STUDIO-OCCUPANT-E-OCCUPANT-COMFORT-20A958,MS+HS,MS+HS,,Select all that apply (exterior windows),,MultiSelect,Evaluation,MixedItemScoring,12,EqualWeight,"CT-007 = ""Yes""",8050,True,True,CTE Studio,38
CT-010,CT-010,SRV-CTE,CTE,CTE,SPT-CTE-STUDIO-143933,CAT-CTE-STUDIO-OCCUPANT-EXPERIENC-8F9903,SUB-CTE-STUDIO-OCCUPANT-E-OCCUPANT-COMFORT-20A958,MS+HS,MS+HS,,What window coverings are provided on exterior windows?,,SingleSelect,Evaluation,SingleResponse,12,EqualWeight,"CT-007 = ""Yes""",8060,True,True,CTE Studio,42
CT-011,CT-011,SRV-CTE,CTE,CTE,SPT-CTE-STUDIO-143933,CAT-CTE-STUDIO-AMENITIES-CD7E20,SUB-CTE-STUDIO-AMENITIES-DISPLAY-AND-PRESEN-47FFE3,MS+HS,MS+HS,,"How much writable surface (e.g., markerboard) is provided, excluding glass? Include both fixed and mobile writable surfaces in your count.",,SingleSelect,Evaluation,SingleResponse,12,EqualWeight,,8070,True,True,CTE Studio,48
CT-012,CT-012,SRV-CTE,CTE,CTE,SPT-CTE-STUDIO-143933,CAT-CTE-STUDIO-AMENITIES-CD7E20,SUB-CTE-STUDIO-AMENITIES-DISPLAY-AND-PRESEN-47FFE3,MS+HS,MS+HS,,Which built-in systems for displaying student work are provided?,,MultiSelect,Inventory,RecordedOnly,0,EqualWeight_Unscored,,8080,True,True,CTE Studio,56
CT-013,CT-013,SRV-CTE,CTE,CTE,SPT-CTE-STUDIO-143933,CAT-CTE-STUDIO-AMENITIES-CD7E20,SUB-CTE-STUDIO-AMENITIES-DISPLAY-AND-PRESEN-47FFE3,MS+HS,MS+HS,,How much tackboard/tackwall/tackstrip is provided? Include both fixed and mobile surfaces.,,SingleSelect,Evaluation,SingleResponse,12,EqualWeight,,8090,True,True,CTE Studio,62
CT-014,CT-014,SRV-CTE,CTE,CTE,SPT-CTE-STUDIO-143933,CAT-CTE-STUDIO-INFRASTRUCTURE-DB61F1,SUB-CTE-STUDIO-INFRASTRUC-UTILITIES-AND-TECH-34EB6F,MS+HS,MS+HS,,Are there any visible workarounds accommodating a lack of power outlets?,,YesNo,Evaluation,SingleResponse,12,EqualWeight,,8100,True,True,CTE Studio,68
CT-015,CT-015,SRV-CTE,CTE,CTE,SPT-CTE-STUDIO-143933,CAT-CTE-STUDIO-OCCUPANT-EXPERIENC-8F9903,SUB-CTE-STUDIO-OCCUPANT-E-OCCUPANT-COMFORT-20A958,MS+HS,MS+HS,,Select one (temperature control),,SingleSelect,Evaluation,SingleResponse,12,EqualWeight,,8110,True,True,CTE Studio,72
CT-016,CT-016,SRV-CTE,CTE,CTE,SPT-CTE-STUDIO-143933,CAT-CTE-STUDIO-OCCUPANT-EXPERIENC-8F9903,SUB-CTE-STUDIO-OCCUPANT-E-SAFETY-AND-SUPERVI-E9E7B2,MS+HS,MS+HS,,What type of visibility is provided into the space from adjacent interior spaces or circulation?,,MultiSelect,Evaluation,MixedItemScoring,12,EqualWeight,,8120,True,True,CTE Studio,77
CT-017,CT-017,SRV-CTE,CTE,CTE,SPT-CTE-STUDIO-143933,CAT-CTE-STUDIO-OCCUPANT-EXPERIENC-8F9903,SUB-CTE-STUDIO-OCCUPANT-E-SAFETY-AND-SUPERVI-E9E7B2,MS+HS,MS+HS,,How much of the wall facing the adjacent interior space or circulation is made up of interior window?,,SingleSelect,Inventory,RecordedOnly,0,EqualWeight_Unscored,"CT-016 includes ""Full-height interior window"" or ""Half-height interior window""",8130,True,True,CTE Studio,83
CT-018,CT-018,SRV-CTE,CTE,CTE,SPT-CTE-STUDIO-143933,CAT-CTE-STUDIO-OCCUPANT-EXPERIENC-8F9903,SUB-CTE-STUDIO-OCCUPANT-E-SAFETY-AND-SUPERVI-E9E7B2,MS+HS,MS+HS,,Select all that apply (safety),,MultiSelect,Evaluation,MixedItemScoring,12,EqualWeight,,8140,True,True,CTE Studio,87
CT-019,CT-019,SRV-CTE,CTE,CTE,SPT-CTE-STUDIO-143933,CAT-CTE-STUDIO-AMENITIES-CD7E20,SUB-CTE-STUDIO-AMENITIES-FURNITURE-AND-EQUI-928FEB,MS+HS,MS+HS,,Select all that are present (furniture),,MultiSelect,Inventory,RecordedOnly,0,EqualWeight_Unscored,,8150,True,True,CTE Studio,93
CT-020,CT-020,SRV-CTE,CTE,CTE,SPT-CTE-STUDIO-143933,CAT-CTE-STUDIO-AMENITIES-CD7E20,SUB-CTE-STUDIO-AMENITIES-STORAGE-D48BE2,MS+HS,MS+HS,,How sufficient does the storage appear for the space's program needs?,,SingleSelect,Evaluation,SingleResponse,12,EqualWeight,,8160,True,True,CTE Studio,106
CT-021,CT-021,SRV-CTE,CTE,CTE,SPT-CTE-STUDIO-143933,CAT-CTE-STUDIO-AMENITIES-CD7E20,SUB-CTE-STUDIO-AMENITIES-FURNITURE-AND-EQUI-928FEB,MS+HS,MS+HS,,How easily can the furniture be rearranged?,,SingleSelect,Evaluation,SingleResponse,12,EqualWeight,,8170,True,True,CTE Studio,111
CT-022,CT-022,SRV-CTE,CTE,CTE,SPT-CTE-STUDIO-143933,CAT-CTE-STUDIO-AMENITIES-CD7E20,SUB-CTE-STUDIO-AMENITIES-FURNITURE-AND-EQUI-928FEB,MS+HS,MS+HS,,What is the condition of the furniture?,,SingleSelect,Evaluation,SingleResponse,12,EqualWeight,,8180,True,True,CTE Studio,115
CT-023,CT-023,SRV-CTE,CTE,CTE,SPT-CTE-STUDIO-143933,CAT-CTE-STUDIO-INFRASTRUCTURE-DB61F1,SUB-CTE-STUDIO-INFRASTRUC-FLOORING-AND-SURFA-CD3808,MS+HS,MS+HS,,What type of flooring is in the space?,,SingleSelect,Evaluation,SingleResponse,12,EqualWeight,,8190,True,True,CTE Studio,119
CT-024,CT-024,SRV-CTE,CTE,CTE,SPT-CTE-STUDIO-143933,CAT-CTE-STUDIO-INFRASTRUCTURE-DB61F1,SUB-CTE-STUDIO-INFRASTRUC-UTILITIES-AND-TECH-34EB6F,MS+HS,MS+HS,,Select all that apply (general inventory),,MultiSelect,Inventory,RecordedOnly,0,EqualWeight_Unscored,,8200,True,True,CTE Studio,125
CT-025,CT-025,SRV-CTE,CTE,CTE,SPT-CTE-STUDIO-143933,CAT-CTE-STUDIO-OBSERVATIONAL-1414FC,SUB-CTE-STUDIO-OBSERVATIO-OBSERVATIONAL-A4CB10,MS+HS,MS+HS,,Can the CTE studio function as a flexible principles-level learning environment? (check all that apply),,MultiSelect,Observational,RecordedOnly,0,EqualWeight_Unscored,,8210,True,True,CTE Studio,129
LI-002,LI-002,SRV-CTE,CTE,CTE,SPT-LOW-INTENSITY-LAB-05F8AF,CAT-LOW-INTENSITY-LA-FUNCTION-24EAE4,SUB-LOW-INTENSIT-FUNCTION-ADJACENCY-AND-ACCE-E5A990,MS+HS,MS+HS,,Does the space have close proximity to a CTE Studio to support concurrent use?,,YesNo,Evaluation,SingleResponse,12,EqualWeight,,8220,True,True,Low Intensity Lab,6
LI-003,LI-003,SRV-CTE,CTE,CTE,SPT-LOW-INTENSITY-LAB-05F8AF,CAT-LOW-INTENSITY-LA-FUNCTION-24EAE4,SUB-LOW-INTENSIT-FUNCTION-LAYOUT-AND-FLEXIBI-AEE994,MS+HS,MS+HS,,Does the room shape allow for clear sightlines within the room and flexible room configuration options?,,YesNo,Evaluation,SingleResponse,12,EqualWeight,,8230,True,True,Low Intensity Lab,10
LI-004,LI-004,SRV-CTE,CTE,CTE,SPT-LOW-INTENSITY-LAB-05F8AF,CAT-LOW-INTENSITY-LA-INFRASTRUCTURE-C80E3D,SUB-LOW-INTENSIT-INFRASTRUC-UTILITIES-AND-TECH-E424C4,MS+HS,MS+HS,,Select all that apply (lighting),,MultiSelect,Evaluation,MixedItemScoring,12,EqualWeight,,8240,True,True,Low Intensity Lab,14
LI-005,LI-005,SRV-CTE,CTE,CTE,SPT-LOW-INTENSITY-LAB-05F8AF,CAT-LOW-INTENSITY-LA-OCCUPANT-EXPERIENC-4F8688,SUB-LOW-INTENSIT-OCCUPANT-E-AESTHETICS-03FA65,MS+HS,MS+HS,,Which of the following describes the condition of the wall finishes?,,SingleSelect,Evaluation,SingleResponse,12,EqualWeight,,8250,True,True,Low Intensity Lab,18
LI-006,LI-006,SRV-CTE,CTE,CTE,SPT-LOW-INTENSITY-LAB-05F8AF,CAT-LOW-INTENSITY-LA-OCCUPANT-EXPERIENC-4F8688,SUB-LOW-INTENSIT-OCCUPANT-E-OCCUPANT-COMFORT-303AE8,MS+HS,MS+HS,,Are there exterior windows?,,YesNo,Evaluation,SingleResponse,12,EqualWeight,,8260,True,True,Low Intensity Lab,23
LI-007,LI-007,SRV-CTE,CTE,CTE,SPT-LOW-INTENSITY-LAB-05F8AF,CAT-LOW-INTENSITY-LA-OCCUPANT-EXPERIENC-4F8688,SUB-LOW-INTENSIT-OCCUPANT-E-OCCUPANT-COMFORT-303AE8,MS+HS,MS+HS,,"Is daylight accessible through another means (e.g., an interior window shared with a space that has exterior windows)?",,SingleSelect,Evaluation,SingleResponse,12,EqualWeight,"LI-006 = ""No""",8270,True,True,Low Intensity Lab,27
LI-008,LI-008,SRV-CTE,CTE,CTE,SPT-LOW-INTENSITY-LAB-05F8AF,CAT-LOW-INTENSITY-LA-OCCUPANT-EXPERIENC-4F8688,SUB-LOW-INTENSIT-OCCUPANT-E-OCCUPANT-COMFORT-303AE8,MS+HS,MS+HS,,Select all that apply (exterior windows),,MultiSelect,Evaluation,MixedItemScoring,12,EqualWeight,"LI-006 = ""Yes""",8280,True,True,Low Intensity Lab,32
LI-009,LI-009,SRV-CTE,CTE,CTE,SPT-LOW-INTENSITY-LAB-05F8AF,CAT-LOW-INTENSITY-LA-OCCUPANT-EXPERIENC-4F8688,SUB-LOW-INTENSIT-OCCUPANT-E-OCCUPANT-COMFORT-303AE8,MS+HS,MS+HS,,What window coverings are provided on exterior windows?,,SingleSelect,Evaluation,SingleResponse,12,EqualWeight,"LI-006 = ""Yes""",8290,True,True,Low Intensity Lab,36
LI-010,LI-010,SRV-CTE,CTE,CTE,SPT-LOW-INTENSITY-LAB-05F8AF,CAT-LOW-INTENSITY-LA-OCCUPANT-EXPERIENC-4F8688,SUB-LOW-INTENSIT-OCCUPANT-E-SAFETY-AND-SUPERVI-29FAD4,MS+HS,MS+HS,,What type of visibility is provided into the space from adjacent interior spaces or circulation?,,MultiSelect,Evaluation,MixedItemScoring,12,EqualWeight,,8300,True,True,Low Intensity Lab,42
LI-011,LI-011,SRV-CTE,CTE,CTE,SPT-LOW-INTENSITY-LAB-05F8AF,CAT-LOW-INTENSITY-LA-OCCUPANT-EXPERIENC-4F8688,SUB-LOW-INTENSIT-OCCUPANT-E-SAFETY-AND-SUPERVI-29FAD4,MS+HS,MS+HS,,How much of the wall facing the adjacent interior space or circulation is made up of interior window?,,SingleSelect,Inventory,RecordedOnly,0,EqualWeight_Unscored,"LI-010 includes ""Full-height interior window"" or ""Half-height interior window""",8310,True,True,Low Intensity Lab,48
LI-012,LI-012,SRV-CTE,CTE,CTE,SPT-LOW-INTENSITY-LAB-05F8AF,CAT-LOW-INTENSITY-LA-OCCUPANT-EXPERIENC-4F8688,SUB-LOW-INTENSIT-OCCUPANT-E-SAFETY-AND-SUPERVI-29FAD4,MS+HS,MS+HS,,Select all that apply (safety),,MultiSelect,Evaluation,MixedItemScoring,12,EqualWeight,,8320,True,True,Low Intensity Lab,52
LI-013,LI-013,SRV-CTE,CTE,CTE,SPT-LOW-INTENSITY-LAB-05F8AF,CAT-LOW-INTENSITY-LA-AMENITIES-C75B6A,SUB-LOW-INTENSIT-AMENITIES-STORAGE-E6DA31,MS+HS,MS+HS,,How sufficient does the storage appear for the space's program needs?,,SingleSelect,Evaluation,SingleResponse,12,EqualWeight,,8330,True,True,Low Intensity Lab,58
LI-014,LI-014,SRV-CTE,CTE,CTE,SPT-LOW-INTENSITY-LAB-05F8AF,CAT-LOW-INTENSITY-LA-INFRASTRUCTURE-C80E3D,SUB-LOW-INTENSIT-INFRASTRUC-FLOORING-AND-SURFA-7A7345,MS+HS,MS+HS,,How much casework is provided?,,SingleSelect,Evaluation,SingleResponse,12,EqualWeight,,8340,True,True,Low Intensity Lab,63
LI-015,LI-015,SRV-CTE,CTE,CTE,SPT-LOW-INTENSITY-LAB-05F8AF,CAT-LOW-INTENSITY-LA-INFRASTRUCTURE-C80E3D,SUB-LOW-INTENSIT-INFRASTRUC-FLOORING-AND-SURFA-7A7345,MS+HS,MS+HS,,How much countertop is provided?,,SingleSelect,Evaluation,SingleResponse,12,EqualWeight,,8350,True,True,Low Intensity Lab,69
LI-016,LI-016,SRV-CTE,CTE,CTE,SPT-LOW-INTENSITY-LAB-05F8AF,CAT-LOW-INTENSITY-LA-AMENITIES-C75B6A,SUB-LOW-INTENSIT-AMENITIES-DISPLAY-AND-PRESEN-1C40BB,MS+HS,MS+HS,,"How much writable surface (e.g., markerboard) is provided, excluding glass? Include both fixed and mobile writable surfaces in your count.",,SingleSelect,Evaluation,SingleResponse,12,EqualWeight,,8360,True,True,Low Intensity Lab,75
LI-017,LI-017,SRV-CTE,CTE,CTE,SPT-LOW-INTENSITY-LAB-05F8AF,CAT-LOW-INTENSITY-LA-AMENITIES-C75B6A,SUB-LOW-INTENSIT-AMENITIES-DISPLAY-AND-PRESEN-1C40BB,MS+HS,MS+HS,,Which built-in systems for displaying student work are provided?,,MultiSelect,Inventory,RecordedOnly,0,EqualWeight_Unscored,,8370,True,True,Low Intensity Lab,83
LI-018,LI-018,SRV-CTE,CTE,CTE,SPT-LOW-INTENSITY-LAB-05F8AF,CAT-LOW-INTENSITY-LA-AMENITIES-C75B6A,SUB-LOW-INTENSIT-AMENITIES-DISPLAY-AND-PRESEN-1C40BB,MS+HS,MS+HS,,How much tackboard/tackwall/tackstrip is provided? Include both fixed and mobile surfaces.,,SingleSelect,Evaluation,SingleResponse,12,EqualWeight,,8380,True,True,Low Intensity Lab,89
LI-019,LI-019,SRV-CTE,CTE,CTE,SPT-LOW-INTENSITY-LAB-05F8AF,CAT-LOW-INTENSITY-LA-FUNCTION-24EAE4,SUB-LOW-INTENSIT-FUNCTION-UTILITIES-AND-TECH-B8A5AC,MS+HS,MS+HS,,Is a utility sink provided?,,YesNo,Evaluation,SingleResponse,12,EqualWeight,,8390,True,True,Low Intensity Lab,95
LI-020,LI-020,SRV-CTE,CTE,CTE,SPT-LOW-INTENSITY-LAB-05F8AF,CAT-LOW-INTENSITY-LA-INFRASTRUCTURE-C80E3D,SUB-LOW-INTENSIT-INFRASTRUC-UTILITIES-AND-TECH-E424C4,MS+HS,MS+HS,,How many floor outlets are provided?,,SingleSelect,Evaluation,SingleResponse,12,EqualWeight,,8400,True,True,Low Intensity Lab,99
LI-021,LI-021,SRV-CTE,CTE,CTE,SPT-LOW-INTENSITY-LAB-05F8AF,CAT-LOW-INTENSITY-LA-INFRASTRUCTURE-C80E3D,SUB-LOW-INTENSIT-INFRASTRUC-UTILITIES-AND-TECH-E424C4,MS+HS,MS+HS,,Are there any visible workarounds accommodating a lack of power outlets?,,YesNo,Evaluation,SingleResponse,12,EqualWeight,,8410,True,True,Low Intensity Lab,105
LI-022,LI-022,SRV-CTE,CTE,CTE,SPT-LOW-INTENSITY-LAB-05F8AF,CAT-LOW-INTENSITY-LA-OCCUPANT-EXPERIENC-4F8688,SUB-LOW-INTENSIT-OCCUPANT-E-CIRCULATION-AND-EG-C48B69,MS+HS,MS+HS,,"Is a 42"" or wider entry door from circulation provided?",,YesNo,Evaluation,SingleResponse,12,EqualWeight,,8420,True,True,Low Intensity Lab,109
LI-023,LI-023,SRV-CTE,CTE,CTE,SPT-LOW-INTENSITY-LAB-05F8AF,CAT-LOW-INTENSITY-LA-OCCUPANT-EXPERIENC-4F8688,SUB-LOW-INTENSIT-OCCUPANT-E-OCCUPANT-COMFORT-303AE8,MS+HS,MS+HS,,Select one (temperature control),,SingleSelect,Evaluation,SingleResponse,12,EqualWeight,,8430,True,True,Low Intensity Lab,113
LI-024,LI-024,SRV-CTE,CTE,CTE,SPT-LOW-INTENSITY-LAB-05F8AF,CAT-LOW-INTENSITY-LA-AMENITIES-C75B6A,SUB-LOW-INTENSIT-AMENITIES-FURNITURE-AND-EQUI-25982B,MS+HS,MS+HS,,Select all that are present (furniture),,MultiSelect,Inventory,RecordedOnly,0,EqualWeight_Unscored,,8440,True,True,Low Intensity Lab,118
LI-025,LI-025,SRV-CTE,CTE,CTE,SPT-LOW-INTENSITY-LAB-05F8AF,CAT-LOW-INTENSITY-LA-AMENITIES-C75B6A,SUB-LOW-INTENSIT-AMENITIES-FURNITURE-AND-EQUI-25982B,MS+HS,MS+HS,,How easily can the furniture be rearranged?,,SingleSelect,Evaluation,SingleResponse,12,EqualWeight,,8450,True,True,Low Intensity Lab,131
LI-026,LI-026,SRV-CTE,CTE,CTE,SPT-LOW-INTENSITY-LAB-05F8AF,CAT-LOW-INTENSITY-LA-AMENITIES-C75B6A,SUB-LOW-INTENSIT-AMENITIES-FURNITURE-AND-EQUI-25982B,MS+HS,MS+HS,,What is the condition of the furniture?,,SingleSelect,Evaluation,SingleResponse,12,EqualWeight,,8460,True,True,Low Intensity Lab,135
LI-027,LI-027,SRV-CTE,CTE,CTE,SPT-LOW-INTENSITY-LAB-05F8AF,CAT-LOW-INTENSITY-LA-INFRASTRUCTURE-C80E3D,SUB-LOW-INTENSIT-INFRASTRUC-FLOORING-AND-SURFA-7A7345,MS+HS,MS+HS,,What type of flooring is in the space?,,SingleSelect,Evaluation,SingleResponse,12,EqualWeight,,8470,True,True,Low Intensity Lab,139
LI-028,LI-028,SRV-CTE,CTE,CTE,SPT-LOW-INTENSITY-LAB-05F8AF,CAT-LOW-INTENSITY-LA-INFRASTRUCTURE-C80E3D,SUB-LOW-INTENSIT-INFRASTRUC-UTILITIES-AND-TECH-E424C4,MS+HS,MS+HS,,Select all that apply (general inventory),,MultiSelect,Inventory,RecordedOnly,0,EqualWeight_Unscored,,8480,True,True,Low Intensity Lab,145
LI-029,LI-029,SRV-CTE,CTE,CTE,SPT-LOW-INTENSITY-LAB-05F8AF,CAT-LOW-INTENSITY-LA-OBSERVATIONAL-7203F0,SUB-LOW-INTENSIT-OBSERVATIO-OBSERVATIONAL-0D122C,HS,HS,,Can the environment support authentic and applied learning experiences? (check all that apply),,MultiSelect,Observational,RecordedOnly,0,EqualWeight_Unscored,,8490,True,True,Low Intensity Lab,149
LI-030,LI-030,SRV-CTE,CTE,CTE,SPT-LOW-INTENSITY-LAB-05F8AF,CAT-LOW-INTENSITY-LA-OBSERVATIONAL-7203F0,SUB-LOW-INTENSIT-OBSERVATIO-OBSERVATIONAL-0D122C,MS,MS,,Can the environment support authentic and applied learning experiences? (check all that apply),,MultiSelect,Observational,RecordedOnly,0,EqualWeight_Unscored,,8500,True,True,Low Intensity Lab,155
LI-031,LI-031,SRV-CTE,CTE,CTE,SPT-LOW-INTENSITY-LAB-05F8AF,CAT-LOW-INTENSITY-LA-OBSERVATIONAL-7203F0,SUB-LOW-INTENSIT-OBSERVATIO-OBSERVATIONAL-0D122C,MS+HS,MS+HS,,"Can the low-intensity lab support the intended pathway(s) and a variety of related instructional activities (e.g., Arts, Audio/Video Technology & Communications; Business, Management & Administration; Education & Training; Health Science; Hospitality & Tourism; Forensics; Multimedia/Digital Graphics; Gaming Design; and similar programs)? (check all that apply)",,MultiSelect,Observational,RecordedOnly,0,EqualWeight_Unscored,,8510,True,True,Low Intensity Lab,161
MI-002,MI-002,SRV-CTE,CTE,CTE,SPT-MEDIUM-INTENSITY-LAB-C658FD,CAT-MEDIUM-INTENSITY-INFRASTRUCTURE-3FFB3F,SUB-MEDIUM-INTEN-INFRASTRUC-FLOORING-AND-SURFA-60E314,MS+HS,MS+HS,,Is the lab located in a double-height space?,,YesNo,Inventory,RecordedOnly,0,EqualWeight_Unscored,,8520,True,True,Medium Intensity Lab,6
MI-003,MI-003,SRV-CTE,CTE,CTE,SPT-MEDIUM-INTENSITY-LAB-C658FD,CAT-MEDIUM-INTENSITY-FUNCTION-9418F3,SUB-MEDIUM-INTEN-FUNCTION-ADJACENCY-AND-ACCE-B57B16,MS+HS,MS+HS,,Is the space located on the ground floor?,,YesNo,Inventory,RecordedOnly,0,EqualWeight_Unscored,,8530,True,True,Medium Intensity Lab,10
MI-004,MI-004,SRV-CTE,CTE,CTE,SPT-MEDIUM-INTENSITY-LAB-C658FD,CAT-MEDIUM-INTENSITY-FUNCTION-9418F3,SUB-MEDIUM-INTEN-FUNCTION-ADJACENCY-AND-ACCE-B57B16,MS+HS,MS+HS,,Does the space have close proximity to a CTE Studio to support concurrent use?,,SingleSelect,Evaluation,SingleResponse,12,EqualWeight,,8540,True,True,Medium Intensity Lab,14
MI-005,MI-005,SRV-CTE,CTE,CTE,SPT-MEDIUM-INTENSITY-LAB-C658FD,CAT-MEDIUM-INTENSITY-INFRASTRUCTURE-3FFB3F,SUB-MEDIUM-INTEN-INFRASTRUC-UTILITIES-AND-TECH-B29872,MS+HS,MS+HS,,Select all that apply (lighting),,MultiSelect,Evaluation,MixedItemScoring,12,EqualWeight,,8550,True,True,Medium Intensity Lab,19
MI-006,MI-006,SRV-CTE,CTE,CTE,SPT-MEDIUM-INTENSITY-LAB-C658FD,CAT-MEDIUM-INTENSITY-OCCUPANT-EXPERIENC-062FA6,SUB-MEDIUM-INTEN-OCCUPANT-E-AESTHETICS-F188D9,MS+HS,MS+HS,,Which of the following describes the condition of the wall finishes?,,SingleSelect,Evaluation,SingleResponse,12,EqualWeight,,8560,True,True,Medium Intensity Lab,23
MI-007,MI-007,SRV-CTE,CTE,CTE,SPT-MEDIUM-INTENSITY-LAB-C658FD,CAT-MEDIUM-INTENSITY-OCCUPANT-EXPERIENC-062FA6,SUB-MEDIUM-INTEN-OCCUPANT-E-OCCUPANT-COMFORT-4EFAD6,MS+HS,MS+HS,,Are there exterior windows?,,YesNo,Evaluation,SingleResponse,12,EqualWeight,,8570,True,True,Medium Intensity Lab,28
MI-008,MI-008,SRV-CTE,CTE,CTE,SPT-MEDIUM-INTENSITY-LAB-C658FD,CAT-MEDIUM-INTENSITY-OCCUPANT-EXPERIENC-062FA6,SUB-MEDIUM-INTEN-OCCUPANT-E-OCCUPANT-COMFORT-4EFAD6,MS+HS,MS+HS,,"Is daylight accessible through another means (e.g., an interior window shared with a space that has exterior windows)?",,SingleSelect,Evaluation,SingleResponse,12,EqualWeight,"MI-007 = ""No""",8580,True,True,Medium Intensity Lab,32
MI-009,MI-009,SRV-CTE,CTE,CTE,SPT-MEDIUM-INTENSITY-LAB-C658FD,CAT-MEDIUM-INTENSITY-OCCUPANT-EXPERIENC-062FA6,SUB-MEDIUM-INTEN-OCCUPANT-E-OCCUPANT-COMFORT-4EFAD6,MS+HS,MS+HS,,Select all that apply (exterior windows),,MultiSelect,Evaluation,MixedItemScoring,12,EqualWeight,"MI-007 = ""Yes""",8590,True,True,Medium Intensity Lab,37
MI-010,MI-010,SRV-CTE,CTE,CTE,SPT-MEDIUM-INTENSITY-LAB-C658FD,CAT-MEDIUM-INTENSITY-OCCUPANT-EXPERIENC-062FA6,SUB-MEDIUM-INTEN-OCCUPANT-E-OCCUPANT-COMFORT-4EFAD6,MS+HS,MS+HS,,What window coverings are provided on exterior windows?,,SingleSelect,Evaluation,SingleResponse,12,EqualWeight,"MI-007 = ""Yes""",8600,True,True,Medium Intensity Lab,41
MI-011,MI-011,SRV-CTE,CTE,CTE,SPT-MEDIUM-INTENSITY-LAB-C658FD,CAT-MEDIUM-INTENSITY-OCCUPANT-EXPERIENC-062FA6,SUB-MEDIUM-INTEN-OCCUPANT-E-SAFETY-AND-SUPERVI-D9B0BB,MS+HS,MS+HS,,What type of visibility is provided into the space from adjacent interior spaces or circulation?,,MultiSelect,Evaluation,MixedItemScoring,12,EqualWeight,,8610,True,True,Medium Intensity Lab,47
MI-012,MI-012,SRV-CTE,CTE,CTE,SPT-MEDIUM-INTENSITY-LAB-C658FD,CAT-MEDIUM-INTENSITY-OCCUPANT-EXPERIENC-062FA6,SUB-MEDIUM-INTEN-OCCUPANT-E-SAFETY-AND-SUPERVI-D9B0BB,MS+HS,MS+HS,,How much of the wall facing the adjacent interior space or circulation is made up of interior window?,,SingleSelect,Inventory,RecordedOnly,0,EqualWeight_Unscored,"MI-011 includes ""Full-height interior window"" or ""Half-height interior window""",8620,True,True,Medium Intensity Lab,53
MI-013,MI-013,SRV-CTE,CTE,CTE,SPT-MEDIUM-INTENSITY-LAB-C658FD,CAT-MEDIUM-INTENSITY-OCCUPANT-EXPERIENC-062FA6,SUB-MEDIUM-INTEN-OCCUPANT-E-SAFETY-AND-SUPERVI-D9B0BB,MS+HS,MS+HS,,Select all that apply (safety),,MultiSelect,Evaluation,MixedItemScoring,12,EqualWeight,,8630,True,True,Medium Intensity Lab,57
MI-014,MI-014,SRV-CTE,CTE,CTE,SPT-MEDIUM-INTENSITY-LAB-C658FD,CAT-MEDIUM-INTENSITY-AMENITIES-3BF5F7,SUB-MEDIUM-INTEN-AMENITIES-DISPLAY-AND-PRESEN-B1E6FE,MS+HS,MS+HS,,"How much writable surface (e.g., markerboard) is provided, excluding glass? Include both fixed and mobile writable surfaces in your count.",,SingleSelect,Evaluation,SingleResponse,12,EqualWeight,,8640,True,True,Medium Intensity Lab,63
MI-015,MI-015,SRV-CTE,CTE,CTE,SPT-MEDIUM-INTENSITY-LAB-C658FD,CAT-MEDIUM-INTENSITY-AMENITIES-3BF5F7,SUB-MEDIUM-INTEN-AMENITIES-DISPLAY-AND-PRESEN-B1E6FE,MS+HS,MS+HS,,Which built-in systems for displaying student work are provided?,,MultiSelect,Inventory,RecordedOnly,0,EqualWeight_Unscored,,8650,True,True,Medium Intensity Lab,71
MI-016,MI-016,SRV-CTE,CTE,CTE,SPT-MEDIUM-INTENSITY-LAB-C658FD,CAT-MEDIUM-INTENSITY-AMENITIES-3BF5F7,SUB-MEDIUM-INTEN-AMENITIES-DISPLAY-AND-PRESEN-B1E6FE,MS+HS,MS+HS,,How much tackboard/tackwall/tackstrip is provided? Include both fixed and mobile surfaces.,,SingleSelect,Evaluation,SingleResponse,12,EqualWeight,,8660,True,True,Medium Intensity Lab,77
MI-017,MI-017,SRV-CTE,CTE,CTE,SPT-MEDIUM-INTENSITY-LAB-C658FD,CAT-MEDIUM-INTENSITY-INFRASTRUCTURE-3FFB3F,SUB-MEDIUM-INTEN-INFRASTRUC-UTILITIES-AND-TECH-B29872,MS+HS,MS+HS,,How many ceiling-hung outlets are provided?,,SingleSelect,Evaluation,SingleResponse,12,EqualWeight,,8670,True,True,Medium Intensity Lab,83
MI-018,MI-018,SRV-CTE,CTE,CTE,SPT-MEDIUM-INTENSITY-LAB-C658FD,CAT-MEDIUM-INTENSITY-INFRASTRUCTURE-3FFB3F,SUB-MEDIUM-INTEN-INFRASTRUC-UTILITIES-AND-TECH-B29872,MS+HS,MS+HS,,Are there any visible workarounds accommodating a lack of power outlets?,,YesNo,Evaluation,SingleResponse,12,EqualWeight,,8680,True,True,Medium Intensity Lab,90
MI-019,MI-019,SRV-CTE,CTE,CTE,SPT-MEDIUM-INTENSITY-LAB-C658FD,CAT-MEDIUM-INTENSITY-OCCUPANT-EXPERIENC-062FA6,SUB-MEDIUM-INTEN-OCCUPANT-E-CIRCULATION-AND-EG-3A8C0A,MS+HS,MS+HS,,Select all that apply (doors),,MultiSelect,Evaluation,MixedItemScoring,12,EqualWeight,,8690,True,True,Medium Intensity Lab,94
MI-020,MI-020,SRV-CTE,CTE,CTE,SPT-MEDIUM-INTENSITY-LAB-C658FD,CAT-MEDIUM-INTENSITY-INFRASTRUCTURE-3FFB3F,SUB-MEDIUM-INTEN-INFRASTRUC-UTILITIES-AND-TECH-B29872,MS+HS,MS+HS,,Select all that apply (plumbing),,MultiSelect,Evaluation,MixedItemScoring,12,EqualWeight,,8700,True,True,Medium Intensity Lab,99
MI-021,MI-021,SRV-CTE,CTE,CTE,SPT-MEDIUM-INTENSITY-LAB-C658FD,CAT-MEDIUM-INTENSITY-INFRASTRUCTURE-3FFB3F,SUB-MEDIUM-INTEN-INFRASTRUC-UTILITIES-AND-TECH-B29872,MS+HS,MS+HS,,"Are there exhaust fans present, and if so, have they been retrofitted?",,SingleSelect,Evaluation,SingleResponse,12,EqualWeight,,8710,True,True,Medium Intensity Lab,107
MI-022,MI-022,SRV-CTE,CTE,CTE,SPT-MEDIUM-INTENSITY-LAB-C658FD,CAT-MEDIUM-INTENSITY-AMENITIES-3BF5F7,SUB-MEDIUM-INTEN-AMENITIES-FURNITURE-AND-EQUI-AA1EDF,MS+HS,MS+HS,,Select all that are present (furniture),,MultiSelect,Inventory,RecordedOnly,0,EqualWeight_Unscored,,8720,True,True,Medium Intensity Lab,112
MI-023,MI-023,SRV-CTE,CTE,CTE,SPT-MEDIUM-INTENSITY-LAB-C658FD,CAT-MEDIUM-INTENSITY-AMENITIES-3BF5F7,SUB-MEDIUM-INTEN-AMENITIES-FURNITURE-AND-EQUI-AA1EDF,MS+HS,MS+HS,,How easily can the furniture be rearranged?,,SingleSelect,Evaluation,SingleResponse,12,EqualWeight,,8730,True,True,Medium Intensity Lab,124
MI-024,MI-024,SRV-CTE,CTE,CTE,SPT-MEDIUM-INTENSITY-LAB-C658FD,CAT-MEDIUM-INTENSITY-AMENITIES-3BF5F7,SUB-MEDIUM-INTEN-AMENITIES-FURNITURE-AND-EQUI-AA1EDF,MS+HS,MS+HS,,What is the condition of the furniture?,,SingleSelect,Evaluation,SingleResponse,12,EqualWeight,,8740,True,True,Medium Intensity Lab,128
MI-025,MI-025,SRV-CTE,CTE,CTE,SPT-MEDIUM-INTENSITY-LAB-C658FD,CAT-MEDIUM-INTENSITY-INFRASTRUCTURE-3FFB3F,SUB-MEDIUM-INTEN-INFRASTRUC-FLOORING-AND-SURFA-60E314,MS+HS,MS+HS,,What type of flooring is in the space?,,SingleSelect,Evaluation,SingleResponse,12,EqualWeight,,8750,True,True,Medium Intensity Lab,132
MI-026,MI-026,SRV-CTE,CTE,CTE,SPT-MEDIUM-INTENSITY-LAB-C658FD,CAT-MEDIUM-INTENSITY-FUNCTION-9418F3,SUB-MEDIUM-INTEN-FUNCTION-ADJACENCY-AND-ACCE-B57B16,MS+HS,MS+HS,,What access does the space have to the exterior?,,SingleSelect,Evaluation,SingleResponse,12,EqualWeight,,8760,True,True,Medium Intensity Lab,139
MI-027,MI-027,SRV-CTE,CTE,CTE,SPT-MEDIUM-INTENSITY-LAB-C658FD,CAT-MEDIUM-INTENSITY-FUNCTION-9418F3,SUB-MEDIUM-INTEN-FUNCTION-ADJACENCY-AND-ACCE-B57B16,MS+HS,MS+HS,,"Is the lab located near an outdoor work space, if needed for the specific program?",,SingleSelect,Evaluation,SingleResponse,12,EqualWeight,,8770,True,True,Medium Intensity Lab,144
MI-028,MI-028,SRV-CTE,CTE,CTE,SPT-MEDIUM-INTENSITY-LAB-C658FD,CAT-MEDIUM-INTENSITY-INFRASTRUCTURE-3FFB3F,SUB-MEDIUM-INTEN-INFRASTRUC-UTILITIES-AND-TECH-B29872,MS+HS,MS+HS,,Select all that apply (general inventory),,MultiSelect,Inventory,RecordedOnly,0,EqualWeight_Unscored,,8780,True,True,Medium Intensity Lab,149
MI-029,MI-029,SRV-CTE,CTE,CTE,SPT-MEDIUM-INTENSITY-LAB-C658FD,CAT-MEDIUM-INTENSITY-OBSERVATIONAL-6EFFAA,SUB-MEDIUM-INTEN-OBSERVATIO-OBSERVATIONAL-363582,HS,HS,,Can the environment support authentic and applied learning experiences? (check all that apply),,MultiSelect,Observational,RecordedOnly,0,EqualWeight_Unscored,,8790,True,True,Medium Intensity Lab,153
MI-030,MI-030,SRV-CTE,CTE,CTE,SPT-MEDIUM-INTENSITY-LAB-C658FD,CAT-MEDIUM-INTENSITY-OBSERVATIONAL-6EFFAA,SUB-MEDIUM-INTEN-OBSERVATIO-OBSERVATIONAL-363582,MS,MS,,Can the environment support authentic and applied learning experiences? (check all that apply),,MultiSelect,Observational,RecordedOnly,0,EqualWeight_Unscored,,8800,True,True,Medium Intensity Lab,159
MI-031,MI-031,SRV-CTE,CTE,CTE,SPT-MEDIUM-INTENSITY-LAB-C658FD,CAT-MEDIUM-INTENSITY-OBSERVATIONAL-6EFFAA,SUB-MEDIUM-INTEN-OBSERVATIO-OBSERVATIONAL-363582,MS+HS,MS+HS,,"Can the medium intensity lab function as a flexible environment for multiple CTE programs (e.g., A/V Technology, Computer Repair, Robotics, Drones, Culinary Arts Simulation, Veterinary Simulation)? (check all that apply)",,MultiSelect,Observational,RecordedOnly,0,EqualWeight_Unscored,,8810,True,True,Medium Intensity Lab,165
HI-002,HI-002,SRV-CTE,CTE,CTE,SPT-HIGH-INTENSITY-LAB-BF5D1A,CAT-HIGH-INTENSITY-L-INFRASTRUCTURE-46C429,SUB-HIGH-INTENSI-INFRASTRUC-FLOORING-AND-SURFA-EE708F,HS,HS,,Select all that apply (space configuration),,MultiSelect,Evaluation,MixedItemScoring,12,EqualWeight,,8820,True,True,High Intensity Lab,6
HI-003,HI-003,SRV-CTE,CTE,CTE,SPT-HIGH-INTENSITY-LAB-BF5D1A,CAT-HIGH-INTENSITY-L-FUNCTION-62E92E,SUB-HIGH-INTENSI-FUNCTION-ADJACENCY-AND-ACCE-5A19A7,HS,HS,,Is the space located on the ground floor?,,YesNo,Evaluation,SingleResponse,12,EqualWeight,,8830,True,True,High Intensity Lab,10
HI-004,HI-004,SRV-CTE,CTE,CTE,SPT-HIGH-INTENSITY-LAB-BF5D1A,CAT-HIGH-INTENSITY-L-OCCUPANT-EXPERIENC-4BD768,SUB-HIGH-INTENSI-OCCUPANT-E-SAFETY-AND-SUPERVI-EE26CC,HS,HS,,Is there a safety vestibule that controls access to the space from circulation space?,,SingleSelect,Evaluation,SingleResponse,12,EqualWeight,,8840,True,True,High Intensity Lab,14
HI-005,HI-005,SRV-CTE,CTE,CTE,SPT-HIGH-INTENSITY-LAB-BF5D1A,CAT-HIGH-INTENSITY-L-FUNCTION-62E92E,SUB-HIGH-INTENSI-FUNCTION-ADJACENCY-AND-ACCE-5A19A7,HS,HS,,How is the lab's loading area configured?,,SingleSelect,Evaluation,SingleResponse,12,EqualWeight,,8850,True,True,High Intensity Lab,19
HI-006,HI-006,SRV-CTE,CTE,CTE,SPT-HIGH-INTENSITY-LAB-BF5D1A,CAT-HIGH-INTENSITY-L-FUNCTION-62E92E,SUB-HIGH-INTENSI-FUNCTION-ADJACENCY-AND-ACCE-5A19A7,HS,HS,,Is the lab close to a CTE Studio or equipped to support concurrent studio use?,,SingleSelect,Evaluation,SingleResponse,12,EqualWeight,,8860,True,True,High Intensity Lab,25
HI-007,HI-007,SRV-CTE,CTE,CTE,SPT-HIGH-INTENSITY-LAB-BF5D1A,CAT-HIGH-INTENSITY-L-INFRASTRUCTURE-46C429,SUB-HIGH-INTENSI-INFRASTRUC-UTILITIES-AND-TECH-D8D46D,HS,HS,,Select all that apply (lighting),,MultiSelect,Evaluation,MixedItemScoring,12,EqualWeight,,8870,True,True,High Intensity Lab,30
HI-008,HI-008,SRV-CTE,CTE,CTE,SPT-HIGH-INTENSITY-LAB-BF5D1A,CAT-HIGH-INTENSITY-L-OCCUPANT-EXPERIENC-4BD768,SUB-HIGH-INTENSI-OCCUPANT-E-AESTHETICS-5923C3,HS,HS,,Which of the following describes the condition of the wall finishes?,,SingleSelect,Evaluation,SingleResponse,12,EqualWeight,,8880,True,True,High Intensity Lab,34
HI-009,HI-009,SRV-CTE,CTE,CTE,SPT-HIGH-INTENSITY-LAB-BF5D1A,CAT-HIGH-INTENSITY-L-FUNCTION-62E92E,SUB-HIGH-INTENSI-FUNCTION-ADJACENCY-AND-ACCE-5A19A7,HS,HS,,What access does the space have to the exterior?,,SingleSelect,Evaluation,SingleResponse,12,EqualWeight,,8890,True,True,High Intensity Lab,39
HI-010,HI-010,SRV-CTE,CTE,CTE,SPT-HIGH-INTENSITY-LAB-BF5D1A,CAT-HIGH-INTENSITY-L-FUNCTION-62E92E,SUB-HIGH-INTENSI-FUNCTION-ADJACENCY-AND-ACCE-5A19A7,HS,HS,,Does the lab have direct access to outdoor work spaces?,,YesNo,Evaluation,SingleResponse,12,EqualWeight,,8900,True,True,High Intensity Lab,44
HI-011,HI-011,SRV-CTE,CTE,CTE,SPT-HIGH-INTENSITY-LAB-BF5D1A,CAT-HIGH-INTENSITY-L-FUNCTION-62E92E,SUB-HIGH-INTENSI-FUNCTION-ADJACENCY-AND-ACCE-5A19A7,HS,HS,,Does the lab have direct access to support spaces?,,YesNo,Evaluation,SingleResponse,12,EqualWeight,,8910,True,True,High Intensity Lab,48
HI-012,HI-012,SRV-CTE,CTE,CTE,SPT-HIGH-INTENSITY-LAB-BF5D1A,CAT-HIGH-INTENSITY-L-OCCUPANT-EXPERIENC-4BD768,SUB-HIGH-INTENSI-OCCUPANT-E-OCCUPANT-COMFORT-D1B70D,HS,HS,,Are there exterior windows?,,YesNo,Evaluation,SingleResponse,12,EqualWeight,,8920,True,True,High Intensity Lab,52
HI-013,HI-013,SRV-CTE,CTE,CTE,SPT-HIGH-INTENSITY-LAB-BF5D1A,CAT-HIGH-INTENSITY-L-OCCUPANT-EXPERIENC-4BD768,SUB-HIGH-INTENSI-OCCUPANT-E-OCCUPANT-COMFORT-D1B70D,HS,HS,,"Is daylight accessible through another means (e.g., an interior window shared with a space that has exterior windows)?",,SingleSelect,Evaluation,SingleResponse,12,EqualWeight,"HI-012 = ""No""",8930,True,True,High Intensity Lab,56
HI-014,HI-014,SRV-CTE,CTE,CTE,SPT-HIGH-INTENSITY-LAB-BF5D1A,CAT-HIGH-INTENSITY-L-OCCUPANT-EXPERIENC-4BD768,SUB-HIGH-INTENSI-OCCUPANT-E-OCCUPANT-COMFORT-D1B70D,HS,HS,,Select all that apply (exterior windows),,MultiSelect,Evaluation,MixedItemScoring,12,EqualWeight,"HI-012 = ""Yes""",8940,True,True,High Intensity Lab,61
HI-015,HI-015,SRV-CTE,CTE,CTE,SPT-HIGH-INTENSITY-LAB-BF5D1A,CAT-HIGH-INTENSITY-L-OCCUPANT-EXPERIENC-4BD768,SUB-HIGH-INTENSI-OCCUPANT-E-OCCUPANT-COMFORT-D1B70D,HS,HS,,What window coverings are provided on exterior windows?,,SingleSelect,Evaluation,SingleResponse,12,EqualWeight,"HI-012 = ""Yes""",8950,True,True,High Intensity Lab,65
HI-016,HI-016,SRV-CTE,CTE,CTE,SPT-HIGH-INTENSITY-LAB-BF5D1A,CAT-HIGH-INTENSITY-L-OCCUPANT-EXPERIENC-4BD768,SUB-HIGH-INTENSI-OCCUPANT-E-SAFETY-AND-SUPERVI-EE26CC,HS,HS,,What type of visibility is provided into the space from adjacent interior spaces or circulation?,,MultiSelect,Evaluation,MixedItemScoring,12,EqualWeight,,8960,True,True,High Intensity Lab,71
HI-017,HI-017,SRV-CTE,CTE,CTE,SPT-HIGH-INTENSITY-LAB-BF5D1A,CAT-HIGH-INTENSITY-L-OCCUPANT-EXPERIENC-4BD768,SUB-HIGH-INTENSI-OCCUPANT-E-SAFETY-AND-SUPERVI-EE26CC,HS,HS,,How much of the wall facing the adjacent interior space or circulation is made up of interior window?,,SingleSelect,Inventory,RecordedOnly,0,EqualWeight_Unscored,"HI-016 includes ""Full-height interior window"" or ""Half-height interior window""",8970,True,True,High Intensity Lab,77
HI-018,HI-018,SRV-CTE,CTE,CTE,SPT-HIGH-INTENSITY-LAB-BF5D1A,CAT-HIGH-INTENSITY-L-OCCUPANT-EXPERIENC-4BD768,SUB-HIGH-INTENSI-OCCUPANT-E-SAFETY-AND-SUPERVI-EE26CC,HS,HS,,Select all that apply (safety),,MultiSelect,Evaluation,MixedItemScoring,12,EqualWeight,,8980,True,True,High Intensity Lab,81
HI-019,HI-019,SRV-CTE,CTE,CTE,SPT-HIGH-INTENSITY-LAB-BF5D1A,CAT-HIGH-INTENSITY-L-AMENITIES-155229,SUB-HIGH-INTENSI-AMENITIES-DISPLAY-AND-PRESEN-1E92D3,HS,HS,,"How much writable surface (e.g., markerboard) is provided, excluding glass? Include both fixed and mobile writable surfaces in your count.",,SingleSelect,Evaluation,SingleResponse,12,EqualWeight,,8990,True,True,High Intensity Lab,87
HI-020,HI-020,SRV-CTE,CTE,CTE,SPT-HIGH-INTENSITY-LAB-BF5D1A,CAT-HIGH-INTENSITY-L-AMENITIES-155229,SUB-HIGH-INTENSI-AMENITIES-DISPLAY-AND-PRESEN-1E92D3,HS,HS,,Which built-in systems for displaying student work are provided?,,MultiSelect,Inventory,RecordedOnly,0,EqualWeight_Unscored,,9000,True,True,High Intensity Lab,95
HI-021,HI-021,SRV-CTE,CTE,CTE,SPT-HIGH-INTENSITY-LAB-BF5D1A,CAT-HIGH-INTENSITY-L-AMENITIES-155229,SUB-HIGH-INTENSI-AMENITIES-DISPLAY-AND-PRESEN-1E92D3,HS,HS,,How much tackboard/tackwall/tackstrip is provided? Include both fixed and mobile surfaces.,,SingleSelect,Evaluation,SingleResponse,12,EqualWeight,,9010,True,True,High Intensity Lab,101
HI-022,HI-022,SRV-CTE,CTE,CTE,SPT-HIGH-INTENSITY-LAB-BF5D1A,CAT-HIGH-INTENSITY-L-INFRASTRUCTURE-46C429,SUB-HIGH-INTENSI-INFRASTRUC-UTILITIES-AND-TECH-D8D46D,HS,HS,,How many ceiling-hung outlets are provided?,,SingleSelect,Evaluation,SingleResponse,12,EqualWeight,,9020,True,True,High Intensity Lab,107
HI-023,HI-023,SRV-CTE,CTE,CTE,SPT-HIGH-INTENSITY-LAB-BF5D1A,CAT-HIGH-INTENSITY-L-INFRASTRUCTURE-46C429,SUB-HIGH-INTENSI-INFRASTRUC-UTILITIES-AND-TECH-D8D46D,HS,HS,,Are there any visible workarounds accommodating a lack of power outlets?,,YesNo,Evaluation,SingleResponse,12,EqualWeight,,9030,True,True,High Intensity Lab,114
HI-024,HI-024,SRV-CTE,CTE,CTE,SPT-HIGH-INTENSITY-LAB-BF5D1A,CAT-HIGH-INTENSITY-L-OCCUPANT-EXPERIENC-4BD768,SUB-HIGH-INTENSI-OCCUPANT-E-CIRCULATION-AND-EG-139252,HS,HS,,Select all that apply (doors),,MultiSelect,Evaluation,MixedItemScoring,12,EqualWeight,,9040,True,True,High Intensity Lab,118
HI-025,HI-025,SRV-CTE,CTE,CTE,SPT-HIGH-INTENSITY-LAB-BF5D1A,CAT-HIGH-INTENSITY-L-INFRASTRUCTURE-46C429,SUB-HIGH-INTENSI-INFRASTRUC-UTILITIES-AND-TECH-D8D46D,HS,HS,,Select all that apply (plumbing),,MultiSelect,Evaluation,MixedItemScoring,12,EqualWeight,,9050,True,True,High Intensity Lab,124
HI-026,HI-026,SRV-CTE,CTE,CTE,SPT-HIGH-INTENSITY-LAB-BF5D1A,CAT-HIGH-INTENSITY-L-INFRASTRUCTURE-46C429,SUB-HIGH-INTENSI-INFRASTRUC-UTILITIES-AND-TECH-D8D46D,HS,HS,,Select all that apply (specialized shop systems),,MultiSelect,Evaluation,MixedItemScoring,12,EqualWeight,,9060,True,True,High Intensity Lab,133
HI-027,HI-027,SRV-CTE,CTE,CTE,SPT-HIGH-INTENSITY-LAB-BF5D1A,CAT-HIGH-INTENSITY-L-INFRASTRUCTURE-46C429,SUB-HIGH-INTENSI-INFRASTRUC-UTILITIES-AND-TECH-D8D46D,HS,HS,,"Are there exhaust fans present, and if so, have they been retrofitted?",,SingleSelect,Evaluation,SingleResponse,12,EqualWeight,,9070,True,True,High Intensity Lab,138
HI-028,HI-028,SRV-CTE,CTE,CTE,SPT-HIGH-INTENSITY-LAB-BF5D1A,CAT-HIGH-INTENSITY-L-AMENITIES-155229,SUB-HIGH-INTENSI-AMENITIES-FURNITURE-AND-EQUI-5D0482,HS,HS,,Select all that are present (furniture),,MultiSelect,Inventory,RecordedOnly,0,EqualWeight_Unscored,,9080,True,True,High Intensity Lab,143
HI-029,HI-029,SRV-CTE,CTE,CTE,SPT-HIGH-INTENSITY-LAB-BF5D1A,CAT-HIGH-INTENSITY-L-AMENITIES-155229,SUB-HIGH-INTENSI-AMENITIES-FURNITURE-AND-EQUI-5D0482,HS,HS,,How easily can the furniture be rearranged?,,SingleSelect,Evaluation,SingleResponse,12,EqualWeight,,9090,True,True,High Intensity Lab,152
HI-030,HI-030,SRV-CTE,CTE,CTE,SPT-HIGH-INTENSITY-LAB-BF5D1A,CAT-HIGH-INTENSITY-L-AMENITIES-155229,SUB-HIGH-INTENSI-AMENITIES-FURNITURE-AND-EQUI-5D0482,HS,HS,,What is the condition of the furniture?,,SingleSelect,Evaluation,SingleResponse,12,EqualWeight,,9100,True,True,High Intensity Lab,156
HI-031,HI-031,SRV-CTE,CTE,CTE,SPT-HIGH-INTENSITY-LAB-BF5D1A,CAT-HIGH-INTENSITY-L-INFRASTRUCTURE-46C429,SUB-HIGH-INTENSI-INFRASTRUC-FLOORING-AND-SURFA-EE708F,HS,HS,,What type of flooring is in the space?,,SingleSelect,Evaluation,SingleResponse,12,EqualWeight,,9110,True,True,High Intensity Lab,160
HI-032,HI-032,SRV-CTE,CTE,CTE,SPT-HIGH-INTENSITY-LAB-BF5D1A,CAT-HIGH-INTENSITY-L-FUNCTION-62E92E,SUB-HIGH-INTENSI-FUNCTION-ADJACENCY-AND-ACCE-5A19A7,HS,HS,,Select all that apply (entrance and access),,MultiSelect,Evaluation,MixedItemScoring,12,EqualWeight,,9120,True,True,High Intensity Lab,167
HI-033,HI-033,SRV-CTE,CTE,CTE,SPT-HIGH-INTENSITY-LAB-BF5D1A,CAT-HIGH-INTENSITY-L-FUNCTION-62E92E,SUB-HIGH-INTENSI-FUNCTION-ADJACENCY-AND-ACCE-5A19A7,HS,HS,,Can the lab be accessed for after-hours use while restricting access to the rest of campus?,"Restricted means non-lab areas of the school (e.g., academic corridors, studios) are locked off from public access",YesNo,Evaluation,SingleResponse,12,EqualWeight,,9130,True,True,High Intensity Lab,171
HI-034,HI-034,SRV-CTE,CTE,CTE,SPT-HIGH-INTENSITY-LAB-BF5D1A,CAT-HIGH-INTENSITY-L-FUNCTION-62E92E,SUB-HIGH-INTENSI-FUNCTION-ADJACENCY-AND-ACCE-5A19A7,HS,HS,,Select all that apply (restroom proximity),,MultiSelect,Evaluation,MixedItemScoring,12,EqualWeight,,9140,True,True,High Intensity Lab,175
HI-035,HI-035,SRV-CTE,CTE,CTE,SPT-HIGH-INTENSITY-LAB-BF5D1A,CAT-HIGH-INTENSITY-L-FUNCTION-62E92E,SUB-HIGH-INTENSI-FUNCTION-ADJACENCY-AND-ACCE-5A19A7,HS,HS,,"If the rest of the campus is locked down, are the restrooms identified above still accessible from the lab?",,YesNo,Evaluation,SingleResponse,12,EqualWeight,HI-034 = at least one item selected,9150,True,True,High Intensity Lab,180
HI-036,HI-036,SRV-CTE,CTE,CTE,SPT-HIGH-INTENSITY-LAB-BF5D1A,CAT-HIGH-INTENSITY-L-INFRASTRUCTURE-46C429,SUB-HIGH-INTENSI-INFRASTRUC-UTILITIES-AND-TECH-D8D46D,HS,HS,,Select all that apply (general inventory),,MultiSelect,Inventory,RecordedOnly,0,EqualWeight_Unscored,,9160,True,True,High Intensity Lab,184
HI-037,HI-037,SRV-CTE,CTE,CTE,SPT-HIGH-INTENSITY-LAB-BF5D1A,CAT-HIGH-INTENSITY-L-OBSERVATIONAL-8923C9,SUB-HIGH-INTENSI-OBSERVATIO-OBSERVATIONAL-BA7A88,HS,HS,,Can the environment support authentic and applied learning experiences? (check all that apply),,MultiSelect,Observational,RecordedOnly,0,EqualWeight_Unscored,,9170,True,True,High Intensity Lab,188
HI-038,HI-038,SRV-CTE,CTE,CTE,SPT-MEDIUM-INTENSITY-LAB-C658FD,CAT-MEDIUM-INTENSITY-OBSERVATIONAL-6EFFAA,SUB-MEDIUM-INTEN-OBSERVATIO-OBSERVATIONAL-363582,MS,MS,,Can the environment support authentic and applied learning experiences? (check all that apply),,MultiSelect,Observational,RecordedOnly,0,EqualWeight_Unscored,,9180,True,True,High Intensity Lab,194
HI-039,HI-039,SRV-CTE,CTE,CTE,SPT-HIGH-INTENSITY-LAB-BF5D1A,CAT-HIGH-INTENSITY-L-OBSERVATIONAL-8923C9,SUB-HIGH-INTENSI-OBSERVATIO-OBSERVATIONAL-BA7A88,HS,HS,,"Can the high intensity lab support the intended pathway(s) and authentic industry-relevant learning experiences (e.g., Automotive, Welding, Construction, Agriculture, Aviation, EMT, and similar programs)? (check all that apply)",,MultiSelect,Observational,RecordedOnly,0,EqualWeight_Unscored,,9190,True,True,High Intensity Lab,200
EA-002,EA-002,SRV-STUDIOS,Studios,Studios,SPT-ART-STUDIO-B083D5,CAT-ART-STUDIO-FUNCTION-C8A2B6,SUB-ART-STUDIO-FUNCTION-LAYOUT-AND-FLEXIBI-D03607,ES,ES,,Does the room shape allow for clear sightlines within the room and flexible room configuration options?,,YesNo,Evaluation,SingleResponse,12,EqualWeight,,9200,True,True,Visual Arts,6
EA-003,EA-003,SRV-STUDIOS,Studios,Studios,SPT-ART-STUDIO-B083D5,CAT-ART-STUDIO-INFRASTRUCTURE-5A750F,SUB-ART-STUDIO-INFRASTRUC-UTILITIES-AND-TECH-E10A9F,ES,ES,,Select all that apply (lighting),,MultiSelect,Evaluation,MixedItemScoring,12,EqualWeight,,9210,True,True,Visual Arts,10
EA-004,EA-004,SRV-STUDIOS,Studios,Studios,SPT-ART-STUDIO-B083D5,CAT-ART-STUDIO-FUNCTION-C8A2B6,SUB-ART-STUDIO-FUNCTION-ADJACENCY-AND-ACCE-35E041,ES,ES,,Select all that are present (spaces checklist),,MultiSelect,Evaluation,MixedItemScoring,12,EqualWeight,,9220,True,True,Visual Arts,14
EA-005,EA-005,SRV-STUDIOS,Studios,Studios,SPT-ART-STUDIO-B083D5,CAT-ART-STUDIO-OCCUPANT-EXPERIENC-AE3FC8,SUB-ART-STUDIO-OCCUPANT-E-AESTHETICS-5453DF,ES,ES,,Which of the following describes the condition of the wall finishes?,,SingleSelect,Evaluation,SingleResponse,12,EqualWeight,,9230,True,True,Visual Arts,18
EA-006,EA-006,SRV-STUDIOS,Studios,Studios,SPT-ART-STUDIO-B083D5,CAT-ART-STUDIO-OCCUPANT-EXPERIENC-AE3FC8,SUB-ART-STUDIO-OCCUPANT-E-OCCUPANT-COMFORT-B08CE2,ES,ES,,Are there exterior windows?,,YesNo,Evaluation,SingleResponse,12,EqualWeight,,9240,True,True,Visual Arts,23
EA-007,EA-007,SRV-STUDIOS,Studios,Studios,SPT-ART-STUDIO-B083D5,CAT-ART-STUDIO-OCCUPANT-EXPERIENC-AE3FC8,SUB-ART-STUDIO-OCCUPANT-E-OCCUPANT-COMFORT-B08CE2,ES,ES,,"Is daylight accessible through another means (e.g., an interior window shared with a space that has exterior windows)?",,SingleSelect,Evaluation,SingleResponse,12,EqualWeight,"EA-006 = ""No""",9250,True,True,Visual Arts,27
EA-008,EA-008,SRV-STUDIOS,Studios,Studios,SPT-ART-STUDIO-B083D5,CAT-ART-STUDIO-OCCUPANT-EXPERIENC-AE3FC8,SUB-ART-STUDIO-OCCUPANT-E-OCCUPANT-COMFORT-B08CE2,ES,ES,,Select all that apply (exterior windows),,MultiSelect,Evaluation,MixedItemScoring,12,EqualWeight,"EA-006 = ""Yes""",9260,True,True,Visual Arts,32
EA-009,EA-009,SRV-STUDIOS,Studios,Studios,SPT-ART-STUDIO-B083D5,CAT-ART-STUDIO-OCCUPANT-EXPERIENC-AE3FC8,SUB-ART-STUDIO-OCCUPANT-E-OCCUPANT-COMFORT-B08CE2,ES,ES,,What window coverings are provided on exterior windows?,,SingleSelect,Evaluation,SingleResponse,12,EqualWeight,"EA-006 = ""Yes""",9270,True,True,Visual Arts,36
EA-010,EA-010,SRV-STUDIOS,Studios,Studios,SPT-ART-STUDIO-B083D5,CAT-ART-STUDIO-AMENITIES-EB70EC,SUB-ART-STUDIO-AMENITIES-STORAGE-D7D072,ES,ES,,Select all that apply (storage),,MultiSelect,Inventory,RecordedOnly,0,EqualWeight_Unscored,,9280,True,True,Visual Arts,42
EA-011,EA-011,SRV-STUDIOS,Studios,Studios,SPT-ART-STUDIO-B083D5,CAT-ART-STUDIO-AMENITIES-EB70EC,SUB-ART-STUDIO-AMENITIES-STORAGE-D7D072,ES,ES,,How sufficient does the storage appear for the space's program needs?,,SingleSelect,Evaluation,SingleResponse,12,EqualWeight,,9290,True,True,Visual Arts,48
EA-012,EA-012,SRV-STUDIOS,Studios,Studios,SPT-ART-STUDIO-B083D5,CAT-ART-STUDIO-INFRASTRUCTURE-5A750F,SUB-ART-STUDIO-INFRASTRUC-FLOORING-AND-SURFA-C9DF72,ES,ES,,How much built-in casework is provided?,,SingleSelect,Evaluation,SingleResponse,12,EqualWeight,,9300,True,True,Visual Arts,53
EA-013,EA-013,SRV-STUDIOS,Studios,Studios,SPT-ART-STUDIO-B083D5,CAT-ART-STUDIO-INFRASTRUCTURE-5A750F,SUB-ART-STUDIO-INFRASTRUC-FLOORING-AND-SURFA-C9DF72,ES,ES,,How much countertop is provided? Include both fixed and mobile surfaces in your count.,,SingleSelect,Evaluation,SingleResponse,12,EqualWeight,,9310,True,True,Visual Arts,60
EA-014,EA-014,SRV-STUDIOS,Studios,Studios,SPT-ART-STUDIO-B083D5,CAT-ART-STUDIO-AMENITIES-EB70EC,SUB-ART-STUDIO-AMENITIES-DISPLAY-AND-PRESEN-6DEFD3,ES,ES,,"How much writable surface (e.g., markerboard) is provided, excluding glass? Include both fixed and mobile writable surfaces in your count.",,SingleSelect,Evaluation,SingleResponse,12,EqualWeight,,9320,True,True,Visual Arts,66
EA-015,EA-015,SRV-STUDIOS,Studios,Studios,SPT-ART-STUDIO-B083D5,CAT-ART-STUDIO-AMENITIES-EB70EC,SUB-ART-STUDIO-AMENITIES-DISPLAY-AND-PRESEN-6DEFD3,ES,ES,,Which built-in systems for displaying student work are provided?,,MultiSelect,Inventory,RecordedOnly,0,EqualWeight_Unscored,,9330,True,True,Visual Arts,73
EA-016,EA-016,SRV-STUDIOS,Studios,Studios,SPT-ART-STUDIO-B083D5,CAT-ART-STUDIO-AMENITIES-EB70EC,SUB-ART-STUDIO-AMENITIES-DISPLAY-AND-PRESEN-6DEFD3,ES,ES,,How much tackboard/tackwall/tackstrip is provided? Include both fixed and mobile surfaces.,,SingleSelect,Evaluation,SingleResponse,12,EqualWeight,,9340,True,True,Visual Arts,80
EA-017,EA-017,SRV-STUDIOS,Studios,Studios,SPT-ART-STUDIO-B083D5,CAT-ART-STUDIO-AMENITIES-EB70EC,SUB-ART-STUDIO-AMENITIES-DISPLAY-AND-PRESEN-6DEFD3,ES,ES,,How much display case is provided? Include both fixed and mobile surfaces.,,SingleSelect,Evaluation,SingleResponse,12,EqualWeight,,9350,True,True,Visual Arts,87
EA-018,EA-018,SRV-STUDIOS,Studios,Studios,SPT-ART-STUDIO-B083D5,CAT-ART-STUDIO-INFRASTRUCTURE-5A750F,SUB-ART-STUDIO-INFRASTRUC-UTILITIES-AND-TECH-E10A9F,ES,ES,,Are there any visible workarounds accommodating a lack of power outlets?,,YesNo,Evaluation,SingleResponse,12,EqualWeight,,9360,True,True,Visual Arts,93
EA-019,EA-019,SRV-STUDIOS,Studios,Studios,SPT-ART-STUDIO-B083D5,CAT-ART-STUDIO-OCCUPANT-EXPERIENC-AE3FC8,SUB-ART-STUDIO-OCCUPANT-E-OCCUPANT-COMFORT-B08CE2,ES,ES,,Select one (temperature control),,SingleSelect,Evaluation,SingleResponse,12,EqualWeight,,9370,True,True,Visual Arts,97
EA-020,EA-020,SRV-STUDIOS,Studios,Studios,SPT-ART-STUDIO-B083D5,CAT-ART-STUDIO-OCCUPANT-EXPERIENC-AE3FC8,SUB-ART-STUDIO-OCCUPANT-E-SAFETY-AND-SUPERVI-0FAF94,ES,ES,,What type of visibility is provided into the space from adjacent interior spaces or circulation?,,MultiSelect,Evaluation,MixedItemScoring,12,EqualWeight,,9380,True,True,Visual Arts,102
EA-021,EA-021,SRV-STUDIOS,Studios,Studios,SPT-ART-STUDIO-B083D5,CAT-ART-STUDIO-OCCUPANT-EXPERIENC-AE3FC8,SUB-ART-STUDIO-OCCUPANT-E-SAFETY-AND-SUPERVI-0FAF94,ES,ES,,How much of the wall facing the adjacent interior space or circulation is made up of interior window?,,SingleSelect,Inventory,RecordedOnly,0,EqualWeight_Unscored,"EA-020 includes ""Full-height interior window"" or ""Half-height interior window""",9390,True,True,Visual Arts,108
EA-022,EA-022,SRV-STUDIOS,Studios,Studios,SPT-ART-STUDIO-B083D5,CAT-ART-STUDIO-OCCUPANT-EXPERIENC-AE3FC8,SUB-ART-STUDIO-OCCUPANT-E-SAFETY-AND-SUPERVI-0FAF94,ES,ES,,Select all that apply (safety),,MultiSelect,Evaluation,MixedItemScoring,12,EqualWeight,,9400,True,True,Visual Arts,112
EA-023,EA-023,SRV-STUDIOS,Studios,Studios,SPT-ART-STUDIO-B083D5,CAT-ART-STUDIO-AMENITIES-EB70EC,SUB-ART-STUDIO-AMENITIES-FURNITURE-AND-EQUI-6B872A,ES,ES,,How easily can the furniture be rearranged?,,SingleSelect,Evaluation,SingleResponse,12,EqualWeight,,9410,True,True,Visual Arts,118
EA-024,EA-024,SRV-STUDIOS,Studios,Studios,SPT-ART-STUDIO-B083D5,CAT-ART-STUDIO-AMENITIES-EB70EC,SUB-ART-STUDIO-AMENITIES-FURNITURE-AND-EQUI-6B872A,ES,ES,,"How varied are the seating options for students (i.e., seating beyond standard hard chairs, such as soft or active seating)?",,SingleSelect,Evaluation,SingleResponse,12,EqualWeight,,9420,True,True,Visual Arts,122
EA-025,EA-025,SRV-STUDIOS,Studios,Studios,SPT-ART-STUDIO-B083D5,CAT-ART-STUDIO-AMENITIES-EB70EC,SUB-ART-STUDIO-AMENITIES-FURNITURE-AND-EQUI-6B872A,ES,ES,,Select all that are present (furniture),,MultiSelect,Inventory,RecordedOnly,0,EqualWeight_Unscored,,9430,True,True,Visual Arts,127
EA-026,EA-026,SRV-STUDIOS,Studios,Studios,SPT-ART-STUDIO-B083D5,CAT-ART-STUDIO-AMENITIES-EB70EC,SUB-ART-STUDIO-AMENITIES-FURNITURE-AND-EQUI-6B872A,ES,ES,,What is the condition of the furniture?,,SingleSelect,Evaluation,SingleResponse,12,EqualWeight,,9440,True,True,Visual Arts,139
EA-027,EA-027,SRV-STUDIOS,Studios,Studios,SPT-ART-STUDIO-B083D5,CAT-ART-STUDIO-INFRASTRUCTURE-5A750F,SUB-ART-STUDIO-INFRASTRUC-FLOORING-AND-SURFA-C9DF72,ES,ES,,What type of flooring is in the space?,,SingleSelect,Evaluation,SingleResponse,12,EqualWeight,,9450,True,True,Visual Arts,143
EA-028,EA-028,SRV-STUDIOS,Studios,Studios,SPT-ART-STUDIO-B083D5,CAT-ART-STUDIO-FUNCTION-C8A2B6,SUB-ART-STUDIO-FUNCTION-ADJACENCY-AND-ACCE-35E041,ES,ES,,What access does the space have to the exterior?,Supports outdoor learning opportunities,SingleSelect,Evaluation,SingleResponse,12,EqualWeight,,9460,True,True,Visual Arts,150
EA-029,EA-029,SRV-STUDIOS,Studios,Studios,SPT-ART-STUDIO-B083D5,CAT-ART-STUDIO-FUNCTION-C8A2B6,SUB-ART-STUDIO-FUNCTION-ADJACENCY-AND-ACCE-35E041,ES,ES,,Does the exterior door provide access to an art patio or outdoor work area?,,YesNo,Evaluation,SingleResponse,12,EqualWeight,,9470,True,True,Visual Arts,155
EA-030,EA-030,SRV-STUDIOS,Studios,Studios,SPT-ART-STUDIO-B083D5,CAT-ART-STUDIO-INFRASTRUCTURE-5A750F,SUB-ART-STUDIO-INFRASTRUC-UTILITIES-AND-TECH-E10A9F,ES,ES,,Select all that apply (plumbing),,MultiSelect,Inventory,RecordedOnly,0,EqualWeight_Unscored,,9480,True,True,Visual Arts,159
EA-031,EA-031,SRV-STUDIOS,Studios,Studios,SPT-ART-STUDIO-B083D5,CAT-ART-STUDIO-FUNCTION-C8A2B6,SUB-ART-STUDIO-FUNCTION-ADJACENCY-AND-ACCE-35E041,ES,ES,,Is the all-learner restroom directly accessible from the Art Studio?,,YesNo,Evaluation,SingleResponse,12,EqualWeight,,9490,True,True,Visual Arts,165
EA-032,EA-032,SRV-STUDIOS,Studios,Studios,SPT-ART-STUDIO-B083D5,CAT-ART-STUDIO-OBSERVATIONAL-9FA052,SUB-ART-STUDIO-OBSERVATIO-OBSERVATIONAL-6FC1BC,ALL,ALL,,"Can the visual arts environment support creation, critique, display, and portfolio development? (Check all that apply)",,MultiSelect,Observational,RecordedOnly,0,EqualWeight_Unscored,,9500,True,True,Visual Arts,169
TW-002,TW-002,SRV-STUDIOS,Studios,Studios,SPT-2D-ART-STUDIO-4FF189,CAT-2D-ART-STUDIO-FUNCTION-850ED6,SUB-2D-ART-STUDI-FUNCTION-LAYOUT-AND-FLEXIBI-DC1049,MS+HS,MS+HS,,Does the room shape allow for clear sightlines within the room and flexible room configuration options?,,YesNo,Evaluation,SingleResponse,12,EqualWeight,,9510,True,True,Visual Arts,179
TW-003,TW-003,SRV-STUDIOS,Studios,Studios,SPT-2D-ART-STUDIO-4FF189,CAT-2D-ART-STUDIO-INFRASTRUCTURE-3B402F,SUB-2D-ART-STUDI-INFRASTRUC-UTILITIES-AND-TECH-B2BC77,MS+HS,MS+HS,,Select all that apply (lighting),,MultiSelect,Evaluation,MixedItemScoring,12,EqualWeight,,9520,True,True,Visual Arts,183
TW-004,TW-004,SRV-STUDIOS,Studios,Studios,SPT-2D-ART-STUDIO-4FF189,CAT-2D-ART-STUDIO-OCCUPANT-EXPERIENC-9428DD,SUB-2D-ART-STUDI-OCCUPANT-E-AESTHETICS-578087,MS+HS,MS+HS,,Which of the following describes the condition of the wall finishes?,,SingleSelect,Evaluation,SingleResponse,12,EqualWeight,,9530,True,True,Visual Arts,187
TW-005,TW-005,SRV-STUDIOS,Studios,Studios,SPT-2D-ART-STUDIO-4FF189,CAT-2D-ART-STUDIO-OCCUPANT-EXPERIENC-9428DD,SUB-2D-ART-STUDI-OCCUPANT-E-OCCUPANT-COMFORT-323821,MS+HS,MS+HS,,Are there exterior windows?,,YesNo,Evaluation,SingleResponse,12,EqualWeight,,9540,True,True,Visual Arts,192
TW-006,TW-006,SRV-STUDIOS,Studios,Studios,SPT-2D-ART-STUDIO-4FF189,CAT-2D-ART-STUDIO-OCCUPANT-EXPERIENC-9428DD,SUB-2D-ART-STUDI-OCCUPANT-E-OCCUPANT-COMFORT-323821,MS+HS,MS+HS,,"Is daylight accessible through another means (e.g., an interior window shared with a space that has exterior windows)?",,SingleSelect,Evaluation,SingleResponse,12,EqualWeight,"TW-005 = ""No""",9550,True,True,Visual Arts,196
TW-007,TW-007,SRV-STUDIOS,Studios,Studios,SPT-2D-ART-STUDIO-4FF189,CAT-2D-ART-STUDIO-OCCUPANT-EXPERIENC-9428DD,SUB-2D-ART-STUDI-OCCUPANT-E-OCCUPANT-COMFORT-323821,MS+HS,MS+HS,,Select all that apply (exterior windows),,MultiSelect,Evaluation,MixedItemScoring,12,EqualWeight,"TW-005 = ""Yes""",9560,True,True,Visual Arts,201
TW-008,TW-008,SRV-STUDIOS,Studios,Studios,SPT-2D-ART-STUDIO-4FF189,CAT-2D-ART-STUDIO-OCCUPANT-EXPERIENC-9428DD,SUB-2D-ART-STUDI-OCCUPANT-E-OCCUPANT-COMFORT-323821,MS+HS,MS+HS,,What window coverings are provided on exterior windows?,,SingleSelect,Evaluation,SingleResponse,12,EqualWeight,"TW-005 = ""Yes""",9570,True,True,Visual Arts,205
TW-009,TW-009,SRV-STUDIOS,Studios,Studios,SPT-2D-ART-STUDIO-4FF189,CAT-2D-ART-STUDIO-AMENITIES-93B1AF,SUB-2D-ART-STUDI-AMENITIES-STORAGE-FD42F2,MS+HS,MS+HS,,Select all that apply (storage),,MultiSelect,Inventory,RecordedOnly,0,EqualWeight_Unscored,,9580,True,True,Visual Arts,211
TW-010,TW-010,SRV-STUDIOS,Studios,Studios,SPT-2D-ART-STUDIO-4FF189,CAT-2D-ART-STUDIO-AMENITIES-93B1AF,SUB-2D-ART-STUDI-AMENITIES-STORAGE-FD42F2,MS+HS,MS+HS,,How sufficient does the storage appear for the space's program needs?,,SingleSelect,Evaluation,SingleResponse,12,EqualWeight,,9590,True,True,Visual Arts,217
TW-011,TW-011,SRV-STUDIOS,Studios,Studios,SPT-2D-ART-STUDIO-4FF189,CAT-2D-ART-STUDIO-INFRASTRUCTURE-3B402F,SUB-2D-ART-STUDI-INFRASTRUC-FLOORING-AND-SURFA-4E2D62,MS+HS,MS+HS,,How much built-in casework is provided?,,SingleSelect,Evaluation,SingleResponse,12,EqualWeight,,9600,True,True,Visual Arts,222
TW-012,TW-012,SRV-STUDIOS,Studios,Studios,SPT-2D-ART-STUDIO-4FF189,CAT-2D-ART-STUDIO-INFRASTRUCTURE-3B402F,SUB-2D-ART-STUDI-INFRASTRUC-FLOORING-AND-SURFA-4E2D62,MS+HS,MS+HS,,How much countertop is provided? Include both fixed and mobile surfaces in your count.,,SingleSelect,Evaluation,SingleResponse,12,EqualWeight,,9610,True,True,Visual Arts,229
TW-013,TW-013,SRV-STUDIOS,Studios,Studios,SPT-2D-ART-STUDIO-4FF189,CAT-2D-ART-STUDIO-AMENITIES-93B1AF,SUB-2D-ART-STUDI-AMENITIES-DISPLAY-AND-PRESEN-B28A09,MS+HS,MS+HS,,"How much writable surface (e.g., markerboard) is provided, excluding glass? Include both fixed and mobile writable surfaces in your count.",,SingleSelect,Evaluation,SingleResponse,12,EqualWeight,,9620,True,True,Visual Arts,235
TW-014,TW-014,SRV-STUDIOS,Studios,Studios,SPT-2D-ART-STUDIO-4FF189,CAT-2D-ART-STUDIO-AMENITIES-93B1AF,SUB-2D-ART-STUDI-AMENITIES-DISPLAY-AND-PRESEN-B28A09,MS+HS,MS+HS,,Which built-in systems for displaying student work are provided?,,MultiSelect,Inventory,RecordedOnly,0,EqualWeight_Unscored,,9630,True,True,Visual Arts,242
TW-015,TW-015,SRV-STUDIOS,Studios,Studios,SPT-2D-ART-STUDIO-4FF189,CAT-2D-ART-STUDIO-AMENITIES-93B1AF,SUB-2D-ART-STUDI-AMENITIES-DISPLAY-AND-PRESEN-B28A09,MS+HS,MS+HS,,How much tackboard/tackwall/tackstrip is provided? Include both fixed and mobile surfaces.,,SingleSelect,Evaluation,SingleResponse,12,EqualWeight,,9640,True,True,Visual Arts,249
TW-016,TW-016,SRV-STUDIOS,Studios,Studios,SPT-2D-ART-STUDIO-4FF189,CAT-2D-ART-STUDIO-AMENITIES-93B1AF,SUB-2D-ART-STUDI-AMENITIES-DISPLAY-AND-PRESEN-B28A09,MS+HS,MS+HS,,How much display case is provided? Include both fixed and mobile surfaces.,,SingleSelect,Evaluation,SingleResponse,12,EqualWeight,,9650,True,True,Visual Arts,256
TW-017,TW-017,SRV-STUDIOS,Studios,Studios,SPT-2D-ART-STUDIO-4FF189,CAT-2D-ART-STUDIO-INFRASTRUCTURE-3B402F,SUB-2D-ART-STUDI-INFRASTRUC-UTILITIES-AND-TECH-B2BC77,MS+HS,MS+HS,,Are there any visible workarounds accommodating a lack of power outlets?,,YesNo,Evaluation,SingleResponse,12,EqualWeight,,9660,True,True,Visual Arts,262
TW-018,TW-018,SRV-STUDIOS,Studios,Studios,SPT-2D-ART-STUDIO-4FF189,CAT-2D-ART-STUDIO-OCCUPANT-EXPERIENC-9428DD,SUB-2D-ART-STUDI-OCCUPANT-E-OCCUPANT-COMFORT-323821,MS+HS,MS+HS,,Select one (temperature control),,SingleSelect,Evaluation,SingleResponse,12,EqualWeight,,9670,True,True,Visual Arts,266
TW-019,TW-019,SRV-STUDIOS,Studios,Studios,SPT-2D-ART-STUDIO-4FF189,CAT-2D-ART-STUDIO-OCCUPANT-EXPERIENC-9428DD,SUB-2D-ART-STUDI-OCCUPANT-E-SAFETY-AND-SUPERVI-E9AAFC,MS+HS,MS+HS,,What type of visibility is provided into the space from adjacent interior spaces or circulation?,,MultiSelect,Evaluation,MixedItemScoring,12,EqualWeight,,9680,True,True,Visual Arts,271
TW-020,TW-020,SRV-STUDIOS,Studios,Studios,SPT-2D-ART-STUDIO-4FF189,CAT-2D-ART-STUDIO-OCCUPANT-EXPERIENC-9428DD,SUB-2D-ART-STUDI-OCCUPANT-E-SAFETY-AND-SUPERVI-E9AAFC,MS+HS,MS+HS,,How much of the wall facing the adjacent interior space or circulation is made up of interior window?,,SingleSelect,Inventory,RecordedOnly,0,EqualWeight_Unscored,"TW-019 includes ""Full-height interior window"" or ""Half-height interior window""",9690,True,True,Visual Arts,277
TW-021,TW-021,SRV-STUDIOS,Studios,Studios,SPT-2D-ART-STUDIO-4FF189,CAT-2D-ART-STUDIO-OCCUPANT-EXPERIENC-9428DD,SUB-2D-ART-STUDI-OCCUPANT-E-SAFETY-AND-SUPERVI-E9AAFC,MS+HS,MS+HS,,Select all that apply (safety),,MultiSelect,Evaluation,MixedItemScoring,12,EqualWeight,,9700,True,True,Visual Arts,281
TW-022,TW-022,SRV-STUDIOS,Studios,Studios,SPT-2D-ART-STUDIO-4FF189,CAT-2D-ART-STUDIO-AMENITIES-93B1AF,SUB-2D-ART-STUDI-AMENITIES-FURNITURE-AND-EQUI-E623CD,MS+HS,MS+HS,,How easily can the furniture be rearranged?,,SingleSelect,Evaluation,SingleResponse,12,EqualWeight,,9710,True,True,Visual Arts,287
TW-023,TW-023,SRV-STUDIOS,Studios,Studios,SPT-2D-ART-STUDIO-4FF189,CAT-2D-ART-STUDIO-AMENITIES-93B1AF,SUB-2D-ART-STUDI-AMENITIES-FURNITURE-AND-EQUI-E623CD,MS+HS,MS+HS,,"How varied are the seating options for students (i.e., seating beyond standard hard chairs, such as soft or active seating)?",,SingleSelect,Evaluation,SingleResponse,12,EqualWeight,,9720,True,True,Visual Arts,291
TW-024,TW-024,SRV-STUDIOS,Studios,Studios,SPT-2D-ART-STUDIO-4FF189,CAT-2D-ART-STUDIO-AMENITIES-93B1AF,SUB-2D-ART-STUDI-AMENITIES-FURNITURE-AND-EQUI-E623CD,MS+HS,MS+HS,,Select all that are present (furniture),,MultiSelect,Inventory,RecordedOnly,0,EqualWeight_Unscored,,9730,True,True,Visual Arts,296
TW-025,TW-025,SRV-STUDIOS,Studios,Studios,SPT-2D-ART-STUDIO-4FF189,CAT-2D-ART-STUDIO-AMENITIES-93B1AF,SUB-2D-ART-STUDI-AMENITIES-FURNITURE-AND-EQUI-E623CD,MS+HS,MS+HS,,What is the condition of the furniture?,,SingleSelect,Evaluation,SingleResponse,12,EqualWeight,,9740,True,True,Visual Arts,308
TW-026,TW-026,SRV-STUDIOS,Studios,Studios,SPT-2D-ART-STUDIO-4FF189,CAT-2D-ART-STUDIO-INFRASTRUCTURE-3B402F,SUB-2D-ART-STUDI-INFRASTRUC-FLOORING-AND-SURFA-4E2D62,MS+HS,MS+HS,,What type of flooring is in the space?,,SingleSelect,Evaluation,SingleResponse,12,EqualWeight,,9750,True,True,Visual Arts,312
TW-027,TW-027,SRV-STUDIOS,Studios,Studios,SPT-2D-ART-STUDIO-4FF189,CAT-2D-ART-STUDIO-FUNCTION-850ED6,SUB-2D-ART-STUDI-FUNCTION-ADJACENCY-AND-ACCE-BAA069,MS+HS,MS+HS,,What access does the space have to the exterior?,Supports outdoor learning opportunities,SingleSelect,Evaluation,SingleResponse,12,EqualWeight,,9760,True,True,Visual Arts,320
TW-028,TW-028,SRV-STUDIOS,Studios,Studios,SPT-2D-ART-STUDIO-4FF189,CAT-2D-ART-STUDIO-FUNCTION-850ED6,SUB-2D-ART-STUDI-FUNCTION-ADJACENCY-AND-ACCE-BAA069,MS+HS,MS+HS,,Does the exterior door provide access to an art patio or outdoor work area?,,YesNo,Evaluation,SingleResponse,12,EqualWeight,,9770,True,True,Visual Arts,325
TW-029,TW-029,SRV-STUDIOS,Studios,Studios,SPT-2D-ART-STUDIO-4FF189,CAT-2D-ART-STUDIO-INFRASTRUCTURE-3B402F,SUB-2D-ART-STUDI-INFRASTRUC-UTILITIES-AND-TECH-B2BC77,MS+HS,MS+HS,,Select all that apply (plumbing),,MultiSelect,Inventory,RecordedOnly,0,EqualWeight_Unscored,,9780,True,True,Visual Arts,329
TW-030,TW-030,SRV-STUDIOS,Studios,Studios,SPT-2D-ART-STUDIO-4FF189,CAT-2D-ART-STUDIO-FUNCTION-850ED6,SUB-2D-ART-STUDI-FUNCTION-AVAILABILITY-64F6B6,MS+HS,MS+HS,,How many art gallery display areas are visible throughout the building?,"Dispersed exhibition/display areas for student artwork, not a dedicated room -- Ed Specs calls for four locations throughout the building",SingleSelect,Evaluation,SingleResponse,12,EqualWeight,,9790,True,True,Visual Arts,334
TW-031,TW-031,SRV-STUDIOS,Studios,Studios,SPT-2D-ART-STUDIO-4FF189,CAT-2D-ART-STUDIO-FUNCTION-850ED6,SUB-2D-ART-STUDI-FUNCTION-ADJACENCY-AND-ACCE-BAA069,MS+HS,MS+HS,,Does the space have direct access or close proximity to the Visual Arts Professional Learning Center?,,YesNo,Evaluation,SingleResponse,12,EqualWeight,,9800,True,True,Visual Arts,338
TW-032,TW-032,SRV-STUDIOS,Studios,Studios,SPT-2D-ART-STUDIO-4FF189,CAT-2D-ART-STUDIO-OBSERVATIONAL-07CE3F,SUB-2D-ART-STUDI-OBSERVATIO-OBSERVATIONAL-8BB9FC,ALL,ALL,,"Can the visual arts environment support creation, critique, display, and portfolio development? (Check all that apply)",,MultiSelect,Observational,RecordedOnly,0,EqualWeight_Unscored,,9810,True,True,Visual Arts,342
TH-002,TH-002,SRV-STUDIOS,Studios,Studios,SPT-3D-ART-STUDIO-41C678,CAT-3D-ART-STUDIO-FUNCTION-601C9A,SUB-3D-ART-STUDI-FUNCTION-LAYOUT-AND-FLEXIBI-71181F,MS+HS,MS+HS,,Does the room shape allow for clear sightlines within the room and flexible room configuration options?,,YesNo,Evaluation,SingleResponse,12,EqualWeight,,9820,True,True,Visual Arts,352
TH-003,TH-003,SRV-STUDIOS,Studios,Studios,SPT-3D-ART-STUDIO-41C678,CAT-3D-ART-STUDIO-INFRASTRUCTURE-8BE67F,SUB-3D-ART-STUDI-INFRASTRUC-UTILITIES-AND-TECH-C03ED0,MS+HS,MS+HS,,Select all that apply (lighting),,MultiSelect,Evaluation,MixedItemScoring,12,EqualWeight,,9830,True,True,Visual Arts,356
TH-004,TH-004,SRV-STUDIOS,Studios,Studios,SPT-3D-ART-STUDIO-41C678,CAT-3D-ART-STUDIO-FUNCTION-601C9A,SUB-3D-ART-STUDI-FUNCTION-ADJACENCY-AND-ACCE-554C2E,MS+HS,MS+HS,,Select all that are present (spaces checklist),,MultiSelect,Evaluation,MixedItemScoring,12,EqualWeight,,9840,True,True,Visual Arts,360
TH-005,TH-005,SRV-STUDIOS,Studios,Studios,SPT-3D-ART-STUDIO-41C678,CAT-3D-ART-STUDIO-OCCUPANT-EXPERIENC-D3D8F4,SUB-3D-ART-STUDI-OCCUPANT-E-AESTHETICS-EE5531,MS+HS,MS+HS,,Which of the following describes the condition of the wall finishes?,,SingleSelect,Evaluation,SingleResponse,12,EqualWeight,,9850,True,True,Visual Arts,364
TH-006,TH-006,SRV-STUDIOS,Studios,Studios,SPT-3D-ART-STUDIO-41C678,CAT-3D-ART-STUDIO-OCCUPANT-EXPERIENC-D3D8F4,SUB-3D-ART-STUDI-OCCUPANT-E-OCCUPANT-COMFORT-6A6DBC,MS+HS,MS+HS,,Are there exterior windows?,,YesNo,Evaluation,SingleResponse,12,EqualWeight,,9860,True,True,Visual Arts,369
TH-007,TH-007,SRV-STUDIOS,Studios,Studios,SPT-3D-ART-STUDIO-41C678,CAT-3D-ART-STUDIO-OCCUPANT-EXPERIENC-D3D8F4,SUB-3D-ART-STUDI-OCCUPANT-E-OCCUPANT-COMFORT-6A6DBC,MS+HS,MS+HS,,"Is daylight accessible through another means (e.g., an interior window shared with a space that has exterior windows)?",,SingleSelect,Evaluation,SingleResponse,12,EqualWeight,"TH-006 = ""No""",9870,True,True,Visual Arts,373
TH-008,TH-008,SRV-STUDIOS,Studios,Studios,SPT-3D-ART-STUDIO-41C678,CAT-3D-ART-STUDIO-OCCUPANT-EXPERIENC-D3D8F4,SUB-3D-ART-STUDI-OCCUPANT-E-OCCUPANT-COMFORT-6A6DBC,MS+HS,MS+HS,,Select all that apply (exterior windows),,MultiSelect,Evaluation,MixedItemScoring,12,EqualWeight,"TH-006 = ""Yes""",9880,True,True,Visual Arts,378
TH-009,TH-009,SRV-STUDIOS,Studios,Studios,SPT-3D-ART-STUDIO-41C678,CAT-3D-ART-STUDIO-OCCUPANT-EXPERIENC-D3D8F4,SUB-3D-ART-STUDI-OCCUPANT-E-OCCUPANT-COMFORT-6A6DBC,MS+HS,MS+HS,,What window coverings are provided on exterior windows?,,SingleSelect,Evaluation,SingleResponse,12,EqualWeight,"TH-006 = ""Yes""",9890,True,True,Visual Arts,382
TH-010,TH-010,SRV-STUDIOS,Studios,Studios,SPT-3D-ART-STUDIO-41C678,CAT-3D-ART-STUDIO-AMENITIES-CD31ED,SUB-3D-ART-STUDI-AMENITIES-STORAGE-CFFC90,MS+HS,MS+HS,,Select all that apply (storage),,MultiSelect,Inventory,RecordedOnly,0,EqualWeight_Unscored,,9900,True,True,Visual Arts,388
TH-011,TH-011,SRV-STUDIOS,Studios,Studios,SPT-3D-ART-STUDIO-41C678,CAT-3D-ART-STUDIO-AMENITIES-CD31ED,SUB-3D-ART-STUDI-AMENITIES-STORAGE-CFFC90,MS+HS,MS+HS,,How sufficient does the storage appear for the space's program needs?,,SingleSelect,Evaluation,SingleResponse,12,EqualWeight,,9910,True,True,Visual Arts,394
TH-012,TH-012,SRV-STUDIOS,Studios,Studios,SPT-3D-ART-STUDIO-41C678,CAT-3D-ART-STUDIO-INFRASTRUCTURE-8BE67F,SUB-3D-ART-STUDI-INFRASTRUC-FLOORING-AND-SURFA-D52015,MS+HS,MS+HS,,How much built-in casework is provided?,,SingleSelect,Evaluation,SingleResponse,12,EqualWeight,,9920,True,True,Visual Arts,399
TH-013,TH-013,SRV-STUDIOS,Studios,Studios,SPT-3D-ART-STUDIO-41C678,CAT-3D-ART-STUDIO-INFRASTRUCTURE-8BE67F,SUB-3D-ART-STUDI-INFRASTRUC-FLOORING-AND-SURFA-D52015,MS+HS,MS+HS,,How much countertop is provided? Include both fixed and mobile surfaces in your count.,,SingleSelect,Evaluation,SingleResponse,12,EqualWeight,,9930,True,True,Visual Arts,406
TH-014,TH-014,SRV-STUDIOS,Studios,Studios,SPT-3D-ART-STUDIO-41C678,CAT-3D-ART-STUDIO-AMENITIES-CD31ED,SUB-3D-ART-STUDI-AMENITIES-DISPLAY-AND-PRESEN-C4B85A,MS+HS,MS+HS,,"How much writable surface (e.g., markerboard) is provided, excluding glass? Include both fixed and mobile writable surfaces in your count.",,SingleSelect,Evaluation,SingleResponse,12,EqualWeight,,9940,True,True,Visual Arts,412
TH-015,TH-015,SRV-STUDIOS,Studios,Studios,SPT-3D-ART-STUDIO-41C678,CAT-3D-ART-STUDIO-AMENITIES-CD31ED,SUB-3D-ART-STUDI-AMENITIES-DISPLAY-AND-PRESEN-C4B85A,MS+HS,MS+HS,,Which built-in systems for displaying student work are provided?,,MultiSelect,Inventory,RecordedOnly,0,EqualWeight_Unscored,,9950,True,True,Visual Arts,419
TH-016,TH-016,SRV-STUDIOS,Studios,Studios,SPT-3D-ART-STUDIO-41C678,CAT-3D-ART-STUDIO-AMENITIES-CD31ED,SUB-3D-ART-STUDI-AMENITIES-DISPLAY-AND-PRESEN-C4B85A,MS+HS,MS+HS,,How much tackboard/tackwall/tackstrip is provided? Include both fixed and mobile surfaces.,,SingleSelect,Evaluation,SingleResponse,12,EqualWeight,,9960,True,True,Visual Arts,426
TH-017,TH-017,SRV-STUDIOS,Studios,Studios,SPT-3D-ART-STUDIO-41C678,CAT-3D-ART-STUDIO-AMENITIES-CD31ED,SUB-3D-ART-STUDI-AMENITIES-DISPLAY-AND-PRESEN-C4B85A,MS+HS,MS+HS,,How much display case is provided? Include both fixed and mobile surfaces.,,SingleSelect,Evaluation,SingleResponse,12,EqualWeight,,9970,True,True,Visual Arts,433
TH-018,TH-018,SRV-STUDIOS,Studios,Studios,SPT-3D-ART-STUDIO-41C678,CAT-3D-ART-STUDIO-INFRASTRUCTURE-8BE67F,SUB-3D-ART-STUDI-INFRASTRUC-UTILITIES-AND-TECH-C03ED0,MS+HS,MS+HS,,Are there any visible workarounds accommodating a lack of power outlets?,,YesNo,Evaluation,SingleResponse,12,EqualWeight,,9980,True,True,Visual Arts,439
TH-019,TH-019,SRV-STUDIOS,Studios,Studios,SPT-3D-ART-STUDIO-41C678,CAT-3D-ART-STUDIO-OCCUPANT-EXPERIENC-D3D8F4,SUB-3D-ART-STUDI-OCCUPANT-E-OCCUPANT-COMFORT-6A6DBC,MS+HS,MS+HS,,Select one (temperature control),,SingleSelect,Evaluation,SingleResponse,12,EqualWeight,,9990,True,True,Visual Arts,443
TH-020,TH-020,SRV-STUDIOS,Studios,Studios,SPT-3D-ART-STUDIO-41C678,CAT-3D-ART-STUDIO-OCCUPANT-EXPERIENC-D3D8F4,SUB-3D-ART-STUDI-OCCUPANT-E-SAFETY-AND-SUPERVI-9B3579,MS+HS,MS+HS,,What type of visibility is provided into the space from adjacent interior spaces or circulation?,,MultiSelect,Evaluation,MixedItemScoring,12,EqualWeight,,10000,True,True,Visual Arts,448
TH-021,TH-021,SRV-STUDIOS,Studios,Studios,SPT-3D-ART-STUDIO-41C678,CAT-3D-ART-STUDIO-OCCUPANT-EXPERIENC-D3D8F4,SUB-3D-ART-STUDI-OCCUPANT-E-SAFETY-AND-SUPERVI-9B3579,MS+HS,MS+HS,,How much of the wall facing the adjacent interior space or circulation is made up of interior window?,,SingleSelect,Inventory,RecordedOnly,0,EqualWeight_Unscored,"TH-020 includes ""Full-height interior window"" or ""Half-height interior window""",10010,True,True,Visual Arts,454
TH-022,TH-022,SRV-STUDIOS,Studios,Studios,SPT-3D-ART-STUDIO-41C678,CAT-3D-ART-STUDIO-OCCUPANT-EXPERIENC-D3D8F4,SUB-3D-ART-STUDI-OCCUPANT-E-SAFETY-AND-SUPERVI-9B3579,MS+HS,MS+HS,,Select all that apply (safety),,MultiSelect,Evaluation,MixedItemScoring,12,EqualWeight,,10020,True,True,Visual Arts,458
TH-023,TH-023,SRV-STUDIOS,Studios,Studios,SPT-3D-ART-STUDIO-41C678,CAT-3D-ART-STUDIO-AMENITIES-CD31ED,SUB-3D-ART-STUDI-AMENITIES-FURNITURE-AND-EQUI-55B48A,MS+HS,MS+HS,,How easily can the furniture be rearranged?,,SingleSelect,Evaluation,SingleResponse,12,EqualWeight,,10030,True,True,Visual Arts,464
TH-024,TH-024,SRV-STUDIOS,Studios,Studios,SPT-3D-ART-STUDIO-41C678,CAT-3D-ART-STUDIO-AMENITIES-CD31ED,SUB-3D-ART-STUDI-AMENITIES-FURNITURE-AND-EQUI-55B48A,MS+HS,MS+HS,,"How varied are the seating options for students (i.e., seating beyond standard hard chairs, such as soft or active seating)?",,SingleSelect,Evaluation,SingleResponse,12,EqualWeight,,10040,True,True,Visual Arts,468
TH-025,TH-025,SRV-STUDIOS,Studios,Studios,SPT-3D-ART-STUDIO-41C678,CAT-3D-ART-STUDIO-AMENITIES-CD31ED,SUB-3D-ART-STUDI-AMENITIES-FURNITURE-AND-EQUI-55B48A,MS+HS,MS+HS,,Select all that are present (furniture),,MultiSelect,Inventory,RecordedOnly,0,EqualWeight_Unscored,,10050,True,True,Visual Arts,473
TH-026,TH-026,SRV-STUDIOS,Studios,Studios,SPT-3D-ART-STUDIO-41C678,CAT-3D-ART-STUDIO-AMENITIES-CD31ED,SUB-3D-ART-STUDI-AMENITIES-FURNITURE-AND-EQUI-55B48A,MS+HS,MS+HS,,What is the condition of the furniture?,,SingleSelect,Evaluation,SingleResponse,12,EqualWeight,,10060,True,True,Visual Arts,489
TH-027,TH-027,SRV-STUDIOS,Studios,Studios,SPT-3D-ART-STUDIO-41C678,CAT-3D-ART-STUDIO-INFRASTRUCTURE-8BE67F,SUB-3D-ART-STUDI-INFRASTRUC-FLOORING-AND-SURFA-D52015,MS+HS,MS+HS,,What type of flooring is in the space?,,SingleSelect,Evaluation,SingleResponse,12,EqualWeight,,10070,True,True,Visual Arts,493
TH-028,TH-028,SRV-STUDIOS,Studios,Studios,SPT-3D-ART-STUDIO-41C678,CAT-3D-ART-STUDIO-FUNCTION-601C9A,SUB-3D-ART-STUDI-FUNCTION-ADJACENCY-AND-ACCE-554C2E,MS+HS,MS+HS,,What access does the space have to the exterior?,Supports outdoor learning opportunities,SingleSelect,Evaluation,SingleResponse,12,EqualWeight,,10080,True,True,Visual Arts,503
TH-029,TH-029,SRV-STUDIOS,Studios,Studios,SPT-3D-ART-STUDIO-41C678,CAT-3D-ART-STUDIO-FUNCTION-601C9A,SUB-3D-ART-STUDI-FUNCTION-ADJACENCY-AND-ACCE-554C2E,MS+HS,MS+HS,,Does the exterior door provide access to an art patio or outdoor work area?,,YesNo,Evaluation,SingleResponse,12,EqualWeight,,10090,True,True,Visual Arts,508
TH-030,TH-030,SRV-STUDIOS,Studios,Studios,SPT-3D-ART-STUDIO-41C678,CAT-3D-ART-STUDIO-INFRASTRUCTURE-8BE67F,SUB-3D-ART-STUDI-INFRASTRUC-UTILITIES-AND-TECH-C03ED0,MS+HS,MS+HS,,Select all that apply (plumbing),,MultiSelect,Inventory,RecordedOnly,0,EqualWeight_Unscored,,10100,True,True,Visual Arts,512
TH-031,TH-031,SRV-STUDIOS,Studios,Studios,SPT-3D-ART-STUDIO-41C678,CAT-3D-ART-STUDIO-FUNCTION-601C9A,SUB-3D-ART-STUDI-FUNCTION-ADJACENCY-AND-ACCE-554C2E,MS+HS,MS+HS,,Does the space have direct access or close proximity to the Visual Arts Professional Learning Center?,,YesNo,Evaluation,SingleResponse,12,EqualWeight,,10110,True,True,Visual Arts,518
TH-032,TH-032,SRV-STUDIOS,Studios,Studios,SPT-ART-STUDIO-B083D5,CAT-ART-STUDIO-OBSERVATIONAL-9FA052,SUB-ART-STUDIO-OBSERVATIO-OBSERVATIONAL-6FC1BC,MS+HS,MS+HS,,Can the ceramic/3D arts environment support the complete creative process from design through finished work? (Check all that apply),,SingleSelect,Observational,RecordedOnly,0,EqualWeight_Unscored,,10120,True,True,Visual Arts,522
DA-002,DA-002,SRV-STUDIOS,Studios,Studios,SPT-DIGITAL-ARTS-STUDIO-9AC3E8,CAT-DIGITAL-ARTS-STU-FUNCTION-5B3E8E,SUB-DIGITAL-ARTS-FUNCTION-LAYOUT-AND-FLEXIBI-FA3941,MS+HS,MS+HS,,Does the room shape allow for clear sightlines within the room and flexible room configuration options?,,YesNo,Evaluation,SingleResponse,12,EqualWeight,,10130,True,True,Visual Arts,532
DA-003,DA-003,SRV-STUDIOS,Studios,Studios,SPT-DIGITAL-ARTS-STUDIO-9AC3E8,CAT-DIGITAL-ARTS-STU-INFRASTRUCTURE-3ACD00,SUB-DIGITAL-ARTS-INFRASTRUC-UTILITIES-AND-TECH-9D5D91,MS+HS,MS+HS,,Select all that apply (lighting),,MultiSelect,Evaluation,MixedItemScoring,12,EqualWeight,,10140,True,True,Visual Arts,536
DA-004,DA-004,SRV-STUDIOS,Studios,Studios,SPT-DIGITAL-ARTS-STUDIO-9AC3E8,CAT-DIGITAL-ARTS-STU-OCCUPANT-EXPERIENC-84C05E,SUB-DIGITAL-ARTS-OCCUPANT-E-AESTHETICS-464B9B,MS+HS,MS+HS,,Which of the following describes the condition of the wall finishes?,,SingleSelect,Evaluation,SingleResponse,12,EqualWeight,,10150,True,True,Visual Arts,540
DA-005,DA-005,SRV-STUDIOS,Studios,Studios,SPT-DIGITAL-ARTS-STUDIO-9AC3E8,CAT-DIGITAL-ARTS-STU-OCCUPANT-EXPERIENC-84C05E,SUB-DIGITAL-ARTS-OCCUPANT-E-OCCUPANT-COMFORT-75D5B0,MS+HS,MS+HS,,Are there exterior windows?,,YesNo,Evaluation,SingleResponse,12,EqualWeight,,10160,True,True,Visual Arts,545
DA-006,DA-006,SRV-STUDIOS,Studios,Studios,SPT-DIGITAL-ARTS-STUDIO-9AC3E8,CAT-DIGITAL-ARTS-STU-OCCUPANT-EXPERIENC-84C05E,SUB-DIGITAL-ARTS-OCCUPANT-E-OCCUPANT-COMFORT-75D5B0,MS+HS,MS+HS,,"Is daylight accessible through another means (e.g., an interior window shared with a space that has exterior windows)?",,SingleSelect,Evaluation,SingleResponse,12,EqualWeight,"DA-005 = ""No""",10170,True,True,Visual Arts,549
DA-007,DA-007,SRV-STUDIOS,Studios,Studios,SPT-DIGITAL-ARTS-STUDIO-9AC3E8,CAT-DIGITAL-ARTS-STU-OCCUPANT-EXPERIENC-84C05E,SUB-DIGITAL-ARTS-OCCUPANT-E-OCCUPANT-COMFORT-75D5B0,MS+HS,MS+HS,,Select all that apply (exterior windows),,MultiSelect,Evaluation,MixedItemScoring,12,EqualWeight,"DA-005 = ""Yes""",10180,True,True,Visual Arts,554
DA-008,DA-008,SRV-STUDIOS,Studios,Studios,SPT-DIGITAL-ARTS-STUDIO-9AC3E8,CAT-DIGITAL-ARTS-STU-OCCUPANT-EXPERIENC-84C05E,SUB-DIGITAL-ARTS-OCCUPANT-E-OCCUPANT-COMFORT-75D5B0,MS+HS,MS+HS,,What window coverings are provided on exterior windows?,,SingleSelect,Evaluation,SingleResponse,12,EqualWeight,"DA-005 = ""Yes""",10190,True,True,Visual Arts,558
DA-009,DA-009,SRV-STUDIOS,Studios,Studios,SPT-DIGITAL-ARTS-STUDIO-9AC3E8,CAT-DIGITAL-ARTS-STU-AMENITIES-92D6C3,SUB-DIGITAL-ARTS-AMENITIES-STORAGE-B8C5F8,MS+HS,MS+HS,,Select all that apply (storage),,MultiSelect,Inventory,RecordedOnly,0,EqualWeight_Unscored,,10200,True,True,Visual Arts,564
DA-010,DA-010,SRV-STUDIOS,Studios,Studios,SPT-DIGITAL-ARTS-STUDIO-9AC3E8,CAT-DIGITAL-ARTS-STU-AMENITIES-92D6C3,SUB-DIGITAL-ARTS-AMENITIES-STORAGE-B8C5F8,MS+HS,MS+HS,,How sufficient does the storage appear for the space's program needs?,,SingleSelect,Evaluation,SingleResponse,12,EqualWeight,,10210,True,True,Visual Arts,570
DA-011,DA-011,SRV-STUDIOS,Studios,Studios,SPT-DIGITAL-ARTS-STUDIO-9AC3E8,CAT-DIGITAL-ARTS-STU-AMENITIES-92D6C3,SUB-DIGITAL-ARTS-AMENITIES-DISPLAY-AND-PRESEN-AA0045,MS+HS,MS+HS,,"How much writable surface (e.g., markerboard) is provided, excluding glass? Include both fixed and mobile writable surfaces in your count.",,SingleSelect,Evaluation,SingleResponse,12,EqualWeight,,10220,True,True,Visual Arts,575
DA-012,DA-012,SRV-STUDIOS,Studios,Studios,SPT-DIGITAL-ARTS-STUDIO-9AC3E8,CAT-DIGITAL-ARTS-STU-AMENITIES-92D6C3,SUB-DIGITAL-ARTS-AMENITIES-DISPLAY-AND-PRESEN-AA0045,MS+HS,MS+HS,,Which built-in systems for displaying student work are provided?,,MultiSelect,Inventory,RecordedOnly,0,EqualWeight_Unscored,,10230,True,True,Visual Arts,582
DA-013,DA-013,SRV-STUDIOS,Studios,Studios,SPT-DIGITAL-ARTS-STUDIO-9AC3E8,CAT-DIGITAL-ARTS-STU-INFRASTRUCTURE-3ACD00,SUB-DIGITAL-ARTS-INFRASTRUC-UTILITIES-AND-TECH-9D5D91,MS+HS,MS+HS,,Are there any visible workarounds accommodating a lack of power outlets?,,YesNo,Evaluation,SingleResponse,12,EqualWeight,,10240,True,True,Visual Arts,589
DA-014,DA-014,SRV-STUDIOS,Studios,Studios,SPT-DIGITAL-ARTS-STUDIO-9AC3E8,CAT-DIGITAL-ARTS-STU-OCCUPANT-EXPERIENC-84C05E,SUB-DIGITAL-ARTS-OCCUPANT-E-OCCUPANT-COMFORT-75D5B0,MS+HS,MS+HS,,Select one (temperature control),,SingleSelect,Evaluation,SingleResponse,12,EqualWeight,,10250,True,True,Visual Arts,593
DA-015,DA-015,SRV-STUDIOS,Studios,Studios,SPT-DIGITAL-ARTS-STUDIO-9AC3E8,CAT-DIGITAL-ARTS-STU-OCCUPANT-EXPERIENC-84C05E,SUB-DIGITAL-ARTS-OCCUPANT-E-SAFETY-AND-SUPERVI-AA20F4,MS+HS,MS+HS,,What type of visibility is provided into the space from adjacent interior spaces or circulation?,,MultiSelect,Evaluation,MixedItemScoring,12,EqualWeight,,10260,True,True,Visual Arts,598
DA-016,DA-016,SRV-STUDIOS,Studios,Studios,SPT-DIGITAL-ARTS-STUDIO-9AC3E8,CAT-DIGITAL-ARTS-STU-OCCUPANT-EXPERIENC-84C05E,SUB-DIGITAL-ARTS-OCCUPANT-E-SAFETY-AND-SUPERVI-AA20F4,MS+HS,MS+HS,,How much of the wall facing the adjacent interior space or circulation is made up of interior window?,,SingleSelect,Inventory,RecordedOnly,0,EqualWeight_Unscored,"DA-015 includes ""Full-height interior window"" or ""Half-height interior window""",10270,True,True,Visual Arts,604
DA-017,DA-017,SRV-STUDIOS,Studios,Studios,SPT-DIGITAL-ARTS-STUDIO-9AC3E8,CAT-DIGITAL-ARTS-STU-OCCUPANT-EXPERIENC-84C05E,SUB-DIGITAL-ARTS-OCCUPANT-E-SAFETY-AND-SUPERVI-AA20F4,MS+HS,MS+HS,,Select all that apply (safety),,MultiSelect,Evaluation,MixedItemScoring,12,EqualWeight,,10280,True,True,Visual Arts,608
DA-018,DA-018,SRV-STUDIOS,Studios,Studios,SPT-DIGITAL-ARTS-STUDIO-9AC3E8,CAT-DIGITAL-ARTS-STU-AMENITIES-92D6C3,SUB-DIGITAL-ARTS-AMENITIES-FURNITURE-AND-EQUI-D55FB0,MS+HS,MS+HS,,How easily can the furniture be rearranged?,,SingleSelect,Evaluation,SingleResponse,12,EqualWeight,,10290,True,True,Visual Arts,614
DA-019,DA-019,SRV-STUDIOS,Studios,Studios,SPT-DIGITAL-ARTS-STUDIO-9AC3E8,CAT-DIGITAL-ARTS-STU-AMENITIES-92D6C3,SUB-DIGITAL-ARTS-AMENITIES-FURNITURE-AND-EQUI-D55FB0,MS+HS,MS+HS,,"How varied are the seating options for students (i.e., seating beyond standard hard chairs, such as soft or active seating)?",,SingleSelect,Evaluation,SingleResponse,12,EqualWeight,,10300,True,True,Visual Arts,618
DA-020,DA-020,SRV-STUDIOS,Studios,Studios,SPT-DIGITAL-ARTS-STUDIO-9AC3E8,CAT-DIGITAL-ARTS-STU-AMENITIES-92D6C3,SUB-DIGITAL-ARTS-AMENITIES-FURNITURE-AND-EQUI-D55FB0,MS+HS,MS+HS,,Select all that are present (furniture),,MultiSelect,Inventory,RecordedOnly,0,EqualWeight_Unscored,,10310,True,True,Visual Arts,623
DA-021,DA-021,SRV-STUDIOS,Studios,Studios,SPT-DIGITAL-ARTS-STUDIO-9AC3E8,CAT-DIGITAL-ARTS-STU-AMENITIES-92D6C3,SUB-DIGITAL-ARTS-AMENITIES-FURNITURE-AND-EQUI-D55FB0,MS+HS,MS+HS,,What is the condition of the furniture?,,SingleSelect,Evaluation,SingleResponse,12,EqualWeight,,10320,True,True,Visual Arts,633
DA-022,DA-022,SRV-STUDIOS,Studios,Studios,SPT-DIGITAL-ARTS-STUDIO-9AC3E8,CAT-DIGITAL-ARTS-STU-INFRASTRUCTURE-3ACD00,SUB-DIGITAL-ARTS-INFRASTRUC-FLOORING-AND-SURFA-979F77,MS+HS,MS+HS,,What type of flooring is in the space?,,SingleSelect,Evaluation,SingleResponse,12,EqualWeight,,10330,True,True,Visual Arts,637
DA-023,DA-023,SRV-STUDIOS,Studios,Studios,SPT-DIGITAL-ARTS-STUDIO-9AC3E8,CAT-DIGITAL-ARTS-STU-FUNCTION-5B3E8E,SUB-DIGITAL-ARTS-FUNCTION-ADJACENCY-AND-ACCE-49B23D,MS+HS,MS+HS,,What access does the space have to the exterior?,Supports outdoor learning opportunities,SingleSelect,Evaluation,SingleResponse,12,EqualWeight,,10340,True,True,Visual Arts,645
DA-024,DA-024,SRV-STUDIOS,Studios,Studios,SPT-DIGITAL-ARTS-STUDIO-9AC3E8,CAT-DIGITAL-ARTS-STU-FUNCTION-5B3E8E,SUB-DIGITAL-ARTS-FUNCTION-ADJACENCY-AND-ACCE-49B23D,MS+HS,MS+HS,,Does the exterior door provide access to an art patio or outdoor work area?,,YesNo,Evaluation,SingleResponse,12,EqualWeight,,10350,True,True,Visual Arts,650
DA-025,DA-025,SRV-STUDIOS,Studios,Studios,SPT-DIGITAL-ARTS-STUDIO-9AC3E8,CAT-DIGITAL-ARTS-STU-FUNCTION-5B3E8E,SUB-DIGITAL-ARTS-FUNCTION-AVAILABILITY-378469,MS+HS,MS+HS,,How many art gallery display areas are visible throughout the building?,"Dispersed exhibition/display areas for student artwork, not a dedicated room -- Ed Specs calls for four locations throughout the building",SingleSelect,Evaluation,SingleResponse,12,EqualWeight,,10360,True,True,Visual Arts,654
DA-026,DA-026,SRV-STUDIOS,Studios,Studios,SPT-DIGITAL-ARTS-STUDIO-9AC3E8,CAT-DIGITAL-ARTS-STU-FUNCTION-5B3E8E,SUB-DIGITAL-ARTS-FUNCTION-ADJACENCY-AND-ACCE-49B23D,MS+HS,MS+HS,,Does the space have direct access or close proximity to the Visual Arts Professional Learning Center?,,YesNo,Evaluation,SingleResponse,12,EqualWeight,,10370,True,True,Visual Arts,658
TA-002,TA-002,SRV-PERFORMING-ARTS,Performing Arts,Performing Arts,SPT-THEATER-ARTS-STUDIO-66AF54,CAT-THEATER-ARTS-STU-INFRASTRUCTURE-3E22A2,SUB-THEATER-ARTS-INFRASTRUC-UTILITIES-AND-TECH-EFEEBC,MS+HS,MS+HS,,Select all that apply (lighting),,MultiSelect,Evaluation,MixedItemScoring,12,EqualWeight,,10380,True,True,Performing Arts,6
TA-003,TA-003,SRV-PERFORMING-ARTS,Performing Arts,Performing Arts,SPT-THEATER-ARTS-STUDIO-66AF54,CAT-THEATER-ARTS-STU-OCCUPANT-EXPERIENC-17F3EA,SUB-THEATER-ARTS-OCCUPANT-E-AESTHETICS-237E4E,MS+HS,MS+HS,,Which of the following describes the condition of the wall finishes?,,SingleSelect,Evaluation,SingleResponse,12,EqualWeight,,10390,True,True,Performing Arts,11
TA-004,TA-004,SRV-PERFORMING-ARTS,Performing Arts,Performing Arts,SPT-THEATER-ARTS-STUDIO-66AF54,CAT-THEATER-ARTS-STU-OCCUPANT-EXPERIENC-17F3EA,SUB-THEATER-ARTS-OCCUPANT-E-OCCUPANT-COMFORT-917DA0,MS+HS,MS+HS,,Are there exterior windows?,,YesNo,Evaluation,SingleResponse,12,EqualWeight,,10400,True,True,Performing Arts,16
TA-005,TA-005,SRV-PERFORMING-ARTS,Performing Arts,Performing Arts,SPT-THEATER-ARTS-STUDIO-66AF54,CAT-THEATER-ARTS-STU-OCCUPANT-EXPERIENC-17F3EA,SUB-THEATER-ARTS-OCCUPANT-E-OCCUPANT-COMFORT-917DA0,MS+HS,MS+HS,,"Is daylight accessible through another means (e.g., an interior window shared with a space that has exterior windows)?",,SingleSelect,Evaluation,SingleResponse,12,EqualWeight,"TA-004 = ""No""",10410,True,True,Performing Arts,20
TA-006,TA-006,SRV-PERFORMING-ARTS,Performing Arts,Performing Arts,SPT-THEATER-ARTS-STUDIO-66AF54,CAT-THEATER-ARTS-STU-OCCUPANT-EXPERIENC-17F3EA,SUB-THEATER-ARTS-OCCUPANT-E-OCCUPANT-COMFORT-917DA0,MS+HS,MS+HS,,Select all that apply (exterior windows),,MultiSelect,Evaluation,MixedItemScoring,12,EqualWeight,"TA-004 = ""Yes""",10420,True,True,Performing Arts,25
TA-007,TA-007,SRV-PERFORMING-ARTS,Performing Arts,Performing Arts,SPT-THEATER-ARTS-STUDIO-66AF54,CAT-THEATER-ARTS-STU-OCCUPANT-EXPERIENC-17F3EA,SUB-THEATER-ARTS-OCCUPANT-E-OCCUPANT-COMFORT-917DA0,MS+HS,MS+HS,,What window coverings are provided on exterior windows?,,SingleSelect,Evaluation,SingleResponse,12,EqualWeight,"TA-004 = ""Yes""",10430,True,True,Performing Arts,29
TA-008,TA-008,SRV-PERFORMING-ARTS,Performing Arts,Performing Arts,SPT-THEATER-ARTS-STUDIO-66AF54,CAT-THEATER-ARTS-STU-AMENITIES-AD84D4,SUB-THEATER-ARTS-AMENITIES-STORAGE-7CC7C0,MS+HS,MS+HS,,Select all that apply (storage),,MultiSelect,Inventory,RecordedOnly,0,EqualWeight_Unscored,,10440,True,True,Performing Arts,35
TA-009,TA-009,SRV-PERFORMING-ARTS,Performing Arts,Performing Arts,SPT-THEATER-ARTS-STUDIO-66AF54,CAT-THEATER-ARTS-STU-AMENITIES-AD84D4,SUB-THEATER-ARTS-AMENITIES-STORAGE-7CC7C0,MS+HS,MS+HS,,How sufficient does the storage appear for the space's program needs?,,SingleSelect,Evaluation,SingleResponse,12,EqualWeight,,10450,True,True,Performing Arts,42
TA-010,TA-010,SRV-PERFORMING-ARTS,Performing Arts,Performing Arts,SPT-THEATER-ARTS-STUDIO-66AF54,CAT-THEATER-ARTS-STU-AMENITIES-AD84D4,SUB-THEATER-ARTS-AMENITIES-DISPLAY-AND-PRESEN-E4647A,MS+HS,MS+HS,,"How much writable surface (e.g., markerboard) is provided, excluding glass? Include both fixed and mobile writable surfaces in your count.",,SingleSelect,Evaluation,SingleResponse,12,EqualWeight,,10460,True,True,Performing Arts,47
TA-011,TA-011,SRV-PERFORMING-ARTS,Performing Arts,Performing Arts,SPT-THEATER-ARTS-STUDIO-66AF54,CAT-THEATER-ARTS-STU-AMENITIES-AD84D4,SUB-THEATER-ARTS-AMENITIES-DISPLAY-AND-PRESEN-E4647A,MS+HS,MS+HS,,Which built-in systems for displaying student work are provided?,,MultiSelect,Inventory,RecordedOnly,0,EqualWeight_Unscored,,10470,True,True,Performing Arts,55
TA-012,TA-012,SRV-PERFORMING-ARTS,Performing Arts,Performing Arts,SPT-THEATER-ARTS-STUDIO-66AF54,CAT-THEATER-ARTS-STU-AMENITIES-AD84D4,SUB-THEATER-ARTS-AMENITIES-DISPLAY-AND-PRESEN-E4647A,MS+HS,MS+HS,,How much tackboard/tackwall/tackstrip is provided? Include both fixed and mobile surfaces.,,SingleSelect,Evaluation,SingleResponse,12,EqualWeight,,10480,True,True,Performing Arts,62
TA-013,TA-013,SRV-PERFORMING-ARTS,Performing Arts,Performing Arts,SPT-THEATER-ARTS-STUDIO-66AF54,CAT-THEATER-ARTS-STU-INFRASTRUCTURE-3E22A2,SUB-THEATER-ARTS-INFRASTRUC-UTILITIES-AND-TECH-EFEEBC,MS+HS,MS+HS,,Are there any visible workarounds accommodating a lack of power outlets?,,YesNo,Evaluation,SingleResponse,12,EqualWeight,,10490,True,True,Performing Arts,68
TA-014,TA-014,SRV-PERFORMING-ARTS,Performing Arts,Performing Arts,SPT-THEATER-ARTS-STUDIO-66AF54,CAT-THEATER-ARTS-STU-OCCUPANT-EXPERIENC-17F3EA,SUB-THEATER-ARTS-OCCUPANT-E-OCCUPANT-COMFORT-917DA0,MS+HS,MS+HS,,Select one (temperature control),,SingleSelect,Evaluation,SingleResponse,12,EqualWeight,,10500,True,True,Performing Arts,72
TA-015,TA-015,SRV-PERFORMING-ARTS,Performing Arts,Performing Arts,SPT-THEATER-ARTS-STUDIO-66AF54,CAT-THEATER-ARTS-STU-OCCUPANT-EXPERIENC-17F3EA,SUB-THEATER-ARTS-OCCUPANT-E-SAFETY-AND-SUPERVI-FBEADF,MS+HS,MS+HS,,What type of visibility is provided into the space from adjacent interior spaces or circulation?,Supports supervision and learning on display,MultiSelect,Evaluation,MixedItemScoring,12,EqualWeight,,10510,True,True,Performing Arts,77
TA-016,TA-016,SRV-PERFORMING-ARTS,Performing Arts,Performing Arts,SPT-THEATER-ARTS-STUDIO-66AF54,CAT-THEATER-ARTS-STU-OCCUPANT-EXPERIENC-17F3EA,SUB-THEATER-ARTS-OCCUPANT-E-SAFETY-AND-SUPERVI-FBEADF,MS+HS,MS+HS,,How much of the wall facing the adjacent interior space or circulation is made up of interior window?,,SingleSelect,Inventory,RecordedOnly,0,EqualWeight_Unscored,"TA-015 includes ""Full-height interior window"" or ""Half-height interior window""",10520,True,True,Performing Arts,83
TA-017,TA-017,SRV-PERFORMING-ARTS,Performing Arts,Performing Arts,SPT-THEATER-ARTS-STUDIO-66AF54,CAT-THEATER-ARTS-STU-OCCUPANT-EXPERIENC-17F3EA,SUB-THEATER-ARTS-OCCUPANT-E-SAFETY-AND-SUPERVI-FBEADF,MS+HS,MS+HS,,Select all that apply (safety),,MultiSelect,Evaluation,MixedItemScoring,12,EqualWeight,,10530,True,True,Performing Arts,87
TA-018,TA-018,SRV-PERFORMING-ARTS,Performing Arts,Performing Arts,SPT-THEATER-ARTS-STUDIO-66AF54,CAT-THEATER-ARTS-STU-INFRASTRUCTURE-3E22A2,SUB-THEATER-ARTS-INFRASTRUC-FLOORING-AND-SURFA-21D803,MS+HS,MS+HS,,What type of flooring is in the space?,,SingleSelect,Evaluation,SingleResponse,12,EqualWeight,,10540,True,True,Performing Arts,93
TA-019,TA-019,SRV-PERFORMING-ARTS,Performing Arts,Performing Arts,SPT-THEATER-ARTS-STUDIO-66AF54,CAT-THEATER-ARTS-STU-FUNCTION-5CDC61,SUB-THEATER-ARTS-FUNCTION-ADJACENCY-AND-ACCE-8CEE94,MS+HS,MS+HS,,Is the Theater Arts Studio adjacent or in close proximity to the stage?,,YesNo,Evaluation,SingleResponse,12,EqualWeight,,10550,True,True,Performing Arts,100
TA-020,TA-020,SRV-PERFORMING-ARTS,Performing Arts,Performing Arts,SPT-THEATER-ARTS-STUDIO-66AF54,CAT-THEATER-ARTS-STU-FUNCTION-5CDC61,SUB-THEATER-ARTS-FUNCTION-ADJACENCY-AND-ACCE-8CEE94,MS+HS,MS+HS,,Is the Theater Arts Studio located in close proximity to the Empower Center?,,SingleSelect,Evaluation,SingleResponse,12,EqualWeight,,10560,True,True,Performing Arts,104
TA-021,TA-021,SRV-PERFORMING-ARTS,Performing Arts,Performing Arts,SPT-THEATER-ARTS-STUDIO-66AF54,CAT-THEATER-ARTS-STU-FUNCTION-5CDC61,SUB-THEATER-ARTS-FUNCTION-ADJACENCY-AND-ACCE-8CEE94,MS,MS,,How many storage rooms are directly accessible from the theater arts studio?,,SingleSelect,Evaluation,SingleResponse,12,EqualWeight,,10570,True,True,Performing Arts,109
TA-022,TA-022,SRV-PERFORMING-ARTS,Performing Arts,Performing Arts,SPT-THEATER-ARTS-STUDIO-66AF54,CAT-THEATER-ARTS-STU-FUNCTION-5CDC61,SUB-THEATER-ARTS-FUNCTION-ADJACENCY-AND-ACCE-8CEE94,HS,HS,,How many storage rooms are directly accessible from the theater arts studio?,,SingleSelect,Evaluation,SingleResponse,12,EqualWeight,,10580,True,True,Performing Arts,113
TA-023,TA-023,SRV-PERFORMING-ARTS,Performing Arts,Performing Arts,SPT-THEATER-ARTS-STUDIO-66AF54,CAT-THEATER-ARTS-STU-OBSERVATIONAL-EC2C79,SUB-THEATER-ARTS-OBSERVATIO-OBSERVATIONAL-F51452,MS+HS,MS+HS,,"Can the theater arts environment support acting, directing, design, and production-based learning? (Check all that apply)",,MultiSelect,Observational,RecordedOnly,0,EqualWeight_Unscored,,10590,True,True,Performing Arts,116
TS-002,TS-002,SRV-PERFORMING-ARTS,Performing Arts,Performing Arts,SPT-THEATER-ARTS-SUITE-E7A662,CAT-THEATER-ARTS-SUI-FUNCTION-87D48D,SUB-THEATER-ARTS-FUNCTION-LAYOUT-AND-FLEXIBI-A058A2,HS,HS,,Select all that apply (after-hours access),"Restricted means non-athletics areas of the school (e.g., academic corridors, studios) are locked off from public access",MultiSelect,Evaluation,MixedItemScoring,12,EqualWeight,,10600,True,True,Performing Arts,126
TS-003,TS-003,SRV-PERFORMING-ARTS,Performing Arts,Performing Arts,SPT-THEATER-ARTS-SUITE-E7A662,CAT-THEATER-ARTS-SUI-FUNCTION-87D48D,SUB-THEATER-ARTS-FUNCTION-AVAILABILITY-CA5206,HS,HS,,Select all that are present (house spaces),,MultiSelect,Evaluation,MixedItemScoring,12,EqualWeight,,10610,True,True,Performing Arts,130
TS-004,TS-004,SRV-PERFORMING-ARTS,Performing Arts,Performing Arts,SPT-THEATER-ARTS-SUITE-E7A662,CAT-THEATER-ARTS-SUI-FUNCTION-87D48D,SUB-THEATER-ARTS-FUNCTION-ADJACENCY-AND-ACCE-E9D418,HS,HS,,Select all that apply (restroom proximity),,MultiSelect,Evaluation,MixedItemScoring,12,EqualWeight,,10620,True,True,Performing Arts,136
TS-005,TS-005,SRV-PERFORMING-ARTS,Performing Arts,Performing Arts,SPT-THEATER-ARTS-SUITE-E7A662,CAT-THEATER-ARTS-SUI-FUNCTION-87D48D,SUB-THEATER-ARTS-FUNCTION-ADJACENCY-AND-ACCE-E9D418,HS,HS,,"If the rest of the campus is locked down, are the restrooms identified above still accessible from the Theater Arts Suite?",,YesNo,Evaluation,SingleResponse,12,EqualWeight,TS-004 = at least one item selected,10630,True,True,Performing Arts,141
TS-006,TS-006,SRV-PERFORMING-ARTS,Performing Arts,Performing Arts,SPT-THEATER-ARTS-SUITE-E7A662,CAT-THEATER-ARTS-SUI-FUNCTION-87D48D,SUB-THEATER-ARTS-FUNCTION-ADJACENCY-AND-ACCE-E9D418,HS,HS,,How is the Theater Arts Suite's loading area configured?,,SingleSelect,Evaluation,SingleResponse,12,EqualWeight,,10640,True,True,Performing Arts,145
AU-002,AU-002,SRV-PERFORMING-ARTS,Performing Arts,Performing Arts,SPT-AUDITORIUM-A69CC4,CAT-AUDITORIUM-FUNCTION-4746ED,SUB-AUDITORIUM-FUNCTION-ADJACENCY-AND-ACCE-5E7581,HS,HS,,Is there direct access from the Auditorium to the Theater Arts lobby to support after-hours performances?,,YesNo,Evaluation,SingleResponse,12,EqualWeight,,10650,True,True,Performing Arts,155
AU-003,AU-003,SRV-PERFORMING-ARTS,Performing Arts,Performing Arts,SPT-AUDITORIUM-A69CC4,CAT-AUDITORIUM-OCCUPANT-EXPERIENC-742766,SUB-AUDITORIUM-OCCUPANT-E-CIRCULATION-AND-EG-94E0AE,HS,HS,,"Is at least one interior door a minimum of 84"" wide?",,YesNo,Evaluation,SingleResponse,12,EqualWeight,,10660,True,True,Performing Arts,159
AU-004,AU-004,SRV-PERFORMING-ARTS,Performing Arts,Performing Arts,SPT-AUDITORIUM-A69CC4,CAT-AUDITORIUM-FUNCTION-4746ED,SUB-AUDITORIUM-FUNCTION-ADJACENCY-AND-ACCE-5E7581,HS,HS,,Select all that are present (stage and wing spaces),,MultiSelect,Evaluation,MixedItemScoring,12,EqualWeight,,10670,True,True,Performing Arts,163
AU-005,AU-005,SRV-PERFORMING-ARTS,Performing Arts,Performing Arts,SPT-AUDITORIUM-A69CC4,CAT-AUDITORIUM-AMENITIES-0FD65B,SUB-AUDITORIUM-AMENITIES-STORAGE-91CA76,HS,HS,,Select all that are present (back stage spaces),,MultiSelect,Inventory,RecordedOnly,0,EqualWeight_Unscored,,10680,True,True,Performing Arts,172
AU-006,AU-006,SRV-PERFORMING-ARTS,Performing Arts,Performing Arts,SPT-AUDITORIUM-A69CC4,CAT-AUDITORIUM-AMENITIES-0FD65B,SUB-AUDITORIUM-AMENITIES-DISPLAY-AND-PRESEN-9945A6,HS,HS,,Are a motorized projection screen and ceiling/wall-mounted projector provided in the auditorium?,,YesNo,Evaluation,SingleResponse,12,EqualWeight,,10690,True,True,Performing Arts,184
AU-007,AU-007,SRV-PERFORMING-ARTS,Performing Arts,Performing Arts,SPT-AUDITORIUM-A69CC4,CAT-AUDITORIUM-FUNCTION-4746ED,SUB-AUDITORIUM-FUNCTION-LAYOUT-AND-FLEXIBI-C60739,HS,HS,,Select all that apply (stage measurements),,MultiSelect,Evaluation,MixedItemScoring,12,EqualWeight,,10700,True,True,Performing Arts,188
AU-008,AU-008,SRV-PERFORMING-ARTS,Performing Arts,Performing Arts,SPT-AUDITORIUM-A69CC4,CAT-AUDITORIUM-AMENITIES-0FD65B,SUB-AUDITORIUM-AMENITIES-FURNITURE-AND-EQUI-66D36A,HS,HS,,Select all that apply (equipment),,MultiSelect,Evaluation,MixedItemScoring,12,EqualWeight,,10710,True,True,Performing Arts,192
AU-009,AU-009,SRV-PERFORMING-ARTS,Performing Arts,Performing Arts,SPT-AUDITORIUM-A69CC4,CAT-AUDITORIUM-AMENITIES-0FD65B,SUB-AUDITORIUM-AMENITIES-FURNITURE-AND-EQUI-66D36A,HS,HS,,Does the rigging system employ both manual and automatic/electric hoists with counterweights and a loading bridge?,,YesNo,Evaluation,SingleResponse,12,EqualWeight,,10720,True,True,Performing Arts,196
AU-010,AU-010,SRV-PERFORMING-ARTS,Performing Arts,Performing Arts,SPT-AUDITORIUM-A69CC4,CAT-AUDITORIUM-OCCUPANT-EXPERIENC-742766,SUB-AUDITORIUM-OCCUPANT-E-OCCUPANT-COMFORT-80CEE2,HS,HS,,What type of acoustic treatment is in the room?,,MultiSelect,Inventory,RecordedOnly,0,EqualWeight_Unscored,,10730,True,True,Performing Arts,200
AU-011,AU-011,SRV-PERFORMING-ARTS,Performing Arts,Performing Arts,SPT-AUDITORIUM-A69CC4,CAT-AUDITORIUM-OCCUPANT-EXPERIENC-742766,SUB-AUDITORIUM-OCCUPANT-E-OCCUPANT-COMFORT-80CEE2,HS,HS,,How many walls have acoustic treatment in the room?,,SingleSelect,Evaluation,SingleResponse,12,EqualWeight,,10740,True,True,Performing Arts,207
AU-012,AU-012,SRV-PERFORMING-ARTS,Performing Arts,Performing Arts,SPT-AUDITORIUM-A69CC4,CAT-AUDITORIUM-OBSERVATIONAL-44B90B,SUB-AUDITORIUM-OBSERVATIO-OBSERVATIONAL-0E91B9,HS,HS,,"Can the performance venue support educational, school, and community performances? (Check all that apply)",,MultiSelect,Observational,RecordedOnly,0,EqualWeight_Unscored,,10750,True,True,Performing Arts,214
AU-013,AU-013,SRV-PERFORMING-ARTS,Performing Arts,Performing Arts,SPT-AUDITORIUM-A69CC4,CAT-AUDITORIUM-OBSERVATIONAL-44B90B,SUB-AUDITORIUM-OBSERVATIO-OBSERVATIONAL-0E91B9,ES+MS,ES+MS,,"Can the performance venue support educational, school, and community performances? (Check all that apply)",,MultiSelect,Observational,RecordedOnly,0,EqualWeight_Unscored,,10760,True,True,Performing Arts,220
AU-014,AU-014,SRV-PERFORMING-ARTS,Performing Arts,Performing Arts,SPT-AUDITORIUM-A69CC4,CAT-AUDITORIUM-OBSERVATIONAL-44B90B,SUB-AUDITORIUM-OBSERVATIO-OBSERVATIONAL-0E91B9,HS,HS,,"Can the Scene Shop support design, fabrication, and production-based learning? (Check all that apply)",,MultiSelect,Observational,RecordedOnly,0,EqualWeight_Unscored,,10770,True,True,Performing Arts,226
BB-002,BB-002,SRV-PERFORMING-ARTS,Performing Arts,Performing Arts,SPT-BLACK-BOX-AFA947,CAT-BLACK-BOX-INFRASTRUCTURE-5710A2,SUB-BLACK-BOX-INFRASTRUC-UTILITIES-AND-TECH-9F29A2,HS,HS,,Select all that apply (lighting),,MultiSelect,Evaluation,MixedItemScoring,12,EqualWeight,,10780,True,True,Performing Arts,236
BB-003,BB-003,SRV-PERFORMING-ARTS,Performing Arts,Performing Arts,SPT-BLACK-BOX-AFA947,CAT-BLACK-BOX-AMENITIES-3335C7,SUB-BLACK-BOX-AMENITIES-STORAGE-012911,HS,HS,,Select all that apply (storage),,MultiSelect,Inventory,RecordedOnly,0,EqualWeight_Unscored,,10790,True,True,Performing Arts,241
BB-004,BB-004,SRV-PERFORMING-ARTS,Performing Arts,Performing Arts,SPT-BLACK-BOX-AFA947,CAT-BLACK-BOX-AMENITIES-3335C7,SUB-BLACK-BOX-AMENITIES-STORAGE-012911,HS,HS,,How sufficient does the storage appear for the space's program needs?,,SingleSelect,Evaluation,SingleResponse,12,EqualWeight,,10800,True,True,Performing Arts,248
BB-005,BB-005,SRV-PERFORMING-ARTS,Performing Arts,Performing Arts,SPT-BLACK-BOX-AFA947,CAT-BLACK-BOX-AMENITIES-3335C7,SUB-BLACK-BOX-AMENITIES-DISPLAY-AND-PRESEN-042F36,HS,HS,,"How much writable surface (e.g., markerboard) is provided, excluding glass? Include both fixed and mobile writable surfaces in your count.",,SingleSelect,Evaluation,SingleResponse,12,EqualWeight,,10810,True,True,Performing Arts,253
BB-006,BB-006,SRV-PERFORMING-ARTS,Performing Arts,Performing Arts,SPT-BLACK-BOX-AFA947,CAT-BLACK-BOX-AMENITIES-3335C7,SUB-BLACK-BOX-AMENITIES-DISPLAY-AND-PRESEN-042F36,HS,HS,,Which built-in systems for displaying student work are provided?,,MultiSelect,Evaluation,MixedItemScoring,12,EqualWeight,,10820,True,True,Performing Arts,261
BB-007,BB-007,SRV-PERFORMING-ARTS,Performing Arts,Performing Arts,SPT-BLACK-BOX-AFA947,CAT-BLACK-BOX-AMENITIES-3335C7,SUB-BLACK-BOX-AMENITIES-DISPLAY-AND-PRESEN-042F36,HS,HS,,How much tackboard/tackwall/tackstrip is provided? Include both fixed and mobile surfaces.,,SingleSelect,Evaluation,SingleResponse,12,EqualWeight,,10830,True,True,Performing Arts,268
BB-008,BB-008,SRV-PERFORMING-ARTS,Performing Arts,Performing Arts,SPT-BLACK-BOX-AFA947,CAT-BLACK-BOX-INFRASTRUCTURE-5710A2,SUB-BLACK-BOX-INFRASTRUC-UTILITIES-AND-TECH-9F29A2,HS,HS,,Are there any visible workarounds accommodating a lack of power outlets?,,YesNo,Evaluation,SingleResponse,12,EqualWeight,,10840,True,True,Performing Arts,273
BB-009,BB-009,SRV-PERFORMING-ARTS,Performing Arts,Performing Arts,SPT-BLACK-BOX-AFA947,CAT-BLACK-BOX-OCCUPANT-EXPERIENC-AC67B0,SUB-BLACK-BOX-OCCUPANT-E-OCCUPANT-COMFORT-3A2E70,HS,HS,,Select one (temperature control),,SingleSelect,Evaluation,SingleResponse,12,EqualWeight,,10850,True,True,Performing Arts,277
BB-010,BB-010,SRV-PERFORMING-ARTS,Performing Arts,Performing Arts,SPT-BLACK-BOX-AFA947,CAT-BLACK-BOX-INFRASTRUCTURE-5710A2,SUB-BLACK-BOX-INFRASTRUC-FLOORING-AND-SURFA-B1C4A2,HS,HS,,What type of flooring is in the space?,,SingleSelect,Evaluation,SingleResponse,12,EqualWeight,,10860,True,True,Performing Arts,282
BB-011,BB-011,SRV-PERFORMING-ARTS,Performing Arts,Performing Arts,SPT-BLACK-BOX-AFA947,CAT-BLACK-BOX-OCCUPANT-EXPERIENC-AC67B0,SUB-BLACK-BOX-OCCUPANT-E-OCCUPANT-COMFORT-3A2E70,HS,HS,,What type of acoustic treatment is in the room?,,MultiSelect,Inventory,RecordedOnly,0,EqualWeight_Unscored,,10870,True,True,Performing Arts,289
BB-012,BB-012,SRV-PERFORMING-ARTS,Performing Arts,Performing Arts,SPT-BLACK-BOX-AFA947,CAT-BLACK-BOX-OCCUPANT-EXPERIENC-AC67B0,SUB-BLACK-BOX-OCCUPANT-E-OCCUPANT-COMFORT-3A2E70,HS,HS,,How many walls have acoustic treatment in the room?,,SingleSelect,Evaluation,SingleResponse,12,EqualWeight,,10880,True,True,Performing Arts,296
BB-013,BB-013,SRV-PERFORMING-ARTS,Performing Arts,Performing Arts,SPT-BLACK-BOX-AFA947,CAT-BLACK-BOX-FUNCTION-5BDC5C,SUB-BLACK-BOX-FUNCTION-ADJACENCY-AND-ACCE-909918,HS,HS,,What spaces are adjacent or in close proximity to the Black Box? Select all that apply,,MultiSelect,Evaluation,MixedItemScoring,12,EqualWeight,,10890,True,True,Performing Arts,303
BB-014,BB-014,SRV-PERFORMING-ARTS,Performing Arts,Performing Arts,SPT-BLACK-BOX-AFA947,CAT-BLACK-BOX-OBSERVATIONAL-AAB33B,SUB-BLACK-BOX-OBSERVATIO-OBSERVATIONAL-679E65,HS,HS,,"Can the environment support theatrical production, rehearsal, and performance? (Check all that apply)",,MultiSelect,Observational,RecordedOnly,0,EqualWeight_Unscored,,10900,True,True,Performing Arts,309
DN-002,DN-002,SRV-PERFORMING-ARTS,Performing Arts,Performing Arts,SPT-DANCE-9926FD,CAT-DANCE-FUNCTION-4A8551,SUB-DANCE-FUNCTION-AVAILABILITY-B49BE1,MS+HS,MS+HS,,Select all that are present (spaces checklist),,MultiSelect,Evaluation,MixedItemScoring,12,EqualWeight,,10910,True,True,Performing Arts,319
DN-003,DN-003,SRV-PERFORMING-ARTS,Performing Arts,Performing Arts,SPT-DANCE-9926FD,CAT-DANCE-FUNCTION-4A8551,SUB-DANCE-FUNCTION-ADJACENCY-AND-ACCE-19E5F2,MS+HS,MS+HS,,Is the dance suite in close proximity to the Theater Arts spaces to support shared or combined locker/dressing spaces?,,YesNo,Evaluation,SingleResponse,12,EqualWeight,,10920,True,True,Performing Arts,327
DN-004,DN-004,SRV-PERFORMING-ARTS,Performing Arts,Performing Arts,SPT-DANCE-9926FD,CAT-DANCE-FUNCTION-4A8551,SUB-DANCE-FUNCTION-ADJACENCY-AND-ACCE-19E5F2,MS+HS,MS+HS,,Does the space have direct access to an outdoor area to support practice for outdoor performances like football games or Drill and Cheer practice?,,YesNo,Evaluation,SingleResponse,12,EqualWeight,,10930,True,True,Performing Arts,331
DN-005,DN-005,SRV-PERFORMING-ARTS,Performing Arts,Performing Arts,SPT-DANCE-9926FD,CAT-DANCE-FUNCTION-4A8551,SUB-DANCE-FUNCTION-LAYOUT-AND-FLEXIBI-3C85DF,MS+HS,MS+HS,,Select all that are present,,MultiSelect,Evaluation,MixedItemScoring,12,EqualWeight,,10940,True,True,Performing Arts,335
DN-006,DN-006,SRV-PERFORMING-ARTS,Performing Arts,Performing Arts,SPT-DANCE-9926FD,CAT-DANCE-FUNCTION-4A8551,SUB-DANCE-FUNCTION-LAYOUT-AND-FLEXIBI-3C85DF,MS+HS,MS+HS,,The space has a minimum clear floor space (floor to underside of ceiling/structure) of 16'?,,YesNo,Evaluation,SingleResponse,12,EqualWeight,,10950,True,True,Performing Arts,340
DN-007,DN-007,SRV-PERFORMING-ARTS,Performing Arts,Performing Arts,SPT-DANCE-9926FD,CAT-DANCE-INFRASTRUCTURE-C5A48B,SUB-DANCE-INFRASTRUC-UTILITIES-AND-TECH-CA0E71,MS+HS,MS+HS,,Select all that apply (lighting),,MultiSelect,Evaluation,MixedItemScoring,12,EqualWeight,,10960,True,True,Performing Arts,344
DN-008,DN-008,SRV-PERFORMING-ARTS,Performing Arts,Performing Arts,SPT-DANCE-9926FD,CAT-DANCE-FUNCTION-4A8551,SUB-DANCE-FUNCTION-ADJACENCY-AND-ACCE-19E5F2,MS+HS,MS+HS,,How many storage rooms are directly accessible from the dance rehearsal hall?,,SingleSelect,Evaluation,SingleResponse,12,EqualWeight,,10970,True,True,Performing Arts,349
DN-009,DN-009,SRV-PERFORMING-ARTS,Performing Arts,Performing Arts,SPT-DANCE-9926FD,CAT-DANCE-AMENITIES-AD48B5,SUB-DANCE-AMENITIES-STORAGE-58FD3C,MS+HS,MS+HS,,How sufficient does the storage appear for the space's program needs?,,SingleSelect,Evaluation,SingleResponse,12,EqualWeight,,10980,True,True,Performing Arts,353
DN-010,DN-010,SRV-PERFORMING-ARTS,Performing Arts,Performing Arts,SPT-DANCE-9926FD,CAT-DANCE-AMENITIES-AD48B5,SUB-DANCE-AMENITIES-DISPLAY-AND-PRESEN-21FFA9,MS+HS,MS+HS,,How much display case is provided?,,SingleSelect,Evaluation,SingleResponse,12,EqualWeight,,10990,True,True,Performing Arts,358
DN-011,DN-011,SRV-PERFORMING-ARTS,Performing Arts,Performing Arts,SPT-DANCE-9926FD,CAT-DANCE-INFRASTRUCTURE-C5A48B,SUB-DANCE-INFRASTRUC-UTILITIES-AND-TECH-CA0E71,MS+HS,MS+HS,,Are there any visible workarounds accommodating a lack of power outlets?,,YesNo,Evaluation,SingleResponse,12,EqualWeight,,11000,True,True,Performing Arts,363
DN-012,DN-012,SRV-PERFORMING-ARTS,Performing Arts,Performing Arts,SPT-DANCE-9926FD,CAT-DANCE-OCCUPANT-EXPERIENC-EA151A,SUB-DANCE-OCCUPANT-E-OCCUPANT-COMFORT-5610E0,MS+HS,MS+HS,,Select one (temperature control),,SingleSelect,Evaluation,SingleResponse,12,EqualWeight,,11010,True,True,Performing Arts,367
DN-013,DN-013,SRV-PERFORMING-ARTS,Performing Arts,Performing Arts,SPT-DANCE-9926FD,CAT-DANCE-OCCUPANT-EXPERIENC-EA151A,SUB-DANCE-OCCUPANT-E-SAFETY-AND-SUPERVI-1E7BCB,MS+HS,MS+HS,,What type of visibility is provided into the space from adjacent interior spaces or circulation?,Supports supervision and learning on display,MultiSelect,Evaluation,MixedItemScoring,12,EqualWeight,,11020,True,True,Performing Arts,372
DN-014,DN-014,SRV-PERFORMING-ARTS,Performing Arts,Performing Arts,SPT-DANCE-9926FD,CAT-DANCE-OCCUPANT-EXPERIENC-EA151A,SUB-DANCE-OCCUPANT-E-SAFETY-AND-SUPERVI-1E7BCB,MS+HS,MS+HS,,How much of the wall facing the adjacent interior space or circulation is made up of interior window?,,SingleSelect,Inventory,RecordedOnly,0,EqualWeight_Unscored,"DN-013 includes ""Full-height interior window"" or ""Half-height interior window""",11030,True,True,Performing Arts,378
DN-015,DN-015,SRV-PERFORMING-ARTS,Performing Arts,Performing Arts,SPT-DANCE-9926FD,CAT-DANCE-INFRASTRUCTURE-C5A48B,SUB-DANCE-INFRASTRUC-FLOORING-AND-SURFA-2D6490,MS+HS,MS+HS,,Is the flooring wood athletic flooring?,,YesNo,Evaluation,SingleResponse,12,EqualWeight,,11040,True,True,Performing Arts,382
DN-016,DN-016,SRV-PERFORMING-ARTS,Performing Arts,Performing Arts,SPT-DANCE-9926FD,CAT-DANCE-AMENITIES-AD48B5,SUB-DANCE-AMENITIES-FURNITURE-AND-EQUI-374089,MS+HS,MS+HS,,Are there mirrors on the wall?,,YesNo,Evaluation,SingleResponse,12,EqualWeight,,11050,True,True,Performing Arts,386
DN-017,DN-017,SRV-PERFORMING-ARTS,Performing Arts,Performing Arts,SPT-DANCE-9926FD,CAT-DANCE-AMENITIES-AD48B5,SUB-DANCE-AMENITIES-FURNITURE-AND-EQUI-374089,MS+HS,MS+HS,,How many walls have mirrors?,,SingleSelect,Evaluation,SingleResponse,12,EqualWeight,"DN-016 = ""Yes""",11060,True,True,Performing Arts,390
DN-018,DN-018,SRV-PERFORMING-ARTS,Performing Arts,Performing Arts,SPT-DANCE-9926FD,CAT-DANCE-AMENITIES-AD48B5,SUB-DANCE-AMENITIES-FURNITURE-AND-EQUI-374089,MS+HS,MS+HS,,Do the mirrors extend the full length of the wall(s) they're on?,,SingleSelect,Evaluation,SingleResponse,12,EqualWeight,"DN-016 = ""Yes""",11070,True,True,Performing Arts,393
DN-019,DN-019,SRV-PERFORMING-ARTS,Performing Arts,Performing Arts,SPT-DANCE-9926FD,CAT-DANCE-AMENITIES-AD48B5,SUB-DANCE-AMENITIES-FURNITURE-AND-EQUI-374089,MS+HS,MS+HS,,How tall are the mirrors?,,SingleSelect,Evaluation,SingleResponse,12,EqualWeight,"DN-016 = ""Yes""",11080,True,True,Performing Arts,397
DN-020,DN-020,SRV-PERFORMING-ARTS,Performing Arts,Performing Arts,SPT-DANCE-9926FD,CAT-DANCE-FUNCTION-4A8551,SUB-DANCE-FUNCTION-ADJACENCY-AND-ACCE-19E5F2,MS+HS,MS+HS,,What type of ballet barres are provided?,,MultiSelect,Evaluation,MixedItemScoring,12,EqualWeight,,11090,True,True,Performing Arts,400
DN-021,DN-021,SRV-PERFORMING-ARTS,Performing Arts,Performing Arts,SPT-DANCE-9926FD,CAT-DANCE-INFRASTRUCTURE-C5A48B,SUB-DANCE-INFRASTRUC-UTILITIES-AND-TECH-CA0E71,MS+HS,MS+HS,,Select all that are present (water),,MultiSelect,Evaluation,MixedItemScoring,12,EqualWeight,,11100,True,True,Performing Arts,405
DN-022,DN-022,SRV-PERFORMING-ARTS,Performing Arts,Performing Arts,SPT-DANCE-9926FD,CAT-DANCE-OCCUPANT-EXPERIENC-EA151A,SUB-DANCE-OCCUPANT-E-OCCUPANT-COMFORT-5610E0,MS+HS,MS+HS,,Are there exterior windows?,,YesNo,Evaluation,SingleResponse,12,EqualWeight,,11110,True,True,Performing Arts,409
DN-023,DN-023,SRV-PERFORMING-ARTS,Performing Arts,Performing Arts,SPT-DANCE-9926FD,CAT-DANCE-OCCUPANT-EXPERIENC-EA151A,SUB-DANCE-OCCUPANT-E-OCCUPANT-COMFORT-5610E0,MS+HS,MS+HS,,"Is daylight accessible through another means (e.g., an interior window shared with a space that has exterior windows)?",,SingleSelect,Evaluation,SingleResponse,12,EqualWeight,"DN-022 = ""No""",11120,True,True,Performing Arts,413
DN-024,DN-024,SRV-PERFORMING-ARTS,Performing Arts,Performing Arts,SPT-DANCE-9926FD,CAT-DANCE-OCCUPANT-EXPERIENC-EA151A,SUB-DANCE-OCCUPANT-E-OCCUPANT-COMFORT-5610E0,MS+HS,MS+HS,,Select all that apply (exterior windows),,MultiSelect,Evaluation,MixedItemScoring,12,EqualWeight,"DN-022 = ""Yes""",11130,True,True,Performing Arts,418
DN-025,DN-025,SRV-PERFORMING-ARTS,Performing Arts,Performing Arts,SPT-DANCE-9926FD,CAT-DANCE-OCCUPANT-EXPERIENC-EA151A,SUB-DANCE-OCCUPANT-E-OCCUPANT-COMFORT-5610E0,MS+HS,MS+HS,,What window coverings are provided on exterior windows?,,SingleSelect,Evaluation,SingleResponse,12,EqualWeight,"DN-022 = ""Yes""",11140,True,True,Performing Arts,422
DN-026,DN-026,SRV-PERFORMING-ARTS,Performing Arts,Performing Arts,SPT-DANCE-9926FD,CAT-DANCE-OCCUPANT-EXPERIENC-EA151A,SUB-DANCE-OCCUPANT-E-SAFETY-AND-SUPERVI-1E7BCB,MS+HS,MS+HS,,Select all that apply (safety),,MultiSelect,Evaluation,MixedItemScoring,12,EqualWeight,,11150,True,True,Performing Arts,428
DN-027,DN-027,SRV-PERFORMING-ARTS,Performing Arts,Performing Arts,SPT-DANCE-9926FD,CAT-DANCE-FUNCTION-4A8551,SUB-DANCE-FUNCTION-ADJACENCY-AND-ACCE-19E5F2,MS+HS,MS+HS,,What access does the space have to Dance Girls Locker Room?,,SingleSelect,Evaluation,SingleResponse,12,EqualWeight,,11160,True,True,Performing Arts,434
DN-028,DN-028,SRV-PERFORMING-ARTS,Performing Arts,Performing Arts,SPT-DANCE-9926FD,CAT-DANCE-FUNCTION-4A8551,SUB-DANCE-FUNCTION-ADJACENCY-AND-ACCE-19E5F2,MS+HS,MS+HS,,What access does the space have to Dance Boys Locker Room?,,SingleSelect,Evaluation,SingleResponse,12,EqualWeight,,11170,True,True,Performing Arts,439
DN-029,DN-029,SRV-PERFORMING-ARTS,Performing Arts,Performing Arts,SPT-DANCE-9926FD,CAT-DANCE-FUNCTION-4A8551,SUB-DANCE-FUNCTION-ADJACENCY-AND-ACCE-19E5F2,MS+HS,MS+HS,,What access does the space have to Dance All-Learner Locker Room?,,SingleSelect,Evaluation,SingleResponse,12,EqualWeight,,11180,True,True,Performing Arts,444
DN-030,DN-030,SRV-PERFORMING-ARTS,Performing Arts,Performing Arts,SPT-DANCE-9926FD,CAT-DANCE-INFRASTRUCTURE-C5A48B,SUB-DANCE-INFRASTRUC-UTILITIES-AND-TECH-CA0E71,MS+HS,MS+HS,,Is there an integrated sound system?,,YesNo,Evaluation,SingleResponse,12,EqualWeight,,11190,True,True,Performing Arts,449
DN-031,DN-031,SRV-PERFORMING-ARTS,Performing Arts,Performing Arts,SPT-DANCE-9926FD,CAT-DANCE-OBSERVATIONAL-0F84B8,SUB-DANCE-OBSERVATIO-OBSERVATIONAL-AC585B,MS+HS,MS+HS,,"Can the dance environment support movement-based learning, choreography, rehearsal, and performance preparation? (Check all that apply)",,MultiSelect,Observational,RecordedOnly,0,EqualWeight_Unscored,,11200,True,True,Performing Arts,453
DN-032,DN-032,SRV-PERFORMING-ARTS,Performing Arts,Performing Arts,SPT-DANCE-9926FD,CAT-DANCE-OBSERVATIONAL-0F84B8,SUB-DANCE-OBSERVATIO-OBSERVATIONAL-AC585B,MS+HS,MS+HS,,Can the environment support dance performance preparation and collaborative creative work? (Check all that apply),,MultiSelect,Observational,RecordedOnly,0,EqualWeight_Unscored,,11210,True,True,Performing Arts,459
MU-002,MU-002,SRV-STUDIOS,Studios,Studios,SPT-MUSIC-STUDIO-7170B4,CAT-MUSIC-STUDIO-FUNCTION-BAF786,SUB-MUSIC-STUDIO-FUNCTION-AVAILABILITY-B5A73D,ES,ES,,What access does the space have to a small group room?,,SingleSelect,Evaluation,SingleResponse,12,EqualWeight,,11220,True,True,Music,6
MU-003,MU-003,SRV-STUDIOS,Studios,Studios,SPT-MUSIC-STUDIO-7170B4,CAT-MUSIC-STUDIO-FUNCTION-BAF786,SUB-MUSIC-STUDIO-FUNCTION-LAYOUT-AND-FLEXIBI-6E211F,ES,ES,,Does the room shape allow for clear sightlines within the room and flexible room configuration options?,,YesNo,Evaluation,SingleResponse,12,EqualWeight,,11230,True,True,Music,12
MU-004,MU-004,SRV-STUDIOS,Studios,Studios,SPT-MUSIC-STUDIO-7170B4,CAT-MUSIC-STUDIO-INFRASTRUCTURE-241A8B,SUB-MUSIC-STUDIO-INFRASTRUC-UTILITIES-AND-TECH-A6490B,ES,ES,,Select all that apply (lighting),,MultiSelect,Evaluation,MixedItemScoring,12,EqualWeight,,11240,True,True,Music,16
MU-005,MU-005,SRV-STUDIOS,Studios,Studios,SPT-MUSIC-STUDIO-7170B4,CAT-MUSIC-STUDIO-OCCUPANT-EXPERIENC-F39AA2,SUB-MUSIC-STUDIO-OCCUPANT-E-AESTHETICS-32EB81,ES,ES,,Which of the following describes the condition of the wall finishes?,,SingleSelect,Evaluation,SingleResponse,12,EqualWeight,,11250,True,True,Music,20
MU-006,MU-006,SRV-STUDIOS,Studios,Studios,SPT-MUSIC-STUDIO-7170B4,CAT-MUSIC-STUDIO-OCCUPANT-EXPERIENC-F39AA2,SUB-MUSIC-STUDIO-OCCUPANT-E-OCCUPANT-COMFORT-433DB5,ES,ES,,Are there exterior windows?,,YesNo,Evaluation,SingleResponse,12,EqualWeight,,11260,True,True,Music,25
MU-007,MU-007,SRV-STUDIOS,Studios,Studios,SPT-MUSIC-STUDIO-7170B4,CAT-MUSIC-STUDIO-OCCUPANT-EXPERIENC-F39AA2,SUB-MUSIC-STUDIO-OCCUPANT-E-OCCUPANT-COMFORT-433DB5,ES,ES,,"Is daylight accessible through another means (e.g., an interior window shared with a space that has exterior windows)?",,SingleSelect,Evaluation,SingleResponse,12,EqualWeight,"MU-006 = ""No""",11270,True,True,Music,29
MU-008,MU-008,SRV-STUDIOS,Studios,Studios,SPT-MUSIC-STUDIO-7170B4,CAT-MUSIC-STUDIO-OCCUPANT-EXPERIENC-F39AA2,SUB-MUSIC-STUDIO-OCCUPANT-E-OCCUPANT-COMFORT-433DB5,ES,ES,,Select all that apply (exterior windows),,MultiSelect,Evaluation,MixedItemScoring,12,EqualWeight,"MU-006 = ""Yes""",11280,True,True,Music,34
MU-009,MU-009,SRV-STUDIOS,Studios,Studios,SPT-MUSIC-STUDIO-7170B4,CAT-MUSIC-STUDIO-OCCUPANT-EXPERIENC-F39AA2,SUB-MUSIC-STUDIO-OCCUPANT-E-OCCUPANT-COMFORT-433DB5,ES,ES,,What window coverings are provided on exterior windows?,,SingleSelect,Evaluation,SingleResponse,12,EqualWeight,"MU-006 = ""Yes""",11290,True,True,Music,38
MU-010,MU-010,SRV-STUDIOS,Studios,Studios,SPT-MUSIC-STUDIO-7170B4,CAT-MUSIC-STUDIO-AMENITIES-338CCC,SUB-MUSIC-STUDIO-AMENITIES-STORAGE-6DB355,ES,ES,,Select all that apply (storage),,MultiSelect,Inventory,RecordedOnly,0,EqualWeight_Unscored,,11300,True,True,Music,44
MU-011,MU-011,SRV-STUDIOS,Studios,Studios,SPT-MUSIC-STUDIO-7170B4,CAT-MUSIC-STUDIO-AMENITIES-338CCC,SUB-MUSIC-STUDIO-AMENITIES-STORAGE-6DB355,ES,ES,,How sufficient does the storage appear for the space's program needs?,,SingleSelect,Evaluation,SingleResponse,12,EqualWeight,,11310,True,True,Music,51
MU-012,MU-012,SRV-STUDIOS,Studios,Studios,SPT-MUSIC-STUDIO-7170B4,CAT-MUSIC-STUDIO-AMENITIES-338CCC,SUB-MUSIC-STUDIO-AMENITIES-STORAGE-6DB355,ES,ES,,How much casework is provided in the space?,,SingleSelect,Evaluation,SingleResponse,12,EqualWeight,,11320,True,True,Music,56
MU-013,MU-013,SRV-STUDIOS,Studios,Studios,SPT-MUSIC-STUDIO-7170B4,CAT-MUSIC-STUDIO-AMENITIES-338CCC,SUB-MUSIC-STUDIO-AMENITIES-STORAGE-6DB355,ES,ES,,How much countertop is provided in the space?,,SingleSelect,Evaluation,SingleResponse,12,EqualWeight,,11330,True,True,Music,61
MU-014,MU-014,SRV-STUDIOS,Studios,Studios,SPT-MUSIC-STUDIO-7170B4,CAT-MUSIC-STUDIO-AMENITIES-338CCC,SUB-MUSIC-STUDIO-AMENITIES-DISPLAY-AND-PRESEN-F2D458,ES,ES,,"How much writable surface (e.g., markerboard) is provided, excluding glass? Include both fixed and mobile writable surfaces in your count.",,SingleSelect,Evaluation,SingleResponse,12,EqualWeight,,11340,True,True,Music,66
MU-015,MU-015,SRV-STUDIOS,Studios,Studios,SPT-MUSIC-STUDIO-7170B4,CAT-MUSIC-STUDIO-AMENITIES-338CCC,SUB-MUSIC-STUDIO-AMENITIES-DISPLAY-AND-PRESEN-F2D458,ES,ES,,Which built-in systems for displaying student work are provided?,,MultiSelect,Inventory,RecordedOnly,0,EqualWeight_Unscored,,11350,True,True,Music,73
MU-016,MU-016,SRV-STUDIOS,Studios,Studios,SPT-MUSIC-STUDIO-7170B4,CAT-MUSIC-STUDIO-AMENITIES-338CCC,SUB-MUSIC-STUDIO-AMENITIES-DISPLAY-AND-PRESEN-F2D458,ES,ES,,How much tackboard/tackwall/tackstrip is provided? Include both fixed and mobile surfaces.,,SingleSelect,Evaluation,SingleResponse,12,EqualWeight,,11360,True,True,Music,80
MU-017,MU-017,SRV-STUDIOS,Studios,Studios,SPT-MUSIC-STUDIO-7170B4,CAT-MUSIC-STUDIO-AMENITIES-338CCC,SUB-MUSIC-STUDIO-AMENITIES-DISPLAY-AND-PRESEN-F2D458,ES,ES,,How much display case is provided?,,SingleSelect,Evaluation,SingleResponse,12,EqualWeight,,11370,True,True,Music,86
MU-018,MU-018,SRV-STUDIOS,Studios,Studios,SPT-MUSIC-STUDIO-7170B4,CAT-MUSIC-STUDIO-OCCUPANT-EXPERIENC-F39AA2,SUB-MUSIC-STUDIO-OCCUPANT-E-OCCUPANT-COMFORT-433DB5,ES,ES,,What type of acoustic treatment is in the room?,,MultiSelect,Inventory,RecordedOnly,0,EqualWeight_Unscored,,11380,True,True,Music,92
MU-019,MU-019,SRV-STUDIOS,Studios,Studios,SPT-MUSIC-STUDIO-7170B4,CAT-MUSIC-STUDIO-OCCUPANT-EXPERIENC-F39AA2,SUB-MUSIC-STUDIO-OCCUPANT-E-OCCUPANT-COMFORT-433DB5,ES,ES,,How many walls have acoustic treatment in the room?,,SingleSelect,Evaluation,SingleResponse,12,EqualWeight,,11390,True,True,Music,99
MU-020,MU-020,SRV-STUDIOS,Studios,Studios,SPT-MUSIC-STUDIO-7170B4,CAT-MUSIC-STUDIO-INFRASTRUCTURE-241A8B,SUB-MUSIC-STUDIO-INFRASTRUC-UTILITIES-AND-TECH-A6490B,ES,ES,,Are there any visible workarounds accommodating a lack of power outlets?,,YesNo,Evaluation,SingleResponse,12,EqualWeight,,11400,True,True,Music,106
MU-021,MU-021,SRV-STUDIOS,Studios,Studios,SPT-MUSIC-STUDIO-7170B4,CAT-MUSIC-STUDIO-OCCUPANT-EXPERIENC-F39AA2,SUB-MUSIC-STUDIO-OCCUPANT-E-SAFETY-AND-SUPERVI-86C17E,ES,ES,,What type of visibility is provided into the space from adjacent interior spaces or circulation?,Supports supervision and learning on display,MultiSelect,Evaluation,MixedItemScoring,12,EqualWeight,,11410,True,True,Music,110
MU-022,MU-022,SRV-STUDIOS,Studios,Studios,SPT-MUSIC-STUDIO-7170B4,CAT-MUSIC-STUDIO-OCCUPANT-EXPERIENC-F39AA2,SUB-MUSIC-STUDIO-OCCUPANT-E-SAFETY-AND-SUPERVI-86C17E,ES,ES,,How much of the wall facing the adjacent interior space or circulation is made up of interior window?,,SingleSelect,Inventory,RecordedOnly,0,EqualWeight_Unscored,"MU-021 includes ""Full-height interior window"" or ""Half-height interior window""",11420,True,True,Music,116
MU-023,MU-023,SRV-STUDIOS,Studios,Studios,SPT-MUSIC-STUDIO-7170B4,CAT-MUSIC-STUDIO-OCCUPANT-EXPERIENC-F39AA2,SUB-MUSIC-STUDIO-OCCUPANT-E-OCCUPANT-COMFORT-433DB5,ES,ES,,Select one (temperature control),,SingleSelect,Evaluation,SingleResponse,12,EqualWeight,,11430,True,True,Music,120
MU-024,MU-024,SRV-STUDIOS,Studios,Studios,SPT-MUSIC-STUDIO-7170B4,CAT-MUSIC-STUDIO-OCCUPANT-EXPERIENC-F39AA2,SUB-MUSIC-STUDIO-OCCUPANT-E-SAFETY-AND-SUPERVI-86C17E,ES,ES,,Select all that apply (safety),,MultiSelect,Evaluation,MixedItemScoring,12,EqualWeight,,11440,True,True,Music,125
MU-025,MU-025,SRV-STUDIOS,Studios,Studios,SPT-MUSIC-STUDIO-7170B4,CAT-MUSIC-STUDIO-AMENITIES-338CCC,SUB-MUSIC-STUDIO-AMENITIES-FURNITURE-AND-EQUI-F8BC42,ES,ES,,What is the condition of the furniture?,,SingleSelect,Evaluation,SingleResponse,12,EqualWeight,,11450,True,True,Music,131
MU-026,MU-026,SRV-STUDIOS,Studios,Studios,SPT-MUSIC-STUDIO-7170B4,CAT-MUSIC-STUDIO-AMENITIES-338CCC,SUB-MUSIC-STUDIO-AMENITIES-FURNITURE-AND-EQUI-F8BC42,ES,ES,,Select all that are present (pianos),,MultiSelect,Evaluation,MixedItemScoring,12,EqualWeight,,11460,True,True,Music,135
MU-027,MU-027,SRV-STUDIOS,Studios,Studios,SPT-MUSIC-STUDIO-7170B4,CAT-MUSIC-STUDIO-FUNCTION-BAF786,SUB-MUSIC-STUDIO-FUNCTION-AVAILABILITY-B5A73D,ES,ES,,Is protected instrument storage provided?,,YesNo,Evaluation,SingleResponse,12,EqualWeight,,11470,True,True,Music,139
MU-028,MU-028,SRV-STUDIOS,Studios,Studios,SPT-MUSIC-STUDIO-7170B4,CAT-MUSIC-STUDIO-INFRASTRUCTURE-241A8B,SUB-MUSIC-STUDIO-INFRASTRUC-FLOORING-AND-SURFA-3104D6,ES,ES,,What type of flooring is in the space?,,SingleSelect,Evaluation,SingleResponse,12,EqualWeight,,11480,True,True,Music,143
MU-029,MU-029,SRV-STUDIOS,Studios,Studios,SPT-MUSIC-STUDIO-7170B4,CAT-MUSIC-STUDIO-INFRASTRUCTURE-241A8B,SUB-MUSIC-STUDIO-INFRASTRUC-UTILITIES-AND-TECH-A6490B,ES,ES,,Select all that are present (water),,MultiSelect,Inventory,RecordedOnly,0,EqualWeight_Unscored,,11490,True,True,Music,150
MU-030,MU-030,SRV-STUDIOS,Studios,Studios,SPT-MUSIC-STUDIO-7170B4,CAT-MUSIC-STUDIO-OBSERVATIONAL-27727B,SUB-MUSIC-STUDIO-OBSERVATIO-OBSERVATIONAL-D0ED80,ES,ES,,Can the music environment support active music-making and diverse instructional approaches? (Check all that apply),,MultiSelect,Observational,RecordedOnly,0,EqualWeight_Unscored,,11500,True,True,Music,155
MT-001,MT-001,SRV-PERFORMING-ARTS,Performing Arts,Performing Arts,SPT-MUSIC-SUITE-96730D,CAT-MUSIC-SUITE-FUNCTION-970CF9,SUB-MUSIC-SUITE-FUNCTION-AVAILABILITY-20E6C0,MS+HS,MS+HS,,Select all that are present (spaces checklist),,MultiSelect,Inventory,RecordedOnly,0,EqualWeight_Unscored,,11510,True,True,Music,161
MT-002,MT-002,SRV-PERFORMING-ARTS,Performing Arts,Performing Arts,SPT-MUSIC-SUITE-96730D,CAT-MUSIC-SUITE-FUNCTION-970CF9,SUB-MUSIC-SUITE-FUNCTION-AVAILABILITY-20E6C0,MS+HS,MS+HS,,How many rehearsal halls are in the Music Suite?,,SingleSelect,Evaluation,SingleResponse,12,EqualWeight,,11520,True,True,Music,169
MT-003,MT-003,SRV-PERFORMING-ARTS,Performing Arts,Performing Arts,SPT-MUSIC-SUITE-96730D,CAT-MUSIC-SUITE-OCCUPANT-EXPERIENC-44E346,SUB-MUSIC-SUITE-OCCUPANT-E-CIRCULATION-AND-EG-13B292,MS+HS,MS+HS,,Does the circulation space in the music suite provide sufficient circulation for large numbers of learners moving to and from the Rehearsal Halls?,,YesNo,Evaluation,SingleResponse,12,EqualWeight,,11530,True,True,Music,176
MT-004,MT-004,SRV-PERFORMING-ARTS,Performing Arts,Performing Arts,SPT-MUSIC-SUITE-96730D,CAT-MUSIC-SUITE-AMENITIES-5583EE,SUB-MUSIC-SUITE-AMENITIES-STORAGE-E0041F,MS,MS,,What type of storage is provided in the Music Suite?,,MultiSelect,Inventory,RecordedOnly,0,EqualWeight_Unscored,,11540,True,True,Music,180
MT-005,MT-005,SRV-PERFORMING-ARTS,Performing Arts,Performing Arts,SPT-MUSIC-SUITE-96730D,CAT-MUSIC-SUITE-AMENITIES-5583EE,SUB-MUSIC-SUITE-AMENITIES-STORAGE-E0041F,HS,HS,,What type of storage is provided in the Music Suite?,,MultiSelect,Inventory,RecordedOnly,0,EqualWeight_Unscored,,11550,True,True,Music,188
MT-006,MT-006,SRV-PERFORMING-ARTS,Performing Arts,Performing Arts,SPT-MUSIC-SUITE-96730D,CAT-MUSIC-SUITE-AMENITIES-5583EE,SUB-MUSIC-SUITE-AMENITIES-STORAGE-E0041F,MS+HS,MS+HS,,How sufficient does the storage appear for the space's program needs?,,SingleSelect,Evaluation,SingleResponse,12,EqualWeight,,11560,True,True,Music,198
MT-007,MT-007,SRV-PERFORMING-ARTS,Performing Arts,Performing Arts,SPT-MUSIC-SUITE-96730D,CAT-MUSIC-SUITE-AMENITIES-5583EE,SUB-MUSIC-SUITE-AMENITIES-STORAGE-E0041F,MS+HS,MS+HS,,Where are instruments being stored?,,MultiSelect,Evaluation,MixedItemScoring,12,EqualWeight,,11570,True,True,Music,203
MT-008,MT-008,SRV-PERFORMING-ARTS,Performing Arts,Performing Arts,SPT-MUSIC-SUITE-96730D,CAT-MUSIC-SUITE-FUNCTION-970CF9,SUB-MUSIC-SUITE-FUNCTION-ADJACENCY-AND-ACCE-EA01E3,MS+HS,MS+HS,,Is the instrument storage space directly accessible from the music rehearsal hall?,,YesNo,Evaluation,SingleResponse,12,EqualWeight,,11580,True,True,Music,210
MT-009,MT-009,SRV-PERFORMING-ARTS,Performing Arts,Performing Arts,SPT-MUSIC-SUITE-96730D,CAT-MUSIC-SUITE-FUNCTION-970CF9,SUB-MUSIC-SUITE-FUNCTION-ADJACENCY-AND-ACCE-EA01E3,HS,HS,,Are there additional storage spaces directly accessible from the music rehearsal hall?,,YesNo,Evaluation,SingleResponse,12,EqualWeight,,11590,True,True,Music,214
MT-010,MT-010,SRV-PERFORMING-ARTS,Performing Arts,Performing Arts,SPT-MUSIC-SUITE-96730D,CAT-MUSIC-SUITE-AMENITIES-5583EE,SUB-MUSIC-SUITE-AMENITIES-STORAGE-E0041F,MS+HS,MS+HS,,How much casework is provided in the Music Library & Workroom?,,SingleSelect,Evaluation,SingleResponse,12,EqualWeight,,11600,True,True,Music,218
MT-011,MT-011,SRV-PERFORMING-ARTS,Performing Arts,Performing Arts,SPT-MUSIC-SUITE-96730D,CAT-MUSIC-SUITE-AMENITIES-5583EE,SUB-MUSIC-SUITE-AMENITIES-STORAGE-E0041F,MS+HS,MS+HS,,How much countertop is provided in the Music Library & Workroom?,,SingleSelect,Evaluation,SingleResponse,12,EqualWeight,,11610,True,True,Music,223
MT-012,MT-012,SRV-PERFORMING-ARTS,Performing Arts,Performing Arts,SPT-MUSIC-SUITE-96730D,CAT-MUSIC-SUITE-FUNCTION-970CF9,SUB-MUSIC-SUITE-FUNCTION-AVAILABILITY-20E6C0,HS,HS,,Are there a dedicated prep/dressing spaces directly accessible from the Fine Arts Suite?,,YesNo,Evaluation,SingleResponse,12,EqualWeight,,11620,True,True,Music,228
MT-013,MT-013,SRV-PERFORMING-ARTS,Performing Arts,Performing Arts,SPT-MUSIC-SUITE-96730D,CAT-MUSIC-SUITE-FUNCTION-970CF9,SUB-MUSIC-SUITE-FUNCTION-AVAILABILITY-20E6C0,MS+HS,MS+HS,,Are practice rooms dispersed throughout the music wing and accessible from corridors to ensure equitable use by all music programs?,,YesNo,Evaluation,SingleResponse,12,EqualWeight,,11630,True,True,Music,232
MT-014,MT-014,SRV-PERFORMING-ARTS,Performing Arts,Performing Arts,SPT-MUSIC-SUITE-96730D,CAT-MUSIC-SUITE-FUNCTION-970CF9,SUB-MUSIC-SUITE-FUNCTION-AVAILABILITY-20E6C0,MS+HS,MS+HS,,How many of the practice rooms have direct sightlines from the primary circulation?,,SingleSelect,Evaluation,SingleResponse,12,EqualWeight,,11640,True,True,Music,236
MT-015,MT-015,SRV-PERFORMING-ARTS,Performing Arts,Performing Arts,SPT-MUSIC-SUITE-96730D,CAT-MUSIC-SUITE-OCCUPANT-EXPERIENC-44E346,SUB-MUSIC-SUITE-OCCUPANT-E-OCCUPANT-COMFORT-15B49B,MS+HS,MS+HS,,What type of acoustic treatment is in the practice rooms?,,MultiSelect,Inventory,RecordedOnly,0,EqualWeight_Unscored,,11650,True,True,Music,242
MT-016,MT-016,SRV-PERFORMING-ARTS,Performing Arts,Performing Arts,SPT-MUSIC-SUITE-96730D,CAT-MUSIC-SUITE-OCCUPANT-EXPERIENC-44E346,SUB-MUSIC-SUITE-OCCUPANT-E-OCCUPANT-COMFORT-15B49B,MS+HS,MS+HS,,How many walls have acoustic treatment in the practice rooms?,,SingleSelect,Evaluation,SingleResponse,12,EqualWeight,,11660,True,True,Music,250
MT-017,MT-017,SRV-PERFORMING-ARTS,Performing Arts,Performing Arts,SPT-MUSIC-SUITE-96730D,CAT-MUSIC-SUITE-AMENITIES-5583EE,SUB-MUSIC-SUITE-AMENITIES-DISPLAY-AND-PRESEN-E875BC,MS+HS,MS+HS,,"How much writable surface (e.g., markerboard) is provided in the practice rooms, excluding glass?",,SingleSelect,Evaluation,SingleResponse,12,EqualWeight,,11670,True,True,Music,257
MT-018,MT-018,SRV-PERFORMING-ARTS,Performing Arts,Performing Arts,SPT-MUSIC-SUITE-96730D,CAT-MUSIC-SUITE-FUNCTION-970CF9,SUB-MUSIC-SUITE-FUNCTION-LAYOUT-AND-FLEXIBI-B58CDE,MS+HS,MS+HS,,Does the medium practice room have a minimum clear floor space (floor to underside of ceiling/structure) of 12'?,,YesNo,Evaluation,SingleResponse,12,EqualWeight,,11680,True,True,Music,262
MT-019,MT-019,SRV-PERFORMING-ARTS,Performing Arts,Performing Arts,SPT-MUSIC-SUITE-96730D,CAT-MUSIC-SUITE-FUNCTION-970CF9,SUB-MUSIC-SUITE-FUNCTION-LAYOUT-AND-FLEXIBI-B58CDE,MS+HS,MS+HS,,Do the small practice rooms have a minimum clear floor space (floor to underside of ceiling/structure) of 12'?,,YesNo,Evaluation,SingleResponse,12,EqualWeight,,11690,True,True,Music,266
MT-020,MT-020,SRV-PERFORMING-ARTS,Performing Arts,Performing Arts,SPT-MUSIC-SUITE-96730D,CAT-MUSIC-SUITE-OBSERVATIONAL-2634FA,SUB-MUSIC-SUITE-OBSERVATIO-OBSERVATIONAL-060777,MS+HS,MS+HS,,"Can the Practice Rooms support independent practice, collaboration, and creative development? (Check all that apply)",,MultiSelect,Observational,RecordedOnly,0,EqualWeight_Unscored,,11700,True,True,Music,270
RH-001,RH-001,SRV-PERFORMING-ARTS,Performing Arts,Performing Arts,SPT-REHEARSAL-HALL-4608D6,CAT-REHEARSAL-HALL-FUNCTION-CBB434,SUB-REHEARSAL-HA-FUNCTION-LAYOUT-AND-FLEXIBI-15FA11,MS+HS,MS+HS,,What size rehearsal hall is this?,,SingleSelect,Inventory,RecordedOnly,0,EqualWeight_Unscored,,11710,True,True,Music,276
RH-002,RH-002,SRV-PERFORMING-ARTS,Performing Arts,Performing Arts,SPT-REHEARSAL-HALL-4608D6,CAT-REHEARSAL-HALL-FUNCTION-CBB434,SUB-REHEARSAL-HA-FUNCTION-LAYOUT-AND-FLEXIBI-15FA11,MS+HS,MS+HS,,The large rehearsal hall has a minimum clear floor space (floor to underside of ceiling/structure) of 20'?,,YesNo,Evaluation,SingleResponse,12,EqualWeight,"RH-001 = ""Large Rehearsal Hall""",11720,True,True,Music,280
RH-003,RH-003,SRV-PERFORMING-ARTS,Performing Arts,Performing Arts,SPT-REHEARSAL-HALL-4608D6,CAT-REHEARSAL-HALL-FUNCTION-CBB434,SUB-REHEARSAL-HA-FUNCTION-LAYOUT-AND-FLEXIBI-15FA11,MS+HS,MS+HS,,The medium rehearsal hall has a minimum clear floor space (floor to underside of ceiling/structure) of 18'?,,YesNo,Evaluation,SingleResponse,12,EqualWeight,"RH-001 = ""Medium Rehearsal Hall""",11730,True,True,Music,284
RH-004,RH-004,SRV-PERFORMING-ARTS,Performing Arts,Performing Arts,SPT-REHEARSAL-HALL-4608D6,CAT-REHEARSAL-HALL-FUNCTION-CBB434,SUB-REHEARSAL-HA-FUNCTION-LAYOUT-AND-FLEXIBI-15FA11,MS+HS,MS+HS,,The small rehearsal hall has a minimum clear floor space (floor to underside of ceiling/structure) of 16'?,,YesNo,Evaluation,SingleResponse,12,EqualWeight,"RH-001 = ""Small Rehearsal Hall""",11740,True,True,Music,288
RH-005,RH-005,SRV-PERFORMING-ARTS,Performing Arts,Performing Arts,SPT-REHEARSAL-HALL-4608D6,CAT-REHEARSAL-HALL-OCCUPANT-EXPERIENC-D2CFC3,SUB-REHEARSAL-HA-OCCUPANT-E-OCCUPANT-COMFORT-1D29D4,MS+HS,MS+HS,,What type of acoustic treatment is in the rehearsal hall?,,MultiSelect,Inventory,RecordedOnly,0,EqualWeight_Unscored,,11750,True,True,Music,292
RH-006,RH-006,SRV-PERFORMING-ARTS,Performing Arts,Performing Arts,SPT-REHEARSAL-HALL-4608D6,CAT-REHEARSAL-HALL-OCCUPANT-EXPERIENC-D2CFC3,SUB-REHEARSAL-HA-OCCUPANT-E-OCCUPANT-COMFORT-1D29D4,MS+HS,MS+HS,,How many walls have acoustic treatment in the rehearsal hall?,,SingleSelect,Evaluation,SingleResponse,12,EqualWeight,,11760,True,True,Music,299
RH-007,RH-007,SRV-PERFORMING-ARTS,Performing Arts,Performing Arts,SPT-REHEARSAL-HALL-4608D6,CAT-REHEARSAL-HALL-INFRASTRUCTURE-EB4498,SUB-REHEARSAL-HA-INFRASTRUC-UTILITIES-AND-TECH-6E9B52,MS+HS,MS+HS,,Select all that apply (lighting),,MultiSelect,Evaluation,MixedItemScoring,12,EqualWeight,,11770,True,True,Music,306
RH-008,RH-008,SRV-PERFORMING-ARTS,Performing Arts,Performing Arts,SPT-REHEARSAL-HALL-4608D6,CAT-REHEARSAL-HALL-AMENITIES-D79C89,SUB-REHEARSAL-HA-AMENITIES-STORAGE-3D5886,MS+HS,MS+HS,,Select all that apply (storage),,MultiSelect,Inventory,RecordedOnly,0,EqualWeight_Unscored,,11780,True,True,Music,311
RH-009,RH-009,SRV-PERFORMING-ARTS,Performing Arts,Performing Arts,SPT-REHEARSAL-HALL-4608D6,CAT-REHEARSAL-HALL-AMENITIES-D79C89,SUB-REHEARSAL-HA-AMENITIES-FURNITURE-AND-EQUI-364A6B,MS+HS,MS+HS,,Select all that are present (equipment),,MultiSelect,Inventory,RecordedOnly,0,EqualWeight_Unscored,,11790,True,True,Music,318
RH-010,RH-010,SRV-PERFORMING-ARTS,Performing Arts,Performing Arts,SPT-REHEARSAL-HALL-4608D6,CAT-REHEARSAL-HALL-AMENITIES-D79C89,SUB-REHEARSAL-HA-AMENITIES-STORAGE-3D5886,MS+HS,MS+HS,,How much casework is provided in the space?,,SingleSelect,Evaluation,SingleResponse,12,EqualWeight,,11800,True,True,Music,328
RH-011,RH-011,SRV-PERFORMING-ARTS,Performing Arts,Performing Arts,SPT-REHEARSAL-HALL-4608D6,CAT-REHEARSAL-HALL-AMENITIES-D79C89,SUB-REHEARSAL-HA-AMENITIES-DISPLAY-AND-PRESEN-CB4D5A,MS+HS,MS+HS,,"How much writable surface (e.g., markerboard) is provided, excluding glass? Include both fixed and mobile writable surfaces in your count.",,SingleSelect,Evaluation,SingleResponse,12,EqualWeight,,11810,True,True,Music,333
RH-012,RH-012,SRV-PERFORMING-ARTS,Performing Arts,Performing Arts,SPT-REHEARSAL-HALL-4608D6,CAT-REHEARSAL-HALL-AMENITIES-D79C89,SUB-REHEARSAL-HA-AMENITIES-DISPLAY-AND-PRESEN-CB4D5A,MS+HS,MS+HS,,How much display case is provided?,,SingleSelect,Evaluation,SingleResponse,12,EqualWeight,,11820,True,True,Music,341
RH-013,RH-013,SRV-PERFORMING-ARTS,Performing Arts,Performing Arts,SPT-REHEARSAL-HALL-4608D6,CAT-REHEARSAL-HALL-AMENITIES-D79C89,SUB-REHEARSAL-HA-AMENITIES-DISPLAY-AND-PRESEN-CB4D5A,MS+HS,MS+HS,,Are a motorized projection screen and ceiling/wall-mounted projector provided in the rehearsal hall?,,YesNo,Evaluation,SingleResponse,12,EqualWeight,,11830,True,True,Music,346
RH-014,RH-014,SRV-PERFORMING-ARTS,Performing Arts,Performing Arts,SPT-REHEARSAL-HALL-4608D6,CAT-REHEARSAL-HALL-INFRASTRUCTURE-EB4498,SUB-REHEARSAL-HA-INFRASTRUC-UTILITIES-AND-TECH-6E9B52,MS+HS,MS+HS,,Are there any visible workarounds accommodating a lack of power outlets?,,YesNo,Evaluation,SingleResponse,12,EqualWeight,,11840,True,True,Music,350
RH-015,RH-015,SRV-PERFORMING-ARTS,Performing Arts,Performing Arts,SPT-REHEARSAL-HALL-4608D6,CAT-REHEARSAL-HALL-OCCUPANT-EXPERIENC-D2CFC3,SUB-REHEARSAL-HA-OCCUPANT-E-OCCUPANT-COMFORT-1D29D4,MS+HS,MS+HS,,Select one (temperature control),,SingleSelect,Evaluation,SingleResponse,12,EqualWeight,,11850,True,True,Music,354
RH-016,RH-016,SRV-PERFORMING-ARTS,Performing Arts,Performing Arts,SPT-REHEARSAL-HALL-4608D6,CAT-REHEARSAL-HALL-OCCUPANT-EXPERIENC-D2CFC3,SUB-REHEARSAL-HA-OCCUPANT-E-SAFETY-AND-SUPERVI-975F59,MS+HS,MS+HS,,Select all that apply (safety),,MultiSelect,Evaluation,MixedItemScoring,12,EqualWeight,,11860,True,True,Music,359
RH-017,RH-017,SRV-PERFORMING-ARTS,Performing Arts,Performing Arts,SPT-REHEARSAL-HALL-4608D6,CAT-REHEARSAL-HALL-INFRASTRUCTURE-EB4498,SUB-REHEARSAL-HA-INFRASTRUC-FLOORING-AND-SURFA-F14460,MS+HS,MS+HS,,What type of flooring is in the space?,,SingleSelect,Evaluation,SingleResponse,12,EqualWeight,,11870,True,True,Music,365
RH-018,RH-018,SRV-PERFORMING-ARTS,Performing Arts,Performing Arts,SPT-REHEARSAL-HALL-4608D6,CAT-REHEARSAL-HALL-OCCUPANT-EXPERIENC-D2CFC3,SUB-REHEARSAL-HA-OCCUPANT-E-OCCUPANT-COMFORT-1D29D4,MS+HS,MS+HS,,Are there exterior windows?,,YesNo,Evaluation,SingleResponse,12,EqualWeight,,11880,True,True,Music,373
RH-019,RH-019,SRV-PERFORMING-ARTS,Performing Arts,Performing Arts,SPT-REHEARSAL-HALL-4608D6,CAT-REHEARSAL-HALL-OCCUPANT-EXPERIENC-D2CFC3,SUB-REHEARSAL-HA-OCCUPANT-E-OCCUPANT-COMFORT-1D29D4,MS+HS,MS+HS,,"Is daylight accessible through another means (e.g., an interior window shared with a space that has exterior windows)?",,SingleSelect,Evaluation,SingleResponse,12,EqualWeight,"RH-018 = ""No""",11890,True,True,Music,377
RH-020,RH-020,SRV-PERFORMING-ARTS,Performing Arts,Performing Arts,SPT-REHEARSAL-HALL-4608D6,CAT-REHEARSAL-HALL-OCCUPANT-EXPERIENC-D2CFC3,SUB-REHEARSAL-HA-OCCUPANT-E-OCCUPANT-COMFORT-1D29D4,MS+HS,MS+HS,,Select all that apply (exterior windows),,MultiSelect,Evaluation,MixedItemScoring,12,EqualWeight,"RH-018 = ""Yes""",11900,True,True,Music,382
RH-021,RH-021,SRV-PERFORMING-ARTS,Performing Arts,Performing Arts,SPT-REHEARSAL-HALL-4608D6,CAT-REHEARSAL-HALL-OCCUPANT-EXPERIENC-D2CFC3,SUB-REHEARSAL-HA-OCCUPANT-E-OCCUPANT-COMFORT-1D29D4,MS+HS,MS+HS,,What window coverings are provided on exterior windows?,,SingleSelect,Evaluation,SingleResponse,12,EqualWeight,"RH-018 = ""Yes""",11910,True,True,Music,386
RH-022,RH-022,SRV-PERFORMING-ARTS,Performing Arts,Performing Arts,SPT-REHEARSAL-HALL-4608D6,CAT-REHEARSAL-HALL-OCCUPANT-EXPERIENC-D2CFC3,SUB-REHEARSAL-HA-OCCUPANT-E-CIRCULATION-AND-EG-DC0497,MS+HS,MS+HS,,"Is at least one interior door a minimum of 84"" wide?",,YesNo,Evaluation,SingleResponse,12,EqualWeight,,11920,True,True,Music,392
RH-023,RH-023,SRV-PERFORMING-ARTS,Performing Arts,Performing Arts,SPT-REHEARSAL-HALL-4608D6,CAT-REHEARSAL-HALL-INFRASTRUCTURE-EB4498,SUB-REHEARSAL-HA-INFRASTRUC-UTILITIES-AND-TECH-6E9B52,MS+HS,MS+HS,,Select all that are present (water),,MultiSelect,Evaluation,MixedItemScoring,12,EqualWeight,,11930,True,True,Music,396
RH-024,RH-024,SRV-PERFORMING-ARTS,Performing Arts,Performing Arts,SPT-REHEARSAL-HALL-4608D6,CAT-REHEARSAL-HALL-OBSERVATIONAL-6BC0EA,SUB-REHEARSAL-HA-OBSERVATIO-OBSERVATIONAL-27F780,MS+HS,MS+HS,,"Can the Band Hall support rehearsal, performance preparation, and ensemble development? (Check all that apply)",,MultiSelect,Observational,RecordedOnly,0,EqualWeight_Unscored,,11940,True,True,Music,400
RH-025,RH-025,SRV-PERFORMING-ARTS,Performing Arts,Performing Arts,SPT-REHEARSAL-HALL-4608D6,CAT-REHEARSAL-HALL-OBSERVATIONAL-6BC0EA,SUB-REHEARSAL-HA-OBSERVATIO-OBSERVATIONAL-27F780,MS+HS,MS+HS,,"Can the Orchestra Hall support rehearsal, performance preparation, and ensemble development? (Check all that apply)",,MultiSelect,Observational,RecordedOnly,0,EqualWeight_Unscored,,11950,True,True,Music,406
RH-026,RH-026,SRV-PERFORMING-ARTS,Performing Arts,Performing Arts,SPT-REHEARSAL-HALL-4608D6,CAT-REHEARSAL-HALL-OBSERVATIONAL-6BC0EA,SUB-REHEARSAL-HA-OBSERVATIO-OBSERVATIONAL-27F780,MS+HS,MS+HS,,"Can the Choir Hall support vocal instruction, rehearsal, and performance preparation? (Check all that apply)",,MultiSelect,Observational,RecordedOnly,0,EqualWeight_Unscored,,11960,True,True,Music,412
GE-001,GE-001,SRV-GENERAL,General,General,SPT-CAMPUS-827B2F,CAT-CAMPUS-GENERAL-CAMPUS-3600E7,SUB-CAMPUS-GENERAL-CA-AESTHETICS-B6E8B9,ALL,ALL,,Which of the following best describes the general appearance and wear of the school?,,SingleSelect,Evaluation,SingleResponse,12,EqualWeight,,11970,True,True,General,2
GE-002,GE-002,SRV-GENERAL,General,General,SPT-GENERAL-83D639,CAT-GENERAL-INFRASTRUCTURE-D0C830,SUB-GENERAL-INFRASTRUC-LIGHTING-2026BE,ALL,ALL,,What is the quality of site lighting distribution across the campus?,,SingleSelect,Evaluation,SingleResponse,12,EqualWeight,,11980,True,True,General,7
GE-003,GE-003,SRV-GENERAL,General,General,SPT-GENERAL-83D639,CAT-GENERAL-INFRASTRUCTURE-D0C830,SUB-GENERAL-INFRASTRUC-DELIVERIES-5EF2E3,ALL,ALL,,Do service deliveries happen away from the main entry?,,YesNo,Evaluation,SingleResponse,12,EqualWeight,,11990,True,True,General,12
GE-004,GE-004,SRV-GENERAL,General,General,SPT-CAMPUS-827B2F,CAT-CAMPUS-GENERAL-CAMPUS-3600E7,SUB-CAMPUS-GENERAL-CA-BUILDING-ORGANIZAT-B9C4C8,ALL,ALL,,Which of the following best describes the ease of wayfinding through the school?,,SingleSelect,Evaluation,SingleResponse,12,EqualWeight,,12000,True,True,General,16
GE-005,GE-005,SRV-GENERAL,General,General,SPT-CAMPUS-827B2F,CAT-CAMPUS-GENERAL-CAMPUS-3600E7,SUB-CAMPUS-GENERAL-CA-BUILDING-ORGANIZAT-B9C4C8,ALL,ALL,,Is the school divided into clearly defined neighborhoods?,,SingleSelect,Evaluation,SingleResponse,12,EqualWeight,,12010,True,True,General,21
GE-006,GE-006,SRV-GENERAL,General,General,SPT-CAMPUS-827B2F,CAT-CAMPUS-GENERAL-CAMPUS-3600E7,SUB-CAMPUS-GENERAL-CA-BUILDING-ORGANIZAT-B9C4C8,ALL,ALL,,"For campuses with multiple buildings, are covered connections (canopies, breezeways, or interior connections) provided between buildings?",,SingleSelect,Evaluation,SingleResponse,12,EqualWeight,,12020,True,True,General,25
GE-007,GE-007,SRV-GENERAL,General,General,SPT-CAMPUS-827B2F,CAT-CAMPUS-GENERAL-CAMPUS-3600E7,SUB-CAMPUS-GENERAL-CA-BUILDING-ORGANIZAT-B9C4C8,ALL,ALL,,Select all that apply (dispersed resources),,MultiSelect,Evaluation,MixedItemScoring,12,EqualWeight,,12030,True,True,General,30
GE-008,GE-008,SRV-GENERAL,General,General,SPT-CAMPUS-827B2F,CAT-CAMPUS-GENERAL-CAMPUS-3600E7,SUB-CAMPUS-GENERAL-CA-BUILDING-ORGANIZAT-B9C4C8,ALL,ALL,,Select all that apply (dispersed restrooms),,MultiSelect,Evaluation,MixedItemScoring,12,EqualWeight,,12040,True,True,General,36
GE-009,GE-009,SRV-GENERAL,General,General,SPT-CAMPUS-827B2F,CAT-CAMPUS-FUNCTION-68D5F5,SUB-CAMPUS-FUNCTION-ADJACENCY-AND-ACCE-8E890D,MS+HS,MS+HS,,"Are art galleries located throughout the building for exhibitions, reviews, and presentations?",,YesNo,Evaluation,SingleResponse,12,EqualWeight,,12050,True,True,General,41
GE-010,GE-010,SRV-GENERAL,General,General,SPT-CAMPUS-827B2F,CAT-CAMPUS-GENERAL-CAMPUS-3600E7,SUB-CAMPUS-GENERAL-CA-ELEVATORS-C973B6,ALL,ALL,,How many elevators are there?,,SingleSelect,Evaluation,SingleResponse,12,EqualWeight,,12060,True,True,General,45
GE-011,GE-011,SRV-GENERAL,General,General,SPT-CAMPUS-827B2F,CAT-CAMPUS-GENERAL-CAMPUS-3600E7,SUB-CAMPUS-GENERAL-CA-DISPLAY-AND-PRESEN-511FA4,ALL,ALL,,Select all that apply (learning on display),,MultiSelect,Evaluation,MixedItemScoring,12,EqualWeight,,12070,True,True,General,50
GE-012,GE-012,SRV-GENERAL,General,General,SPT-CAMPUS-827B2F,CAT-CAMPUS-GENERAL-CAMPUS-3600E7,SUB-CAMPUS-GENERAL-CA-CLOSEOUT-035222,ALL,ALL,,Do the room numbers on the campus match the plan provided?,,SingleSelect,Inventory,RecordedOnly,0,EqualWeight_Unscored,,12080,True,True,General,56
GE-013,GE-013,SRV-GENERAL,General,General,SPT-CAMPUS-827B2F,CAT-CAMPUS-GENERAL-CAMPUS-3600E7,SUB-CAMPUS-GENERAL-CA-CLOSEOUT-035222,ALL,ALL,,Select all that apply (room signage details),,MultiSelect,Inventory,RecordedOnly,0,EqualWeight_Unscored,,12090,True,True,General,60
GE-014,GE-014,SRV-CLOSEOUT,Closeout,Closeout,SPT-CAMPUS-8C248A,CAT-CAMPUS-OBSERVATIONAL-7A8FC2,SUB-CAMPUS-OBSERVATIO-OBSERVATIONAL-E828CA,ALL,ALL,,Commons spaces are observed being utilized by students (e.g. open gathering spaces around stairs or adjacent to large group areas; where applicable).,,YesNo,Observational,RecordedOnly,0,EqualWeight_Unscored,,12100,True,True,General,65
GE-015,GE-015,SRV-GENERAL,General,General,SPT-CAMPUS-827B2F,CAT-CAMPUS-GENERAL-CAMPUS-3600E7,SUB-CAMPUS-GENERAL-CA-CLOSEOUT-035222,ALL,ALL,,Are there any unique situations or user adaptations you observed? Please describe.,,Text,Observational,RecordedOnly,0,EqualWeight_Unscored,,12110,False,True,General,69
GE-016,GE-016,SRV-GENERAL,General,General,SPT-CAMPUS-827B2F,CAT-CAMPUS-GENERAL-CAMPUS-3600E7,SUB-CAMPUS-GENERAL-CA-CLOSEOUT-035222,ALL,ALL,,Are there any chronic challenges you observed or were mentioned while on site? Please describe.,,Text,Observational,RecordedOnly,0,EqualWeight_Unscored,,12120,False,True,General,70
GE-017,GE-017,SRV-GENERAL,General,General,SPT-CAMPUS-827B2F,CAT-CAMPUS-GENERAL-CAMPUS-3600E7,SUB-CAMPUS-GENERAL-CA-CLOSEOUT-035222,ALL,ALL,,Is there anything that was not asked in the survey that is important to note?,,Text,Observational,RecordedOnly,0,EqualWeight_Unscored,,12130,False,True,General,71
GE-018,GE-018,SRV-GENERAL,General,General,SPT-CAMPUS-827B2F,CAT-CAMPUS-GENERAL-CAMPUS-3600E7,SUB-CAMPUS-GENERAL-CA-CLOSEOUT-035222,ALL,ALL,,What questions are you leaving the campus with?,,Text,Observational,RecordedOnly,0,EqualWeight_Unscored,,12140,False,True,General,72
