OptionID,QuestionID,SourceScoreID,ResponseOption,OptionScore,OptionScoreSource,ItemScoringMode,ScoreGroupID,MaxPoints,ItemWeight,IsExclusionOption,ConditionalOn,DisplayOrder,IsActive,SourceSheet,SourceRow
OPT-ST-002-01,ST-002,ST-002a,Yes,1,Source,SingleResponse,SR-ST-002-ST-002A,1,1,False,,10,True,Studios,7
OPT-ST-002-02,ST-002,ST-002a,No,0,Source,SingleResponse,SR-ST-002-ST-002A,1,1,False,,20,True,Studios,8
OPT-ST-002-03,ST-002,ST-002a,Unable to assess (note reason),,Exclusion,SingleResponse,SR-ST-002-ST-002A,0,1,True,,30,True,Studios,9
OPT-ST-003-01,ST-003,ST-003a,Yes,1,Source,SingleResponse,SR-ST-003-ST-003A,1,1,False,,10,True,Studios,11
OPT-ST-003-02,ST-003,ST-003a,No,0,Source,SingleResponse,SR-ST-003-ST-003A,1,1,False,,20,True,Studios,12
OPT-ST-003-03,ST-003,ST-003a,Unable to assess (note reason),,Exclusion,SingleResponse,SR-ST-003-ST-003A,0,1,True,,30,True,Studios,13
OPT-ST-004-01,ST-004,ST-004a,Primary light fixtures are dimmable,1,Source,SingleResponse,SR-ST-004-ST-004A,1,1,False,,10,True,Studios,15
OPT-ST-004-02,ST-004,ST-004b,Primary light fixtures are LED,1,Source,SingleResponse,SR-ST-004-ST-004B,1,1,False,,20,True,Studios,16
OPT-ST-004-03,ST-004,ST-004c,None of the above,0,Source,SingleResponse,SR-ST-004-ST-004C,1,1,False,,30,True,Studios,17
OPT-ST-005-01,ST-005,ST-005a,Good - walls are painted in light colors and accent color is used to reduce monotony,1,Source,SingleResponse,SR-ST-005-ST-005A,1,1,False,,10,True,Studios,19
OPT-ST-005-02,ST-005,ST-005a,Fair - walls are painted in light colors but no accent color is used,0.5,Source,SingleResponse,SR-ST-005-ST-005A,1,1,False,,20,True,Studios,20
OPT-ST-005-03,ST-005,ST-005a,Poor - walls are painted in dark or monotonous colors,0,Source,SingleResponse,SR-ST-005-ST-005A,1,1,False,,30,True,Studios,21
OPT-ST-005-04,ST-005,ST-005a,Unable to assess (note reason),,Exclusion,SingleResponse,SR-ST-005-ST-005A,0,1,True,,40,True,Studios,22
OPT-ST-006-01,ST-006,ST-006a,Yes,1,Source,SingleResponse,SR-ST-006-ST-006A,1,1,False,,10,True,Studios,24
OPT-ST-006-02,ST-006,ST-006a,No,0,Source,SingleResponse,SR-ST-006-ST-006A,1,1,False,,20,True,Studios,25
OPT-ST-006-03,ST-006,ST-006a,Unable to assess (note reason),,Exclusion,SingleResponse,SR-ST-006-ST-006A,0,1,True,,30,True,Studios,26
OPT-ST-007-01,ST-007,ST-007a,"Yes, and there are views to the exterior",1,Source,SingleResponse,SR-ST-007-ST-007A,1,1,False,,10,True,Studios,28
OPT-ST-007-02,ST-007,ST-007a,"Yes, but there are no views to the exterior",0.5,Source,SingleResponse,SR-ST-007-ST-007A,1,1,False,,20,True,Studios,29
OPT-ST-007-03,ST-007,ST-007a,No,0,Source,SingleResponse,SR-ST-007-ST-007A,1,1,False,,30,True,Studios,30
OPT-ST-007-04,ST-007,ST-007a,Unable to assess (note reason),,Exclusion,SingleResponse,SR-ST-007-ST-007A,0,1,True,,40,True,Studios,31
OPT-ST-008-01,ST-008,ST-008a,"Access to views of the outdoors (e.g., not solely a view of an exterior wall)",1,Source,SingleResponse,SR-ST-008-ST-008A,1,1,False,,10,True,Studios,33
OPT-ST-008-02,ST-008,ST-008b,Only clerestory windows are provided,0.5,Source,SingleResponse,SR-ST-008-ST-008B,1,1,False,,20,True,Studios,34
OPT-ST-008-03,ST-008,ST-008c,None of the above,0,Source,SingleResponse,SR-ST-008-ST-008C,1,1,False,,30,True,Studios,35
OPT-ST-009-01,ST-009,ST-009a,Roller shades are provided,1,Source,SingleResponse,SR-ST-009-ST-009A,1,1,False,,10,True,Studios,37
OPT-ST-009-02,ST-009,ST-009a,Mini-blinds are provided,0.5,Source,SingleResponse,SR-ST-009-ST-009A,1,1,False,,20,True,Studios,38
OPT-ST-009-03,ST-009,ST-009a,Other (please note),0,Source,SingleResponse,SR-ST-009-ST-009A,1,1,False,,30,True,Studios,39
OPT-ST-009-04,ST-009,ST-009a,No window coverings are provided,0,Source,SingleResponse,SR-ST-009-ST-009A,1,1,False,,40,True,Studios,40
OPT-ST-009-05,ST-009,ST-009a,Unable to assess (note reason),,Exclusion,SingleResponse,SR-ST-009-ST-009A,0,1,True,,50,True,Studios,41
OPT-ST-010-01,ST-010,ST-010a,None,0,Source,SingleResponse,SR-ST-010-ST-010A,1,1,False,,10,True,Studios,43
OPT-ST-010-02,ST-010,ST-010a,<4 linear feet,0.25,Source,SingleResponse,SR-ST-010-ST-010A,1,1,False,,20,True,Studios,44
OPT-ST-010-03,ST-010,ST-010a,4 to <8 linear feet,0.5,Source,SingleResponse,SR-ST-010-ST-010A,1,1,False,,30,True,Studios,45
OPT-ST-010-04,ST-010,ST-010a,8 to <12 linear feet,0.75,Source,SingleResponse,SR-ST-010-ST-010A,1,1,False,,40,True,Studios,46
OPT-ST-010-05,ST-010,ST-010a,12+ linear feet,1,Source,SingleResponse,SR-ST-010-ST-010A,1,1,False,,50,True,Studios,47
OPT-ST-010-06,ST-010,ST-010a,Unable to assess (note reason),,Exclusion,SingleResponse,SR-ST-010-ST-010A,0,1,True,,60,True,Studios,48
OPT-ST-011-01,ST-011,ST-011a,None,0,Source,SingleResponse,SR-ST-011-ST-011A,1,1,False,,10,True,Studios,50
OPT-ST-011-02,ST-011,ST-011a,<4 linear feet,0.2,Source,SingleResponse,SR-ST-011-ST-011A,1,1,False,,20,True,Studios,51
OPT-ST-011-03,ST-011,ST-011a,4 to <8 linear feet,0.4,Source,SingleResponse,SR-ST-011-ST-011A,1,1,False,,30,True,Studios,52
OPT-ST-011-04,ST-011,ST-011a,8 to <12 linear feet,0.6,Source,SingleResponse,SR-ST-011-ST-011A,1,1,False,,40,True,Studios,53
OPT-ST-011-05,ST-011,ST-011a,12 to <16 linear feet,0.8,Source,SingleResponse,SR-ST-011-ST-011A,1,1,False,,50,True,Studios,54
OPT-ST-011-06,ST-011,ST-011a,16+ linear feet,1,Source,SingleResponse,SR-ST-011-ST-011A,1,1,False,,60,True,Studios,55
OPT-ST-011-07,ST-011,ST-011a,Unable to assess (note reason),,Exclusion,SingleResponse,SR-ST-011-ST-011A,0,1,True,,70,True,Studios,56
OPT-ST-012-01,ST-012,ST-012i,Tackstrip,,Inventory,Inventory,INV-ST-012-ST-012I,0,0,False,,10,True,Studios,58
OPT-ST-012-02,ST-012,ST-012i,Tackboard,,Inventory,Inventory,INV-ST-012-ST-012I,0,0,False,,20,True,Studios,59
OPT-ST-012-03,ST-012,ST-012i,Tackwall,,Inventory,Inventory,INV-ST-012-ST-012I,0,0,False,,30,True,Studios,60
OPT-ST-012-04,ST-012,ST-012i,Magnetic markerboard,,Inventory,Inventory,INV-ST-012-ST-012I,0,0,False,,40,True,Studios,61
OPT-ST-012-05,ST-012,ST-012i,None of the above,,Inventory,Inventory,INV-ST-012-ST-012I,0,0,False,,50,True,Studios,62
OPT-ST-013-01,ST-013,ST-013a,None,0,Source,SingleResponse,SR-ST-013-ST-013A,1,1,False,,10,True,Studios,64
OPT-ST-013-02,ST-013,ST-013a,<4 linear feet,0.33,Source,SingleResponse,SR-ST-013-ST-013A,1,1,False,,20,True,Studios,65
OPT-ST-013-03,ST-013,ST-013a,4 to <8 linear feet,0.66,Source,SingleResponse,SR-ST-013-ST-013A,1,1,False,,30,True,Studios,66
OPT-ST-013-04,ST-013,ST-013a,8+ linear feet,1,Source,SingleResponse,SR-ST-013-ST-013A,1,1,False,,40,True,Studios,67
OPT-ST-013-05,ST-013,ST-013a,Unable to assess (note reason),,Exclusion,SingleResponse,SR-ST-013-ST-013A,0,1,True,,50,True,Studios,68
OPT-ST-014-01,ST-014,ST-014a,None,0,Source,SingleResponse,SR-ST-014-ST-014A,1,1,False,,10,True,Studios,70
OPT-ST-014-02,ST-014,ST-014a,<10 linear feet,0.5,Source,SingleResponse,SR-ST-014-ST-014A,1,1,False,,20,True,Studios,71
OPT-ST-014-03,ST-014,ST-014a,10+ linear feet,1,Source,SingleResponse,SR-ST-014-ST-014A,1,1,False,,30,True,Studios,72
OPT-ST-015-01,ST-015,ST-015a,None,0,Source,SingleResponse,SR-ST-015-ST-015A,1,1,False,,10,True,Studios,74
OPT-ST-015-02,ST-015,ST-015a,<6 linear feet,0.5,Source,SingleResponse,SR-ST-015-ST-015A,1,1,False,,20,True,Studios,75
OPT-ST-015-03,ST-015,ST-015a,6+ linear feet,1,Source,SingleResponse,SR-ST-015-ST-015A,1,1,False,,30,True,Studios,76
OPT-ST-016-01,ST-016,ST-016i,Built-in casework is provided,,Inventory,Inventory,INV-ST-016-ST-016I,0,0,False,,10,True,Studios,78
OPT-ST-016-02,ST-016,ST-016i,Counter space is provided,,Inventory,Inventory,INV-ST-016-ST-016I,0,0,False,,20,True,Studios,79
OPT-ST-016-03,ST-016,ST-016i,Ensuite storage closet is provided,,Inventory,Inventory,INV-ST-016-ST-016I,0,0,False,,30,True,Studios,80
OPT-ST-016-04,ST-016,ST-016i,"Furniture-based storage is provided (i.e., shelving or cabinets)",,Inventory,Inventory,INV-ST-016-ST-016I,0,0,False,,40,True,Studios,81
OPT-ST-016-05,ST-016,ST-016i,Some or all storage is lockable,,Inventory,Inventory,INV-ST-016-ST-016I,0,0,False,,50,True,Studios,82
OPT-ST-016-06,ST-016,ST-016i,None of the above,,Inventory,Inventory,INV-ST-016-ST-016I,0,0,False,,60,True,Studios,83
OPT-ST-017-01,ST-017,ST-017a,Good - storage appears sufficient; the space is organized with little visible clutter,1,Source,SingleResponse,SR-ST-017-ST-017A,1,1,False,,10,True,Studios,85
OPT-ST-017-02,ST-017,ST-017a,Fair - storage appears mostly sufficient; some clutter or overflow is visible,0.5,Source,SingleResponse,SR-ST-017-ST-017A,1,1,False,,20,True,Studios,86
OPT-ST-017-03,ST-017,ST-017a,Poor - storage appears insufficient; significant clutter or materials without a home,0,Source,SingleResponse,SR-ST-017-ST-017A,1,1,False,,30,True,Studios,87
OPT-ST-017-04,ST-017,ST-017a,Unable to assess (note reason),,Exclusion,SingleResponse,SR-ST-017-ST-017A,0,1,True,,40,True,Studios,88
OPT-ST-018-01,ST-018,ST-018a,0,0,Source,SingleResponse,SR-ST-018-ST-018A,1,1,False,,10,True,Studios,90
OPT-ST-018-02,ST-018,ST-018a,1-2,0.25,Source,SingleResponse,SR-ST-018-ST-018A,1,1,False,,20,True,Studios,91
OPT-ST-018-03,ST-018,ST-018a,3-4,0.5,Source,SingleResponse,SR-ST-018-ST-018A,1,1,False,,30,True,Studios,92
OPT-ST-018-04,ST-018,ST-018a,5-7,0.75,Source,SingleResponse,SR-ST-018-ST-018A,1,1,False,,40,True,Studios,93
OPT-ST-018-05,ST-018,ST-018a,8+,1,Source,SingleResponse,SR-ST-018-ST-018A,1,1,False,,50,True,Studios,94
OPT-ST-019-01,ST-019,ST-019a,0,0,Source,SingleResponse,SR-ST-019-ST-019A,1,1,False,,10,True,Studios,96
OPT-ST-019-02,ST-019,ST-019a,1,0.25,Source,SingleResponse,SR-ST-019-ST-019A,1,1,False,,20,True,Studios,97
OPT-ST-019-03,ST-019,ST-019a,2,0.5,Source,SingleResponse,SR-ST-019-ST-019A,1,1,False,,30,True,Studios,98
OPT-ST-019-04,ST-019,ST-019a,3,0.75,Source,SingleResponse,SR-ST-019-ST-019A,1,1,False,,40,True,Studios,99
OPT-ST-019-05,ST-019,ST-019a,4,1,Source,SingleResponse,SR-ST-019-ST-019A,1,1,False,,50,True,Studios,100
OPT-ST-020-01,ST-020,ST-020a,0,0,Source,SingleResponse,SR-ST-020-ST-020A,1,1,False,,10,True,Studios,102
OPT-ST-020-02,ST-020,ST-020a,1,0.25,Source,SingleResponse,SR-ST-020-ST-020A,1,1,False,,20,True,Studios,103
OPT-ST-020-03,ST-020,ST-020a,2,0.5,Source,SingleResponse,SR-ST-020-ST-020A,1,1,False,,30,True,Studios,104
OPT-ST-020-04,ST-020,ST-020a,3,0.75,Source,SingleResponse,SR-ST-020-ST-020A,1,1,False,,40,True,Studios,105
OPT-ST-020-05,ST-020,ST-020a,4,1,Source,SingleResponse,SR-ST-020-ST-020A,1,1,False,,50,True,Studios,106
OPT-ST-021-01,ST-021,ST-021a,A thermostat is provided that has adjustable temperature controls,1,Source,SingleResponse,SR-ST-021-ST-021A,1,1,False,,10,True,Studios,108
OPT-ST-021-02,ST-021,ST-021a,A thermostat is provided that does not have adjustable temperature controls,0.5,Source,SingleResponse,SR-ST-021-ST-021A,1,1,False,,20,True,Studios,109
OPT-ST-021-03,ST-021,ST-021a,Only a temperature sensor is provided,0.5,Source,SingleResponse,SR-ST-021-ST-021A,1,1,False,,30,True,Studios,110
OPT-ST-021-04,ST-021,ST-021a,No thermostat or sensor is present in the space,0,Source,SingleResponse,SR-ST-021-ST-021A,1,1,False,,40,True,Studios,111
OPT-ST-022-01,ST-022,ST-022a,Full-height interior window,1,Source,SingleResponse,SR-ST-022-ST-022A,1,1,False,,10,True,Studios,113
OPT-ST-022-02,ST-022,ST-022b,Half-height interior window,1,Source,SingleResponse,SR-ST-022-ST-022B,1,1,False,,20,True,Studios,114
OPT-ST-022-03,ST-022,ST-022c,Sidelight,1,Source,SingleResponse,SR-ST-022-ST-022C,1,1,False,,30,True,Studios,115
OPT-ST-022-04,ST-022,ST-022d,"Door panel (i.e., glass panel in the door)",0,Source,SingleResponse,SR-ST-022-ST-022D,1,1,False,,40,True,Studios,116
OPT-ST-022-05,ST-022,ST-022e,None of the above,0,Source,SingleResponse,SR-ST-022-ST-022E,1,1,False,,50,True,Studios,117
OPT-ST-023-01,ST-023,ST-023i,Less than half,,Inventory,Inventory,INV-ST-023-ST-023I,0,0,False,,10,True,Studios,119
OPT-ST-023-02,ST-023,ST-023i,About half,,Inventory,Inventory,INV-ST-023-ST-023I,0,0,False,,20,True,Studios,120
OPT-ST-023-03,ST-023,ST-023i,Most of the wall,,Inventory,Inventory,INV-ST-023-ST-023I,0,0,False,,30,True,Studios,121
OPT-ST-024-01,ST-024,ST-024a,Interior windows and doors with glass can be covered with a single movement,1,Source,SingleResponse,SR-ST-024-ST-024A,1,1,False,,10,True,Studios,123
OPT-ST-024-02,ST-024,ST-024b,Exterior windows and doors with glass can be covered with a single movement,1,Source,SingleResponse,SR-ST-024-ST-024B,1,1,False,,20,True,Studios,124
OPT-ST-024-03,ST-024,ST-024c,There is an area large enough for a full class to easily get out of sight to shelter-in-place (without needing to cover windows or doors with glass),1,Source,SingleResponse,SR-ST-024-ST-024C,1,1,False,,30,True,Studios,125
OPT-ST-024-04,ST-024,ST-024d,Interior door hardware is lockable from inside the space with a push button or thumb turn lock,1,Source,SingleResponse,SR-ST-024-ST-024D,1,1,False,,40,True,Studios,126
OPT-ST-024-05,ST-024,ST-024e,None of the above,0,Source,SingleResponse,SR-ST-024-ST-024E,1,1,False,,50,True,Studios,127
OPT-ST-025-01,ST-025,ST-025i,Individual student desks,,Inventory,Inventory,INV-ST-025-ST-025I,0,0,False,,10,True,Studios,129
OPT-ST-025-02,ST-025,ST-025i,Chair-height student tables,,Inventory,Inventory,INV-ST-025-ST-025I,0,0,False,,20,True,Studios,130
OPT-ST-025-03,ST-025,ST-025i,"Floor-height student tables (i.e., low tables for floor seating)",,Inventory,Inventory,INV-ST-025-ST-025I,0,0,False,,30,True,Studios,131
OPT-ST-025-04,ST-025,ST-025i,Standing-height student desks/tables/worksurfaces,,Inventory,Inventory,INV-ST-025-ST-025I,0,0,False,,40,True,Studios,132
OPT-ST-025-05,ST-025,ST-025i,"Student desks with attached chair (i.e., combo units)",,Inventory,Inventory,INV-ST-025-ST-025I,0,0,False,,50,True,Studios,133
OPT-ST-025-06,ST-025,ST-025i,"Hard seating (e.g., standard chairs, stools)",,Inventory,Inventory,INV-ST-025-ST-025I,0,0,False,,60,True,Studios,134
OPT-ST-025-07,ST-025,ST-025i,"Active seating (e.g., wobble stools, rockers)",,Inventory,Inventory,INV-ST-025-ST-025I,0,0,False,,70,True,Studios,135
OPT-ST-025-08,ST-025,ST-025i,"Soft seating (e.g., bean bags, floor cushions)",,Inventory,Inventory,INV-ST-025-ST-025I,0,0,False,,80,True,Studios,136
OPT-ST-025-09,ST-025,ST-025i,"One or more mobile writing surfaces (i.e., mobile markerboards)",,Inventory,Inventory,INV-ST-025-ST-025I,0,0,False,,90,True,Studios,137
OPT-ST-025-10,ST-025,ST-025i,One or more mobile tackboards,,Inventory,Inventory,INV-ST-025-ST-025I,0,0,False,,100,True,Studios,138
OPT-ST-025-11,ST-025,ST-025i,One or more mobile monitors,,Inventory,Inventory,INV-ST-025-ST-025I,0,0,False,,110,True,Studios,139
OPT-ST-025-12,ST-025,ST-025i,Other (please note),,Inventory,Inventory,INV-ST-025-ST-025I,0,0,False,,120,True,Studios,140
OPT-ST-025-13,ST-025,ST-025i,None of the above,,Inventory,Inventory,INV-ST-025-ST-025I,0,0,False,,130,True,Studios,141
OPT-ST-026-01,ST-026,ST-026a,"Most furniture can be moved by students or a single teacher (e.g., casters, lightweight pieces)",1,Source,SingleResponse,SR-ST-026-ST-026A,1,1,False,,10,True,Studios,143
OPT-ST-026-02,ST-026,ST-026a,"Some furniture is movable, some is heavy or fixed",0.5,Source,SingleResponse,SR-ST-026-ST-026A,1,1,False,,20,True,Studios,144
OPT-ST-026-03,ST-026,ST-026a,"Most furniture is heavy, fixed, or impractical to move",0,Source,SingleResponse,SR-ST-026-ST-026A,1,1,False,,30,True,Studios,145
OPT-ST-027-01,ST-027,ST-027a,Varied seating is provided for multiple students across multiple areas of the space,1,Source,SingleResponse,SR-ST-027-ST-027A,1,1,False,,10,True,Studios,147
OPT-ST-027-02,ST-027,ST-027a,"Limited varied seating is provided (i.e., a single area or only a few students accommodated at a time)",0.5,Source,SingleResponse,SR-ST-027-ST-027A,1,1,False,,20,True,Studios,148
OPT-ST-027-03,ST-027,ST-027a,No varied seating is provided,0,Source,SingleResponse,SR-ST-027-ST-027A,1,1,False,,30,True,Studios,149
OPT-ST-027-04,ST-027,ST-027a,Unable to assess (note reason),,Exclusion,SingleResponse,SR-ST-027-ST-027A,0,1,True,,40,True,Studios,150
OPT-ST-028-01,ST-028,ST-028a,Good - appears relatively new or has minimal wear,1,Source,SingleResponse,SR-ST-028-ST-028A,1,1,False,,10,True,Studios,152
OPT-ST-028-02,ST-028,ST-028a,"Fair - some furniture is noticeably worn or aging, but all is functional",0.5,Source,SingleResponse,SR-ST-028-ST-028A,1,1,False,,20,True,Studios,153
OPT-ST-028-03,ST-028,ST-028a,"Poor - some or all furniture is significantly worn, damaged, or not usable",0,Source,SingleResponse,SR-ST-028-ST-028A,1,1,False,,30,True,Studios,154
OPT-ST-029-01,ST-029,ST-029a,"Resilient flooring (e.g., vinyl, rubber)",1,Source,SingleResponse,SR-ST-029-ST-029A,1,1,False,,10,True,Studios,156
OPT-ST-029-02,ST-029,ST-029a,Terrazzo,1,Source,SingleResponse,SR-ST-029-ST-029A,1,1,False,,20,True,Studios,157
OPT-ST-029-03,ST-029,ST-029a,Polished concrete,1,Source,SingleResponse,SR-ST-029-ST-029A,1,1,False,,30,True,Studios,158
OPT-ST-029-04,ST-029,ST-029a,"Carpet (i.e., not a loose rug)",1,Source,SingleResponse,SR-ST-029-ST-029A,1,1,False,,40,True,Studios,159
OPT-ST-029-05,ST-029,ST-029a,Other (please note),,Exclusion,SingleResponse,SR-ST-029-ST-029A,0,1,True,,50,True,Studios,160
OPT-ST-029-06,ST-029,ST-029a,Unable to assess (note reason),,Exclusion,SingleResponse,SR-ST-029-ST-029A,0,1,True,,60,True,Studios,161
OPT-ST-030-01,ST-030,ST-030a,Direct access to a collaboration space,1,Source,SingleResponse,SR-ST-030-ST-030A,1,1,False,,10,True,Studios,163
OPT-ST-030-02,ST-030,ST-030a,Visibility into a collaboration space only,0.5,Source,SingleResponse,SR-ST-030-ST-030A,1,1,False,,20,True,Studios,164
OPT-ST-030-03,ST-030,ST-030a,Neither access nor visibility,0,Source,SingleResponse,SR-ST-030-ST-030A,1,1,False,,30,True,Studios,165
OPT-ST-030-04,ST-030,ST-030a,Unable to assess (note reason),,Exclusion,SingleResponse,SR-ST-030-ST-030A,0,1,True,,40,True,Studios,166
OPT-ST-031-01,ST-031,ST-031a,Direct access to a small group room,1,Source,SingleResponse,SR-ST-031-ST-031A,1,1,False,,10,True,Studios,168
OPT-ST-031-02,ST-031,ST-031a,Visibility into a small group room only,0.5,Source,SingleResponse,SR-ST-031-ST-031A,1,1,False,,20,True,Studios,169
OPT-ST-031-03,ST-031,ST-031a,Neither access nor visibility,0,Source,SingleResponse,SR-ST-031-ST-031A,1,1,False,,30,True,Studios,170
OPT-ST-031-04,ST-031,ST-031a,Unable to assess (note reason),,Exclusion,SingleResponse,SR-ST-031-ST-031A,0,1,True,,40,True,Studios,171
OPT-ST-032-01,ST-032,ST-032a,Direct visibility into open collaboration space,1,Source,SingleResponse,SR-ST-032-ST-032A,1,1,False,,10,True,Studios,173
OPT-ST-032-02,ST-032,ST-032b,Direct visibility into small group room(s),1,Source,SingleResponse,SR-ST-032-ST-032B,1,1,False,,20,True,Studios,174
OPT-ST-032-03,ST-032,ST-032c,None of the above,0,Source,SingleResponse,SR-ST-032-ST-032C,1,1,False,,30,True,Studios,175
OPT-ST-033-01,ST-033,ST-033a,Exterior door within the space,1,Source,SingleResponse,SR-ST-033-ST-033A,1,1,False,,10,True,Studios,177
OPT-ST-033-02,ST-033,ST-033a,Exterior door directly outside the space,0.5,Source,SingleResponse,SR-ST-033-ST-033A,1,1,False,,20,True,Studios,178
OPT-ST-033-03,ST-033,ST-033a,Neither,0,Source,SingleResponse,SR-ST-033-ST-033A,1,1,False,,30,True,Studios,179
OPT-ST-033-04,ST-033,ST-033a,Unable to assess (note reason),,Exclusion,SingleResponse,SR-ST-033-ST-033A,0,1,True,,40,True,Studios,180
OPT-ST-034-01,ST-034,ST-034i,Sink,,Inventory,Inventory,INV-ST-034-ST-034I,0,0,False,,10,True,Studios,182
OPT-ST-034-02,ST-034,ST-034i,Laptop storage or charging cart,,Inventory,Inventory,INV-ST-034-ST-034I,0,0,False,,20,True,Studios,183
OPT-ST-034-03,ST-034,ST-034i,PA speaker,,Inventory,Inventory,INV-ST-034-ST-034I,0,0,False,,30,True,Studios,184
OPT-ST-034-04,ST-034,ST-034i,Synchronous clock,,Inventory,Inventory,INV-ST-034-ST-034I,0,0,False,,40,True,Studios,185
OPT-ST-034-05,ST-034,ST-034i,None of the above,,Inventory,Inventory,INV-ST-034-ST-034I,0,0,False,,50,True,Studios,186
OPT-OD-001-01,OD-001,OD-001a,Early childhood playground (PreK-K),1,Source,SingleResponse,SR-OD-001-OD-001A,1,1,False,,10,True,Outdoor Spaces,3
OPT-OD-001-02,OD-001,OD-001b,Elementary playground (1st-5th),1,Source,SingleResponse,SR-OD-001-OD-001B,1,1,False,,20,True,Outdoor Spaces,4
OPT-OD-001-03,OD-001,OD-001c,Cushioned play surfacing,1,Source,SingleResponse,SR-OD-001-OD-001C,1,1,False,,30,True,Outdoor Spaces,5
OPT-OD-001-04,OD-001,OD-001d,Buddy bench,1,Source,SingleResponse,SR-OD-001-OD-001D,1,1,False,,40,True,Outdoor Spaces,6
OPT-OD-001-05,OD-001,OD-001e,Shade elements,1,Source,SingleResponse,SR-OD-001-OD-001E,1,1,False,,50,True,Outdoor Spaces,7
OPT-OD-001-06,OD-001,OD-001f,Shade trees,1,Source,SingleResponse,SR-OD-001-OD-001F,1,1,False,,60,True,Outdoor Spaces,8
OPT-OD-001-07,OD-001,OD-001g,None of the above,0,Source,SingleResponse,SR-OD-001-OD-001G,1,1,False,,70,True,Outdoor Spaces,9
OPT-OD-002-01,OD-002,OD-002a,Cushioned play surfacing,1,Source,SingleResponse,SR-OD-002-OD-002A,1,1,False,,10,True,Outdoor Spaces,11
OPT-OD-002-02,OD-002,OD-002b,Buddy bench,1,Source,SingleResponse,SR-OD-002-OD-002B,1,1,False,,20,True,Outdoor Spaces,12
OPT-OD-002-03,OD-002,OD-002c,Shade elements,1,Source,SingleResponse,SR-OD-002-OD-002C,1,1,False,,30,True,Outdoor Spaces,13
OPT-OD-002-04,OD-002,OD-002d,Shade trees,1,Source,SingleResponse,SR-OD-002-OD-002D,1,1,False,,40,True,Outdoor Spaces,14
OPT-OD-002-05,OD-002,OD-002e,None of the above,0,Source,SingleResponse,SR-OD-002-OD-002E,1,1,False,,50,True,Outdoor Spaces,15
OPT-OD-003-01,OD-003,OD-003a,Artwork,1,Source,SingleResponse,SR-OD-003-OD-003A,1,1,False,,10,True,Outdoor Spaces,17
OPT-OD-003-02,OD-003,OD-003b,Dry creek bed,1,Source,SingleResponse,SR-OD-003-OD-003B,1,1,False,,20,True,Outdoor Spaces,18
OPT-OD-003-03,OD-003,OD-003c,Educational signage,1,Source,SingleResponse,SR-OD-003-OD-003C,1,1,False,,30,True,Outdoor Spaces,19
OPT-OD-003-04,OD-003,OD-003d,Flexible seating,1,Source,SingleResponse,SR-OD-003-OD-003D,1,1,False,,40,True,Outdoor Spaces,20
OPT-OD-003-05,OD-003,OD-003e,Fixed seating,1,Source,SingleResponse,SR-OD-003-OD-003E,1,1,False,,50,True,Outdoor Spaces,21
OPT-OD-003-06,OD-003,OD-003f,Mulch planting bed,1,Source,SingleResponse,SR-OD-003-OD-003F,1,1,False,,60,True,Outdoor Spaces,22
OPT-OD-003-07,OD-003,OD-003g,Nature-based play,1,Source,SingleResponse,SR-OD-003-OD-003G,1,1,False,,70,True,Outdoor Spaces,23
OPT-OD-003-08,OD-003,OD-003h,Outdoor music,1,Source,SingleResponse,SR-OD-003-OD-003H,1,1,False,,80,True,Outdoor Spaces,24
OPT-OD-003-09,OD-003,OD-003j,Pollinator plantings,1,Source,SingleResponse,SR-OD-003-OD-003J,1,1,False,,90,True,Outdoor Spaces,25
OPT-OD-003-10,OD-003,OD-003k,Sensory path,1,Source,SingleResponse,SR-OD-003-OD-003K,1,1,False,,100,True,Outdoor Spaces,26
OPT-OD-003-11,OD-003,OD-003l,Storage / shed,1,Source,SingleResponse,SR-OD-003-OD-003L,1,1,False,,110,True,Outdoor Spaces,27
OPT-OD-003-12,OD-003,OD-003m,Synthetic turf surfacing,1,Source,SingleResponse,SR-OD-003-OD-003M,1,1,False,,120,True,Outdoor Spaces,28
OPT-OD-003-13,OD-003,OD-003n,Worktables,1,Source,SingleResponse,SR-OD-003-OD-003N,1,1,False,,130,True,Outdoor Spaces,29
OPT-OD-003-14,OD-003,OD-003o,None of the above,0,Source,SingleResponse,SR-OD-003-OD-003O,1,1,False,,140,True,Outdoor Spaces,30
OPT-OD-004-01,OD-004,OD-004a,Early childhood playground,1,Source,SingleResponse,SR-OD-004-OD-004A,1,1,False,,10,True,Outdoor Spaces,32
OPT-OD-004-02,OD-004,OD-004b,Elementary playground,1,Source,SingleResponse,SR-OD-004-OD-004B,1,1,False,,20,True,Outdoor Spaces,33
OPT-OD-004-03,OD-004,OD-004c,None of the above,0,Source,SingleResponse,SR-OD-004-OD-004C,1,1,False,,30,True,Outdoor Spaces,34
OPT-OD-005-01,OD-005,OD-005a,Early childhood playground,1,Source,SingleResponse,SR-OD-005-OD-005A,1,1,False,,10,True,Outdoor Spaces,36
OPT-OD-005-02,OD-005,OD-005b,Elementary playground,1,Source,SingleResponse,SR-OD-005-OD-005B,1,1,False,,20,True,Outdoor Spaces,37
OPT-OD-005-03,OD-005,OD-005c,None of the above,0,Source,SingleResponse,SR-OD-005-OD-005C,1,1,False,,30,True,Outdoor Spaces,38
OPT-OD-006-01,OD-006,OD-006a,Early childhood playground,1,Source,SingleResponse,SR-OD-006-OD-006A,1,1,False,,10,True,Outdoor Spaces,40
OPT-OD-006-02,OD-006,OD-006b,Elementary playground,1,Source,SingleResponse,SR-OD-006-OD-006B,1,1,False,,20,True,Outdoor Spaces,41
OPT-OD-006-03,OD-006,OD-006c,None of the above,0,Source,SingleResponse,SR-OD-006-OD-006C,1,1,False,,30,True,Outdoor Spaces,42
OPT-OD-007-01,OD-007,OD-007i,Slides,,Inventory,Inventory,INV-OD-007-OD-007I,0,0,False,,10,True,Outdoor Spaces,44
OPT-OD-007-02,OD-007,OD-007i,Independent swings,,Inventory,Inventory,INV-OD-007-OD-007I,0,0,False,,20,True,Outdoor Spaces,45
OPT-OD-007-03,OD-007,OD-007i,Ropes and/or climbing structures,,Inventory,Inventory,INV-OD-007-OD-007I,0,0,False,,30,True,Outdoor Spaces,46
OPT-OD-007-04,OD-007,OD-007i,Spinning equipment,,Inventory,Inventory,INV-OD-007-OD-007I,0,0,False,,40,True,Outdoor Spaces,47
OPT-OD-007-05,OD-007,OD-007i,Swaying equipment,,Inventory,Inventory,INV-OD-007-OD-007I,0,0,False,,50,True,Outdoor Spaces,48
OPT-OD-007-06,OD-007,OD-007i,"Musical instrument equipment (e.g., percussion play)",,Inventory,Inventory,INV-OD-007-OD-007I,0,0,False,,60,True,Outdoor Spaces,49
OPT-OD-007-07,OD-007,OD-007i,Balancing and/or jumping equipment,,Inventory,Inventory,INV-OD-007-OD-007I,0,0,False,,70,True,Outdoor Spaces,50
OPT-OD-007-08,OD-007,OD-007i,None of the above,,Inventory,Inventory,INV-OD-007-OD-007I,0,0,False,,80,True,Outdoor Spaces,51
OPT-OD-008-01,OD-008,OD-008i,Slides,,Inventory,Inventory,INV-OD-008-OD-008I,0,0,False,,10,True,Outdoor Spaces,53
OPT-OD-008-02,OD-008,OD-008i,Independent swings,,Inventory,Inventory,INV-OD-008-OD-008I,0,0,False,,20,True,Outdoor Spaces,54
OPT-OD-008-03,OD-008,OD-008i,Ropes and/or climbing structures,,Inventory,Inventory,INV-OD-008-OD-008I,0,0,False,,30,True,Outdoor Spaces,55
OPT-OD-008-04,OD-008,OD-008i,Spinning equipment,,Inventory,Inventory,INV-OD-008-OD-008I,0,0,False,,40,True,Outdoor Spaces,56
OPT-OD-008-05,OD-008,OD-008i,Swaying equipment,,Inventory,Inventory,INV-OD-008-OD-008I,0,0,False,,50,True,Outdoor Spaces,57
OPT-OD-008-06,OD-008,OD-008i,"Musical instrument equipment (e.g., percussion play)",,Inventory,Inventory,INV-OD-008-OD-008I,0,0,False,,60,True,Outdoor Spaces,58
OPT-OD-008-07,OD-008,OD-008i,Balancing and/or jumping equipment,,Inventory,Inventory,INV-OD-008-OD-008I,0,0,False,,70,True,Outdoor Spaces,59
OPT-OD-008-08,OD-008,OD-008i,None of the above,,Inventory,Inventory,INV-OD-008-OD-008I,0,0,False,,80,True,Outdoor Spaces,60
OPT-OD-009-01,OD-009,OD-009a,Grassy hills or landforms,1,Source,SingleResponse,SR-OD-009-OD-009A,1,1,False,,10,True,Outdoor Spaces,62
OPT-OD-009-02,OD-009,OD-009b,Rock-climbing or boulder-play elements,1,Source,SingleResponse,SR-OD-009-OD-009B,1,1,False,,20,True,Outdoor Spaces,63
OPT-OD-009-03,OD-009,OD-009c,"Logs, stumps, or natural balancing elements",1,Source,SingleResponse,SR-OD-009-OD-009C,1,1,False,,30,True,Outdoor Spaces,64
OPT-OD-009-04,OD-009,OD-009d,None of the above,0,Source,SingleResponse,SR-OD-009-OD-009D,1,1,False,,40,True,Outdoor Spaces,65
OPT-OD-010-01,OD-010,OD-010a,Good - features are well-maintained with limited wear or damage,1,Source,SingleResponse,SR-OD-010-OD-010A,1,1,False,,10,True,Outdoor Spaces,67
OPT-OD-010-02,OD-010,OD-010a,"Fair - some features show noticeable wear or minor damage, but remain usable",0.5,Source,SingleResponse,SR-OD-010-OD-010A,1,1,False,,20,True,Outdoor Spaces,68
OPT-OD-010-03,OD-010,OD-010a,"Poor - features are significantly worn, damaged, or unusable",0,Source,SingleResponse,SR-OD-010-OD-010A,1,1,False,,30,True,Outdoor Spaces,69
OPT-OD-010-04,OD-010,OD-010a,Unable to assess (note reason),,Exclusion,SingleResponse,SR-OD-010-OD-010A,0,1,True,,40,True,Outdoor Spaces,70
OPT-OD-011-01,OD-011,OD-011a,Asphalt surface,1,Source,SingleResponse,SR-OD-011-OD-011A,1,1,False,,10,True,Outdoor Spaces,72
OPT-OD-011-02,OD-011,OD-011b,Poured-in-place rubber surface,1,Source,SingleResponse,SR-OD-011-OD-011B,1,1,False,,20,True,Outdoor Spaces,73
OPT-OD-011-03,OD-011,OD-011c,Shade elements,1,Source,SingleResponse,SR-OD-011-OD-011C,1,1,False,,30,True,Outdoor Spaces,74
OPT-OD-011-04,OD-011,OD-011i,Basketball hoops,,Inventory,Inventory,INV-OD-011-OD-011I,0,0,False,,40,True,Outdoor Spaces,75
OPT-OD-011-05,OD-011,OD-011i,Funnel ball equipment,,Inventory,Inventory,INV-OD-011-OD-011I,0,0,False,,50,True,Outdoor Spaces,76
OPT-OD-011-06,OD-011,OD-011i,Tetherball equipment,,Inventory,Inventory,INV-OD-011-OD-011I,0,0,False,,60,True,Outdoor Spaces,77
OPT-OD-011-07,OD-011,OD-011i,Four-square courts or markings,,Inventory,Inventory,INV-OD-011-OD-011I,0,0,False,,70,True,Outdoor Spaces,78
OPT-OD-011-08,OD-011,OD-011i,Other (please note),,Inventory,Inventory,INV-OD-011-OD-011I,0,0,False,,80,True,Outdoor Spaces,79
OPT-OD-011-09,OD-011,OD-011d,None of the above,0,Source,SingleResponse,SR-OD-011-OD-011D,1,1,False,,90,True,Outdoor Spaces,80
OPT-OD-012-01,OD-012,OD-012i,Artwork,,Inventory,Inventory,INV-OD-012-OD-012I,0,0,False,,10,True,Outdoor Spaces,82
OPT-OD-012-02,OD-012,OD-012i,Buddy bench,,Inventory,Inventory,INV-OD-012-OD-012I,0,0,False,,20,True,Outdoor Spaces,83
OPT-OD-012-03,OD-012,OD-012i,Educational signage,,Inventory,Inventory,INV-OD-012-OD-012I,0,0,False,,30,True,Outdoor Spaces,84
OPT-OD-012-04,OD-012,OD-012i,Flexible seating,,Inventory,Inventory,INV-OD-012-OD-012I,0,0,False,,40,True,Outdoor Spaces,85
OPT-OD-012-05,OD-012,OD-012i,Fixed seating,,Inventory,Inventory,INV-OD-012-OD-012I,0,0,False,,50,True,Outdoor Spaces,86
OPT-OD-012-06,OD-012,OD-012i,Shade trees,,Inventory,Inventory,INV-OD-012-OD-012I,0,0,False,,60,True,Outdoor Spaces,87
OPT-OD-012-07,OD-012,OD-012i,Storage / shed,,Inventory,Inventory,INV-OD-012-OD-012I,0,0,False,,70,True,Outdoor Spaces,88
OPT-OD-012-08,OD-012,OD-012i,Theming,,Inventory,Inventory,INV-OD-012-OD-012I,0,0,False,,80,True,Outdoor Spaces,89
OPT-OD-012-09,OD-012,OD-012i,None of the above,,Inventory,Inventory,INV-OD-012-OD-012I,0,0,False,,90,True,Outdoor Spaces,90
OPT-OD-013-01,OD-013,OD-013a,Yes,1,Source,SingleResponse,SR-OD-013-OD-013A,1,1,False,,10,True,Outdoor Spaces,92
OPT-OD-013-02,OD-013,OD-013a,No,0,Source,SingleResponse,SR-OD-013-OD-013A,1,1,False,,20,True,Outdoor Spaces,93
OPT-OD-013-03,OD-013,OD-013a,Unable to assess (note reason),,Exclusion,SingleResponse,SR-OD-013-OD-013A,0,1,True,,30,True,Outdoor Spaces,94
OPT-OD-014-01,OD-014,OD-014a,Natural grass lawn,1,Source,SingleResponse,SR-OD-014-OD-014A,1,1,False,,10,True,Outdoor Spaces,96
OPT-OD-014-02,OD-014,OD-014b,Synthetic turf surfacing,1,Source,SingleResponse,SR-OD-014-OD-014B,1,1,False,,20,True,Outdoor Spaces,97
OPT-OD-014-03,OD-014,OD-014c,Shade trees,1,Source,SingleResponse,SR-OD-014-OD-014C,1,1,False,,30,True,Outdoor Spaces,98
OPT-OD-014-04,OD-014,OD-014d,Exercise trail,1,Source,SingleResponse,SR-OD-014-OD-014D,1,1,False,,40,True,Outdoor Spaces,99
OPT-OD-014-05,OD-014,OD-014e,Flexible seating,1,Source,SingleResponse,SR-OD-014-OD-014E,1,1,False,,50,True,Outdoor Spaces,100
OPT-OD-014-06,OD-014,OD-014f,"Play structures (e.g., soccer goals)",1,Source,SingleResponse,SR-OD-014-OD-014F,1,1,False,,60,True,Outdoor Spaces,101
OPT-OD-014-07,OD-014,OD-014g,None of the above,0,Source,SingleResponse,SR-OD-014-OD-014G,1,1,False,,70,True,Outdoor Spaces,102
OPT-OD-015-01,OD-015,OD-015a,Early childhood playground area,1,Source,SingleResponse,SR-OD-015-OD-015A,1,1,False,,10,True,Outdoor Spaces,104
OPT-OD-015-02,OD-015,OD-015b,Elementary playground area,1,Source,SingleResponse,SR-OD-015-OD-015B,1,1,False,,20,True,Outdoor Spaces,105
OPT-OD-015-03,OD-015,OD-015c,Hard play area,1,Source,SingleResponse,SR-OD-015-OD-015C,1,1,False,,30,True,Outdoor Spaces,106
OPT-OD-015-04,OD-015,OD-015d,None of the above,0,Source,SingleResponse,SR-OD-015-OD-015D,1,1,False,,40,True,Outdoor Spaces,107
OPT-OD-016-01,OD-016,OD-016a,Yes,1,Source,SingleResponse,SR-OD-016-OD-016A,1,1,False,,10,True,Outdoor Spaces,109
OPT-OD-016-02,OD-016,OD-016a,No,0,Assumed zero,SingleResponse,SR-OD-016-OD-016A,1,1,False,,20,True,Outdoor Spaces,110
OPT-OD-016-03,OD-016,OD-016a,Unable to assess (note reason),,Exclusion,SingleResponse,SR-OD-016-OD-016A,0,1,True,,30,True,Outdoor Spaces,111
OPT-OD-017-01,OD-017,OD-017a,Yes,1,Source,SingleResponse,SR-OD-017-OD-017A,1,1,False,,10,True,Outdoor Spaces,113
OPT-OD-017-02,OD-017,OD-017a,No,0,Source,SingleResponse,SR-OD-017-OD-017A,1,1,False,,20,True,Outdoor Spaces,114
OPT-OD-017-03,OD-017,OD-017a,Unable to assess (note reason),,Exclusion,SingleResponse,SR-OD-017-OD-017A,0,1,True,,30,True,Outdoor Spaces,115
OPT-OD-018-01,OD-018,OD-018a,Early childhood playground area,1,Source,SingleResponse,SR-OD-018-OD-018A,1,1,False,,10,True,Outdoor Spaces,117
OPT-OD-018-02,OD-018,OD-018b,Elementary playground area,1,Source,SingleResponse,SR-OD-018-OD-018B,1,1,False,,20,True,Outdoor Spaces,118
OPT-OD-018-03,OD-018,OD-018c,Hard play area,1,Source,SingleResponse,SR-OD-018-OD-018C,1,1,False,,30,True,Outdoor Spaces,119
OPT-OD-018-04,OD-018,OD-018d,Play field,1,Source,SingleResponse,SR-OD-018-OD-018D,1,1,False,,40,True,Outdoor Spaces,120
OPT-OD-018-05,OD-018,OD-018e,None of the above,0,Source,SingleResponse,SR-OD-018-OD-018E,1,1,False,,50,True,Outdoor Spaces,121
OPT-OD-019-01,OD-019,OD-019a,Hard play area,1,Source,SingleResponse,SR-OD-019-OD-019A,1,1,False,,10,True,Outdoor Spaces,123
OPT-OD-019-02,OD-019,OD-019b,Play field,1,Source,SingleResponse,SR-OD-019-OD-019B,1,1,False,,20,True,Outdoor Spaces,124
OPT-OD-019-03,OD-019,OD-019c,None of the above,0,Source,SingleResponse,SR-OD-019-OD-019C,1,1,False,,30,True,Outdoor Spaces,125
OPT-OD-020-01,OD-020,OD-020a,Yes,1,Source,SingleResponse,SR-OD-020-OD-020A,1,1,False,,10,True,Outdoor Spaces,127
OPT-OD-020-02,OD-020,OD-020a,No,0,Assumed zero,SingleResponse,SR-OD-020-OD-020A,1,1,False,,20,True,Outdoor Spaces,128
OPT-OD-020-03,OD-020,OD-020a,Unable to assess (note reason),,Exclusion,SingleResponse,SR-OD-020-OD-020A,0,1,True,,30,True,Outdoor Spaces,129
OPT-OD-021-01,OD-021,OD-021a,Good - directly adjacent to the gym,1,Source,SingleResponse,SR-OD-021-OD-021A,1,1,False,,10,True,Outdoor Spaces,131
OPT-OD-021-02,OD-021,OD-021a,Fair - within approx. 150 feet of the gym,0.5,Source,SingleResponse,SR-OD-021-OD-021A,1,1,False,,20,True,Outdoor Spaces,132
OPT-OD-021-03,OD-021,OD-021a,Poor - more than approx. 150 feet from the gym,0,Source,SingleResponse,SR-OD-021-OD-021A,1,1,False,,30,True,Outdoor Spaces,133
OPT-OD-021-04,OD-021,OD-021a,Unable to assess (note reason),,Exclusion,SingleResponse,SR-OD-021-OD-021A,0,1,True,,40,True,Outdoor Spaces,134
OPT-OD-022-01,OD-022,OD-022a,Outdoor studio(s),1,Source,SingleResponse,SR-OD-022-OD-022A,1,1,False,,10,True,Outdoor Spaces,136
OPT-OD-022-02,OD-022,OD-022b,Nature trail,1,Source,SingleResponse,SR-OD-022-OD-022B,1,1,False,,20,True,Outdoor Spaces,137
OPT-OD-022-03,OD-022,OD-022i,Domestic animal habitat,,Inventory,Inventory,INV-OD-022-OD-022I,0,0,False,,30,True,Outdoor Spaces,138
OPT-OD-022-04,OD-022,OD-022shared1,Produce garden,1,Source,Composite,CMP-OD-022-OD-022SHARED,1,1,False,,40,True,Outdoor Spaces,139
OPT-OD-022-05,OD-022,OD-022shared1,Habitat garden,1,Source,Composite,CMP-OD-022-OD-022SHARED,1,1,False,,50,True,Outdoor Spaces,140
OPT-OD-022-06,OD-022,OD-022c,Green stormwater infrastructure,1,Source,SingleResponse,SR-OD-022-OD-022C,1,1,False,,60,True,Outdoor Spaces,141
OPT-OD-022-07,OD-022,OD-022d,None of the above,0,Source,SingleResponse,SR-OD-022-OD-022D,1,1,False,,70,True,Outdoor Spaces,142
OPT-OD-023-01,OD-023,OD-023a,Seating for at least 30 students (incl. seat walls),1,Source,SingleResponse,SR-OD-023-OD-023A,1,1,False,,10,True,Outdoor Spaces,144
OPT-OD-023-02,OD-023,OD-023b,Shade elements,1,Source,SingleResponse,SR-OD-023-OD-023B,1,1,False,,20,True,Outdoor Spaces,145
OPT-OD-023-03,OD-023,OD-023c,Writable surfaces,1,Source,SingleResponse,SR-OD-023-OD-023C,1,1,False,,30,True,Outdoor Spaces,146
OPT-OD-023-04,OD-023,OD-023d,None of the above,0,Source,SingleResponse,SR-OD-023-OD-023D,1,1,False,,40,True,Outdoor Spaces,147
OPT-OD-024-01,OD-024,OD-024a,Amphitheater or tiered gathering area,1,Source,SingleResponse,SR-OD-024-OD-024A,1,1,False,,10,True,Outdoor Spaces,149
OPT-OD-024-02,OD-024,OD-024b,Artwork,1,Source,SingleResponse,SR-OD-024-OD-024B,1,1,False,,20,True,Outdoor Spaces,150
OPT-OD-024-03,OD-024,OD-024c,Dry creek bed,1,Source,SingleResponse,SR-OD-024-OD-024C,1,1,False,,30,True,Outdoor Spaces,151
OPT-OD-024-04,OD-024,OD-024d,Educational signage,1,Source,SingleResponse,SR-OD-024-OD-024D,1,1,False,,40,True,Outdoor Spaces,152
OPT-OD-024-05,OD-024,OD-024e,Hardscape learning surface,1,Source,SingleResponse,SR-OD-024-OD-024E,1,1,False,,50,True,Outdoor Spaces,153
OPT-OD-024-06,OD-024,OD-024f,Learning pond or water feature,1,Source,SingleResponse,SR-OD-024-OD-024F,1,1,False,,60,True,Outdoor Spaces,154
OPT-OD-024-07,OD-024,OD-024g,Mulch planting beds,1,Source,SingleResponse,SR-OD-024-OD-024G,1,1,False,,70,True,Outdoor Spaces,155
OPT-OD-024-08,OD-024,OD-024h,Natural grass lawn,1,Source,SingleResponse,SR-OD-024-OD-024H,1,1,False,,80,True,Outdoor Spaces,156
OPT-OD-024-09,OD-024,OD-024j,Pollinator plantings,1,Source,SingleResponse,SR-OD-024-OD-024J,1,1,False,,90,True,Outdoor Spaces,157
OPT-OD-024-10,OD-024,OD-024k,Projection surface,1,Source,SingleResponse,SR-OD-024-OD-024K,1,1,False,,100,True,Outdoor Spaces,158
OPT-OD-024-11,OD-024,OD-024l,Sensory path,1,Source,SingleResponse,SR-OD-024-OD-024L,1,1,False,,110,True,Outdoor Spaces,159
OPT-OD-024-12,OD-024,OD-024m,Shade trees,1,Source,SingleResponse,SR-OD-024-OD-024M,1,1,False,,120,True,Outdoor Spaces,160
OPT-OD-024-13,OD-024,OD-024n,Storage / shed,1,Source,SingleResponse,SR-OD-024-OD-024N,1,1,False,,130,True,Outdoor Spaces,161
OPT-OD-024-14,OD-024,OD-024o,Synthetic turf surfacing,1,Source,SingleResponse,SR-OD-024-OD-024O,1,1,False,,140,True,Outdoor Spaces,162
OPT-OD-024-15,OD-024,OD-024p,Theming,1,Source,SingleResponse,SR-OD-024-OD-024P,1,1,False,,150,True,Outdoor Spaces,163
OPT-OD-024-16,OD-024,OD-024q,Worktables,1,Source,SingleResponse,SR-OD-024-OD-024Q,1,1,False,,160,True,Outdoor Spaces,164
OPT-OD-024-17,OD-024,OD-024r,Observation area,1,Source,SingleResponse,SR-OD-024-OD-024R,1,1,False,,170,True,Outdoor Spaces,165
OPT-OD-024-18,OD-024,OD-024s,None of the above,0,Source,SingleResponse,SR-OD-024-OD-024S,1,1,False,,180,True,Outdoor Spaces,166
OPT-OD-025-01,OD-025,OD-025a,Power outlets,1,Source,SingleResponse,SR-OD-025-OD-025A,1,1,False,,10,True,Outdoor Spaces,168
OPT-OD-025-02,OD-025,OD-025b,Wi-Fi access via a nearby wireless access point (WAP),1,Source,SingleResponse,SR-OD-025-OD-025B,1,1,False,,20,True,Outdoor Spaces,169
OPT-OD-025-03,OD-025,OD-025c,None of the above,0,Source,SingleResponse,SR-OD-025-OD-025C,1,1,False,,30,True,Outdoor Spaces,170
OPT-OD-026-01,OD-026,OD-026a,Located adjacent to a learning neighborhood,1,Source,SingleResponse,SR-OD-026-OD-026A,1,1,False,,10,True,Outdoor Spaces,172
OPT-OD-026-02,OD-026,OD-026b,Located away from active playgrounds,1,Source,SingleResponse,SR-OD-026-OD-026B,1,1,False,,20,True,Outdoor Spaces,173
OPT-OD-026-03,OD-026,OD-026c,None of the above,0,Source,SingleResponse,SR-OD-026-OD-026C,1,1,False,,30,True,Outdoor Spaces,174
OPT-OD-027-01,OD-027,OD-027a,Located adjacent to a learning neighborhood,1,Source,SingleResponse,SR-OD-027-OD-027A,1,1,False,,10,True,Outdoor Spaces,176
OPT-OD-027-02,OD-027,OD-027b,Located away from active play areas,1,Source,SingleResponse,SR-OD-027-OD-027B,1,1,False,,20,True,Outdoor Spaces,177
OPT-OD-027-03,OD-027,OD-027c,None of the above,0,Source,SingleResponse,SR-OD-027-OD-027C,1,1,False,,30,True,Outdoor Spaces,178
OPT-OD-028-01,OD-028,OD-028i,Composting bin,,Inventory,Inventory,INV-OD-028-OD-028I,0,0,False,,10,True,Outdoor Spaces,180
OPT-OD-028-02,OD-028,OD-028i,Storage / shed,,Inventory,Inventory,INV-OD-028-OD-028I,0,0,False,,20,True,Outdoor Spaces,181
OPT-OD-028-03,OD-028,OD-028i,Raised garden beds,,Inventory,Inventory,INV-OD-028-OD-028I,0,0,False,,30,True,Outdoor Spaces,182
OPT-OD-028-04,OD-028,OD-028i,Seating (flexible or fixed),,Inventory,Inventory,INV-OD-028-OD-028I,0,0,False,,40,True,Outdoor Spaces,183
OPT-OD-028-05,OD-028,OD-028i,None of the above,,Inventory,Inventory,INV-OD-028-OD-028I,0,0,False,,50,True,Outdoor Spaces,184
OPT-OD-029-01,OD-029,OD-029a,Educational signage,1,Source,SingleResponse,SR-OD-029-OD-029A,1,1,False,,10,True,Outdoor Spaces,186
OPT-OD-029-02,OD-029,OD-029b,Garden path,1,Source,SingleResponse,SR-OD-029-OD-029B,1,1,False,,20,True,Outdoor Spaces,187
OPT-OD-029-03,OD-029,OD-029c,Greenhouse,1,Source,SingleResponse,SR-OD-029-OD-029C,1,1,False,,30,True,Outdoor Spaces,188
OPT-OD-029-04,OD-029,OD-029d,Hardscape (concrete or pavers),1,Source,SingleResponse,SR-OD-029-OD-029D,1,1,False,,40,True,Outdoor Spaces,189
OPT-OD-029-05,OD-029,OD-029e,Mulch planting beds,1,Source,SingleResponse,SR-OD-029-OD-029E,1,1,False,,50,True,Outdoor Spaces,190
OPT-OD-029-06,OD-029,OD-029f,Outdoor sinks,1,Source,SingleResponse,SR-OD-029-OD-029F,1,1,False,,60,True,Outdoor Spaces,191
OPT-OD-029-07,OD-029,OD-029g,Pollinator plantings,1,Source,SingleResponse,SR-OD-029-OD-029G,1,1,False,,70,True,Outdoor Spaces,192
OPT-OD-029-08,OD-029,OD-029h,Soft walking paths,1,Source,SingleResponse,SR-OD-029-OD-029H,1,1,False,,80,True,Outdoor Spaces,193
OPT-OD-029-09,OD-029,OD-029j,Worktables (potting tables),1,Source,SingleResponse,SR-OD-029-OD-029J,1,1,False,,90,True,Outdoor Spaces,194
OPT-OD-029-10,OD-029,OD-029k,None of the above,0,Source,SingleResponse,SR-OD-029-OD-029K,1,1,False,,100,True,Outdoor Spaces,195
OPT-OD-030-01,OD-030,OD-030a,Educational signage,1,Source,SingleResponse,SR-OD-030-OD-030A,1,1,False,,10,True,Outdoor Spaces,197
OPT-OD-030-02,OD-030,OD-030b,Fixed seating,1,Source,SingleResponse,SR-OD-030-OD-030B,1,1,False,,20,True,Outdoor Spaces,198
OPT-OD-030-03,OD-030,OD-030c,Pollinator plantings,1,Source,SingleResponse,SR-OD-030-OD-030C,1,1,False,,30,True,Outdoor Spaces,199
OPT-OD-030-04,OD-030,OD-030d,Wildlife habitat,1,Source,SingleResponse,SR-OD-030-OD-030D,1,1,False,,40,True,Outdoor Spaces,200
OPT-OD-030-05,OD-030,OD-030e,None of the above,0,Source,SingleResponse,SR-OD-030-OD-030E,1,1,False,,50,True,Outdoor Spaces,201
OPT-OD-031-01,OD-031,OD-031a,Flexible seating,1,Source,SingleResponse,SR-OD-031-OD-031A,1,1,False,,10,True,Outdoor Spaces,203
OPT-OD-031-02,OD-031,OD-031b,Hardscape,1,Source,SingleResponse,SR-OD-031-OD-031B,1,1,False,,20,True,Outdoor Spaces,204
OPT-OD-031-03,OD-031,OD-031c,Garden path,1,Source,SingleResponse,SR-OD-031-OD-031C,1,1,False,,30,True,Outdoor Spaces,205
OPT-OD-031-04,OD-031,OD-031d,Learning pond or water feature,1,Source,SingleResponse,SR-OD-031-OD-031D,1,1,False,,40,True,Outdoor Spaces,206
OPT-OD-031-05,OD-031,OD-031e,Mulch planting beds,1,Source,SingleResponse,SR-OD-031-OD-031E,1,1,False,,50,True,Outdoor Spaces,207
OPT-OD-031-06,OD-031,OD-031f,Sensory path,1,Source,SingleResponse,SR-OD-031-OD-031F,1,1,False,,60,True,Outdoor Spaces,208
OPT-OD-031-07,OD-031,OD-031g,Shade elements or understory trees,1,Source,SingleResponse,SR-OD-031-OD-031G,1,1,False,,70,True,Outdoor Spaces,209
OPT-OD-031-08,OD-031,OD-031h,Soft walking paths,1,Source,SingleResponse,SR-OD-031-OD-031H,1,1,False,,80,True,Outdoor Spaces,210
OPT-OD-031-09,OD-031,OD-031j,Worktables,1,Source,SingleResponse,SR-OD-031-OD-031J,1,1,False,,90,True,Outdoor Spaces,211
OPT-OD-031-10,OD-031,OD-031k,None of the above,0,Source,SingleResponse,SR-OD-031-OD-031K,1,1,False,,100,True,Outdoor Spaces,212
OPT-OD-032-01,OD-032,OD-032a,Livestock enclosure,1,Source,SingleResponse,SR-OD-032-OD-032A,1,1,False,,10,True,Outdoor Spaces,214
OPT-OD-032-02,OD-032,OD-032b,Shade elements,1,Source,SingleResponse,SR-OD-032-OD-032B,1,1,False,,20,True,Outdoor Spaces,215
OPT-OD-032-03,OD-032,OD-032c,Shade trees,1,Source,SingleResponse,SR-OD-032-OD-032C,1,1,False,,30,True,Outdoor Spaces,216
OPT-OD-032-04,OD-032,OD-032d,Storage / shed,1,Source,SingleResponse,SR-OD-032-OD-032D,1,1,False,,40,True,Outdoor Spaces,217
OPT-OD-032-05,OD-032,OD-032e,None of the above,0,Source,SingleResponse,SR-OD-032-OD-032E,1,1,False,,50,True,Outdoor Spaces,218
OPT-OD-033-01,OD-033,OD-033a,Educational signage,1,Source,SingleResponse,SR-OD-033-OD-033A,1,1,False,,10,True,Outdoor Spaces,220
OPT-OD-033-02,OD-033,OD-033b,Flexible seating,1,Source,SingleResponse,SR-OD-033-OD-033B,1,1,False,,20,True,Outdoor Spaces,221
OPT-OD-033-03,OD-033,OD-033c,Hardscape,1,Source,SingleResponse,SR-OD-033-OD-033C,1,1,False,,30,True,Outdoor Spaces,222
OPT-OD-033-04,OD-033,OD-033d,Outdoor sink,1,Source,SingleResponse,SR-OD-033-OD-033D,1,1,False,,40,True,Outdoor Spaces,223
OPT-OD-033-05,OD-033,OD-033e,Paddocks,1,Source,SingleResponse,SR-OD-033-OD-033E,1,1,False,,50,True,Outdoor Spaces,224
OPT-OD-033-06,OD-033,OD-033f,Pollinator plantings,1,Source,SingleResponse,SR-OD-033-OD-033F,1,1,False,,60,True,Outdoor Spaces,225
OPT-OD-033-07,OD-033,OD-033g,Soft walking paths,1,Source,SingleResponse,SR-OD-033-OD-033G,1,1,False,,70,True,Outdoor Spaces,226
OPT-OD-033-08,OD-033,OD-033h,Troughs,1,Source,SingleResponse,SR-OD-033-OD-033H,1,1,False,,80,True,Outdoor Spaces,227
OPT-OD-033-09,OD-033,OD-033j,Worktables,1,Source,SingleResponse,SR-OD-033-OD-033J,1,1,False,,90,True,Outdoor Spaces,228
OPT-OD-033-10,OD-033,OD-033k,Writable surfaces,1,Source,SingleResponse,SR-OD-033-OD-033K,1,1,False,,100,True,Outdoor Spaces,229
OPT-OD-033-11,OD-033,OD-033l,None of the above,0,Source,SingleResponse,SR-OD-033-OD-033L,1,1,False,,110,True,Outdoor Spaces,230
OPT-OD-034-01,OD-034,OD-034a,Yes,1,Source,SingleResponse,SR-OD-034-OD-034A,1,1,False,,10,True,Outdoor Spaces,232
OPT-OD-034-02,OD-034,OD-034a,No,0,Source,SingleResponse,SR-OD-034-OD-034A,1,1,False,,20,True,Outdoor Spaces,233
OPT-OD-034-03,OD-034,OD-034a,Unable to assess (note reason),,Exclusion,SingleResponse,SR-OD-034-OD-034A,0,1,True,,30,True,Outdoor Spaces,234
OPT-OD-035-01,OD-035,OD-035a,Hardscape,1,Source,SingleResponse,SR-OD-035-OD-035A,1,1,False,,10,True,Outdoor Spaces,236
OPT-OD-035-02,OD-035,OD-035b,Soft walking path,1,Source,SingleResponse,SR-OD-035-OD-035B,1,1,False,,20,True,Outdoor Spaces,237
OPT-OD-035-03,OD-035,OD-035c,Shade trees,1,Source,SingleResponse,SR-OD-035-OD-035C,1,1,False,,30,True,Outdoor Spaces,238
OPT-OD-035-04,OD-035,OD-035d,Wildlife habitat,1,Source,SingleResponse,SR-OD-035-OD-035D,1,1,False,,40,True,Outdoor Spaces,239
OPT-OD-035-05,OD-035,OD-035e,Mulch planting beds,1,Source,SingleResponse,SR-OD-035-OD-035E,1,1,False,,50,True,Outdoor Spaces,240
OPT-OD-035-06,OD-035,OD-035f,Native plantings,1,Source,SingleResponse,SR-OD-035-OD-035F,1,1,False,,60,True,Outdoor Spaces,241
OPT-OD-035-07,OD-035,OD-035g,None of the above,0,Source,SingleResponse,SR-OD-035-OD-035G,1,1,False,,70,True,Outdoor Spaces,242
OPT-OD-036-01,OD-036,OD-036a,Dry creek bed,1,Source,SingleResponse,SR-OD-036-OD-036A,1,1,False,,10,True,Outdoor Spaces,244
OPT-OD-036-02,OD-036,OD-036b,Educational signage,1,Source,SingleResponse,SR-OD-036-OD-036B,1,1,False,,20,True,Outdoor Spaces,245
OPT-OD-036-03,OD-036,OD-036c,Fixed seating,1,Source,SingleResponse,SR-OD-036-OD-036C,1,1,False,,30,True,Outdoor Spaces,246
OPT-OD-036-04,OD-036,OD-036d,Nature-based play,1,Source,SingleResponse,SR-OD-036-OD-036D,1,1,False,,40,True,Outdoor Spaces,247
OPT-OD-036-05,OD-036,OD-036e,Pollinator plantings,1,Source,SingleResponse,SR-OD-036-OD-036E,1,1,False,,50,True,Outdoor Spaces,248
OPT-OD-036-06,OD-036,OD-036f,Observation area,1,Source,SingleResponse,SR-OD-036-OD-036F,1,1,False,,60,True,Outdoor Spaces,249
OPT-OD-036-07,OD-036,OD-036g,Sensory path,1,Source,SingleResponse,SR-OD-036-OD-036G,1,1,False,,70,True,Outdoor Spaces,250
OPT-OD-036-08,OD-036,OD-036h,None of the above,0,Source,SingleResponse,SR-OD-036-OD-036H,1,1,False,,80,True,Outdoor Spaces,251
OPT-OD-037-01,OD-037,OD-037i,Cisterns,,Inventory,Inventory,INV-OD-037-OD-037I,0,0,False,,10,True,Outdoor Spaces,253
OPT-OD-037-02,OD-037,OD-037a,Rain gardens,1,Source,SingleResponse,SR-OD-037-OD-037A,1,1,False,,20,True,Outdoor Spaces,254
OPT-OD-037-03,OD-037,OD-037b,Swales,1,Source,SingleResponse,SR-OD-037-OD-037B,1,1,False,,30,True,Outdoor Spaces,255
OPT-OD-037-04,OD-037,OD-037c,Berms,1,Source,SingleResponse,SR-OD-037-OD-037C,1,1,False,,40,True,Outdoor Spaces,256
OPT-OD-037-05,OD-037,OD-037d,None of the above,0,Source,SingleResponse,SR-OD-037-OD-037D,1,1,False,,50,True,Outdoor Spaces,257
OPT-OD-038-01,OD-038,OD-038a,Dry creek bed,1,Source,SingleResponse,SR-OD-038-OD-038A,1,1,False,,10,True,Outdoor Spaces,259
OPT-OD-038-02,OD-038,OD-038b,Educational signage,1,Source,SingleResponse,SR-OD-038-OD-038B,1,1,False,,20,True,Outdoor Spaces,260
OPT-OD-038-03,OD-038,OD-038c,Fixed seating,1,Source,SingleResponse,SR-OD-038-OD-038C,1,1,False,,30,True,Outdoor Spaces,261
OPT-OD-038-04,OD-038,OD-038d,Pollinator plantings,1,Source,SingleResponse,SR-OD-038-OD-038D,1,1,False,,40,True,Outdoor Spaces,262
OPT-OD-038-05,OD-038,OD-038e,Garden path,1,Source,SingleResponse,SR-OD-038-OD-038E,1,1,False,,50,True,Outdoor Spaces,263
OPT-OD-038-06,OD-038,OD-038f,Shade trees,1,Source,SingleResponse,SR-OD-038-OD-038F,1,1,False,,60,True,Outdoor Spaces,264
OPT-OD-038-07,OD-038,OD-038g,Understory trees,1,Source,SingleResponse,SR-OD-038-OD-038G,1,1,False,,70,True,Outdoor Spaces,265
OPT-OD-038-08,OD-038,OD-038h,None of the above,0,Source,SingleResponse,SR-OD-038-OD-038H,1,1,False,,80,True,Outdoor Spaces,266
OPT-OD-039-01,OD-039,OD-039a,Early childhood playground area,1,Source,SingleResponse,SR-OD-039-OD-039A,1,1,False,,10,True,Outdoor Spaces,268
OPT-OD-039-02,OD-039,OD-039b,Elementary playground area,1,Source,SingleResponse,SR-OD-039-OD-039B,1,1,False,,20,True,Outdoor Spaces,269
OPT-OD-039-03,OD-039,OD-039c,Hard play area,1,Source,SingleResponse,SR-OD-039-OD-039C,1,1,False,,30,True,Outdoor Spaces,270
OPT-OD-039-04,OD-039,OD-039d,Play field,1,Source,SingleResponse,SR-OD-039-OD-039D,1,1,False,,40,True,Outdoor Spaces,271
OPT-OD-039-05,OD-039,OD-039e,Outdoor studios,1,Source,SingleResponse,SR-OD-039-OD-039E,1,1,False,,50,True,Outdoor Spaces,272
OPT-OD-039-06,OD-039,OD-039f,Gardens,1,Source,SingleResponse,SR-OD-039-OD-039F,1,1,False,,60,True,Outdoor Spaces,273
OPT-OD-039-07,OD-039,OD-039g,Nature trail,1,Source,SingleResponse,SR-OD-039-OD-039G,1,1,False,,70,True,Outdoor Spaces,274
OPT-OD-039-08,OD-039,OD-039h,Domestic animal habitat,1,Source,SingleResponse,SR-OD-039-OD-039H,1,1,False,,80,True,Outdoor Spaces,275
OPT-OD-039-09,OD-039,OD-039j,None of the above,0,Source,SingleResponse,SR-OD-039-OD-039J,1,1,False,,90,True,Outdoor Spaces,276
OPT-OD-040-01,OD-040,OD-040a,Hard play area,1,Source,SingleResponse,SR-OD-040-OD-040A,1,1,False,,10,True,Outdoor Spaces,278
OPT-OD-040-02,OD-040,OD-040b,Play field,1,Source,SingleResponse,SR-OD-040-OD-040B,1,1,False,,20,True,Outdoor Spaces,279
OPT-OD-040-03,OD-040,OD-040c,Outdoor studios,1,Source,SingleResponse,SR-OD-040-OD-040C,1,1,False,,30,True,Outdoor Spaces,280
OPT-OD-040-04,OD-040,OD-040d,Gardens,1,Source,SingleResponse,SR-OD-040-OD-040D,1,1,False,,40,True,Outdoor Spaces,281
OPT-OD-040-05,OD-040,OD-040e,Nature trail,1,Source,SingleResponse,SR-OD-040-OD-040E,1,1,False,,50,True,Outdoor Spaces,282
OPT-OD-040-06,OD-040,OD-040f,Domestic animal habitat,1,Source,SingleResponse,SR-OD-040-OD-040F,1,1,False,,60,True,Outdoor Spaces,283
OPT-OD-040-07,OD-040,OD-040g,None of the above,0,Source,SingleResponse,SR-OD-040-OD-040G,1,1,False,,70,True,Outdoor Spaces,284
OPT-OD-041-01,OD-041,OD-041a,"Good - dedicated, conveniently located storage appears sufficient for current needs",1,Source,SingleResponse,SR-OD-041-OD-041A,1,1,False,,10,True,Outdoor Spaces,286
OPT-OD-041-02,OD-041,OD-041a,"Fair - storage is provided but appears undersized, inconvenient, or only partially sufficient",0.5,Source,SingleResponse,SR-OD-041-OD-041A,1,1,False,,20,True,Outdoor Spaces,287
OPT-OD-041-03,OD-041,OD-041a,Poor - no dedicated outdoor storage is visible,0,Source,SingleResponse,SR-OD-041-OD-041A,1,1,False,,30,True,Outdoor Spaces,288
OPT-OD-041-04,OD-041,OD-041a,Unable to assess (note reason),,Exclusion,SingleResponse,SR-OD-041-OD-041A,0,1,True,,40,True,Outdoor Spaces,289
OPT-AD-001-01,AD-001,AD-001a,Yes,1,Source,SingleResponse,SR-AD-001-AD-001A,1,1,False,,10,True,Admin Offices,3
OPT-AD-001-02,AD-001,AD-001a,No,0,Source,SingleResponse,SR-AD-001-AD-001A,1,1,False,,20,True,Admin Offices,4
OPT-AD-001-03,AD-001,AD-001a,Unable to assess (note reason),,Exclusion,SingleResponse,SR-AD-001-AD-001A,0,1,True,,30,True,Admin Offices,5
OPT-AD-002-01,AD-002,AD-002a,Primary light fixtures are dimmable,1,Source,SingleResponse,SR-AD-002-AD-002A,1,1,False,,10,True,Admin Offices,7
OPT-AD-002-02,AD-002,AD-002b,Primary light fixtures are LED,1,Source,SingleResponse,SR-AD-002-AD-002B,1,1,False,,20,True,Admin Offices,8
OPT-AD-002-03,AD-002,AD-002c,None of the above,0,Source,SingleResponse,SR-AD-002-AD-002C,1,1,False,,30,True,Admin Offices,9
OPT-AD-003-01,AD-003,AD-003a,Good - walls are painted in light colors and accent color is used to reduce monotony,1,Source,SingleResponse,SR-AD-003-AD-003A,1,1,False,,10,True,Admin Offices,11
OPT-AD-003-02,AD-003,AD-003a,Fair - walls are painted in light colors but no accent color is used,0.5,Source,SingleResponse,SR-AD-003-AD-003A,1,1,False,,20,True,Admin Offices,12
OPT-AD-003-03,AD-003,AD-003a,Poor - walls are painted in dark or monotonous colors,0,Source,SingleResponse,SR-AD-003-AD-003A,1,1,False,,30,True,Admin Offices,13
OPT-AD-003-04,AD-003,AD-003a,Unable to assess (note reason),,Exclusion,SingleResponse,SR-AD-003-AD-003A,0,1,True,,40,True,Admin Offices,14
OPT-AD-004-01,AD-004,AD-004a,Yes,1,Source,SingleResponse,SR-AD-004-AD-004A,1,1,False,,10,True,Admin Offices,16
OPT-AD-004-02,AD-004,AD-004a,No,0,Source,SingleResponse,SR-AD-004-AD-004A,1,1,False,,20,True,Admin Offices,17
OPT-AD-004-03,AD-004,AD-004a,Unable to assess (note reason),,Exclusion,SingleResponse,SR-AD-004-AD-004A,0,1,True,,30,True,Admin Offices,18
OPT-AD-005-01,AD-005,AD-005a,"Yes, and there are views to the exterior",1,Source,SingleResponse,SR-AD-005-AD-005A,1,1,False,,10,True,Admin Offices,20
OPT-AD-005-02,AD-005,AD-005a,"Yes, but there are no views to the exterior",0.5,Source,SingleResponse,SR-AD-005-AD-005A,1,1,False,,20,True,Admin Offices,21
OPT-AD-005-03,AD-005,AD-005a,No,0,Source,SingleResponse,SR-AD-005-AD-005A,1,1,False,,30,True,Admin Offices,22
OPT-AD-005-04,AD-005,AD-005a,Unable to assess (note reason),,Exclusion,SingleResponse,SR-AD-005-AD-005A,0,1,True,,40,True,Admin Offices,23
OPT-AD-006-01,AD-006,AD-006a,"Access to views of the outdoors (e.g., not solely a view of an exterior wall)",1,Source,SingleResponse,SR-AD-006-AD-006A,1,1,False,,10,True,Admin Offices,25
OPT-AD-006-02,AD-006,AD-006i,Only clerestory windows are provided,,Inventory,Inventory,INV-AD-006-AD-006I,0,0,False,,20,True,Admin Offices,26
OPT-AD-006-03,AD-006,AD-006b,None of the above,0,Source,SingleResponse,SR-AD-006-AD-006B,1,1,False,,30,True,Admin Offices,27
OPT-AD-007-01,AD-007,AD-007a,Roller shades are provided,1,Source,SingleResponse,SR-AD-007-AD-007A,1,1,False,,10,True,Admin Offices,29
OPT-AD-007-02,AD-007,AD-007a,Mini-blinds are provided,0.5,Source,SingleResponse,SR-AD-007-AD-007A,1,1,False,,20,True,Admin Offices,30
OPT-AD-007-03,AD-007,AD-007a,Other (please note),0,Source,SingleResponse,SR-AD-007-AD-007A,1,1,False,,30,True,Admin Offices,31
OPT-AD-007-04,AD-007,AD-007a,No window coverings are provided,0,Source,SingleResponse,SR-AD-007-AD-007A,1,1,False,,40,True,Admin Offices,32
OPT-AD-007-05,AD-007,AD-007a,Unable to assess (note reason),,Exclusion,SingleResponse,SR-AD-007-AD-007A,0,1,True,,50,True,Admin Offices,33
OPT-AD-008-01,AD-008,AD-008i,0,,Inventory,Inventory,INV-AD-008-AD-008I,0,0,False,,10,True,Admin Offices,35
OPT-AD-008-02,AD-008,AD-008i,1,,Inventory,Inventory,INV-AD-008-AD-008I,0,0,False,,20,True,Admin Offices,36
OPT-AD-008-03,AD-008,AD-008i,2-3,,Inventory,Inventory,INV-AD-008-AD-008I,0,0,False,,30,True,Admin Offices,37
OPT-AD-008-04,AD-008,AD-008i,4+,,Inventory,Inventory,INV-AD-008-AD-008I,0,0,False,,40,True,Admin Offices,38
OPT-AD-009-01,AD-009,AD-009a,0,0,Assumed zero,SingleResponse,SR-AD-009-AD-009A,1,1,False,,10,True,Admin Offices,40
OPT-AD-009-02,AD-009,AD-009a,1,0.5,Source,SingleResponse,SR-AD-009-AD-009A,1,1,False,,20,True,Admin Offices,41
OPT-AD-009-03,AD-009,AD-009a,2+,1,Source,SingleResponse,SR-AD-009-AD-009A,1,1,False,,30,True,Admin Offices,42
OPT-AD-010-01,AD-010,AD-010a,0,0,Assumed zero,SingleResponse,SR-AD-010-AD-010A,1,1,False,,10,True,Admin Offices,44
OPT-AD-010-02,AD-010,AD-010a,1,0.5,Source,SingleResponse,SR-AD-010-AD-010A,1,1,False,,20,True,Admin Offices,45
OPT-AD-010-03,AD-010,AD-010a,2+,1,Source,SingleResponse,SR-AD-010-AD-010A,1,1,False,,30,True,Admin Offices,46
OPT-AD-011-01,AD-011,AD-011a,A thermostat is provided that has adjustable temperature controls,1,Source,SingleResponse,SR-AD-011-AD-011A,1,1,False,,10,True,Admin Offices,48
OPT-AD-011-02,AD-011,AD-011a,A thermostat is provided that does not have adjustable temperature controls,0.5,Source,SingleResponse,SR-AD-011-AD-011A,1,1,False,,20,True,Admin Offices,49
OPT-AD-011-03,AD-011,AD-011a,Only a temperature sensor is provided,0.5,Source,SingleResponse,SR-AD-011-AD-011A,1,1,False,,30,True,Admin Offices,50
OPT-AD-011-04,AD-011,AD-011a,No thermostat or sensor is present in the space,0,Source,SingleResponse,SR-AD-011-AD-011A,1,1,False,,40,True,Admin Offices,51
OPT-AD-012-01,AD-012,AD-012a,Yes,1,Source,SingleResponse,SR-AD-012-AD-012A,1,1,False,,10,True,Admin Offices,53
OPT-AD-012-02,AD-012,AD-012a,No,0,Source,SingleResponse,SR-AD-012-AD-012A,1,1,False,,20,True,Admin Offices,54
OPT-AD-012-03,AD-012,AD-012a,Unable to assess (note reason),,Exclusion,SingleResponse,SR-AD-012-AD-012A,0,1,True,,30,True,Admin Offices,55
OPT-AD-013-01,AD-013,AD-013i,Interior window,,Inventory,Inventory,INV-AD-013-AD-013I,0,0,False,,10,True,Admin Offices,57
OPT-AD-013-02,AD-013,AD-013i,Sidelight,,Inventory,Inventory,INV-AD-013-AD-013I,0,0,False,,20,True,Admin Offices,58
OPT-AD-013-03,AD-013,AD-013i,"Door panel (i.e., glass panel in the door)",,Inventory,Inventory,INV-AD-013-AD-013I,0,0,False,,30,True,Admin Offices,59
OPT-AD-013-04,AD-013,AD-013i,None of the above,,Inventory,Inventory,INV-AD-013-AD-013I,0,0,False,,40,True,Admin Offices,60
OPT-AD-014-01,AD-014,AD-014a,Interior windows and doors with glass can be covered with a single movement,1,Source,SingleResponse,SR-AD-014-AD-014A,1,1,False,,10,True,Admin Offices,62
OPT-AD-014-02,AD-014,AD-014b,Exterior windows and doors with glass can be covered with a single movement,1,Source,SingleResponse,SR-AD-014-AD-014B,1,1,False,,20,True,Admin Offices,63
OPT-AD-014-03,AD-014,AD-014c,Interior door hardware is lockable from inside the space with a push button or thumb turn lock,1,Source,SingleResponse,SR-AD-014-AD-014C,1,1,False,,30,True,Admin Offices,64
OPT-AD-014-04,AD-014,AD-014d,None of the above,0,Source,SingleResponse,SR-AD-014-AD-014D,1,1,False,,40,True,Admin Offices,65
OPT-AD-015-01,AD-015,AD-015i,Desk or workstation,,Inventory,Inventory,INV-AD-015-AD-015I,0,0,False,,10,True,Admin Offices,67
OPT-AD-015-02,AD-015,AD-015i,Task chair,,Inventory,Inventory,INV-AD-015-AD-015I,0,0,False,,20,True,Admin Offices,68
OPT-AD-015-03,AD-015,AD-015i,Guest seating,,Inventory,Inventory,INV-AD-015-AD-015I,0,0,False,,30,True,Admin Offices,69
OPT-AD-015-04,AD-015,AD-015i,Small meeting table,,Inventory,Inventory,INV-AD-015-AD-015I,0,0,False,,40,True,Admin Offices,70
OPT-AD-015-05,AD-015,AD-015i,Soft seating,,Inventory,Inventory,INV-AD-015-AD-015I,0,0,False,,50,True,Admin Offices,71
OPT-AD-015-06,AD-015,AD-015i,Lockable storage,,Inventory,Inventory,INV-AD-015-AD-015I,0,0,False,,60,True,Admin Offices,72
OPT-AD-015-07,AD-015,AD-015i,Tackboard,,Inventory,Inventory,INV-AD-015-AD-015I,0,0,False,,70,True,Admin Offices,73
OPT-AD-015-08,AD-015,AD-015i,None of the above,,Inventory,Inventory,INV-AD-015-AD-015I,0,0,False,,80,True,Admin Offices,74
OPT-AD-016-01,AD-016,AD-016a,Good - appears relatively new or has minimal wear,1,Source,SingleResponse,SR-AD-016-AD-016A,1,1,False,,10,True,Admin Offices,76
OPT-AD-016-02,AD-016,AD-016a,"Fair - some furniture is noticeably worn or aging, but all is functional",0.5,Source,SingleResponse,SR-AD-016-AD-016A,1,1,False,,20,True,Admin Offices,77
OPT-AD-016-03,AD-016,AD-016a,"Poor - some or all furniture is significantly worn, damaged, or not usable",0,Source,SingleResponse,SR-AD-016-AD-016A,1,1,False,,30,True,Admin Offices,78
OPT-AD-017-01,AD-017,AD-017i,"Resilient flooring (e.g., vinyl, rubber)",,Inventory,Inventory,INV-AD-017-AD-017I,0,0,False,,10,True,Admin Offices,80
OPT-AD-017-02,AD-017,AD-017i,Terrazzo,,Inventory,Inventory,INV-AD-017-AD-017I,0,0,False,,20,True,Admin Offices,81
OPT-AD-017-03,AD-017,AD-017i,Polished concrete,,Inventory,Inventory,INV-AD-017-AD-017I,0,0,False,,30,True,Admin Offices,82
OPT-AD-017-04,AD-017,AD-017i,"Carpet (i.e., not a loose rug)",,Inventory,Inventory,INV-AD-017-AD-017I,0,0,False,,40,True,Admin Offices,83
OPT-AD-017-05,AD-017,AD-017i,Other (please note),,Inventory,Inventory,INV-AD-017-AD-017I,0,0,False,,50,True,Admin Offices,84
OPT-AD-017-06,AD-017,AD-017i,Unable to assess (note reason),,Inventory,Inventory,INV-AD-017-AD-017I,0,0,True,,60,True,Admin Offices,85
OPT-AD-018-01,AD-018,AD-018a,Collaboration space,1,Source,SingleResponse,SR-AD-018-AD-018A,1,1,False,,10,True,Admin Offices,87
OPT-AD-018-02,AD-018,AD-018b,Group room,1,Source,SingleResponse,SR-AD-018-AD-018B,1,1,False,,20,True,Admin Offices,88
OPT-AD-018-03,AD-018,AD-018c,None of the above,0,Source,SingleResponse,SR-AD-018-AD-018C,1,1,False,,30,True,Admin Offices,89
OPT-AD-019-01,AD-019,AD-019a,Collaboration space,1,Source,SingleResponse,SR-AD-019-AD-019A,1,1,False,,10,True,Admin Offices,91
OPT-AD-019-02,AD-019,AD-019b,Group room,1,Source,SingleResponse,SR-AD-019-AD-019B,1,1,False,,20,True,Admin Offices,92
OPT-AD-019-03,AD-019,AD-019c,None of the above,0,Source,SingleResponse,SR-AD-019-AD-019C,1,1,False,,30,True,Admin Offices,93
OPT-AD-020-01,AD-020,AD-020i,Yes,,Inventory,Inventory,INV-AD-020-AD-020I,0,0,False,,10,True,Admin Offices,95
OPT-AD-020-02,AD-020,AD-020i,No,,Inventory,Inventory,INV-AD-020-AD-020I,0,0,False,,20,True,Admin Offices,96
OPT-AD-021-01,AD-021,AD-021a,"A second door is provided to a separate space (e.g., corridor, conference room, exterior)",1,Source,SingleResponse,SR-AD-021-AD-021A,1,1,False,,10,True,Admin Offices,98
OPT-AD-021-02,AD-021,AD-021b,Wall-mounted presentation equipment is provided,1,Source,SingleResponse,SR-AD-021-AD-021B,1,1,False,,20,True,Admin Offices,99
OPT-AD-021-03,AD-021,AD-021c,None of the above,0,Source,SingleResponse,SR-AD-021-AD-021C,1,1,False,,30,True,Admin Offices,100
OPT-AD-022-01,AD-022,AD-022i,PA speaker,,Inventory,Inventory,INV-AD-022-AD-022I,0,0,False,,10,True,Admin Offices,102
OPT-AD-022-02,AD-022,AD-022i,Synchronous clock,,Inventory,Inventory,INV-AD-022-AD-022I,0,0,False,,20,True,Admin Offices,103
OPT-AD-022-03,AD-022,AD-022i,None of the above,,Inventory,Inventory,INV-AD-022-AD-022I,0,0,False,,30,True,Admin Offices,104
OPT-CP-002-01,CP-002,CP-002a,The suite is accessible directly from the secure vestibule without requiring travel through the building,1,Source,SingleResponse,SR-CP-002-CP-002A,1,1,False,,10,True,Community Partners Suite,7
OPT-CP-002-02,CP-002,CP-002b,The suite can be locked when not in use,1,Source,SingleResponse,SR-CP-002-CP-002B,1,1,False,,20,True,Community Partners Suite,8
OPT-CP-002-03,CP-002,CP-002c,The suite can be used before and after school hours without providing access to the rest of the building,1,Source,SingleResponse,SR-CP-002-CP-002C,1,1,False,,30,True,Community Partners Suite,9
OPT-CP-002-04,CP-002,CP-002d,None of the above,0,Source,SingleResponse,SR-CP-002-CP-002D,1,1,False,,40,True,Community Partners Suite,10
OPT-CP-003-01,CP-003,CP-003a,The suite entrance and a portion of the interior are visible from reception,1,Source,SingleResponse,SR-CP-003-CP-003A,1,1,False,,10,True,Community Partners Suite,12
OPT-CP-003-02,CP-003,CP-003a,The suite entrance is visible from reception,0.5,Source,SingleResponse,SR-CP-003-CP-003A,1,1,False,,20,True,Community Partners Suite,13
OPT-CP-003-03,CP-003,CP-003a,The suite is not visible from reception,0,Assumed zero,SingleResponse,SR-CP-003-CP-003A,1,1,False,,30,True,Community Partners Suite,14
OPT-CP-003-04,CP-003,CP-003a,Unable to assess (note reason),,Exclusion,SingleResponse,SR-CP-003-CP-003A,0,1,True,,40,True,Community Partners Suite,15
OPT-CP-004-01,CP-004,CP-004a,Admin office (intended for parent support specialist),1,Source,SingleResponse,SR-CP-004-CP-004A,1,1,False,,10,True,Community Partners Suite,17
OPT-CP-004-02,CP-004,CP-004b,Conference room,1,Source,SingleResponse,SR-CP-004-CP-004B,1,1,False,,20,True,Community Partners Suite,18
OPT-CP-004-03,CP-004,CP-004c,Community room,1,Source,SingleResponse,SR-CP-004-CP-004C,1,1,False,,30,True,Community Partners Suite,19
OPT-CP-004-04,CP-004,CP-004d,Professional learning center (PLC),1,Source,SingleResponse,SR-CP-004-CP-004D,1,1,False,,40,True,Community Partners Suite,20
OPT-CP-004-05,CP-004,CP-004e,"Small group room (i.e., capacity for 3-5 people)",1,Source,SingleResponse,SR-CP-004-CP-004E,1,1,False,,50,True,Community Partners Suite,21
OPT-CP-004-06,CP-004,CP-004f,Family restroom,1,Source,SingleResponse,SR-CP-004-CP-004F,1,1,False,,60,True,Community Partners Suite,22
OPT-CP-004-07,CP-004,CP-004g,Baby changing station inside family restroom,1,Source,SingleResponse,SR-CP-004-CP-004G,1,1,False,,70,True,Community Partners Suite,23
OPT-CP-004-08,CP-004,CP-004h,None of the above,0,Source,SingleResponse,SR-CP-004-CP-004H,1,1,False,,80,True,Community Partners Suite,24
OPT-CP-005-01,CP-005,CP-005a,Admin office (intended for parent support specialist),1,Source,SingleResponse,SR-CP-005-CP-005A,1,1,False,,10,True,Community Partners Suite,26
OPT-CP-005-02,CP-005,CP-005b,Conference room,1,Source,SingleResponse,SR-CP-005-CP-005B,1,1,False,,20,True,Community Partners Suite,27
OPT-CP-005-03,CP-005,CP-005c,Community room,1,Source,SingleResponse,SR-CP-005-CP-005C,1,1,False,,30,True,Community Partners Suite,28
OPT-CP-005-04,CP-005,CP-005d,Professional learning center (PLC),1,Source,SingleResponse,SR-CP-005-CP-005D,1,1,False,,40,True,Community Partners Suite,29
OPT-CP-005-05,CP-005,CP-005e,Family restroom,1,Source,SingleResponse,SR-CP-005-CP-005E,1,1,False,,50,True,Community Partners Suite,30
OPT-CP-005-06,CP-005,CP-005f,Baby changing station inside family restroom,1,Source,SingleResponse,SR-CP-005-CP-005F,1,1,False,,60,True,Community Partners Suite,31
OPT-CP-005-07,CP-005,CP-005g,None of the above,0,Source,SingleResponse,SR-CP-005-CP-005G,1,1,False,,70,True,Community Partners Suite,32
OPT-CP-006-01,CP-006,CP-006a,0,0,Source,SingleResponse,SR-CP-006-CP-006A,1,1,False,,10,True,Community Partners Suite,34
OPT-CP-006-02,CP-006,CP-006a,1,0.5,Source,SingleResponse,SR-CP-006-CP-006A,1,1,False,,20,True,Community Partners Suite,35
OPT-CP-006-03,CP-006,CP-006a,2+,1,Source,SingleResponse,SR-CP-006-CP-006A,1,1,False,,30,True,Community Partners Suite,36
OPT-CP-006-04,CP-006,CP-006a,Unable to assess (note reason),,Exclusion,SingleResponse,SR-CP-006-CP-006A,0,1,True,,40,True,Community Partners Suite,37
OPT-CP-007-01,CP-007,CP-007a,0,0,Assumed zero,SingleResponse,SR-CP-007-CP-007A,1,1,False,,10,True,Community Partners Suite,39
OPT-CP-007-02,CP-007,CP-007a,1,0.5,Source,SingleResponse,SR-CP-007-CP-007A,1,1,False,,20,True,Community Partners Suite,40
OPT-CP-007-03,CP-007,CP-007a,2+,1,Source,SingleResponse,SR-CP-007-CP-007A,1,1,False,,30,True,Community Partners Suite,41
OPT-CP-007-04,CP-007,CP-007a,Unable to assess (note reason),,Exclusion,SingleResponse,SR-CP-007-CP-007A,0,1,True,,40,True,Community Partners Suite,42
OPT-CP-008-01,CP-008,CP-008i,Acoustic panel ceiling (ACT),,Inventory,Inventory,INV-CP-008-CP-008I,0,0,False,,10,True,Community Partners Suite,44
OPT-CP-008-02,CP-008,CP-008i,Acoustic wall panels,,Inventory,Inventory,INV-CP-008-CP-008I,0,0,False,,20,True,Community Partners Suite,45
OPT-CP-008-03,CP-008,CP-008i,"Floor coverings (e.g., rugs)",,Inventory,Inventory,INV-CP-008-CP-008I,0,0,False,,30,True,Community Partners Suite,46
OPT-CP-008-04,CP-008,CP-008i,Other (please note),,Inventory,Inventory,INV-CP-008-CP-008I,0,0,False,,40,True,Community Partners Suite,47
OPT-CP-008-05,CP-008,CP-008i,None,,Inventory,Inventory,INV-CP-008-CP-008I,0,0,False,,50,True,Community Partners Suite,48
OPT-CP-008-06,CP-008,CP-008i,Exposed structure,,Inventory,Inventory,INV-CP-008-CP-008I,0,0,False,,60,True,Community Partners Suite,49
OPT-CP-008-07,CP-008,CP-008i,None of the above,,Inventory,Inventory,INV-CP-008-CP-008I,0,0,False,,70,True,Community Partners Suite,50
OPT-CP-009-01,CP-009,CP-009a,Yes,1,Source,SingleResponse,SR-CP-009-CP-009A,1,1,False,,10,True,Community Partners Suite,52
OPT-CP-009-02,CP-009,CP-009a,No,0,Source,SingleResponse,SR-CP-009-CP-009A,1,1,False,,20,True,Community Partners Suite,53
OPT-CP-009-03,CP-009,CP-009a,Unable to assess (note reason),,Exclusion,SingleResponse,SR-CP-009-CP-009A,0,1,True,,30,True,Community Partners Suite,54
OPT-CP-010-01,CP-010,CP-010a,"Access to views of the outdoors (e.g., not solely a view of an exterior wall)",1,Source,SingleResponse,SR-CP-010-CP-010A,1,1,False,,10,True,Community Partners Suite,56
OPT-CP-010-02,CP-010,CP-010i,Only clerestory windows are provided,,Inventory,Inventory,INV-CP-010-CP-010I,0,0,False,,20,True,Community Partners Suite,57
OPT-CP-010-03,CP-010,CP-010b,None of the above,0,Source,SingleResponse,SR-CP-010-CP-010B,1,1,False,,30,True,Community Partners Suite,58
OPT-CP-011-01,CP-011,CP-011a,A thermostat is provided that has adjustable temperature controls,1,Source,SingleResponse,SR-CP-011-CP-011A,1,1,False,,10,True,Community Partners Suite,60
OPT-CP-011-02,CP-011,CP-011a,A thermostat is provided that does not have adjustable temperature controls,0.5,Source,SingleResponse,SR-CP-011-CP-011A,1,1,False,,20,True,Community Partners Suite,61
OPT-CP-011-03,CP-011,CP-011a,Only a temperature sensor is provided,0.5,Source,SingleResponse,SR-CP-011-CP-011A,1,1,False,,30,True,Community Partners Suite,62
OPT-CP-011-04,CP-011,CP-011a,No thermostat or sensor is present in the space,0,Source,SingleResponse,SR-CP-011-CP-011A,1,1,False,,40,True,Community Partners Suite,63
OPT-CP-012-01,CP-012,CP-012a,Furniture can be rearranged for a variety of uses and group sizes,1,Source,SingleResponse,SR-CP-012-CP-012A,1,1,False,,10,True,Community Partners Suite,65
OPT-CP-012-02,CP-012,CP-012b,Soft seating is provided,1,Source,SingleResponse,SR-CP-012-CP-012B,1,1,False,,20,True,Community Partners Suite,66
OPT-CP-012-03,CP-012,CP-012i,Tables and chairs for group meetings,,Inventory,Inventory,INV-CP-012-CP-012I,0,0,False,,30,True,Community Partners Suite,67
OPT-CP-012-04,CP-012,CP-012i,"Furniture that can be easily moved by a single person (e.g., casters, lightweight construction)",,Inventory,Inventory,INV-CP-012-CP-012I,0,0,False,,40,True,Community Partners Suite,68
OPT-CP-012-05,CP-012,CP-012c,None of the above,0,Source,SingleResponse,SR-CP-012-CP-012C,1,1,False,,50,True,Community Partners Suite,69
OPT-CP-013-01,CP-013,CP-013a,Good - appears relatively new or has minimal wear,1,Source,SingleResponse,SR-CP-013-CP-013A,1,1,False,,10,True,Community Partners Suite,71
OPT-CP-013-02,CP-013,CP-013a,"Fair - some furniture is noticeably worn or aging, but all is functional",0.5,Source,SingleResponse,SR-CP-013-CP-013A,1,1,False,,20,True,Community Partners Suite,72
OPT-CP-013-03,CP-013,CP-013a,"Poor - some or all furniture is significantly worn, damaged, or not usable",0,Assumed zero,SingleResponse,SR-CP-013-CP-013A,1,1,False,,30,True,Community Partners Suite,73
OPT-CP-014-01,CP-014,CP-014i,"Resilient flooring (e.g., vinyl, rubber)",,Inventory,Inventory,INV-CP-014-CP-014I,0,0,False,,10,True,Community Partners Suite,75
OPT-CP-014-02,CP-014,CP-014i,Terrazzo,,Inventory,Inventory,INV-CP-014-CP-014I,0,0,False,,20,True,Community Partners Suite,76
OPT-CP-014-03,CP-014,CP-014i,Polished concrete,,Inventory,Inventory,INV-CP-014-CP-014I,0,0,False,,30,True,Community Partners Suite,77
OPT-CP-014-04,CP-014,CP-014i,"Carpet (i.e., not a loose rug)",,Inventory,Inventory,INV-CP-014-CP-014I,0,0,False,,40,True,Community Partners Suite,78
OPT-CP-014-05,CP-014,CP-014i,Other (please note),,Inventory,Inventory,INV-CP-014-CP-014I,0,0,False,,50,True,Community Partners Suite,79
OPT-CP-014-06,CP-014,CP-014i,Unable to assess (note reason),,Inventory,Inventory,INV-CP-014-CP-014I,0,0,True,,60,True,Community Partners Suite,80
OPT-CP-015-01,CP-015,CP-015i,Water cooler,,Inventory,Inventory,INV-CP-015-CP-015I,0,0,False,,10,True,Community Partners Suite,82
OPT-CP-015-02,CP-015,CP-015i,Bottle filler,,Inventory,Inventory,INV-CP-015-CP-015I,0,0,False,,20,True,Community Partners Suite,83
OPT-CP-015-03,CP-015,CP-015i,PA speaker,,Inventory,Inventory,INV-CP-015-CP-015I,0,0,False,,30,True,Community Partners Suite,84
OPT-CP-015-04,CP-015,CP-015i,Synchronous clock,,Inventory,Inventory,INV-CP-015-CP-015I,0,0,False,,40,True,Community Partners Suite,85
OPT-CP-015-05,CP-015,CP-015i,None of the above,,Inventory,Inventory,INV-CP-015-CP-015I,0,0,False,,50,True,Community Partners Suite,86
OPT-MW-002-01,MW-002,MW-002a,Yes,1,Source,SingleResponse,SR-MW-002-MW-002A,1,1,False,,10,True,MW and Counseling Suite,7
OPT-MW-002-02,MW-002,MW-002a,No,0,Source,SingleResponse,SR-MW-002-MW-002A,1,1,False,,20,True,MW and Counseling Suite,8
OPT-MW-002-03,MW-002,MW-002a,Unable to assess (note reason),,Exclusion,SingleResponse,SR-MW-002-MW-002A,0,1,True,,30,True,MW and Counseling Suite,9
OPT-MW-003-01,MW-003,MW-003i,Professional School Counselor Office,,Inventory,Inventory,INV-MW-003-MW-003I,0,0,False,,10,True,MW and Counseling Suite,11
OPT-MW-003-02,MW-003,MW-003i,Core Counseling,,Inventory,Inventory,INV-MW-003-MW-003I,0,0,False,,20,True,MW and Counseling Suite,12
OPT-MW-003-03,MW-003,MW-003i,"Wellness Room (i.e., brain lab)",,Inventory,Inventory,INV-MW-003-MW-003I,0,0,False,,30,True,MW and Counseling Suite,13
OPT-MW-003-04,MW-003,MW-003i,School Mental Health Center,,Inventory,Inventory,INV-MW-003-MW-003I,0,0,False,,40,True,MW and Counseling Suite,14
OPT-MW-003-05,MW-003,MW-003i,Licensed Mental Health Professional (LMHP) Office,,Inventory,Inventory,INV-MW-003-MW-003I,0,0,False,,50,True,MW and Counseling Suite,15
OPT-MW-003-06,MW-003,MW-003i,None of the above,,Inventory,Inventory,INV-MW-003-MW-003I,0,0,False,,60,True,MW and Counseling Suite,16
OPT-MW-004-01,MW-004,MW-004i,Professional School Counselor Office(s),,Inventory,Inventory,INV-MW-004-MW-004I,0,0,False,,10,True,MW and Counseling Suite,18
OPT-MW-004-02,MW-004,MW-004i,Core Counseling,,Inventory,Inventory,INV-MW-004-MW-004I,0,0,False,,20,True,MW and Counseling Suite,19
OPT-MW-004-03,MW-004,MW-004i,Reception,,Inventory,Inventory,INV-MW-004-MW-004I,0,0,False,,30,True,MW and Counseling Suite,20
OPT-MW-004-04,MW-004,MW-004i,Conference Room,,Inventory,Inventory,INV-MW-004-MW-004I,0,0,False,,40,True,MW and Counseling Suite,21
OPT-MW-004-05,MW-004,MW-004i,Storage (records),,Inventory,Inventory,INV-MW-004-MW-004I,0,0,False,,50,True,MW and Counseling Suite,22
OPT-MW-004-06,MW-004,MW-004i,"Wellness Room (i.e., brain lab)",,Inventory,Inventory,INV-MW-004-MW-004I,0,0,False,,60,True,MW and Counseling Suite,23
OPT-MW-004-07,MW-004,MW-004i,School Mental Health Center,,Inventory,Inventory,INV-MW-004-MW-004I,0,0,False,,70,True,MW and Counseling Suite,24
OPT-MW-004-08,MW-004,MW-004i,Licensed Mental Health Professional (LMHP) Office,,Inventory,Inventory,INV-MW-004-MW-004I,0,0,False,,80,True,MW and Counseling Suite,25
OPT-MW-004-09,MW-004,MW-004i,None of the above,,Inventory,Inventory,INV-MW-004-MW-004I,0,0,False,,90,True,MW and Counseling Suite,26
OPT-MW-005-01,MW-005,MW-005i,Professional School Counselor Office(s),,Inventory,Inventory,INV-MW-005-MW-005I,0,0,False,,10,True,MW and Counseling Suite,28
OPT-MW-005-02,MW-005,MW-005i,Core Counseling,,Inventory,Inventory,INV-MW-005-MW-005I,0,0,False,,20,True,MW and Counseling Suite,29
OPT-MW-005-03,MW-005,MW-005i,Reception,,Inventory,Inventory,INV-MW-005-MW-005I,0,0,False,,30,True,MW and Counseling Suite,30
OPT-MW-005-04,MW-005,MW-005i,Conference Room,,Inventory,Inventory,INV-MW-005-MW-005I,0,0,False,,40,True,MW and Counseling Suite,31
OPT-MW-005-05,MW-005,MW-005i,Storage (records),,Inventory,Inventory,INV-MW-005-MW-005I,0,0,False,,50,True,MW and Counseling Suite,32
OPT-MW-005-06,MW-005,MW-005i,College/career center,,Inventory,Inventory,INV-MW-005-MW-005I,0,0,False,,60,True,MW and Counseling Suite,33
OPT-MW-005-07,MW-005,MW-005i,"Wellness Room (i.e., brain lab)",,Inventory,Inventory,INV-MW-005-MW-005I,0,0,False,,70,True,MW and Counseling Suite,34
OPT-MW-005-08,MW-005,MW-005i,School Mental Health Center,,Inventory,Inventory,INV-MW-005-MW-005I,0,0,False,,80,True,MW and Counseling Suite,35
OPT-MW-005-09,MW-005,MW-005i,Licensed Mental Health Professional (LMHP) Office,,Inventory,Inventory,INV-MW-005-MW-005I,0,0,False,,90,True,MW and Counseling Suite,36
OPT-MW-005-10,MW-005,MW-005i,None of the above,,Inventory,Inventory,INV-MW-005-MW-005I,0,0,False,,100,True,MW and Counseling Suite,37
OPT-MW-006-01,MW-006,MW-006a,Yes,1,Source,SingleResponse,SR-MW-006-MW-006A,1,1,False,,10,True,MW and Counseling Suite,39
OPT-MW-006-02,MW-006,MW-006a,No,0,Source,SingleResponse,SR-MW-006-MW-006A,1,1,False,,20,True,MW and Counseling Suite,40
OPT-MW-006-03,MW-006,MW-006a,Unable to assess (note reason),,Exclusion,SingleResponse,SR-MW-006-MW-006A,0,1,True,,30,True,MW and Counseling Suite,41
OPT-MW-007-01,MW-007,MW-007a,1,0.25,Source,SingleResponse,SR-MW-007-MW-007A,1,1,False,,10,True,MW and Counseling Suite,43
OPT-MW-007-02,MW-007,MW-007a,2,0.5,Source,SingleResponse,SR-MW-007-MW-007A,1,1,False,,20,True,MW and Counseling Suite,44
OPT-MW-007-03,MW-007,MW-007a,3,0.75,Source,SingleResponse,SR-MW-007-MW-007A,1,1,False,,30,True,MW and Counseling Suite,45
OPT-MW-007-04,MW-007,MW-007a,4,1,Source,SingleResponse,SR-MW-007-MW-007A,1,1,False,,40,True,MW and Counseling Suite,46
OPT-MW-008-01,MW-008,MW-008a,1-2,0.25,Source,SingleResponse,SR-MW-008-MW-008A,1,1,False,,10,True,MW and Counseling Suite,48
OPT-MW-008-02,MW-008,MW-008a,3-5,0.5,Source,SingleResponse,SR-MW-008-MW-008A,1,1,False,,20,True,MW and Counseling Suite,49
OPT-MW-008-03,MW-008,MW-008a,6-7,0.75,Source,SingleResponse,SR-MW-008-MW-008A,1,1,False,,30,True,MW and Counseling Suite,50
OPT-MW-008-04,MW-008,MW-008a,8+,1,Source,SingleResponse,SR-MW-008-MW-008A,1,1,False,,40,True,MW and Counseling Suite,51
OPT-MW-009-01,MW-009,MW-009a,0,0,Source,SingleResponse,SR-MW-009-MW-009A,1,1,False,,10,True,MW and Counseling Suite,53
OPT-MW-009-02,MW-009,MW-009a,1,0.5,Source,SingleResponse,SR-MW-009-MW-009A,1,1,False,,20,True,MW and Counseling Suite,54
OPT-MW-009-03,MW-009,MW-009a,2+,1,Source,SingleResponse,SR-MW-009-MW-009A,1,1,False,,30,True,MW and Counseling Suite,55
OPT-MW-010-01,MW-010,MW-010a,Built-in lockable casework is provided,1,Source,SingleResponse,SR-MW-010-MW-010A,1,1,False,,10,True,MW and Counseling Suite,57
OPT-MW-010-02,MW-010,MW-010a,Mobile lockable storage is provided,0.5,Source,SingleResponse,SR-MW-010-MW-010A,1,1,False,,20,True,MW and Counseling Suite,58
OPT-MW-010-03,MW-010,MW-010a,No lockable storage is provided,0,Source,SingleResponse,SR-MW-010-MW-010A,1,1,False,,30,True,MW and Counseling Suite,59
OPT-MW-010-04,MW-010,MW-010a,Unable to assess (note reason),,Exclusion,SingleResponse,SR-MW-010-MW-010A,0,1,True,,40,True,MW and Counseling Suite,60
OPT-MW-011-01,MW-011,MW-011a,A thermostat is provided that has adjustable temperature controls,1,Source,SingleResponse,SR-MW-011-MW-011A,1,1,False,,10,True,MW and Counseling Suite,62
OPT-MW-011-02,MW-011,MW-011a,A thermostat is provided that does not have adjustable temperature controls,0.5,Source,SingleResponse,SR-MW-011-MW-011A,1,1,False,,20,True,MW and Counseling Suite,63
OPT-MW-011-03,MW-011,MW-011a,Only a temperature sensor is provided,0.5,Source,SingleResponse,SR-MW-011-MW-011A,1,1,False,,30,True,MW and Counseling Suite,64
OPT-MW-011-04,MW-011,MW-011a,No thermostat or sensor is present in the space,0,Source,SingleResponse,SR-MW-011-MW-011A,1,1,False,,40,True,MW and Counseling Suite,65
OPT-MW-012-01,MW-012,MW-012a,0,0,Source,SingleResponse,SR-MW-012-MW-012A,1,1,False,,10,True,MW and Counseling Suite,67
OPT-MW-012-02,MW-012,MW-012a,1,0.5,Source,SingleResponse,SR-MW-012-MW-012A,1,1,False,,20,True,MW and Counseling Suite,68
OPT-MW-012-03,MW-012,MW-012a,2+,1,Source,SingleResponse,SR-MW-012-MW-012A,1,1,False,,30,True,MW and Counseling Suite,69
OPT-MW-013-01,MW-013,MW-013a,0,0,Source,SingleResponse,SR-MW-013-MW-013A,1,1,False,,10,True,MW and Counseling Suite,71
OPT-MW-013-02,MW-013,MW-013a,1,0.33,Source,SingleResponse,SR-MW-013-MW-013A,1,1,False,,20,True,MW and Counseling Suite,72
OPT-MW-013-03,MW-013,MW-013a,2,0.66,Source,SingleResponse,SR-MW-013-MW-013A,1,1,False,,30,True,MW and Counseling Suite,73
OPT-MW-013-04,MW-013,MW-013a,3+,1,Source,SingleResponse,SR-MW-013-MW-013A,1,1,False,,40,True,MW and Counseling Suite,74
OPT-MW-014-01,MW-014,MW-014a,0,0,Source,SingleResponse,SR-MW-014-MW-014A,1,1,False,,10,True,MW and Counseling Suite,76
OPT-MW-014-02,MW-014,MW-014a,1,0.25,Source,SingleResponse,SR-MW-014-MW-014A,1,1,False,,20,True,MW and Counseling Suite,77
OPT-MW-014-03,MW-014,MW-014a,2,0.5,Source,SingleResponse,SR-MW-014-MW-014A,1,1,False,,30,True,MW and Counseling Suite,78
OPT-MW-014-04,MW-014,MW-014a,3,0.75,Source,SingleResponse,SR-MW-014-MW-014A,1,1,False,,40,True,MW and Counseling Suite,79
OPT-MW-014-05,MW-014,MW-014a,4+,1,Source,SingleResponse,SR-MW-014-MW-014A,1,1,False,,50,True,MW and Counseling Suite,80
OPT-MW-015-01,MW-015,MW-015a,Yes,1,Source,SingleResponse,SR-MW-015-MW-015A,1,1,False,,10,True,MW and Counseling Suite,82
OPT-MW-015-02,MW-015,MW-015a,No,0,Source,SingleResponse,SR-MW-015-MW-015A,1,1,False,,20,True,MW and Counseling Suite,83
OPT-MW-015-03,MW-015,MW-015a,Unable to assess (note reason),,Exclusion,SingleResponse,SR-MW-015-MW-015A,0,1,True,,30,True,MW and Counseling Suite,84
OPT-MW-016-01,MW-016,MW-016a,Yes,1,Source,SingleResponse,SR-MW-016-MW-016A,1,1,False,,10,True,MW and Counseling Suite,86
OPT-MW-016-02,MW-016,MW-016a,No,0,Source,SingleResponse,SR-MW-016-MW-016A,1,1,False,,20,True,MW and Counseling Suite,87
OPT-MW-016-03,MW-016,MW-016a,Unable to assess (note reason),,Exclusion,SingleResponse,SR-MW-016-MW-016A,0,1,True,,30,True,MW and Counseling Suite,88
OPT-MW-017-01,MW-017,MW-017a,Yes,1,Source,SingleResponse,SR-MW-017-MW-017A,1,1,False,,10,True,MW and Counseling Suite,90
OPT-MW-017-02,MW-017,MW-017a,No,0,Source,SingleResponse,SR-MW-017-MW-017A,1,1,False,,20,True,MW and Counseling Suite,91
OPT-MW-017-03,MW-017,MW-017a,Unable to assess (note reason),,Exclusion,SingleResponse,SR-MW-017-MW-017A,0,1,True,,30,True,MW and Counseling Suite,92
OPT-MW-018-01,MW-018,MW-018a,None,0,Source,SingleResponse,SR-MW-018-MW-018A,1,1,False,,10,True,MW and Counseling Suite,94
OPT-MW-018-02,MW-018,MW-018a,<4 linear feet,0.5,Source,SingleResponse,SR-MW-018-MW-018A,1,1,False,,20,True,MW and Counseling Suite,95
OPT-MW-018-03,MW-018,MW-018a,4+ linear feet,1,Source,SingleResponse,SR-MW-018-MW-018A,1,1,False,,30,True,MW and Counseling Suite,96
OPT-MW-019-01,MW-019,MW-019a,None,0,Source,SingleResponse,SR-MW-019-MW-019A,1,1,False,,10,True,MW and Counseling Suite,98
OPT-MW-019-02,MW-019,MW-019a,<4 linear feet,0.5,Source,SingleResponse,SR-MW-019-MW-019A,1,1,False,,20,True,MW and Counseling Suite,99
OPT-MW-019-03,MW-019,MW-019a,4+ linear feet,1,Source,SingleResponse,SR-MW-019-MW-019A,1,1,False,,30,True,MW and Counseling Suite,100
OPT-MW-020-01,MW-020,MW-020a,Clear sightline,1,Source,SingleResponse,SR-MW-020-MW-020A,1,1,False,,10,True,MW and Counseling Suite,102
OPT-MW-020-02,MW-020,MW-020a,Partial sightline,0.5,Source,SingleResponse,SR-MW-020-MW-020A,1,1,False,,20,True,MW and Counseling Suite,103
OPT-MW-020-03,MW-020,MW-020a,No sightline,0,Source,SingleResponse,SR-MW-020-MW-020A,1,1,False,,30,True,MW and Counseling Suite,104
OPT-MW-020-04,MW-020,MW-020a,Unable to assess (note reason),,Exclusion,SingleResponse,SR-MW-020-MW-020A,0,1,True,,40,True,MW and Counseling Suite,105
OPT-MW-021-01,MW-021,MW-021a,Yes,1,Source,SingleResponse,SR-MW-021-MW-021A,1,1,False,,10,True,MW and Counseling Suite,107
OPT-MW-021-02,MW-021,MW-021a,No,0,Source,SingleResponse,SR-MW-021-MW-021A,1,1,False,,20,True,MW and Counseling Suite,108
OPT-MW-021-03,MW-021,MW-021a,Unable to assess (note reason),,Exclusion,SingleResponse,SR-MW-021-MW-021A,0,1,True,,30,True,MW and Counseling Suite,109
OPT-MW-022-01,MW-022,MW-022a,Yes,1,Source,SingleResponse,SR-MW-022-MW-022A,1,1,False,,10,True,MW and Counseling Suite,111
OPT-MW-022-02,MW-022,MW-022a,No,0,Source,SingleResponse,SR-MW-022-MW-022A,1,1,False,,20,True,MW and Counseling Suite,112
OPT-MW-022-03,MW-022,MW-022a,Unable to assess (note reason),,Exclusion,SingleResponse,SR-MW-022-MW-022A,0,1,True,,30,True,MW and Counseling Suite,113
OPT-MW-023-01,MW-023,MW-023a,Acoustic panel ceiling (ACT),1,Source,SingleResponse,SR-MW-023-MW-023A,1,1,False,,10,True,MW and Counseling Suite,115
OPT-MW-023-02,MW-023,MW-023b,Acoustic wall panels,1,Source,SingleResponse,SR-MW-023-MW-023B,1,1,False,,20,True,MW and Counseling Suite,116
OPT-MW-023-03,MW-023,MW-023c,"Floor coverings (e.g., rugs)",1,Source,SingleResponse,SR-MW-023-MW-023C,1,1,False,,30,True,MW and Counseling Suite,117
OPT-MW-023-04,MW-023,MW-023d,Exposed structure,0,Source,SingleResponse,SR-MW-023-MW-023D,1,1,False,,40,True,MW and Counseling Suite,118
OPT-MW-023-05,MW-023,MW-023e,None of the above,0,Source,SingleResponse,SR-MW-023-MW-023E,1,1,False,,50,True,MW and Counseling Suite,119
OPT-MW-024-01,MW-024,MW-024a,Yes,1,Source,SingleResponse,SR-MW-024-MW-024A,1,1,False,,10,True,MW and Counseling Suite,121
OPT-MW-024-02,MW-024,MW-024a,No,0,Source,SingleResponse,SR-MW-024-MW-024A,1,1,False,,20,True,MW and Counseling Suite,122
OPT-MW-024-03,MW-024,MW-024a,Unable to assess (note reason),,Exclusion,SingleResponse,SR-MW-024-MW-024A,0,1,True,,30,True,MW and Counseling Suite,123
OPT-MW-025-01,MW-025,MW-025a,None,0,Source,SingleResponse,SR-MW-025-MW-025A,1,1,False,,10,True,MW and Counseling Suite,125
OPT-MW-025-02,MW-025,MW-025a,<4 linear feet,0.33,Source,SingleResponse,SR-MW-025-MW-025A,1,1,False,,20,True,MW and Counseling Suite,126
OPT-MW-025-03,MW-025,MW-025a,4 to <8 linear feet,0.66,Source,SingleResponse,SR-MW-025-MW-025A,1,1,False,,30,True,MW and Counseling Suite,127
OPT-MW-025-04,MW-025,MW-025a,8+ linear feet,1,Source,SingleResponse,SR-MW-025-MW-025A,1,1,False,,40,True,MW and Counseling Suite,128
OPT-MW-026-01,MW-026,MW-026a,None,0,Source,SingleResponse,SR-MW-026-MW-026A,1,1,False,,10,True,MW and Counseling Suite,130
OPT-MW-026-02,MW-026,MW-026a,<4 linear feet,0.5,Source,SingleResponse,SR-MW-026-MW-026A,1,1,False,,20,True,MW and Counseling Suite,131
OPT-MW-026-03,MW-026,MW-026a,4+ linear feet,1,Source,SingleResponse,SR-MW-026-MW-026A,1,1,False,,30,True,MW and Counseling Suite,132
OPT-MW-027-01,MW-027,MW-027a,None,0,Source,SingleResponse,SR-MW-027-MW-027A,1,1,False,,10,True,MW and Counseling Suite,134
OPT-MW-027-02,MW-027,MW-027a,<4 linear feet,0.33,Source,SingleResponse,SR-MW-027-MW-027A,1,1,False,,20,True,MW and Counseling Suite,135
OPT-MW-027-03,MW-027,MW-027a,4 to <8 linear feet,0.66,Source,SingleResponse,SR-MW-027-MW-027A,1,1,False,,30,True,MW and Counseling Suite,136
OPT-MW-027-04,MW-027,MW-027a,8+ linear feet,1,Source,SingleResponse,SR-MW-027-MW-027A,1,1,False,,40,True,MW and Counseling Suite,137
OPT-MW-028-01,MW-028,MW-028a,None,0,Source,SingleResponse,SR-MW-028-MW-028A,1,1,False,,10,True,MW and Counseling Suite,139
OPT-MW-028-02,MW-028,MW-028a,<4 linear feet,0.5,Source,SingleResponse,SR-MW-028-MW-028A,1,1,False,,20,True,MW and Counseling Suite,140
OPT-MW-028-03,MW-028,MW-028a,4+ linear feet,1,Source,SingleResponse,SR-MW-028-MW-028A,1,1,False,,30,True,MW and Counseling Suite,141
OPT-MW-029-01,MW-029,MW-029a,Core Counseling,1,Source,SingleResponse,SR-MW-029-MW-029A,1,1,False,,10,True,MW and Counseling Suite,143
OPT-MW-029-02,MW-029,MW-029b,Wellness Rooms,1,Source,SingleResponse,SR-MW-029-MW-029B,1,1,False,,20,True,MW and Counseling Suite,144
OPT-MW-029-03,MW-029,MW-029c,Small Group Rooms,1,Source,SingleResponse,SR-MW-029-MW-029C,1,1,False,,30,True,MW and Counseling Suite,145
OPT-MW-029-04,MW-029,MW-029d,None of the above,0,Source,SingleResponse,SR-MW-029-MW-029D,1,1,False,,40,True,MW and Counseling Suite,146
OPT-MW-030-01,MW-030,MW-030a,None,0,Source,SingleResponse,SR-MW-030-MW-030A,1,1,False,,10,True,MW and Counseling Suite,148
OPT-MW-030-02,MW-030,MW-030a,<4 linear feet,0.33,Source,SingleResponse,SR-MW-030-MW-030A,1,1,False,,20,True,MW and Counseling Suite,149
OPT-MW-030-03,MW-030,MW-030a,4 to <8 linear feet,0.66,Source,SingleResponse,SR-MW-030-MW-030A,1,1,False,,30,True,MW and Counseling Suite,150
OPT-MW-030-04,MW-030,MW-030a,8+ linear feet,1,Source,SingleResponse,SR-MW-030-MW-030A,1,1,False,,40,True,MW and Counseling Suite,151
OPT-MW-031-01,MW-031,MW-031a,None,0,Source,SingleResponse,SR-MW-031-MW-031A,1,1,False,,10,True,MW and Counseling Suite,153
OPT-MW-031-02,MW-031,MW-031a,<4 linear feet,0.33,Source,SingleResponse,SR-MW-031-MW-031A,1,1,False,,20,True,MW and Counseling Suite,154
OPT-MW-031-03,MW-031,MW-031a,4 to <8 linear feet,0.66,Source,SingleResponse,SR-MW-031-MW-031A,1,1,False,,30,True,MW and Counseling Suite,155
OPT-MW-031-04,MW-031,MW-031a,8+ linear feet,1,Source,SingleResponse,SR-MW-031-MW-031A,1,1,False,,40,True,MW and Counseling Suite,156
OPT-MW-032-01,MW-032,MW-032a,Clear sightline,1,Source,SingleResponse,SR-MW-032-MW-032A,1,1,False,,10,True,MW and Counseling Suite,158
OPT-MW-032-02,MW-032,MW-032a,Partial sightline,0.5,Source,SingleResponse,SR-MW-032-MW-032A,1,1,False,,20,True,MW and Counseling Suite,159
OPT-MW-032-03,MW-032,MW-032a,No sightline,0,Source,SingleResponse,SR-MW-032-MW-032A,1,1,False,,30,True,MW and Counseling Suite,160
OPT-MW-032-04,MW-032,MW-032a,Unable to assess (note reason),,Exclusion,SingleResponse,SR-MW-032-MW-032A,0,1,True,,40,True,MW and Counseling Suite,161
OPT-MW-033-01,MW-033,MW-033a,Yes,1,Source,SingleResponse,SR-MW-033-MW-033A,1,1,False,,10,True,MW and Counseling Suite,163
OPT-MW-033-02,MW-033,MW-033a,No,0,Source,SingleResponse,SR-MW-033-MW-033A,1,1,False,,20,True,MW and Counseling Suite,164
OPT-MW-033-03,MW-033,MW-033a,Unable to assess (note reason),,Exclusion,SingleResponse,SR-MW-033-MW-033A,0,1,True,,30,True,MW and Counseling Suite,165
OPT-MW-034-01,MW-034,MW-034a,Yes,1,Source,SingleResponse,SR-MW-034-MW-034A,1,1,False,,10,True,MW and Counseling Suite,167
OPT-MW-034-02,MW-034,MW-034a,No,0,Source,SingleResponse,SR-MW-034-MW-034A,1,1,False,,20,True,MW and Counseling Suite,168
OPT-MW-034-03,MW-034,MW-034a,Unable to assess (note reason),,Exclusion,SingleResponse,SR-MW-034-MW-034A,0,1,True,,30,True,MW and Counseling Suite,169
OPT-MW-035-01,MW-035,MW-035a,Acoustic panel ceiling (ACT),1,Source,SingleResponse,SR-MW-035-MW-035A,1,1,False,,10,True,MW and Counseling Suite,171
OPT-MW-035-02,MW-035,MW-035b,Acoustic wall panels,1,Source,SingleResponse,SR-MW-035-MW-035B,1,1,False,,20,True,MW and Counseling Suite,172
OPT-MW-035-03,MW-035,MW-035c,"Floor coverings (e.g., rugs)",1,Source,SingleResponse,SR-MW-035-MW-035C,1,1,False,,30,True,MW and Counseling Suite,173
OPT-MW-035-04,MW-035,MW-035d,Exposed structure,0,Source,SingleResponse,SR-MW-035-MW-035D,1,1,False,,40,True,MW and Counseling Suite,174
OPT-MW-035-05,MW-035,MW-035e,None of the above,0,Source,SingleResponse,SR-MW-035-MW-035E,1,1,False,,50,True,MW and Counseling Suite,175
OPT-MW-036-01,MW-036,MW-036a,Yes,1,Source,SingleResponse,SR-MW-036-MW-036A,1,1,False,,10,True,MW and Counseling Suite,177
OPT-MW-036-02,MW-036,MW-036a,No,0,Source,SingleResponse,SR-MW-036-MW-036A,1,1,False,,20,True,MW and Counseling Suite,178
OPT-MW-036-03,MW-036,MW-036a,Unable to assess (note reason),,Exclusion,SingleResponse,SR-MW-036-MW-036A,0,1,True,,30,True,MW and Counseling Suite,179
OPT-MW-037-01,MW-037,MW-037a,None,0,Source,SingleResponse,SR-MW-037-MW-037A,1,1,False,,10,True,MW and Counseling Suite,181
OPT-MW-037-02,MW-037,MW-037a,<4 linear feet,0.33,Source,SingleResponse,SR-MW-037-MW-037A,1,1,False,,20,True,MW and Counseling Suite,182
OPT-MW-037-03,MW-037,MW-037a,4 to <8 linear feet,0.66,Source,SingleResponse,SR-MW-037-MW-037A,1,1,False,,30,True,MW and Counseling Suite,183
OPT-MW-037-04,MW-037,MW-037a,8+ linear feet,1,Source,SingleResponse,SR-MW-037-MW-037A,1,1,False,,40,True,MW and Counseling Suite,184
OPT-MW-038-01,MW-038,MW-038a,None,0,Source,SingleResponse,SR-MW-038-MW-038A,1,1,False,,10,True,MW and Counseling Suite,186
OPT-MW-038-02,MW-038,MW-038a,<4 linear feet,0.33,Source,SingleResponse,SR-MW-038-MW-038A,1,1,False,,20,True,MW and Counseling Suite,187
OPT-MW-038-03,MW-038,MW-038a,4 to <8 linear feet,0.66,Source,SingleResponse,SR-MW-038-MW-038A,1,1,False,,30,True,MW and Counseling Suite,188
OPT-MW-038-04,MW-038,MW-038a,8+ linear feet,1,Source,SingleResponse,SR-MW-038-MW-038A,1,1,False,,40,True,MW and Counseling Suite,189
OPT-MW-039-01,MW-039,MW-039a,None,0,Source,SingleResponse,SR-MW-039-MW-039A,1,1,False,,10,True,MW and Counseling Suite,191
OPT-MW-039-02,MW-039,MW-039a,<4 linear feet,0.33,Source,SingleResponse,SR-MW-039-MW-039A,1,1,False,,20,True,MW and Counseling Suite,192
OPT-MW-039-03,MW-039,MW-039a,4 to <8 linear feet,0.66,Source,SingleResponse,SR-MW-039-MW-039A,1,1,False,,30,True,MW and Counseling Suite,193
OPT-MW-039-04,MW-039,MW-039a,8+ linear feet,1,Source,SingleResponse,SR-MW-039-MW-039A,1,1,False,,40,True,MW and Counseling Suite,194
OPT-MW-040-01,MW-040,MW-040a,Yes,1,Source,SingleResponse,SR-MW-040-MW-040A,1,1,False,,10,True,MW and Counseling Suite,196
OPT-MW-040-02,MW-040,MW-040a,No,0,Source,SingleResponse,SR-MW-040-MW-040A,1,1,False,,20,True,MW and Counseling Suite,197
OPT-MW-040-03,MW-040,MW-040a,Unable to assess (note reason),,Exclusion,SingleResponse,SR-MW-040-MW-040A,0,1,True,,30,True,MW and Counseling Suite,198
OPT-MW-041-01,MW-041,MW-041a,Soft or comfortable seating is provided in student-use spaces,1,Source,SingleResponse,SR-MW-041-MW-041A,1,1,False,,10,True,MW and Counseling Suite,200
OPT-MW-041-02,MW-041,MW-041b,Furniture can be rearranged to support different group sizes,1,Source,SingleResponse,SR-MW-041-MW-041B,1,1,False,,20,True,MW and Counseling Suite,201
OPT-MW-041-03,MW-041,MW-041i,"Furniture that can be easily moved by a single person (e.g., casters, lightweight construction)",,Inventory,Inventory,INV-MW-041-MW-041I,0,0,False,,30,True,MW and Counseling Suite,202
OPT-MW-041-04,MW-041,MW-041i,Tables and chairs for small groups,,Inventory,Inventory,INV-MW-041-MW-041I,0,0,False,,40,True,MW and Counseling Suite,203
OPT-MW-041-05,MW-041,MW-041c,None of the above,0,Source,SingleResponse,SR-MW-041-MW-041C,1,1,False,,50,True,MW and Counseling Suite,204
OPT-MW-042-01,MW-042,MW-042a,Good - appears relatively new or has minimal wear,1,Source,SingleResponse,SR-MW-042-MW-042A,1,1,False,,10,True,MW and Counseling Suite,206
OPT-MW-042-02,MW-042,MW-042a,"Fair - some furniture is noticeably worn or aging, but all is functional",0.5,Source,SingleResponse,SR-MW-042-MW-042A,1,1,False,,20,True,MW and Counseling Suite,207
OPT-MW-042-03,MW-042,MW-042a,"Poor - some or all furniture is significantly worn, damaged, or not usable",0,Assumed zero,SingleResponse,SR-MW-042-MW-042A,1,1,False,,30,True,MW and Counseling Suite,208
OPT-MW-043-01,MW-043,MW-043i,"Resilient flooring (e.g., vinyl, rubber)",,Inventory,Inventory,INV-MW-043-MW-043I,0,0,False,,10,True,MW and Counseling Suite,210
OPT-MW-043-02,MW-043,MW-043i,Terrazzo,,Inventory,Inventory,INV-MW-043-MW-043I,0,0,False,,20,True,MW and Counseling Suite,211
OPT-MW-043-03,MW-043,MW-043i,Polished concrete,,Inventory,Inventory,INV-MW-043-MW-043I,0,0,False,,30,True,MW and Counseling Suite,212
OPT-MW-043-04,MW-043,MW-043i,"Carpet (i.e., not a loose rug)",,Inventory,Inventory,INV-MW-043-MW-043I,0,0,False,,40,True,MW and Counseling Suite,213
OPT-MW-043-05,MW-043,MW-043i,Unable to assess (note reason),,Inventory,Inventory,INV-MW-043-MW-043I,0,0,True,,50,True,MW and Counseling Suite,214
OPT-PL-001-01,PL-001,PL-001a,Yes,1,Source,SingleResponse,SR-PL-001-PL-001A,1,1,False,,10,True,PLCs,3
OPT-PL-001-02,PL-001,PL-001a,No,0,Source,SingleResponse,SR-PL-001-PL-001A,1,1,False,,20,True,PLCs,4
OPT-PL-001-03,PL-001,PL-001a,Unable to assess (note reason),,Exclusion,SingleResponse,SR-PL-001-PL-001A,0,1,True,,30,True,PLCs,5
OPT-PL-002-01,PL-002,PL-002a,Primary light fixtures are dimmable,1,Source,SingleResponse,SR-PL-002-PL-002A,1,1,False,,10,True,PLCs,7
OPT-PL-002-02,PL-002,PL-002b,Primary light fixtures are LED,1,Source,SingleResponse,SR-PL-002-PL-002B,1,1,False,,20,True,PLCs,8
OPT-PL-002-03,PL-002,PL-002c,None of the above,0,Source,SingleResponse,SR-PL-002-PL-002C,1,1,False,,30,True,PLCs,9
OPT-PL-003-01,PL-003,PL-003a,Good - walls are painted in light colors and accent color is used to reduce monotony,1,Source,SingleResponse,SR-PL-003-PL-003A,1,1,False,,10,True,PLCs,11
OPT-PL-003-02,PL-003,PL-003a,Fair - walls are painted in light colors but no accent color is used,0.5,Source,SingleResponse,SR-PL-003-PL-003A,1,1,False,,20,True,PLCs,12
OPT-PL-003-03,PL-003,PL-003a,Poor - walls are painted in dark or monotonous colors,0,Source,SingleResponse,SR-PL-003-PL-003A,1,1,False,,30,True,PLCs,13
OPT-PL-003-04,PL-003,PL-003a,Unable to assess (note reason),,Exclusion,SingleResponse,SR-PL-003-PL-003A,0,1,True,,40,True,PLCs,14
OPT-PL-004-01,PL-004,PL-004a,"Within the PLC (i.e., a dedicated room inside the PLC footprint)",1,Source,SingleResponse,SR-PL-004-PL-004A,1,1,False,,10,True,PLCs,16
OPT-PL-004-02,PL-004,PL-004a,"Directly adjacent to the PLC (i.e., a separate room with direct access)",1,Source,SingleResponse,SR-PL-004-PL-004A,1,1,False,,20,True,PLCs,17
OPT-PL-004-03,PL-004,PL-004a,Not provided,0,Source,SingleResponse,SR-PL-004-PL-004A,1,1,False,,30,True,PLCs,18
OPT-PL-004-04,PL-004,PL-004a,Unable to assess (note reason),,Exclusion,SingleResponse,SR-PL-004-PL-004A,0,1,True,,40,True,PLCs,19
OPT-PL-005-01,PL-005,PL-005a,Yes,1,Source,SingleResponse,SR-PL-005-PL-005A,1,1,False,,10,True,PLCs,21
OPT-PL-005-02,PL-005,PL-005a,No,0,Source,SingleResponse,SR-PL-005-PL-005A,1,1,False,,20,True,PLCs,22
OPT-PL-005-03,PL-005,PL-005a,Unable to assess (note reason),,Exclusion,SingleResponse,SR-PL-005-PL-005A,0,1,True,,30,True,PLCs,23
OPT-PL-006-01,PL-006,PL-006a,"Yes, and there are views to the exterior",1,Source,SingleResponse,SR-PL-006-PL-006A,1,1,False,,10,True,PLCs,25
OPT-PL-006-02,PL-006,PL-006a,"Yes, but there are no views to the exterior",0.5,Source,SingleResponse,SR-PL-006-PL-006A,1,1,False,,20,True,PLCs,26
OPT-PL-006-03,PL-006,PL-006a,No,0,Source,SingleResponse,SR-PL-006-PL-006A,1,1,False,,30,True,PLCs,27
OPT-PL-006-04,PL-006,PL-006a,Unable to assess (note reason),,Exclusion,SingleResponse,SR-PL-006-PL-006A,0,1,True,,40,True,PLCs,28
OPT-PL-007-01,PL-007,PL-007a,"Access to views of the outdoors (e.g., not solely a view of an exterior wall)",1,Source,SingleResponse,SR-PL-007-PL-007A,1,1,False,,10,True,PLCs,30
OPT-PL-007-02,PL-007,PL-007i,Only clerestory windows are provided,,Inventory,Inventory,INV-PL-007-PL-007I,0,0,False,,20,True,PLCs,31
OPT-PL-007-03,PL-007,PL-007b,None of the above,0,Source,SingleResponse,SR-PL-007-PL-007B,1,1,False,,30,True,PLCs,32
OPT-PL-008-01,PL-008,PL-008a,1,0,Source,SingleResponse,SR-PL-008-PL-008A,1,1,False,,10,True,PLCs,34
OPT-PL-008-02,PL-008,PL-008a,2,0.5,Source,SingleResponse,SR-PL-008-PL-008A,1,1,False,,20,True,PLCs,35
OPT-PL-008-03,PL-008,PL-008a,3,0.75,Source,SingleResponse,SR-PL-008-PL-008A,1,1,False,,30,True,PLCs,36
OPT-PL-008-04,PL-008,PL-008a,4+,1,Source,SingleResponse,SR-PL-008-PL-008A,1,1,False,,40,True,PLCs,37
OPT-PL-009-01,PL-009,PL-009a,Roller shades are provided,1,Source,SingleResponse,SR-PL-009-PL-009A,1,1,False,,10,True,PLCs,39
OPT-PL-009-02,PL-009,PL-009a,Mini-blinds are provided,0.5,Source,SingleResponse,SR-PL-009-PL-009A,1,1,False,,20,True,PLCs,40
OPT-PL-009-03,PL-009,PL-009a,Other (please note),0,Source,SingleResponse,SR-PL-009-PL-009A,1,1,False,,30,True,PLCs,41
OPT-PL-009-04,PL-009,PL-009a,No window coverings are provided,0,Source,SingleResponse,SR-PL-009-PL-009A,1,1,False,,40,True,PLCs,42
OPT-PL-009-05,PL-009,PL-009a,Unable to assess (note reason),,Exclusion,SingleResponse,SR-PL-009-PL-009A,0,1,True,,50,True,PLCs,43
OPT-PL-010-01,PL-010,PL-010a,None,0,Source,SingleResponse,SR-PL-010-PL-010A,1,1,False,,10,True,PLCs,45
OPT-PL-010-02,PL-010,PL-010a,<6 linear feet,0.5,Source,SingleResponse,SR-PL-010-PL-010A,1,1,False,,20,True,PLCs,46
OPT-PL-010-03,PL-010,PL-010a,6+ linear feet,1,Source,SingleResponse,SR-PL-010-PL-010A,1,1,False,,30,True,PLCs,47
OPT-PL-011-01,PL-011,PL-011a,None,0,Source,SingleResponse,SR-PL-011-PL-011A,1,1,False,,10,True,PLCs,49
OPT-PL-011-02,PL-011,PL-011a,<6 linear feet,0.5,Source,SingleResponse,SR-PL-011-PL-011A,1,1,False,,20,True,PLCs,50
OPT-PL-011-03,PL-011,PL-011a,6+ linear feet,1,Source,SingleResponse,SR-PL-011-PL-011A,1,1,False,,30,True,PLCs,51
OPT-PL-012-01,PL-012,PL-012a,None,0,Source,SingleResponse,SR-PL-012-PL-012A,1,1,False,,10,True,PLCs,53
OPT-PL-012-02,PL-012,PL-012a,<4 linear feet,0.5,Source,SingleResponse,SR-PL-012-PL-012A,1,1,False,,20,True,PLCs,54
OPT-PL-012-03,PL-012,PL-012a,4 to <8 linear feet,0.75,Source,SingleResponse,SR-PL-012-PL-012A,1,1,False,,30,True,PLCs,55
OPT-PL-012-04,PL-012,PL-012a,8+ linear feet,1,Source,SingleResponse,SR-PL-012-PL-012A,1,1,False,,40,True,PLCs,56
OPT-PL-013-01,PL-013,PL-013a,None,0,Source,SingleResponse,SR-PL-013-PL-013A,1,1,False,,10,True,PLCs,58
OPT-PL-013-02,PL-013,PL-013a,<4 linear feet,0.5,Source,SingleResponse,SR-PL-013-PL-013A,1,1,False,,20,True,PLCs,59
OPT-PL-013-03,PL-013,PL-013a,4 to <8 linear feet,0.75,Source,SingleResponse,SR-PL-013-PL-013A,1,1,False,,30,True,PLCs,60
OPT-PL-013-04,PL-013,PL-013a,8+ linear feet,1,Source,SingleResponse,SR-PL-013-PL-013A,1,1,False,,40,True,PLCs,61
OPT-PL-014-01,PL-014,PL-014a,"Lockable personal storage is provided for four or more individual users (i.e., PLC lockers)",1,Source,SingleResponse,SR-PL-014-PL-014A,1,1,False,,10,True,PLCs,63
OPT-PL-014-02,PL-014,PL-014a,Lockable personal storage is provided for fewer than four individual users,0.5,Source,SingleResponse,SR-PL-014-PL-014A,1,1,False,,20,True,PLCs,64
OPT-PL-014-03,PL-014,PL-014a,No lockable personal storage is provided,0,Source,SingleResponse,SR-PL-014-PL-014A,1,1,False,,30,True,PLCs,65
OPT-PL-014-04,PL-014,PL-014a,Unable to assess (note reason),,Exclusion,SingleResponse,SR-PL-014-PL-014A,0,1,True,,40,True,PLCs,66
OPT-PL-015-01,PL-015,PL-015a,Good - storage appears sufficient; the space is organized with little visible clutter,1,Source,SingleResponse,SR-PL-015-PL-015A,1,1,False,,10,True,PLCs,68
OPT-PL-015-02,PL-015,PL-015a,Fair - storage appears mostly sufficient; some clutter or overflow is visible,0.5,Source,SingleResponse,SR-PL-015-PL-015A,1,1,False,,20,True,PLCs,69
OPT-PL-015-03,PL-015,PL-015a,Poor - storage appears insufficient; significant clutter or materials without a home,0,Source,SingleResponse,SR-PL-015-PL-015A,1,1,False,,30,True,PLCs,70
OPT-PL-015-04,PL-015,PL-015a,Unable to assess (note reason),,Exclusion,SingleResponse,SR-PL-015-PL-015A,0,1,True,,40,True,PLCs,71
OPT-PL-016-01,PL-016,PL-016a,None,0,Source,SingleResponse,SR-PL-016-PL-016A,1,1,False,,10,True,PLCs,73
OPT-PL-016-02,PL-016,PL-016a,<4 linear feet,0.5,Source,SingleResponse,SR-PL-016-PL-016A,1,1,False,,20,True,PLCs,74
OPT-PL-016-03,PL-016,PL-016a,4+ linear feet,1,Source,SingleResponse,SR-PL-016-PL-016A,1,1,False,,30,True,PLCs,75
OPT-PL-016-04,PL-016,PL-016a,Unable to assess (note reason),,Exclusion,SingleResponse,SR-PL-016-PL-016A,0,1,True,,40,True,PLCs,76
OPT-PL-017-01,PL-017,PL-017a,None,0,Source,SingleResponse,SR-PL-017-PL-017A,1,1,False,,10,True,PLCs,78
OPT-PL-017-02,PL-017,PL-017a,<4 linear feet,0.33,Source,SingleResponse,SR-PL-017-PL-017A,1,1,False,,20,True,PLCs,79
OPT-PL-017-03,PL-017,PL-017a,4 to <8 linear feet,0.66,Source,SingleResponse,SR-PL-017-PL-017A,1,1,False,,30,True,PLCs,80
OPT-PL-017-04,PL-017,PL-017a,8+ linear feet,1,Source,SingleResponse,SR-PL-017-PL-017A,1,1,False,,40,True,PLCs,81
OPT-PL-017-05,PL-017,PL-017a,Unable to assess (note reason),,Exclusion,SingleResponse,SR-PL-017-PL-017A,0,1,True,,50,True,PLCs,82
OPT-PL-018-01,PL-018,PL-018a,0,0,Source,SingleResponse,SR-PL-018-PL-018A,1,1,False,,10,True,PLCs,84
OPT-PL-018-02,PL-018,PL-018a,1-2,0.25,Source,SingleResponse,SR-PL-018-PL-018A,1,1,False,,20,True,PLCs,85
OPT-PL-018-03,PL-018,PL-018a,3-4,0.5,Source,SingleResponse,SR-PL-018-PL-018A,1,1,False,,30,True,PLCs,86
OPT-PL-018-04,PL-018,PL-018a,5-7,0.75,Source,SingleResponse,SR-PL-018-PL-018A,1,1,False,,40,True,PLCs,87
OPT-PL-018-05,PL-018,PL-018a,8+,1,Source,SingleResponse,SR-PL-018-PL-018A,1,1,False,,50,True,PLCs,88
OPT-PL-019-01,PL-019,PL-019a,0,0,Source,SingleResponse,SR-PL-019-PL-019A,1,1,False,,10,True,PLCs,90
OPT-PL-019-02,PL-019,PL-019a,1,0.33,Source,SingleResponse,SR-PL-019-PL-019A,1,1,False,,20,True,PLCs,91
OPT-PL-019-03,PL-019,PL-019a,2,0.66,Source,SingleResponse,SR-PL-019-PL-019A,1,1,False,,30,True,PLCs,92
OPT-PL-019-04,PL-019,PL-019a,3+,1,Source,SingleResponse,SR-PL-019-PL-019A,1,1,False,,40,True,PLCs,93
OPT-PL-020-01,PL-020,PL-020a,0,0,Source,SingleResponse,SR-PL-020-PL-020A,1,1,False,,10,True,PLCs,95
OPT-PL-020-02,PL-020,PL-020a,1,0.25,Source,SingleResponse,SR-PL-020-PL-020A,1,1,False,,20,True,PLCs,96
OPT-PL-020-03,PL-020,PL-020a,2,0.5,Source,SingleResponse,SR-PL-020-PL-020A,1,1,False,,30,True,PLCs,97
OPT-PL-020-04,PL-020,PL-020a,3,0.75,Source,SingleResponse,SR-PL-020-PL-020A,1,1,False,,40,True,PLCs,98
OPT-PL-020-05,PL-020,PL-020a,4,1,Source,SingleResponse,SR-PL-020-PL-020A,1,1,False,,50,True,PLCs,99
OPT-PL-020-06,PL-020,PL-020a,Unable to assess (note reason),,Exclusion,SingleResponse,SR-PL-020-PL-020A,0,1,True,,60,True,PLCs,100
OPT-PL-021-01,PL-021,PL-021a,A thermostat is provided that has adjustable temperature controls,1,Source,SingleResponse,SR-PL-021-PL-021A,1,1,False,,10,True,PLCs,102
OPT-PL-021-02,PL-021,PL-021a,A thermostat is provided that does not have adjustable temperature controls,0.5,Source,SingleResponse,SR-PL-021-PL-021A,1,1,False,,20,True,PLCs,103
OPT-PL-021-03,PL-021,PL-021a,Only a temperature sensor is provided,0.5,Source,SingleResponse,SR-PL-021-PL-021A,1,1,False,,30,True,PLCs,104
OPT-PL-021-04,PL-021,PL-021a,No thermostat or sensor is present in the space,0,Source,SingleResponse,SR-PL-021-PL-021A,1,1,False,,40,True,PLCs,105
OPT-PL-022-01,PL-022,PL-022a,Yes,1,Source,SingleResponse,SR-PL-022-PL-022A,1,1,False,,10,True,PLCs,107
OPT-PL-022-02,PL-022,PL-022a,No,0,Source,SingleResponse,SR-PL-022-PL-022A,1,1,False,,20,True,PLCs,108
OPT-PL-022-03,PL-022,PL-022a,Unable to assess (note reason),,Exclusion,SingleResponse,SR-PL-022-PL-022A,0,1,True,,30,True,PLCs,109
OPT-PL-023-01,PL-023,PL-023i,Interior window,,Inventory,Inventory,INV-PL-023-PL-023I,0,0,False,,10,True,PLCs,111
OPT-PL-023-02,PL-023,PL-023i,Sidelight,,Inventory,Inventory,INV-PL-023-PL-023I,0,0,False,,20,True,PLCs,112
OPT-PL-023-03,PL-023,PL-023i,"Door panel (i.e., glass panel in the door)",,Inventory,Inventory,INV-PL-023-PL-023I,0,0,False,,30,True,PLCs,113
OPT-PL-023-04,PL-023,PL-023i,None of the above,,Inventory,Inventory,INV-PL-023-PL-023I,0,0,False,,40,True,PLCs,114
OPT-PL-024-01,PL-024,PL-024a,Interior windows and doors with glass can be covered with a single movement,1,Source,SingleResponse,SR-PL-024-PL-024A,1,1,False,,10,True,PLCs,116
OPT-PL-024-02,PL-024,PL-024b,Exterior windows and doors with glass can be covered with a single movement,1,Source,SingleResponse,SR-PL-024-PL-024B,1,1,False,,20,True,PLCs,117
OPT-PL-024-03,PL-024,PL-024c,Interior door hardware is lockable from inside the space with a push button or thumb turn lock,1,Source,SingleResponse,SR-PL-024-PL-024C,1,1,False,,30,True,PLCs,118
OPT-PL-024-04,PL-024,PL-024d,None of the above,0,Source,SingleResponse,SR-PL-024-PL-024D,1,1,False,,40,True,PLCs,119
OPT-PL-025-01,PL-025,PL-025i,Tables that seat multiple staff,,Inventory,Inventory,INV-PL-025-PL-025I,0,0,False,,10,True,PLCs,121
OPT-PL-025-02,PL-025,PL-025i,"Hard seating (e.g., standard chairs, stools)",,Inventory,Inventory,INV-PL-025-PL-025I,0,0,False,,20,True,PLCs,122
OPT-PL-025-03,PL-025,PL-025i,"Soft seating (e.g., lounge chairs)",,Inventory,Inventory,INV-PL-025-PL-025I,0,0,False,,30,True,PLCs,123
OPT-PL-025-04,PL-025,PL-025i,Height-adjustable tables,,Inventory,Inventory,INV-PL-025-PL-025I,0,0,False,,40,True,PLCs,124
OPT-PL-025-05,PL-025,PL-025i,"One or more mobile writing surfaces (i.e., mobile markerboards)",,Inventory,Inventory,INV-PL-025-PL-025I,0,0,False,,50,True,PLCs,125
OPT-PL-025-06,PL-025,PL-025i,Hoteling workstations,,Inventory,Inventory,INV-PL-025-PL-025I,0,0,False,,60,True,PLCs,126
OPT-PL-025-07,PL-025,PL-025i,"Furniture-based storage is provided (i.e., shelving or cabinets)",,Inventory,Inventory,INV-PL-025-PL-025I,0,0,False,,70,True,PLCs,127
OPT-PL-025-08,PL-025,PL-025i,None of the above,,Inventory,Inventory,INV-PL-025-PL-025I,0,0,False,,80,True,PLCs,128
OPT-PL-026-01,PL-026,PL-026a,"Most furniture can be moved by a single person (e.g., casters, lightweight pieces)",1,Source,SingleResponse,SR-PL-026-PL-026A,1,1,False,,10,True,PLCs,130
OPT-PL-026-02,PL-026,PL-026a,"Some furniture is movable, some is heavy or fixed",0.5,Source,SingleResponse,SR-PL-026-PL-026A,1,1,False,,20,True,PLCs,131
OPT-PL-026-03,PL-026,PL-026a,"Most furniture is heavy, fixed, or impractical to move",0,Source,SingleResponse,SR-PL-026-PL-026A,1,1,False,,30,True,PLCs,132
OPT-PL-027-01,PL-027,PL-027a,Good - appears relatively new or has minimal wear,1,Source,SingleResponse,SR-PL-027-PL-027A,1,1,False,,10,True,PLCs,134
OPT-PL-027-02,PL-027,PL-027a,"Fair - some furniture is noticeably worn or aging, but all is functional",0.5,Source,SingleResponse,SR-PL-027-PL-027A,1,1,False,,20,True,PLCs,135
OPT-PL-027-03,PL-027,PL-027a,"Poor - some or all furniture is significantly worn, damaged, or not usable",0,Source,SingleResponse,SR-PL-027-PL-027A,1,1,False,,30,True,PLCs,136
OPT-PL-028-01,PL-028,PL-028a,"Resilient flooring (e.g., vinyl, rubber)",,Inventory,Inventory,INV-PL-028-PL-028A,0,0,False,,10,True,PLCs,138
OPT-PL-028-02,PL-028,PL-028a,Polished concrete,,Inventory,Inventory,INV-PL-028-PL-028A,0,0,False,,20,True,PLCs,139
OPT-PL-028-03,PL-028,PL-028a,"Carpet (i.e., not a loose rug)",,Inventory,Inventory,INV-PL-028-PL-028A,0,0,False,,30,True,PLCs,140
OPT-PL-028-04,PL-028,PL-028a,Unable to assess (note reason),,Inventory,Inventory,INV-PL-028-PL-028A,0,0,True,,40,True,PLCs,141
OPT-PL-029-01,PL-029,PL-029a,Monitor or projector for sharing content,1,Source,SingleResponse,SR-PL-029-PL-029A,1,1,False,,10,True,PLCs,143
OPT-PL-029-02,PL-029,PL-029i,Sink,,Inventory,Inventory,INV-PL-029-PL-029I,0,0,False,,20,True,PLCs,144
OPT-PL-029-03,PL-029,PL-029i,PA speaker,,Inventory,Inventory,INV-PL-029-PL-029I,0,0,False,,30,True,PLCs,145
OPT-PL-029-04,PL-029,PL-029i,Synchronous clock,,Inventory,Inventory,INV-PL-029-PL-029I,0,0,False,,40,True,PLCs,146
OPT-PL-029-05,PL-029,PL-029i,Refrigerator,,Inventory,Inventory,INV-PL-029-PL-029I,0,0,False,,50,True,PLCs,147
OPT-PL-029-06,PL-029,PL-029i,Microwave,,Inventory,Inventory,INV-PL-029-PL-029I,0,0,False,,60,True,PLCs,148
OPT-PL-029-07,PL-029,PL-029i,Printer or copier,,Inventory,Inventory,INV-PL-029-PL-029I,0,0,False,,70,True,PLCs,149
OPT-PL-029-08,PL-029,PL-029b,None of the above,0,Source,SingleResponse,SR-PL-029-PL-029B,1,1,False,,80,True,PLCs,150
OPT-ME-001-01,ME-001,ME-001a,The main entrance includes a secure entry vestibule with two or more sets of independently controlled doors,1,Source,SingleResponse,SR-ME-001-ME-001A,1,1,False,,10,True,Main Entry Reception,3
OPT-ME-001-02,ME-001,ME-001b,"The vestibule routes visitors directly to the main office for check-in, without passing through student-used corridors or general circulation",1,Source,SingleResponse,SR-ME-001-ME-001B,1,1,False,,20,True,Main Entry Reception,4
OPT-ME-001-03,ME-001,ME-001c,The receptionist controls a release mechanism that must be activated before visitors can access the campus beyond the vestibule,1,Source,SingleResponse,SR-ME-001-ME-001C,1,1,False,,30,True,Main Entry Reception,5
OPT-ME-001-04,ME-001,ME-001d,"A two-way communications system and camera are provided at the exterior vestibule doors, accessible from reception",1,Source,SingleResponse,SR-ME-001-ME-001D,1,1,False,,40,True,Main Entry Reception,6
OPT-ME-001-05,ME-001,ME-001e,A canopy or covered area is provided at the main entrance,1,Source,SingleResponse,SR-ME-001-ME-001E,1,1,False,,50,True,Main Entry Reception,7
OPT-ME-001-06,ME-001,ME-001f,None of the above,0,Source,SingleResponse,SR-ME-001-ME-001F,1,1,False,,60,True,Main Entry Reception,8
OPT-ME-002-01,ME-002,ME-002a,Clear view,1,Source,SingleResponse,SR-ME-002-ME-002A,1,1,False,,10,True,Main Entry Reception,10
OPT-ME-002-02,ME-002,ME-002a,Partial view,0.5,Source,SingleResponse,SR-ME-002-ME-002A,1,1,False,,20,True,Main Entry Reception,11
OPT-ME-002-03,ME-002,ME-002a,No view,0,Source,SingleResponse,SR-ME-002-ME-002A,1,1,False,,30,True,Main Entry Reception,12
OPT-ME-002-04,ME-002,ME-002a,Unable to assess (note reason),,Exclusion,SingleResponse,SR-ME-002-ME-002A,0,1,True,,40,True,Main Entry Reception,13
OPT-ME-003-01,ME-003,ME-003a,Clear view,1,Source,SingleResponse,SR-ME-003-ME-003A,1,1,False,,10,True,Main Entry Reception,15
OPT-ME-003-02,ME-003,ME-003a,Partial view,0.5,Source,SingleResponse,SR-ME-003-ME-003A,1,1,False,,20,True,Main Entry Reception,16
OPT-ME-003-03,ME-003,ME-003a,No view,0,Source,SingleResponse,SR-ME-003-ME-003A,1,1,False,,30,True,Main Entry Reception,17
OPT-ME-003-04,ME-003,ME-003a,Unable to assess (note reason),,Exclusion,SingleResponse,SR-ME-003-ME-003A,0,1,True,,40,True,Main Entry Reception,18
OPT-ME-004-01,ME-004,ME-004a,Clear view,1,Source,SingleResponse,SR-ME-004-ME-004A,1,1,False,,10,True,Main Entry Reception,20
OPT-ME-004-02,ME-004,ME-004a,Partial view,0.5,Source,SingleResponse,SR-ME-004-ME-004A,1,1,False,,20,True,Main Entry Reception,21
OPT-ME-004-03,ME-004,ME-004a,No view,0,Source,SingleResponse,SR-ME-004-ME-004A,1,1,False,,30,True,Main Entry Reception,22
OPT-ME-004-04,ME-004,ME-004a,Unable to assess (note reason),,Exclusion,SingleResponse,SR-ME-004-ME-004A,0,1,True,,40,True,Main Entry Reception,23
OPT-ME-005-01,ME-005,ME-005a,"The experience is more welcoming than threatening, despite security measures",1,Source,SingleResponse,SR-ME-005-ME-005A,1,1,False,,10,True,Main Entry Reception,25
OPT-ME-005-02,ME-005,ME-005b,"The space reflects school culture through art, graphics, or displays",1,Source,SingleResponse,SR-ME-005-ME-005B,1,1,False,,20,True,Main Entry Reception,26
OPT-ME-005-03,ME-005,ME-005c,Seating is provided for waiting visitors,1,Source,SingleResponse,SR-ME-005-ME-005C,1,1,False,,30,True,Main Entry Reception,27
OPT-ME-005-04,ME-005,ME-005d,None of the above,0,Source,SingleResponse,SR-ME-005-ME-005D,1,1,False,,40,True,Main Entry Reception,28
OPT-ME-006-01,ME-006,ME-006a,Good - walls are painted in light colors and accent color is used to reduce monotony,1,Source,SingleResponse,SR-ME-006-ME-006A,1,1,False,,10,True,Main Entry Reception,30
OPT-ME-006-02,ME-006,ME-006a,Fair - walls are painted in light colors but no accent color is used,0.5,Source,SingleResponse,SR-ME-006-ME-006A,1,1,False,,20,True,Main Entry Reception,31
OPT-ME-006-03,ME-006,ME-006a,Poor - walls are painted in dark or monotonous colors,0,Source,SingleResponse,SR-ME-006-ME-006A,1,1,False,,30,True,Main Entry Reception,32
OPT-ME-006-04,ME-006,ME-006a,Unable to assess (note reason),,Exclusion,SingleResponse,SR-ME-006-ME-006A,0,1,True,,40,True,Main Entry Reception,33
OPT-ME-007-01,ME-007,ME-007a,A family restroom is directly adjacent to reception,1,Source,SingleResponse,SR-ME-007-ME-007A,1,1,False,,10,True,Main Entry Reception,35
OPT-ME-007-02,ME-007,ME-007b,The nurse / clinic space is directly adjacent to reception,1,Source,SingleResponse,SR-ME-007-ME-007B,1,1,False,,20,True,Main Entry Reception,36
OPT-ME-007-03,ME-007,ME-007c,Visibility is provided between the nurse / clinic space and reception,1,Source,SingleResponse,SR-ME-007-ME-007C,1,1,False,,30,True,Main Entry Reception,37
OPT-ME-007-04,ME-007,ME-007d,None of the above,0,Source,SingleResponse,SR-ME-007-ME-007D,1,1,False,,40,True,Main Entry Reception,38
OPT-ME-008-01,ME-008,ME-008a,Yes,1,Source,SingleResponse,SR-ME-008-ME-008A,1,1,False,,10,True,Main Entry Reception,40
OPT-ME-008-02,ME-008,ME-008a,No,0,Source,SingleResponse,SR-ME-008-ME-008A,1,1,False,,20,True,Main Entry Reception,41
OPT-ME-008-03,ME-008,ME-008a,Unable to assess (note reason),,Exclusion,SingleResponse,SR-ME-008-ME-008A,0,1,True,,30,True,Main Entry Reception,42
OPT-ME-009-01,ME-009,ME-009a,"Yes, and there are views to the exterior",1,Source,SingleResponse,SR-ME-009-ME-009A,1,1,False,,10,True,Main Entry Reception,44
OPT-ME-009-02,ME-009,ME-009a,"Yes, but there are no views to the exterior",0.5,Source,SingleResponse,SR-ME-009-ME-009A,1,1,False,,20,True,Main Entry Reception,45
OPT-ME-009-03,ME-009,ME-009a,No,0,Source,SingleResponse,SR-ME-009-ME-009A,1,1,False,,30,True,Main Entry Reception,46
OPT-ME-009-04,ME-009,ME-009a,Unable to assess (note reason),,Exclusion,SingleResponse,SR-ME-009-ME-009A,0,1,True,,40,True,Main Entry Reception,47
OPT-ME-010-01,ME-010,ME-010a,"Access to views of the outdoors (e.g., not solely a view of an exterior wall)",1,Source,SingleResponse,SR-ME-010-ME-010A,1,1,False,,10,True,Main Entry Reception,49
OPT-ME-010-02,ME-010,ME-010i,Only clerestory windows are provided,,Inventory,Inventory,INV-ME-010-ME-010I,0,0,False,,20,True,Main Entry Reception,50
OPT-ME-010-03,ME-010,ME-010b,None of the above,0,Source,SingleResponse,SR-ME-010-ME-010B,1,1,False,,30,True,Main Entry Reception,51
OPT-ME-011-01,ME-011,ME-011a,Roller shades are provided,1,Source,SingleResponse,SR-ME-011-ME-011A,1,1,False,,10,True,Main Entry Reception,53
OPT-ME-011-02,ME-011,ME-011a,Mini-blinds are provided,0.5,Source,SingleResponse,SR-ME-011-ME-011A,1,1,False,,20,True,Main Entry Reception,54
OPT-ME-011-03,ME-011,ME-011a,Other (please note),0,Source,SingleResponse,SR-ME-011-ME-011A,1,1,False,,30,True,Main Entry Reception,55
OPT-ME-011-04,ME-011,ME-011a,No window coverings are provided,0,Source,SingleResponse,SR-ME-011-ME-011A,1,1,False,,40,True,Main Entry Reception,56
OPT-ME-011-05,ME-011,ME-011a,Unable to assess (note reason),,Exclusion,SingleResponse,SR-ME-011-ME-011A,0,1,True,,50,True,Main Entry Reception,57
OPT-ME-012-01,ME-012,ME-012a,Yes,1,Source,SingleResponse,SR-ME-012-ME-012A,1,1,False,,10,True,Main Entry Reception,59
OPT-ME-012-02,ME-012,ME-012a,No,0,Source,SingleResponse,SR-ME-012-ME-012A,1,1,False,,20,True,Main Entry Reception,60
OPT-ME-012-03,ME-012,ME-012a,Unable to assess (note reason),,Exclusion,SingleResponse,SR-ME-012-ME-012A,0,1,True,,30,True,Main Entry Reception,61
OPT-ME-013-01,ME-013,ME-013i,Interior window,,Inventory,Inventory,INV-ME-013-ME-013I,0,0,False,,10,True,Main Entry Reception,63
OPT-ME-013-02,ME-013,ME-013i,Sidelight,,Inventory,Inventory,INV-ME-013-ME-013I,0,0,False,,20,True,Main Entry Reception,64
OPT-ME-013-03,ME-013,ME-013i,"Door panel (i.e., glass panel in the door)",,Inventory,Inventory,INV-ME-013-ME-013I,0,0,False,,30,True,Main Entry Reception,65
OPT-ME-013-04,ME-013,ME-013i,None of the above,,Inventory,Inventory,INV-ME-013-ME-013I,0,0,False,,40,True,Main Entry Reception,66
OPT-ME-014-01,ME-014,ME-014a,None,0,Source,SingleResponse,SR-ME-014-ME-014A,1,1,False,,10,True,Main Entry Reception,68
OPT-ME-014-02,ME-014,ME-014a,<4 linear feet,0.25,Source,SingleResponse,SR-ME-014-ME-014A,1,1,False,,20,True,Main Entry Reception,69
OPT-ME-014-03,ME-014,ME-014a,4 to <8 linear feet,0.5,Source,SingleResponse,SR-ME-014-ME-014A,1,1,False,,30,True,Main Entry Reception,70
OPT-ME-014-04,ME-014,ME-014a,8 to <12 linear feet,0.75,Source,SingleResponse,SR-ME-014-ME-014A,1,1,False,,40,True,Main Entry Reception,71
OPT-ME-014-05,ME-014,ME-014a,12+ linear feet,1,Source,SingleResponse,SR-ME-014-ME-014A,1,1,False,,50,True,Main Entry Reception,72
OPT-ME-014-06,ME-014,ME-014a,Unable to assess (note reason),,Exclusion,SingleResponse,SR-ME-014-ME-014A,0,1,True,,60,True,Main Entry Reception,73
OPT-ME-015-01,ME-015,ME-015a,None,0,Source,SingleResponse,SR-ME-015-ME-015A,1,1,False,,10,True,Main Entry Reception,75
OPT-ME-015-02,ME-015,ME-015a,<4 linear feet,0.33,Source,SingleResponse,SR-ME-015-ME-015A,1,1,False,,20,True,Main Entry Reception,76
OPT-ME-015-03,ME-015,ME-015a,4 to <8 linear feet,0.66,Source,SingleResponse,SR-ME-015-ME-015A,1,1,False,,30,True,Main Entry Reception,77
OPT-ME-015-04,ME-015,ME-015a,8+ linear feet,1,Source,SingleResponse,SR-ME-015-ME-015A,1,1,False,,40,True,Main Entry Reception,78
OPT-ME-015-05,ME-015,ME-015a,Unable to assess (note reason),,Exclusion,SingleResponse,SR-ME-015-ME-015A,0,1,True,,50,True,Main Entry Reception,79
OPT-ME-016-01,ME-016,ME-016a,A thermostat is provided that has adjustable temperature controls,1,Source,SingleResponse,SR-ME-016-ME-016A,1,1,False,,10,True,Main Entry Reception,81
OPT-ME-016-02,ME-016,ME-016a,A thermostat is provided that does not have adjustable temperature controls,0.5,Source,SingleResponse,SR-ME-016-ME-016A,1,1,False,,20,True,Main Entry Reception,82
OPT-ME-016-03,ME-016,ME-016a,Only a temperature sensor is provided,0.5,Source,SingleResponse,SR-ME-016-ME-016A,1,1,False,,30,True,Main Entry Reception,83
OPT-ME-016-04,ME-016,ME-016a,No thermostat or sensor is present in the space,0,Source,SingleResponse,SR-ME-016-ME-016A,1,1,False,,40,True,Main Entry Reception,84
OPT-ME-017-01,ME-017,ME-017a,Good - appears relatively new or has minimal wear,1,Source,SingleResponse,SR-ME-017-ME-017A,1,1,False,,10,True,Main Entry Reception,86
OPT-ME-017-02,ME-017,ME-017a,"Fair - some furniture is noticeably worn or aging, but all is functional",0.5,Source,SingleResponse,SR-ME-017-ME-017A,1,1,False,,20,True,Main Entry Reception,87
OPT-ME-017-03,ME-017,ME-017a,"Poor - some or all furniture is significantly worn, damaged, or not usable",0,Source,SingleResponse,SR-ME-017-ME-017A,1,1,False,,30,True,Main Entry Reception,88
OPT-ME-018-01,ME-018,ME-018a,An administrative reception desk with an ADA-accessible transaction counter is provided,1,Source,SingleResponse,SR-ME-018-ME-018A,1,1,False,,10,True,Main Entry Reception,90
OPT-ME-018-02,ME-018,ME-018b,None of the above,0,Source,SingleResponse,SR-ME-018-ME-018B,1,1,False,,20,True,Main Entry Reception,91
OPT-ME-019-01,ME-019,ME-019a,1,0,Source,SingleResponse,SR-ME-019-ME-019A,1,1,False,,10,True,Main Entry Reception,93
OPT-ME-019-02,ME-019,ME-019a,2,0.5,Source,SingleResponse,SR-ME-019-ME-019A,1,1,False,,20,True,Main Entry Reception,94
OPT-ME-019-03,ME-019,ME-019a,3+,1,Source,SingleResponse,SR-ME-019-ME-019A,1,1,False,,30,True,Main Entry Reception,95
OPT-ME-020-01,ME-020,ME-020a,"Resilient flooring (e.g., vinyl, rubber)",,Inventory,Inventory,INV-ME-020-ME-020A,0,0,False,,10,True,Main Entry Reception,97
OPT-ME-020-02,ME-020,ME-020a,Terrazzo,,Inventory,Inventory,INV-ME-020-ME-020A,0,0,False,,20,True,Main Entry Reception,98
OPT-ME-020-03,ME-020,ME-020a,Polished concrete,,Inventory,Inventory,INV-ME-020-ME-020A,0,0,False,,30,True,Main Entry Reception,99
OPT-ME-020-04,ME-020,ME-020a,"Carpet (i.e., not a loose rug)",,Inventory,Inventory,INV-ME-020-ME-020A,0,0,False,,40,True,Main Entry Reception,100
OPT-ME-020-05,ME-020,ME-020a,Porcelain tile,,Inventory,Inventory,INV-ME-020-ME-020A,0,0,False,,50,True,Main Entry Reception,101
OPT-ME-020-06,ME-020,ME-020a,Unable to assess (note reason),,Inventory,Inventory,INV-ME-020-ME-020A,0,0,True,,60,True,Main Entry Reception,102
OPT-ME-021-01,ME-021,ME-021i,Walk-off mat or grille at the entry,,Inventory,Inventory,INV-ME-021-ME-021I,0,0,False,,10,True,Main Entry Reception,104
OPT-ME-021-02,ME-021,ME-021i,PA speaker,,Inventory,Inventory,INV-ME-021-ME-021I,0,0,False,,20,True,Main Entry Reception,105
OPT-ME-021-03,ME-021,ME-021i,Synchronous clock,,Inventory,Inventory,INV-ME-021-ME-021I,0,0,False,,30,True,Main Entry Reception,106
OPT-ME-021-04,ME-021,ME-021i,Security camera visible at the entry,,Inventory,Inventory,INV-ME-021-ME-021I,0,0,False,,40,True,Main Entry Reception,107
OPT-ME-021-05,ME-021,ME-021i,Copier accessible to reception staff,,Inventory,Inventory,INV-ME-021-ME-021I,0,0,False,,50,True,Main Entry Reception,108
OPT-ME-021-06,ME-021,ME-021i,None of the above,,Inventory,Inventory,INV-ME-021-ME-021I,0,0,False,,60,True,Main Entry Reception,109
OPT-SC-002-01,SC-002,SC-002a,Yes,1,Source,SingleResponse,SR-SC-002-SC-002A,1,1,False,,10,True,Science,7
OPT-SC-002-02,SC-002,SC-002a,No,0,Source,SingleResponse,SR-SC-002-SC-002A,1,1,False,,20,True,Science,8
OPT-SC-002-03,SC-002,SC-002a,Unable to assess (note reason),,Exclusion,SingleResponse,SR-SC-002-SC-002A,0,1,True,,30,True,Science,9
OPT-SC-003-01,SC-003,SC-003a,Yes,1,Source,SingleResponse,SR-SC-003-SC-003A,1,1,False,,10,True,Science,11
OPT-SC-003-02,SC-003,SC-003a,No,0,Source,SingleResponse,SR-SC-003-SC-003A,1,1,False,,20,True,Science,12
OPT-SC-003-03,SC-003,SC-003a,Unable to assess (note reason),,Exclusion,SingleResponse,SR-SC-003-SC-003A,0,1,True,,30,True,Science,13
OPT-SC-004-01,SC-004,SC-004a,Primary light fixtures are dimmable,1,Source,SingleResponse,SR-SC-004-SC-004A,1,1,False,,10,True,Science,15
OPT-SC-004-02,SC-004,SC-004b,Primary light fixtures are LED,1,Source,SingleResponse,SR-SC-004-SC-004B,1,1,False,,20,True,Science,16
OPT-SC-004-03,SC-004,SC-004c,None of the above,0,Source,SingleResponse,SR-SC-004-SC-004C,1,1,False,,30,True,Science,17
OPT-SC-005-01,SC-005,SC-005a,Good - walls are painted in light colors and accent color is used to reduce monotony,1,Source,SingleResponse,SR-SC-005-SC-005A,1,1,False,,10,True,Science,19
OPT-SC-005-02,SC-005,SC-005a,Fair - walls are painted in light colors but no accent color is used,0.5,Source,SingleResponse,SR-SC-005-SC-005A,1,1,False,,20,True,Science,20
OPT-SC-005-03,SC-005,SC-005a,Poor - walls are painted in dark or monotonous colors,0,Source,SingleResponse,SR-SC-005-SC-005A,1,1,False,,30,True,Science,21
OPT-SC-005-04,SC-005,SC-005a,Unable to assess (note reason),,Exclusion,SingleResponse,SR-SC-005-SC-005A,0,1,True,,40,True,Science,22
OPT-SC-006-01,SC-006,SC-006a,Yes,1,Source,SingleResponse,SR-SC-006-SC-006A,1,1,False,,10,True,Science,24
OPT-SC-006-02,SC-006,SC-006a,No,0,Source,SingleResponse,SR-SC-006-SC-006A,1,1,False,,20,True,Science,25
OPT-SC-006-03,SC-006,SC-006a,Unable to assess (note reason),,Exclusion,SingleResponse,SR-SC-006-SC-006A,0,1,True,,30,True,Science,26
OPT-SC-007-01,SC-007,SC-007a,"Yes, and there are views to the exterior",1,Source,SingleResponse,SR-SC-007-SC-007A,1,1,False,,10,True,Science,28
OPT-SC-007-02,SC-007,SC-007a,"Yes, but there are no views to the exterior",0.5,Source,SingleResponse,SR-SC-007-SC-007A,1,1,False,,20,True,Science,29
OPT-SC-007-03,SC-007,SC-007a,No,0,Source,SingleResponse,SR-SC-007-SC-007A,1,1,False,,30,True,Science,30
OPT-SC-007-04,SC-007,SC-007a,Unable to assess (note reason),,Exclusion,SingleResponse,SR-SC-007-SC-007A,0,1,True,,40,True,Science,31
OPT-SC-008-01,SC-008,SC-008a,"Access to views of the outdoors (e.g., not solely a view of an exterior wall)",1,Source,SingleResponse,SR-SC-008-SC-008A,1,1,False,,10,True,Science,33
OPT-SC-008-02,SC-008,SC-008b,Only clerestory windows are provided,0.5,Source,SingleResponse,SR-SC-008-SC-008B,1,1,False,,20,True,Science,34
OPT-SC-008-03,SC-008,SC-008c,None of the above,0,Source,SingleResponse,SR-SC-008-SC-008C,1,1,False,,30,True,Science,35
OPT-SC-009-01,SC-009,SC-009a,Roller shades are provided,1,Source,SingleResponse,SR-SC-009-SC-009A,1,1,False,,10,True,Science,37
OPT-SC-009-02,SC-009,SC-009a,Mini-blinds are provided,0.5,Source,SingleResponse,SR-SC-009-SC-009A,1,1,False,,20,True,Science,38
OPT-SC-009-03,SC-009,SC-009a,Other (please note),0,Source,SingleResponse,SR-SC-009-SC-009A,1,1,False,,30,True,Science,39
OPT-SC-009-04,SC-009,SC-009a,No window coverings are provided,0,Source,SingleResponse,SR-SC-009-SC-009A,1,1,False,,40,True,Science,40
OPT-SC-009-05,SC-009,SC-009a,Unable to assess (note reason),,Exclusion,SingleResponse,SR-SC-009-SC-009A,0,1,True,,50,True,Science,41
OPT-SC-010-01,SC-010,SC-010i,Perimeter built-in casework is provided,,Inventory,Inventory,INV-SC-010-SC-010I,0,0,False,,10,True,Science,43
OPT-SC-010-02,SC-010,SC-010i,Counter space is provided,,Inventory,Inventory,INV-SC-010-SC-010I,0,0,False,,20,True,Science,44
OPT-SC-010-03,SC-010,SC-010i,Ensuite storage closet is provided,,Inventory,Inventory,INV-SC-010-SC-010I,0,0,False,,30,True,Science,45
OPT-SC-010-04,SC-010,SC-010i,"Furniture-based storage is provided (i.e., shelving or cabinets)",,Inventory,Inventory,INV-SC-010-SC-010I,0,0,False,,40,True,Science,46
OPT-SC-010-05,SC-010,SC-010i,Some or all storage is lockable,,Inventory,Inventory,INV-SC-010-SC-010I,0,0,False,,50,True,Science,47
OPT-SC-010-06,SC-010,SC-010i,None of the above,,Inventory,Inventory,INV-SC-010-SC-010I,0,0,False,,60,True,Science,48
OPT-SC-011-01,SC-011,SC-011a,Good - storage appears sufficient; the space is organized with little visible clutter,1,Source,SingleResponse,SR-SC-011-SC-011A,1,1,False,,10,True,Science,50
OPT-SC-011-02,SC-011,SC-011a,Fair - storage appears mostly sufficient; some clutter or overflow is visible,0.5,Source,SingleResponse,SR-SC-011-SC-011A,1,1,False,,20,True,Science,51
OPT-SC-011-03,SC-011,SC-011a,Poor - storage appears insufficient; significant clutter or materials without a home,0,Source,SingleResponse,SR-SC-011-SC-011A,1,1,False,,30,True,Science,52
OPT-SC-011-04,SC-011,SC-011a,Unable to assess (note reason),,Exclusion,SingleResponse,SR-SC-011-SC-011A,0,1,True,,40,True,Science,53
OPT-SC-012-01,SC-012,SC-012a,None,0,Source,SingleResponse,SR-SC-012-SC-012A,1,1,False,,10,True,Science,55
OPT-SC-012-02,SC-012,SC-012a,<4 linear feet,0.25,Source,SingleResponse,SR-SC-012-SC-012A,1,1,False,,20,True,Science,56
OPT-SC-012-03,SC-012,SC-012a,4 to <8 linear feet,0.25,Source,SingleResponse,SR-SC-012-SC-012A,1,1,False,,30,True,Science,57
OPT-SC-012-04,SC-012,SC-012a,8 to <12 linear feet,0.5,Source,SingleResponse,SR-SC-012-SC-012A,1,1,False,,40,True,Science,58
OPT-SC-012-05,SC-012,SC-012a,12 to <16 linear feet,0.75,Source,SingleResponse,SR-SC-012-SC-012A,1,1,False,,50,True,Science,59
OPT-SC-012-06,SC-012,SC-012a,16+ linear feet,1,Source,SingleResponse,SR-SC-012-SC-012A,1,1,False,,60,True,Science,60
OPT-SC-012-07,SC-012,SC-012a,Unable to assess (note reason),,Exclusion,SingleResponse,SR-SC-012-SC-012A,0,1,True,,70,True,Science,61
OPT-SC-013-01,SC-013,SC-013i,Tackstrip,,Inventory,Inventory,INV-SC-013-SC-013I,0,0,False,,10,True,Science,63
OPT-SC-013-02,SC-013,SC-013i,Tackboard,,Inventory,Inventory,INV-SC-013-SC-013I,0,0,False,,20,True,Science,64
OPT-SC-013-03,SC-013,SC-013i,Tackwall,,Inventory,Inventory,INV-SC-013-SC-013I,0,0,False,,30,True,Science,65
OPT-SC-013-04,SC-013,SC-013i,Magnetic markerboard,,Inventory,Inventory,INV-SC-013-SC-013I,0,0,False,,40,True,Science,66
OPT-SC-013-05,SC-013,SC-013i,None of the above,,Inventory,Inventory,INV-SC-013-SC-013I,0,0,False,,50,True,Science,67
OPT-SC-014-01,SC-014,SC-014a,None,0,Source,SingleResponse,SR-SC-014-SC-014A,1,1,False,,10,True,Science,69
OPT-SC-014-02,SC-014,SC-014a,<4 linear feet,0.33,Source,SingleResponse,SR-SC-014-SC-014A,1,1,False,,20,True,Science,70
OPT-SC-014-03,SC-014,SC-014a,4 to <8 linear feet,0.66,Source,SingleResponse,SR-SC-014-SC-014A,1,1,False,,30,True,Science,71
OPT-SC-014-04,SC-014,SC-014a,8+ linear feet,1,Source,SingleResponse,SR-SC-014-SC-014A,1,1,False,,40,True,Science,72
OPT-SC-014-05,SC-014,SC-014a,Unable to assess (note reason),,Exclusion,SingleResponse,SR-SC-014-SC-014A,0,1,True,,50,True,Science,73
OPT-SC-015-01,SC-015,SC-015a,0,0,Source,SingleResponse,SR-SC-015-SC-015A,1,1,False,,10,True,Science,75
OPT-SC-015-02,SC-015,SC-015a,1-2,0.25,Source,SingleResponse,SR-SC-015-SC-015A,1,1,False,,20,True,Science,76
OPT-SC-015-03,SC-015,SC-015a,3-4,0.5,Source,SingleResponse,SR-SC-015-SC-015A,1,1,False,,30,True,Science,77
OPT-SC-015-04,SC-015,SC-015a,5-7,0.75,Source,SingleResponse,SR-SC-015-SC-015A,1,1,False,,40,True,Science,78
OPT-SC-015-05,SC-015,SC-015a,8+,1,Source,SingleResponse,SR-SC-015-SC-015A,1,1,False,,50,True,Science,79
OPT-SC-016-01,SC-016,SC-016a,0,0,Source,SingleResponse,SR-SC-016-SC-016A,1,1,False,,10,True,Science,81
OPT-SC-016-02,SC-016,SC-016a,1,0.25,Source,SingleResponse,SR-SC-016-SC-016A,1,1,False,,20,True,Science,82
OPT-SC-016-03,SC-016,SC-016a,2,0.5,Source,SingleResponse,SR-SC-016-SC-016A,1,1,False,,30,True,Science,83
OPT-SC-016-04,SC-016,SC-016a,3,0.75,Source,SingleResponse,SR-SC-016-SC-016A,1,1,False,,40,True,Science,84
OPT-SC-016-05,SC-016,SC-016a,4,1,Source,SingleResponse,SR-SC-016-SC-016A,1,1,False,,50,True,Science,85
OPT-SC-017-01,SC-017,SC-017a,0,0,Source,SingleResponse,SR-SC-017-SC-017A,1,1,False,,10,True,Science,87
OPT-SC-017-02,SC-017,SC-017a,1,0.25,Source,SingleResponse,SR-SC-017-SC-017A,1,1,False,,20,True,Science,88
OPT-SC-017-03,SC-017,SC-017a,2,0.5,Source,SingleResponse,SR-SC-017-SC-017A,1,1,False,,30,True,Science,89
OPT-SC-017-04,SC-017,SC-017a,3,0.75,Source,SingleResponse,SR-SC-017-SC-017A,1,1,False,,40,True,Science,90
OPT-SC-017-05,SC-017,SC-017a,4,1,Source,SingleResponse,SR-SC-017-SC-017A,1,1,False,,50,True,Science,91
OPT-SC-018-01,SC-018,SC-018a,A thermostat is provided that has adjustable temperature controls,1,Source,SingleResponse,SR-SC-018-SC-018A,1,1,False,,10,True,Science,93
OPT-SC-018-02,SC-018,SC-018a,A thermostat is provided that does not have adjustable temperature controls,0.5,Source,SingleResponse,SR-SC-018-SC-018A,1,1,False,,20,True,Science,94
OPT-SC-018-03,SC-018,SC-018a,Only a temperature sensor is provided,0.5,Source,SingleResponse,SR-SC-018-SC-018A,1,1,False,,30,True,Science,95
OPT-SC-018-04,SC-018,SC-018a,No thermostat or sensor is present in the space,0,Source,SingleResponse,SR-SC-018-SC-018A,1,1,False,,40,True,Science,96
OPT-SC-019-01,SC-019,SC-019a,Full-height interior window,1,Source,SingleResponse,SR-SC-019-SC-019A,1,1,False,,10,True,Science,98
OPT-SC-019-02,SC-019,SC-019b,Half-height interior window,1,Source,SingleResponse,SR-SC-019-SC-019B,1,1,False,,20,True,Science,99
OPT-SC-019-03,SC-019,SC-019c,Sidelight,1,Source,SingleResponse,SR-SC-019-SC-019C,1,1,False,,30,True,Science,100
OPT-SC-019-04,SC-019,SC-019d,"Door panel (i.e., glass panel in the door)",0,Source,SingleResponse,SR-SC-019-SC-019D,1,1,False,,40,True,Science,101
OPT-SC-019-05,SC-019,SC-019e,None of the above,0,Source,SingleResponse,SR-SC-019-SC-019E,1,1,False,,50,True,Science,102
OPT-SC-020-01,SC-020,SC-020i,Less than half,,Inventory,Inventory,INV-SC-020-SC-020I,0,0,False,,10,True,Science,104
OPT-SC-020-02,SC-020,SC-020i,About half,,Inventory,Inventory,INV-SC-020-SC-020I,0,0,False,,20,True,Science,105
OPT-SC-020-03,SC-020,SC-020i,Most of the wall,,Inventory,Inventory,INV-SC-020-SC-020I,0,0,False,,30,True,Science,106
OPT-SC-021-01,SC-021,SC-021a,Interior windows and doors with glass can be covered with a single movement,1,Source,SingleResponse,SR-SC-021-SC-021A,1,1,False,,10,True,Science,108
OPT-SC-021-02,SC-021,SC-021b,Exterior windows and doors with glass can be covered with a single movement,1,Source,SingleResponse,SR-SC-021-SC-021B,1,1,False,,20,True,Science,109
OPT-SC-021-03,SC-021,SC-021c,There is an area large enough for a full class to easily get out of sight to shelter-in-place (without needing to cover windows or doors with glass),1,Source,SingleResponse,SR-SC-021-SC-021C,1,1,False,,30,True,Science,110
OPT-SC-021-04,SC-021,SC-021d,Interior door hardware is lockable from inside the space with a push button or thumb turn lock,1,Source,SingleResponse,SR-SC-021-SC-021D,1,1,False,,40,True,Science,111
OPT-SC-021-05,SC-021,SC-021e,None of the above,0,Source,SingleResponse,SR-SC-021-SC-021E,1,1,False,,50,True,Science,112
OPT-SC-022-01,SC-022,SC-022i,Mobile lab tables,,Inventory,Inventory,INV-SC-022-SC-022I,0,0,False,,10,True,Science,114
OPT-SC-022-02,SC-022,SC-022i,Stools with removable back support,,Inventory,Inventory,INV-SC-022-SC-022I,0,0,False,,20,True,Science,115
OPT-SC-022-03,SC-022,SC-022i,Individual student desks,,Inventory,Inventory,INV-SC-022-SC-022I,0,0,False,,30,True,Science,116
OPT-SC-022-04,SC-022,SC-022i,Chair-height student tables,,Inventory,Inventory,INV-SC-022-SC-022I,0,0,False,,40,True,Science,117
OPT-SC-022-05,SC-022,SC-022i,"Floor-height student tables (i.e., low tables for floor seating)",,Inventory,Inventory,INV-SC-022-SC-022I,0,0,False,,50,True,Science,118
OPT-SC-022-06,SC-022,SC-022i,Standing-height student desks/tables/worksurfaces,,Inventory,Inventory,INV-SC-022-SC-022I,0,0,False,,60,True,Science,119
OPT-SC-022-07,SC-022,SC-022i,"Student desks with attached chair (i.e., combo units)",,Inventory,Inventory,INV-SC-022-SC-022I,0,0,False,,70,True,Science,120
OPT-SC-022-08,SC-022,SC-022i,"Hard seating (e.g., standard chairs, stools)",,Inventory,Inventory,INV-SC-022-SC-022I,0,0,False,,80,True,Science,121
OPT-SC-022-09,SC-022,SC-022i,"Active seating (e.g., wobble stools, rockers)",,Inventory,Inventory,INV-SC-022-SC-022I,0,0,False,,90,True,Science,122
OPT-SC-022-10,SC-022,SC-022i,"Soft seating (e.g., bean bags, floor cushions)",,Inventory,Inventory,INV-SC-022-SC-022I,0,0,False,,100,True,Science,123
OPT-SC-022-11,SC-022,SC-022i,"One or more mobile writing surfaces (i.e., mobile markerboards)",,Inventory,Inventory,INV-SC-022-SC-022I,0,0,False,,110,True,Science,124
OPT-SC-022-12,SC-022,SC-022i,One or more mobile tackboards,,Inventory,Inventory,INV-SC-022-SC-022I,0,0,False,,120,True,Science,125
OPT-SC-022-13,SC-022,SC-022i,One or more mobile monitors,,Inventory,Inventory,INV-SC-022-SC-022I,0,0,False,,130,True,Science,126
OPT-SC-022-14,SC-022,SC-022i,None of the above,,Inventory,Inventory,INV-SC-022-SC-022I,0,0,False,,140,True,Science,127
OPT-SC-023-01,SC-023,SC-023a,"Most furniture can be moved by students or a single teacher (e.g., casters, lightweight pieces)",1,Source,SingleResponse,SR-SC-023-SC-023A,1,1,False,,10,True,Science,129
OPT-SC-023-02,SC-023,SC-023a,"Some furniture is movable, some is heavy or fixed",0.5,Source,SingleResponse,SR-SC-023-SC-023A,1,1,False,,20,True,Science,130
OPT-SC-023-03,SC-023,SC-023a,"Most furniture is heavy, fixed, or impractical to move",0,Source,SingleResponse,SR-SC-023-SC-023A,1,1,False,,30,True,Science,131
OPT-SC-024-01,SC-024,SC-024a,Varied seating is provided for multiple students across multiple areas of the space,1,Source,SingleResponse,SR-SC-024-SC-024A,1,1,False,,10,True,Science,133
OPT-SC-024-02,SC-024,SC-024a,"Limited varied seating is provided (i.e., a single area or only a few students accommodated at a time)",0.5,Source,SingleResponse,SR-SC-024-SC-024A,1,1,False,,20,True,Science,134
OPT-SC-024-03,SC-024,SC-024a,No varied seating is provided,0,Source,SingleResponse,SR-SC-024-SC-024A,1,1,False,,30,True,Science,135
OPT-SC-024-04,SC-024,SC-024a,Unable to assess (note reason),,Exclusion,SingleResponse,SR-SC-024-SC-024A,0,1,True,,40,True,Science,136
OPT-SC-025-01,SC-025,SC-025a,Good - appears relatively new or has minimal wear,1,Source,SingleResponse,SR-SC-025-SC-025A,1,1,False,,10,True,Science,138
OPT-SC-025-02,SC-025,SC-025a,"Fair - some furniture is noticeably worn or aging, but all is functional",0.5,Source,SingleResponse,SR-SC-025-SC-025A,1,1,False,,20,True,Science,139
OPT-SC-025-03,SC-025,SC-025a,"Poor - some or all furniture is significantly worn, damaged, or not usable",0,Source,SingleResponse,SR-SC-025-SC-025A,1,1,False,,30,True,Science,140
OPT-SC-026-01,SC-026,SC-026a,"Resilient flooring (e.g., vinyl, rubber)",1,Source,SingleResponse,SR-SC-026-SC-026A,1,1,False,,10,True,Science,142
OPT-SC-026-02,SC-026,SC-026a,Terrazzo,1,Source,SingleResponse,SR-SC-026-SC-026A,1,1,False,,20,True,Science,143
OPT-SC-026-03,SC-026,SC-026a,Polished concrete,1,Source,SingleResponse,SR-SC-026-SC-026A,1,1,False,,30,True,Science,144
OPT-SC-026-04,SC-026,SC-026a,"Carpet (i.e., not a loose rug)",0,Source,SingleResponse,SR-SC-026-SC-026A,1,1,False,,40,True,Science,145
OPT-SC-026-05,SC-026,SC-026a,Unable to assess (note reason),,Exclusion,SingleResponse,SR-SC-026-SC-026A,0,1,True,,50,True,Science,146
OPT-SC-027-01,SC-027,SC-027a,Direct access to a collaboration space,1,Source,SingleResponse,SR-SC-027-SC-027A,1,1,False,,10,True,Science,148
OPT-SC-027-02,SC-027,SC-027a,Visibility into a collaboration space only,0.5,Source,SingleResponse,SR-SC-027-SC-027A,1,1,False,,20,True,Science,149
OPT-SC-027-03,SC-027,SC-027a,Neither access nor visibility,0,Source,SingleResponse,SR-SC-027-SC-027A,1,1,False,,30,True,Science,150
OPT-SC-027-04,SC-027,SC-027a,Unable to assess (note reason),,Exclusion,SingleResponse,SR-SC-027-SC-027A,0,1,True,,40,True,Science,151
OPT-SC-028-01,SC-028,SC-028a,Direct access to a small group room,1,Source,SingleResponse,SR-SC-028-SC-028A,1,1,False,,10,True,Science,153
OPT-SC-028-02,SC-028,SC-028a,Visibility into a small group room only,0.5,Source,SingleResponse,SR-SC-028-SC-028A,1,1,False,,20,True,Science,154
OPT-SC-028-03,SC-028,SC-028a,Neither access nor visibility,0,Source,SingleResponse,SR-SC-028-SC-028A,1,1,False,,30,True,Science,155
OPT-SC-028-04,SC-028,SC-028a,Unable to assess (note reason),,Exclusion,SingleResponse,SR-SC-028-SC-028A,0,1,True,,40,True,Science,156
OPT-SC-029-01,SC-029,SC-029a,Direct visibility into open collaboration space,1,Source,SingleResponse,SR-SC-029-SC-029A,1,1,False,,10,True,Science,158
OPT-SC-029-02,SC-029,SC-029b,Direct visibility into small group room(s),1,Source,SingleResponse,SR-SC-029-SC-029B,1,1,False,,20,True,Science,159
OPT-SC-029-03,SC-029,SC-029c,None of the above,0,Source,SingleResponse,SR-SC-029-SC-029C,1,1,False,,30,True,Science,160
OPT-SC-030-01,SC-030,SC-030a,Exterior door within the space,1,Source,SingleResponse,SR-SC-030-SC-030A,1,1,False,,10,True,Science,162
OPT-SC-030-02,SC-030,SC-030a,Exterior door directly outside the space,0.5,Source,SingleResponse,SR-SC-030-SC-030A,1,1,False,,20,True,Science,163
OPT-SC-030-03,SC-030,SC-030a,Neither,0,Source,SingleResponse,SR-SC-030-SC-030A,1,1,False,,30,True,Science,164
OPT-SC-030-04,SC-030,SC-030a,Unable to assess (note reason),,Exclusion,SingleResponse,SR-SC-030-SC-030A,0,1,True,,40,True,Science,165
OPT-SC-031-01,SC-031,SC-031a,Yes,1,Source,SingleResponse,SR-SC-031-SC-031A,1,1,False,,10,True,Science,167
OPT-SC-031-02,SC-031,SC-031a,No,0,Source,SingleResponse,SR-SC-031-SC-031A,1,1,False,,20,True,Science,168
OPT-SC-031-03,SC-031,SC-031a,Unable to assess (note reason),,Exclusion,SingleResponse,SR-SC-031-SC-031A,0,1,True,,30,True,Science,169
OPT-SC-032-01,SC-032,SC-032a,80-100% of lab stations,1,Source,SingleResponse,SR-SC-032-SC-032A,1,1,False,,10,True,Science,171
OPT-SC-032-02,SC-032,SC-032a,60-80% of lab stations,0.75,Source,SingleResponse,SR-SC-032-SC-032A,1,1,False,,20,True,Science,172
OPT-SC-032-03,SC-032,SC-032a,40-60% of lab stations,0.5,Source,SingleResponse,SR-SC-032-SC-032A,1,1,False,,30,True,Science,173
OPT-SC-032-04,SC-032,SC-032a,20-40% of lab stations,0.25,Source,SingleResponse,SR-SC-032-SC-032A,1,1,False,,40,True,Science,174
OPT-SC-032-05,SC-032,SC-032a,0-20% of lab stations,0,Source,SingleResponse,SR-SC-032-SC-032A,1,1,False,,50,True,Science,175
OPT-SC-032-06,SC-032,SC-032a,Unable to assess (note reason),,Exclusion,SingleResponse,SR-SC-032-SC-032A,0,1,True,,60,True,Science,176
OPT-SC-033-01,SC-033,SC-033a,All sinks have laboratory faucets,1,Source,SingleResponse,SR-SC-033-SC-033A,1,1,False,,10,True,Science,178
OPT-SC-033-02,SC-033,SC-033a,Some sinks have laboratory faucets,0.5,Source,SingleResponse,SR-SC-033-SC-033A,1,1,False,,20,True,Science,179
OPT-SC-033-03,SC-033,SC-033a,No sinks have laboratory faucets,0,Source,SingleResponse,SR-SC-033-SC-033A,1,1,False,,30,True,Science,180
OPT-SC-033-04,SC-033,SC-033a,Unable to assess (note reason),,Exclusion,SingleResponse,SR-SC-033-SC-033A,0,1,True,,40,True,Science,181
OPT-SC-034-01,SC-034,SC-034a,Water valve(s),1,Source,SingleResponse,SR-SC-034-SC-034A,1,1,False,,10,True,Science,183
OPT-SC-034-02,SC-034,SC-034b,Gas valve(s),1,Source,SingleResponse,SR-SC-034-SC-034B,1,1,False,,20,True,Science,184
OPT-SC-034-03,SC-034,SC-034c,Air valve(s),1,Source,SingleResponse,SR-SC-034-SC-034C,1,1,False,,30,True,Science,185
OPT-SC-034-04,SC-034,SC-034d,Floor drain,1,Source,SingleResponse,SR-SC-034-SC-034D,1,1,False,,40,True,Science,186
OPT-SC-034-05,SC-034,SC-034e,Emergency eye wash,1,Source,SingleResponse,SR-SC-034-SC-034E,1,1,False,,50,True,Science,187
OPT-SC-034-06,SC-034,SC-034f,Exhaust hood,1,Source,SingleResponse,SR-SC-034-SC-034F,1,1,False,,60,True,Science,188
OPT-SC-034-07,SC-034,SC-034g,None of the above,0,Source,SingleResponse,SR-SC-034-SC-034G,1,1,False,,70,True,Science,189
OPT-SC-035-01,SC-035,SC-035i,Laptop storage or charging cart,,Inventory,Inventory,INV-SC-035-SC-035I,0,0,False,,10,True,Science,191
OPT-SC-035-02,SC-035,SC-035i,None of the above,,Inventory,Inventory,INV-SC-035-SC-035I,0,0,False,,20,True,Science,192
OPT-SI-001-01,SI-001,SI-001a,A dedicated prep room for one classroom is directly connected,1,Source,SingleResponse,SR-SI-001-SI-001A,1,1,False,,10,True,Science,194
OPT-SI-001-02,SI-001,SI-001a,"A jack-and-jill style prep room between two science labs, or between a science lab and a Maker Space, is directly connected",1,Source,SingleResponse,SR-SI-001-SI-001A,1,1,False,,20,True,Science,195
OPT-SI-001-03,SI-001,SI-001a,A prep room is accessible indirectly (i.e. through a circulation space),0.5,Source,SingleResponse,SR-SI-001-SI-001A,1,1,False,,30,True,Science,196
OPT-SI-001-04,SI-001,SI-001a,No dedicated prep room exists but a portion of the classroom is functioning as a prep area,0,Source,SingleResponse,SR-SI-001-SI-001A,1,1,False,,40,True,Science,197
OPT-SI-001-05,SI-001,SI-001a,No prep room or area exists,0,Source,SingleResponse,SR-SI-001-SI-001A,1,1,False,,50,True,Science,198
OPT-SI-001-06,SI-001,SI-001a,Unable to assess (note reason),,Exclusion,SingleResponse,SR-SI-001-SI-001A,0,1,True,,60,True,Science,199
OPT-SI-002-01,SI-002,SI-002a,Yes,1,Source,SingleResponse,SR-SI-002-SI-002A,1,1,False,,10,True,Science,201
OPT-SI-002-02,SI-002,SI-002a,No,0,Source,SingleResponse,SR-SI-002-SI-002A,1,1,False,,20,True,Science,202
OPT-SI-002-03,SI-002,SI-002a,Unable to assess (note reason),,Exclusion,SingleResponse,SR-SI-002-SI-002A,0,1,True,,30,True,Science,203
OPT-SI-003-01,SI-003,SI-003a,None,0,Source,SingleResponse,SR-SI-003-SI-003A,1,1,False,,10,True,Science,205
OPT-SI-003-02,SI-003,SI-003a,<12 linear feet,0.5,Source,SingleResponse,SR-SI-003-SI-003A,1,1,False,,20,True,Science,206
OPT-SI-003-03,SI-003,SI-003a,12+ linear feet,1,Source,SingleResponse,SR-SI-003-SI-003A,1,1,False,,30,True,Science,207
OPT-SI-004-01,SI-004,SI-004a,None,0,Source,SingleResponse,SR-SI-004-SI-004A,1,1,False,,10,True,Science,209
OPT-SI-004-02,SI-004,SI-004a,<12 linear feet,0.5,Source,SingleResponse,SR-SI-004-SI-004A,1,1,False,,20,True,Science,210
OPT-SI-004-03,SI-004,SI-004a,12+ linear feet,1,Source,SingleResponse,SR-SI-004-SI-004A,1,1,False,,30,True,Science,211
OPT-SI-005-01,SI-005,SI-005a,Yes,1,Source,SingleResponse,SR-SI-005-SI-005A,1,1,False,,10,True,Science,213
OPT-SI-005-02,SI-005,SI-005a,No,0,Source,SingleResponse,SR-SI-005-SI-005A,1,1,False,,20,True,Science,214
OPT-SI-005-03,SI-005,SI-005a,Unable to assess (note reason),,Exclusion,SingleResponse,SR-SI-005-SI-005A,0,1,True,,30,True,Science,215
OPT-SI-006-01,SI-006,SI-006a,Door vision panel,1,Source,SingleResponse,SR-SI-006-SI-006A,1,1,False,,10,True,Science,217
OPT-SI-006-02,SI-006,SI-006b,Door sidelite,1,Source,SingleResponse,SR-SI-006-SI-006B,1,1,False,,20,True,Science,218
OPT-SI-006-03,SI-006,SI-006c,Interior window,1,Source,SingleResponse,SR-SI-006-SI-006C,1,1,False,,30,True,Science,219
OPT-SI-006-04,SI-006,SI-006d,None of the above,0,Source,SingleResponse,SR-SI-006-SI-006D,1,1,False,,40,True,Science,220
OPT-SI-007-01,SI-007,SI-007a,Power outlet is provided on at least one wall,1,Source,SingleResponse,SR-SI-007-SI-007A,1,1,False,,10,True,Science,222
OPT-SI-007-02,SI-007,SI-007b,Data outlet is provided on at least one wall,1,Source,SingleResponse,SR-SI-007-SI-007B,1,1,False,,20,True,Science,223
OPT-SI-007-03,SI-007,SI-007c,None of the above,0,Source,SingleResponse,SR-SI-007-SI-007C,1,1,False,,30,True,Science,224
OPT-SI-008-01,SI-008,SI-008a,Flammable storage cabinet,1,Source,SingleResponse,SR-SI-008-SI-008A,1,1,False,,10,True,Science,226
OPT-SI-008-02,SI-008,SI-008b,Refrigerator,1,Source,SingleResponse,SR-SI-008-SI-008B,1,1,False,,20,True,Science,227
OPT-SI-008-03,SI-008,SI-008c,Dishwasher,1,Source,SingleResponse,SR-SI-008-SI-008C,1,1,False,,30,True,Science,228
OPT-SI-008-04,SI-008,SI-008d,Test tube drying racks,1,Source,SingleResponse,SR-SI-008-SI-008D,1,1,False,,40,True,Science,229
OPT-SI-008-05,SI-008,SI-008e,Pass-through fume hood between Science Lab and Science Prep (chemistry only),1,Source,SingleResponse,SR-SI-008-SI-008E,1,1,False,,50,True,Science,230
OPT-SI-008-06,SI-008,SI-008f,None of the above,0,Source,SingleResponse,SR-SI-008-SI-008F,1,1,False,,60,True,Science,231
OPT-MA-001-01,MA-001,MA-001a,Workroom,1,Source,SingleResponse,SR-MA-001-MA-001A,1,1,False,,10,True,Main Admin Suite,3
OPT-MA-001-02,MA-001,MA-001b,Principal's office,1,Source,SingleResponse,SR-MA-001-MA-001B,1,1,False,,20,True,Main Admin Suite,4
OPT-MA-001-03,MA-001,MA-001c,Bookkeeper office,1,Source,SingleResponse,SR-MA-001-MA-001C,1,1,False,,30,True,Main Admin Suite,5
OPT-MA-001-04,MA-001,MA-001d,Conference room,1,Source,SingleResponse,SR-MA-001-MA-001D,1,1,False,,40,True,Main Admin Suite,6
OPT-MA-001-05,MA-001,MA-001e,Records storage room,1,Source,SingleResponse,SR-MA-001-MA-001E,1,1,False,,50,True,Main Admin Suite,7
OPT-MA-001-06,MA-001,MA-001i,Commuter shower,,Inventory,Inventory,INV-MA-001-MA-001I,0,0,False,,60,True,Main Admin Suite,8
OPT-MA-001-07,MA-001,MA-001f,None of the above,0,Source,SingleResponse,SR-MA-001-MA-001F,1,1,False,,70,True,Main Admin Suite,9
OPT-MA-002-01,MA-002,MA-002a,Primary light fixtures are dimmable,1,Source,SingleResponse,SR-MA-002-MA-002A,1,1,False,,10,True,Main Admin Suite,11
OPT-MA-002-02,MA-002,MA-002b,Primary light fixtures are LED,1,Source,SingleResponse,SR-MA-002-MA-002B,1,1,False,,20,True,Main Admin Suite,12
OPT-MA-002-03,MA-002,MA-002c,None of the above,0,Source,SingleResponse,SR-MA-002-MA-002C,1,1,False,,30,True,Main Admin Suite,13
OPT-MA-003-01,MA-003,MA-003a,None,0,Source,SingleResponse,SR-MA-003-MA-003A,1,1,False,,10,True,Main Admin Suite,15
OPT-MA-003-02,MA-003,MA-003a,<12 linear feet,0.5,Source,SingleResponse,SR-MA-003-MA-003A,1,1,False,,20,True,Main Admin Suite,16
OPT-MA-003-03,MA-003,MA-003a,12+ linear feet,1,Source,SingleResponse,SR-MA-003-MA-003A,1,1,False,,30,True,Main Admin Suite,17
OPT-MA-004-01,MA-004,MA-004a,"Yes, in close proximity to, but not co-located with, the main admin suite",1,Source,SingleResponse,SR-MA-004-MA-004A,1,1,False,,10,True,Main Admin Suite,19
OPT-MA-004-02,MA-004,MA-004a,"Yes, co-located with the main admin suite",0,Source,SingleResponse,SR-MA-004-MA-004A,1,1,False,,20,True,Main Admin Suite,20
OPT-MA-004-03,MA-004,MA-004a,"No, not in close proximity to the main admin suite",0,Source,SingleResponse,SR-MA-004-MA-004A,1,1,False,,30,True,Main Admin Suite,21
OPT-MA-004-04,MA-004,MA-004a,Unable to assess (note reason),,Exclusion,SingleResponse,SR-MA-004-MA-004A,0,1,True,,40,True,Main Admin Suite,22
OPT-MA-005-01,MA-005,MA-005a,None,0,Source,SingleResponse,SR-MA-005-MA-005A,1,1,False,,10,True,Main Admin Suite,24
OPT-MA-005-02,MA-005,MA-005a,<6 linear feet,0.5,Source,SingleResponse,SR-MA-005-MA-005A,1,1,False,,20,True,Main Admin Suite,25
OPT-MA-005-03,MA-005,MA-005a,6+ linear feet,1,Source,SingleResponse,SR-MA-005-MA-005A,1,1,False,,30,True,Main Admin Suite,26
OPT-MA-006-01,MA-006,MA-006a,Copier or multifunction printer,1,Source,SingleResponse,SR-MA-006-MA-006A,1,1,False,,10,True,Main Admin Suite,28
OPT-MA-006-02,MA-006,MA-006b,Staff mailboxes,1,Source,SingleResponse,SR-MA-006-MA-006B,1,1,False,,20,True,Main Admin Suite,29
OPT-MA-006-03,MA-006,MA-006c,Sink,1,Source,SingleResponse,SR-MA-006-MA-006C,1,1,False,,30,True,Main Admin Suite,30
OPT-MA-006-04,MA-006,MA-006i,Writable surface,,Inventory,Inventory,INV-MA-006-MA-006I,0,0,False,,40,True,Main Admin Suite,31
OPT-MA-006-05,MA-006,MA-006i,Tackboard,,Inventory,Inventory,INV-MA-006-MA-006I,0,0,False,,50,True,Main Admin Suite,32
OPT-MA-006-06,MA-006,MA-006i,Refrigerator,,Inventory,Inventory,INV-MA-006-MA-006I,0,0,False,,60,True,Main Admin Suite,33
OPT-MA-006-07,MA-006,MA-006i,Microwave,,Inventory,Inventory,INV-MA-006-MA-006I,0,0,False,,70,True,Main Admin Suite,34
OPT-MA-006-08,MA-006,MA-006d,None of the above,0,Source,SingleResponse,SR-MA-006-MA-006D,1,1,False,,80,True,Main Admin Suite,35
OPT-MA-007-01,MA-007,MA-007a,Yes,1,Source,SingleResponse,SR-MA-007-MA-007A,1,1,False,,10,True,Main Admin Suite,37
OPT-MA-007-02,MA-007,MA-007a,No,0,Source,SingleResponse,SR-MA-007-MA-007A,1,1,False,,20,True,Main Admin Suite,38
OPT-MA-007-03,MA-007,MA-007a,Unable to assess (note reason),,Exclusion,SingleResponse,SR-MA-007-MA-007A,0,1,True,,30,True,Main Admin Suite,39
OPT-MA-008-01,MA-008,MA-008a,Interior window,1,Source,SingleResponse,SR-MA-008-MA-008A,1,1,False,,10,True,Main Admin Suite,41
OPT-MA-008-02,MA-008,MA-008b,Sidelight,1,Source,SingleResponse,SR-MA-008-MA-008B,1,1,False,,20,True,Main Admin Suite,42
OPT-MA-008-03,MA-008,MA-008c,"Door panel (i.e., glass panel in the door)",0,Source,SingleResponse,SR-MA-008-MA-008C,1,1,False,,30,True,Main Admin Suite,43
OPT-MA-008-04,MA-008,MA-008d,None of the above,0,Source,SingleResponse,SR-MA-008-MA-008D,1,1,False,,40,True,Main Admin Suite,44
OPT-MA-009-01,MA-009,MA-009a,Interior windows and doors with glass can be covered with a single movement,1,Source,SingleResponse,SR-MA-009-MA-009A,1,1,False,,10,True,Main Admin Suite,46
OPT-MA-009-02,MA-009,MA-009b,Exterior windows and doors with glass can be covered with a single movement,1,Source,SingleResponse,SR-MA-009-MA-009B,1,1,False,,20,True,Main Admin Suite,47
OPT-MA-009-03,MA-009,MA-009c,Interior door hardware is lockable from inside the space,1,Source,SingleResponse,SR-MA-009-MA-009C,1,1,False,,30,True,Main Admin Suite,48
OPT-MA-009-04,MA-009,MA-009d,None of the above,0,Source,SingleResponse,SR-MA-009-MA-009D,1,1,False,,40,True,Main Admin Suite,49
OPT-MA-010-01,MA-010,MA-010i,"Resilient flooring (e.g., vinyl, rubber)",,Inventory,Inventory,INV-MA-010-MA-010I,0,0,False,,10,True,Main Admin Suite,51
OPT-MA-010-02,MA-010,MA-010i,Terrazzo,,Inventory,Inventory,INV-MA-010-MA-010I,0,0,False,,20,True,Main Admin Suite,52
OPT-MA-010-03,MA-010,MA-010i,Polished concrete,,Inventory,Inventory,INV-MA-010-MA-010I,0,0,False,,30,True,Main Admin Suite,53
OPT-MA-010-04,MA-010,MA-010i,"Carpet (i.e., not a loose rug)",,Inventory,Inventory,INV-MA-010-MA-010I,0,0,False,,40,True,Main Admin Suite,54
OPT-MA-010-05,MA-010,MA-010i,Porcelain tile,,Inventory,Inventory,INV-MA-010-MA-010I,0,0,False,,50,True,Main Admin Suite,55
OPT-MA-010-06,MA-010,MA-010i,Unable to assess (note reason),,Inventory,Inventory,INV-MA-010-MA-010I,0,0,True,,60,True,Main Admin Suite,56
OPT-MA-011-01,MA-011,MA-011i,PA speaker,,Inventory,Inventory,INV-MA-011-MA-011I,0,0,False,,10,True,Main Admin Suite,58
OPT-MA-011-02,MA-011,MA-011i,Synchronous clock,,Inventory,Inventory,INV-MA-011-MA-011I,0,0,False,,20,True,Main Admin Suite,59
OPT-MA-011-03,MA-011,MA-011i,None of the above,,Inventory,Inventory,INV-MA-011-MA-011I,0,0,False,,30,True,Main Admin Suite,60
OPT-PK-002-01,PK-002,PK-002a,Yes,1,Source,SingleResponse,SR-PK-002-PK-002A,1,1,False,,10,True,PreK,7
OPT-PK-002-02,PK-002,PK-002a,No,0,Source,SingleResponse,SR-PK-002-PK-002A,1,1,False,,20,True,PreK,8
OPT-PK-002-03,PK-002,PK-002a,Unable to assess (note reason),,Exclusion,SingleResponse,SR-PK-002-PK-002A,0,1,True,,30,True,PreK,9
OPT-PK-003-01,PK-003,PK-003a,Yes,1,Source,SingleResponse,SR-PK-003-PK-003A,1,1,False,,10,True,PreK,11
OPT-PK-003-02,PK-003,PK-003a,No,0,Source,SingleResponse,SR-PK-003-PK-003A,1,1,False,,20,True,PreK,12
OPT-PK-003-03,PK-003,PK-003a,Unable to assess (note reason),,Exclusion,SingleResponse,SR-PK-003-PK-003A,0,1,True,,30,True,PreK,13
OPT-PK-004-01,PK-004,PK-004a,Primary light fixtures are dimmable,1,Source,SingleResponse,SR-PK-004-PK-004A,1,1,False,,10,True,PreK,15
OPT-PK-004-02,PK-004,PK-004b,Primary light fixtures are LED,1,Source,SingleResponse,SR-PK-004-PK-004B,1,1,False,,20,True,PreK,16
OPT-PK-004-03,PK-004,PK-004c,None of the above,0,Source,SingleResponse,SR-PK-004-PK-004C,1,1,False,,30,True,PreK,17
OPT-PK-005-01,PK-005,PK-005a,Good - walls are painted in light colors and accent color is used to reduce monotony,1,Source,SingleResponse,SR-PK-005-PK-005A,1,1,False,,10,True,PreK,19
OPT-PK-005-02,PK-005,PK-005a,Fair - walls are painted in light colors but no accent color is used,0.5,Source,SingleResponse,SR-PK-005-PK-005A,1,1,False,,20,True,PreK,20
OPT-PK-005-03,PK-005,PK-005a,Poor - walls are painted in dark or monotonous colors,0,Source,SingleResponse,SR-PK-005-PK-005A,1,1,False,,30,True,PreK,21
OPT-PK-005-04,PK-005,PK-005a,Unable to assess (note reason),,Exclusion,SingleResponse,SR-PK-005-PK-005A,0,1,True,,40,True,PreK,22
OPT-PK-006-01,PK-006,PK-006a,Yes,1,Source,SingleResponse,SR-PK-006-PK-006A,1,1,False,,10,True,PreK,24
OPT-PK-006-02,PK-006,PK-006a,No,0,Source,SingleResponse,SR-PK-006-PK-006A,1,1,False,,20,True,PreK,25
OPT-PK-006-03,PK-006,PK-006a,Unable to assess (note reason),,Exclusion,SingleResponse,SR-PK-006-PK-006A,0,1,True,,30,True,PreK,26
OPT-PK-007-01,PK-007,PK-007a,"Yes, and there are views to the exterior",1,Source,SingleResponse,SR-PK-007-PK-007A,1,1,False,,10,True,PreK,28
OPT-PK-007-02,PK-007,PK-007a,"Yes, but there are no views to the exterior",0.5,Source,SingleResponse,SR-PK-007-PK-007A,1,1,False,,20,True,PreK,29
OPT-PK-007-03,PK-007,PK-007a,No,0,Source,SingleResponse,SR-PK-007-PK-007A,1,1,False,,30,True,PreK,30
OPT-PK-007-04,PK-007,PK-007a,Unable to assess (note reason),,Exclusion,SingleResponse,SR-PK-007-PK-007A,0,1,True,,40,True,PreK,31
OPT-PK-008-01,PK-008,PK-008a,"Access to views of the outdoors (e.g., not solely a view of an exterior wall)",1,Source,SingleResponse,SR-PK-008-PK-008A,1,1,False,,10,True,PreK,33
OPT-PK-008-02,PK-008,PK-008b,Only clerestory windows are provided,0.5,Source,SingleResponse,SR-PK-008-PK-008B,1,1,False,,20,True,PreK,34
OPT-PK-008-03,PK-008,PK-008c,None of the above,0,Source,SingleResponse,SR-PK-008-PK-008C,1,1,False,,30,True,PreK,35
OPT-PK-009-01,PK-009,PK-009a,Roller shades are provided,1,Source,SingleResponse,SR-PK-009-PK-009A,1,1,False,,10,True,PreK,37
OPT-PK-009-02,PK-009,PK-009a,Mini-blinds are provided,0.5,Source,SingleResponse,SR-PK-009-PK-009A,1,1,False,,20,True,PreK,38
OPT-PK-009-03,PK-009,PK-009a,Other (please note),,Exclusion,SingleResponse,SR-PK-009-PK-009A,0,1,True,,30,True,PreK,39
OPT-PK-009-04,PK-009,PK-009a,No window coverings are provided,0,Assumed zero,SingleResponse,SR-PK-009-PK-009A,1,1,False,,40,True,PreK,40
OPT-PK-009-05,PK-009,PK-009a,Unable to assess (note reason),,Exclusion,SingleResponse,SR-PK-009-PK-009A,0,1,True,,50,True,PreK,41
OPT-PK-010-01,PK-010,PK-010a,None,0,Source,SingleResponse,SR-PK-010-PK-010A,1,1,False,,10,True,PreK,43
OPT-PK-010-02,PK-010,PK-010a,<4 linear feet,0.25,Source,SingleResponse,SR-PK-010-PK-010A,1,1,False,,20,True,PreK,44
OPT-PK-010-03,PK-010,PK-010a,4 to <8 linear feet,0.5,Source,SingleResponse,SR-PK-010-PK-010A,1,1,False,,30,True,PreK,45
OPT-PK-010-04,PK-010,PK-010a,8 to <12 linear feet,0.75,Source,SingleResponse,SR-PK-010-PK-010A,1,1,False,,40,True,PreK,46
OPT-PK-010-05,PK-010,PK-010a,12+ linear feet,1,Source,SingleResponse,SR-PK-010-PK-010A,1,1,False,,50,True,PreK,47
OPT-PK-010-06,PK-010,PK-010a,Unable to assess (note reason),,Exclusion,SingleResponse,SR-PK-010-PK-010A,0,1,True,,60,True,PreK,48
OPT-PK-011-01,PK-011,PK-011i,Tackstrip,,Inventory,Inventory,INV-PK-011-PK-011I,0,0,False,,10,True,PreK,50
OPT-PK-011-02,PK-011,PK-011i,Tackboard,,Inventory,Inventory,INV-PK-011-PK-011I,0,0,False,,20,True,PreK,51
OPT-PK-011-03,PK-011,PK-011i,Tackwall,,Inventory,Inventory,INV-PK-011-PK-011I,0,0,False,,30,True,PreK,52
OPT-PK-011-04,PK-011,PK-011i,Magnetic markerboard,,Inventory,Inventory,INV-PK-011-PK-011I,0,0,False,,40,True,PreK,53
OPT-PK-011-05,PK-011,PK-011i,None of the above,,Inventory,Inventory,INV-PK-011-PK-011I,0,0,False,,50,True,PreK,54
OPT-PK-012-01,PK-012,PK-012a,None,0,Source,SingleResponse,SR-PK-012-PK-012A,1,1,False,,10,True,PreK,56
OPT-PK-012-02,PK-012,PK-012a,<4 linear feet,0.33,Source,SingleResponse,SR-PK-012-PK-012A,1,1,False,,20,True,PreK,57
OPT-PK-012-03,PK-012,PK-012a,4 to <8 linear feet,0.66,Source,SingleResponse,SR-PK-012-PK-012A,1,1,False,,30,True,PreK,58
OPT-PK-012-04,PK-012,PK-012a,8+ linear feet,1,Source,SingleResponse,SR-PK-012-PK-012A,1,1,False,,40,True,PreK,59
OPT-PK-012-05,PK-012,PK-012a,Unable to assess (note reason),,Exclusion,SingleResponse,SR-PK-012-PK-012A,0,1,True,,50,True,PreK,60
OPT-PK-013-01,PK-013,PK-013a,None,0,Source,SingleResponse,SR-PK-013-PK-013A,1,1,False,,10,True,PreK,62
OPT-PK-013-02,PK-013,PK-013a,<10 linear feet,0.5,Source,SingleResponse,SR-PK-013-PK-013A,1,1,False,,20,True,PreK,63
OPT-PK-013-03,PK-013,PK-013a,10+ linear feet,1,Source,SingleResponse,SR-PK-013-PK-013A,1,1,False,,30,True,PreK,64
OPT-PK-014-01,PK-014,PK-014a,None,0,Source,SingleResponse,SR-PK-014-PK-014A,1,1,False,,10,True,PreK,66
OPT-PK-014-02,PK-014,PK-014a,<6 linear feet,0.5,Source,SingleResponse,SR-PK-014-PK-014A,1,1,False,,20,True,PreK,67
OPT-PK-014-03,PK-014,PK-014a,6+ linear feet,1,Source,SingleResponse,SR-PK-014-PK-014A,1,1,False,,30,True,PreK,68
OPT-PK-015-01,PK-015,PK-015i,Built-in casework is provided,,Inventory,Inventory,INV-PK-015-PK-015I,0,0,False,,10,True,PreK,70
OPT-PK-015-02,PK-015,PK-015i,Counter space is provided,,Inventory,Inventory,INV-PK-015-PK-015I,0,0,False,,20,True,PreK,71
OPT-PK-015-03,PK-015,PK-015i,Ensuite storage closet is provided,,Inventory,Inventory,INV-PK-015-PK-015I,0,0,False,,30,True,PreK,72
OPT-PK-015-04,PK-015,PK-015i,"Furniture-based storage is provided (i.e., shelving or cabinets)",,Inventory,Inventory,INV-PK-015-PK-015I,0,0,False,,40,True,PreK,73
OPT-PK-015-05,PK-015,PK-015i,Some or all storage is lockable,,Inventory,Inventory,INV-PK-015-PK-015I,0,0,False,,50,True,PreK,74
OPT-PK-015-06,PK-015,PK-015i,None of the above,,Inventory,Inventory,INV-PK-015-PK-015I,0,0,False,,60,True,PreK,75
OPT-PK-016-01,PK-016,PK-016a,Good - storage appears sufficient; the space is organized with little visible clutter,1,Source,SingleResponse,SR-PK-016-PK-016A,1,1,False,,10,True,PreK,77
OPT-PK-016-02,PK-016,PK-016a,Fair - storage appears mostly sufficient; some clutter or overflow is visible,0.5,Source,SingleResponse,SR-PK-016-PK-016A,1,1,False,,20,True,PreK,78
OPT-PK-016-03,PK-016,PK-016a,Poor - storage appears insufficient; significant clutter or materials without a home,0,Source,SingleResponse,SR-PK-016-PK-016A,1,1,False,,30,True,PreK,79
OPT-PK-016-04,PK-016,PK-016a,Unable to assess (note reason),,Exclusion,SingleResponse,SR-PK-016-PK-016A,0,1,True,,40,True,PreK,80
OPT-PK-017-01,PK-017,PK-017a,Yes,1,Source,SingleResponse,SR-PK-017-PK-017A,1,1,False,,10,True,PreK,82
OPT-PK-017-02,PK-017,PK-017a,No,0,Source,SingleResponse,SR-PK-017-PK-017A,1,1,False,,20,True,PreK,83
OPT-PK-017-03,PK-017,PK-017a,Unable to assess (note reason),,Exclusion,SingleResponse,SR-PK-017-PK-017A,0,1,True,,30,True,PreK,84
OPT-PK-018-01,PK-018,PK-018a,0,0,Source,SingleResponse,SR-PK-018-PK-018A,1,1,False,,10,True,PreK,86
OPT-PK-018-02,PK-018,PK-018a,1-2,0.25,Source,SingleResponse,SR-PK-018-PK-018A,1,1,False,,20,True,PreK,87
OPT-PK-018-03,PK-018,PK-018a,3-4,0.5,Source,SingleResponse,SR-PK-018-PK-018A,1,1,False,,30,True,PreK,88
OPT-PK-018-04,PK-018,PK-018a,5-7,0.75,Source,SingleResponse,SR-PK-018-PK-018A,1,1,False,,40,True,PreK,89
OPT-PK-018-05,PK-018,PK-018a,8+,1,Source,SingleResponse,SR-PK-018-PK-018A,1,1,False,,50,True,PreK,90
OPT-PK-019-01,PK-019,PK-019a,0,0,Source,SingleResponse,SR-PK-019-PK-019A,1,1,False,,10,True,PreK,92
OPT-PK-019-02,PK-019,PK-019a,1,0.25,Source,SingleResponse,SR-PK-019-PK-019A,1,1,False,,20,True,PreK,93
OPT-PK-019-03,PK-019,PK-019a,2,0.5,Source,SingleResponse,SR-PK-019-PK-019A,1,1,False,,30,True,PreK,94
OPT-PK-019-04,PK-019,PK-019a,3,0.75,Source,SingleResponse,SR-PK-019-PK-019A,1,1,False,,40,True,PreK,95
OPT-PK-019-05,PK-019,PK-019a,4,1,Source,SingleResponse,SR-PK-019-PK-019A,1,1,False,,50,True,PreK,96
OPT-PK-020-01,PK-020,PK-020a,0,0,Source,SingleResponse,SR-PK-020-PK-020A,1,1,False,,10,True,PreK,98
OPT-PK-020-02,PK-020,PK-020a,1,0.25,Source,SingleResponse,SR-PK-020-PK-020A,1,1,False,,20,True,PreK,99
OPT-PK-020-03,PK-020,PK-020a,2,0.5,Source,SingleResponse,SR-PK-020-PK-020A,1,1,False,,30,True,PreK,100
OPT-PK-020-04,PK-020,PK-020a,3,0.75,Source,SingleResponse,SR-PK-020-PK-020A,1,1,False,,40,True,PreK,101
OPT-PK-020-05,PK-020,PK-020a,4,1,Source,SingleResponse,SR-PK-020-PK-020A,1,1,False,,50,True,PreK,102
OPT-PK-021-01,PK-021,PK-021a,A thermostat is provided that has adjustable temperature controls,1,Source,SingleResponse,SR-PK-021-PK-021A,1,1,False,,10,True,PreK,104
OPT-PK-021-02,PK-021,PK-021a,A thermostat is provided that does not have adjustable temperature controls,0.5,Source,SingleResponse,SR-PK-021-PK-021A,1,1,False,,20,True,PreK,105
OPT-PK-021-03,PK-021,PK-021a,Only a temperature sensor is provided,0.5,Source,SingleResponse,SR-PK-021-PK-021A,1,1,False,,30,True,PreK,106
OPT-PK-021-04,PK-021,PK-021a,No thermostat or sensor is present in the space,0,Source,SingleResponse,SR-PK-021-PK-021A,1,1,False,,40,True,PreK,107
OPT-PK-022-01,PK-022,PK-022a,Full-height interior window,,Inventory,Inventory,INV-PK-022-PK-022A,0,0,False,,10,True,PreK,109
OPT-PK-022-02,PK-022,PK-022b,Half-height interior window,,Inventory,Inventory,INV-PK-022-PK-022B,0,0,False,,20,True,PreK,110
OPT-PK-022-03,PK-022,PK-022c,Sidelight,,Inventory,Inventory,INV-PK-022-PK-022C,0,0,False,,30,True,PreK,111
OPT-PK-022-04,PK-022,PK-022d,"Door panel (i.e., glass panel in the door)",,Inventory,Inventory,INV-PK-022-PK-022D,0,0,False,,40,True,PreK,112
OPT-PK-022-05,PK-022,PK-022e,None of the above,,Inventory,Inventory,INV-PK-022-PK-022E,0,0,False,,50,True,PreK,113
OPT-PK-023-01,PK-023,PK-023i,Less than half,,Inventory,Inventory,INV-PK-023-PK-023I,0,0,False,,10,True,PreK,115
OPT-PK-023-02,PK-023,PK-023i,About half,,Inventory,Inventory,INV-PK-023-PK-023I,0,0,False,,20,True,PreK,116
OPT-PK-023-03,PK-023,PK-023i,Most of the wall,,Inventory,Inventory,INV-PK-023-PK-023I,0,0,False,,30,True,PreK,117
OPT-PK-024-01,PK-024,PK-024a,Interior windows and doors with glass can be covered with a single movement,1,Source,SingleResponse,SR-PK-024-PK-024A,1,1,False,,10,True,PreK,119
OPT-PK-024-02,PK-024,PK-024b,Exterior windows and doors with glass can be covered with a single movement,1,Source,SingleResponse,SR-PK-024-PK-024B,1,1,False,,20,True,PreK,120
OPT-PK-024-03,PK-024,PK-024c,There is an area large enough for a full class to easily get out of sight to shelter-in-place (without needing to cover windows or doors with glass),1,Source,SingleResponse,SR-PK-024-PK-024C,1,1,False,,30,True,PreK,121
OPT-PK-024-04,PK-024,PK-024d,Interior door hardware is lockable from inside the space with a push button or thumb turn lock,1,Source,SingleResponse,SR-PK-024-PK-024D,1,1,False,,40,True,PreK,122
OPT-PK-024-05,PK-024,PK-024e,None of the above,0,Source,SingleResponse,SR-PK-024-PK-024E,1,1,False,,50,True,PreK,123
OPT-PK-025-01,PK-025,PK-025i,Individual student desks,,Inventory,Inventory,INV-PK-025-PK-025I,0,0,False,,10,True,PreK,125
OPT-PK-025-02,PK-025,PK-025i,Chair-height student tables,,Inventory,Inventory,INV-PK-025-PK-025I,0,0,False,,20,True,PreK,126
OPT-PK-025-03,PK-025,PK-025i,"Floor-height student tables (i.e., low tables for floor seating)",,Inventory,Inventory,INV-PK-025-PK-025I,0,0,False,,30,True,PreK,127
OPT-PK-025-04,PK-025,PK-025i,Standing-height student desks/tables/worksurfaces,,Inventory,Inventory,INV-PK-025-PK-025I,0,0,False,,40,True,PreK,128
OPT-PK-025-05,PK-025,PK-025i,"Student desks with attached chair (i.e., combo units)",,Inventory,Inventory,INV-PK-025-PK-025I,0,0,False,,50,True,PreK,129
OPT-PK-025-06,PK-025,PK-025i,"Hard seating (e.g., standard chairs, stools)",,Inventory,Inventory,INV-PK-025-PK-025I,0,0,False,,60,True,PreK,130
OPT-PK-025-07,PK-025,PK-025i,"Active seating (e.g., wobble stools, rockers)",,Inventory,Inventory,INV-PK-025-PK-025I,0,0,False,,70,True,PreK,131
OPT-PK-025-08,PK-025,PK-025i,"Soft seating (e.g., bean bags, floor cushions)",,Inventory,Inventory,INV-PK-025-PK-025I,0,0,False,,80,True,PreK,132
OPT-PK-025-09,PK-025,PK-025i,"One or more mobile writing surfaces (i.e., mobile markerboards)",,Inventory,Inventory,INV-PK-025-PK-025I,0,0,False,,90,True,PreK,133
OPT-PK-025-10,PK-025,PK-025i,One or more mobile tackboards,,Inventory,Inventory,INV-PK-025-PK-025I,0,0,False,,100,True,PreK,134
OPT-PK-025-11,PK-025,PK-025i,One or more mobile monitors,,Inventory,Inventory,INV-PK-025-PK-025I,0,0,False,,110,True,PreK,135
OPT-PK-025-12,PK-025,PK-025i,Bookcases,,Inventory,Inventory,INV-PK-025-PK-025I,0,0,False,,120,True,PreK,136
OPT-PK-025-13,PK-025,PK-025i,Open cubbies for student belongings,,Inventory,Inventory,INV-PK-025-PK-025I,0,0,False,,130,True,PreK,137
OPT-PK-025-14,PK-025,PK-025i,Bin storage for center-based learning,,Inventory,Inventory,INV-PK-025-PK-025I,0,0,False,,140,True,PreK,138
OPT-PK-025-15,PK-025,PK-025i,None of the above,,Inventory,Inventory,INV-PK-025-PK-025I,0,0,False,,150,True,PreK,139
OPT-PK-026-01,PK-026,PK-026a,"Most furniture can be moved by students or a single teacher (e.g., casters, lightweight pieces)",1,Source,SingleResponse,SR-PK-026-PK-026A,1,1,False,,10,True,PreK,141
OPT-PK-026-02,PK-026,PK-026a,"Some furniture is movable, some is heavy or fixed",0.5,Source,SingleResponse,SR-PK-026-PK-026A,1,1,False,,20,True,PreK,142
OPT-PK-026-03,PK-026,PK-026a,"Most furniture is heavy, fixed, or impractical to move",0,Source,SingleResponse,SR-PK-026-PK-026A,1,1,False,,30,True,PreK,143
OPT-PK-027-01,PK-027,PK-027a,Varied seating is provided for multiple students across multiple areas of the space,1,Source,SingleResponse,SR-PK-027-PK-027A,1,1,False,,10,True,PreK,145
OPT-PK-027-02,PK-027,PK-027a,"Limited varied seating is provided (i.e., a single area or only a few students accommodated at a time)",0.5,Source,SingleResponse,SR-PK-027-PK-027A,1,1,False,,20,True,PreK,146
OPT-PK-027-03,PK-027,PK-027a,No varied seating is provided,0,Source,SingleResponse,SR-PK-027-PK-027A,1,1,False,,30,True,PreK,147
OPT-PK-027-04,PK-027,PK-027a,Unable to assess (note reason),,Exclusion,SingleResponse,SR-PK-027-PK-027A,0,1,True,,40,True,PreK,148
OPT-PK-028-01,PK-028,PK-028a,Good - appears relatively new or has minimal wear,1,Source,SingleResponse,SR-PK-028-PK-028A,1,1,False,,10,True,PreK,150
OPT-PK-028-02,PK-028,PK-028a,"Fair - some furniture is noticeably worn or aging, but all is functional",0.5,Source,SingleResponse,SR-PK-028-PK-028A,1,1,False,,20,True,PreK,151
OPT-PK-028-03,PK-028,PK-028a,"Poor - some or all furniture is significantly worn, damaged, or not usable",0,Source,SingleResponse,SR-PK-028-PK-028A,1,1,False,,30,True,PreK,152
OPT-PK-029-01,PK-029,PK-029a,"Resilient flooring (e.g., vinyl, rubber)",1,Source,SingleResponse,SR-PK-029-PK-029A,1,1,False,,10,True,PreK,154
OPT-PK-029-02,PK-029,PK-029a,Terrazzo,1,Source,SingleResponse,SR-PK-029-PK-029A,1,1,False,,20,True,PreK,155
OPT-PK-029-03,PK-029,PK-029a,Polished concrete,1,Source,SingleResponse,SR-PK-029-PK-029A,1,1,False,,30,True,PreK,156
OPT-PK-029-04,PK-029,PK-029a,"Carpet (i.e., not a loose rug)",1,Source,SingleResponse,SR-PK-029-PK-029A,1,1,False,,40,True,PreK,157
OPT-PK-029-05,PK-029,PK-029a,Unable to assess (note reason),,Exclusion,SingleResponse,SR-PK-029-PK-029A,0,1,True,,50,True,PreK,158
OPT-PK-030-01,PK-030,PK-030i,Yes,,Inventory,Inventory,INV-PK-030-PK-030I,0,0,False,,10,True,PreK,160
OPT-PK-030-02,PK-030,PK-030i,No,,Inventory,Inventory,INV-PK-030-PK-030I,0,0,False,,20,True,PreK,161
OPT-PK-030-03,PK-030,PK-030i,Unable to assess (note reason),,Inventory,Inventory,INV-PK-030-PK-030I,0,0,True,,30,True,PreK,162
OPT-PK-031-01,PK-031,PK-031a,Direct access to a collaboration space,1,Source,SingleResponse,SR-PK-031-PK-031A,1,1,False,,10,True,PreK,164
OPT-PK-031-02,PK-031,PK-031a,Visibility into a collaboration space only,0.5,Source,SingleResponse,SR-PK-031-PK-031A,1,1,False,,20,True,PreK,165
OPT-PK-031-03,PK-031,PK-031a,Neither access nor visibility,0,Source,SingleResponse,SR-PK-031-PK-031A,1,1,False,,30,True,PreK,166
OPT-PK-031-04,PK-031,PK-031a,Unable to assess (note reason),,Exclusion,SingleResponse,SR-PK-031-PK-031A,0,1,True,,40,True,PreK,167
OPT-PK-032-01,PK-032,PK-032a,Direct access to a small group room,1,Source,SingleResponse,SR-PK-032-PK-032A,1,1,False,,10,True,PreK,169
OPT-PK-032-02,PK-032,PK-032a,Visibility into a small group room only,0.5,Source,SingleResponse,SR-PK-032-PK-032A,1,1,False,,20,True,PreK,170
OPT-PK-032-03,PK-032,PK-032a,Neither access nor visibility,0,Source,SingleResponse,SR-PK-032-PK-032A,1,1,False,,30,True,PreK,171
OPT-PK-032-04,PK-032,PK-032a,Unable to assess (note reason),,Exclusion,SingleResponse,SR-PK-032-PK-032A,0,1,True,,40,True,PreK,172
OPT-PK-033-01,PK-033,PK-033a,Direct visibility into open collaboration space,1,Source,SingleResponse,SR-PK-033-PK-033A,1,1,False,,10,True,PreK,174
OPT-PK-033-02,PK-033,PK-033b,Direct visibility into small group room(s),1,Source,SingleResponse,SR-PK-033-PK-033B,1,1,False,,20,True,PreK,175
OPT-PK-033-03,PK-033,PK-033c,None of the above,0,Source,SingleResponse,SR-PK-033-PK-033C,1,1,False,,30,True,PreK,176
OPT-PK-034-01,PK-034,PK-034a,Ensuite restroom with a Dutch door,1,Source,SingleResponse,SR-PK-034-PK-034A,1,1,False,,10,True,PreK,178
OPT-PK-034-02,PK-034,PK-034a,Ensuite restroom without a Dutch door,0.75,Source,SingleResponse,SR-PK-034-PK-034A,1,1,False,,20,True,PreK,179
OPT-PK-034-03,PK-034,PK-034a,Adjacent to the studio with direct visibility,0.5,Source,SingleResponse,SR-PK-034-PK-034A,1,1,False,,30,True,PreK,180
OPT-PK-034-04,PK-034,PK-034a,Adjacent to the studio without direct visibility,0.25,Source,SingleResponse,SR-PK-034-PK-034A,1,1,False,,40,True,PreK,181
OPT-PK-034-05,PK-034,PK-034a,None,0,Source,SingleResponse,SR-PK-034-PK-034A,1,1,False,,50,True,PreK,182
OPT-PK-035-01,PK-035,PK-035a,Yes,1,Source,SingleResponse,SR-PK-035-PK-035A,1,1,False,,10,True,PreK,184
OPT-PK-035-02,PK-035,PK-035a,No,0,Source,SingleResponse,SR-PK-035-PK-035A,1,1,False,,20,True,PreK,185
OPT-PK-035-03,PK-035,PK-035a,Unable to assess (note reason),,Exclusion,SingleResponse,SR-PK-035-PK-035A,0,1,True,,30,True,PreK,186
OPT-PK-036-01,PK-036,PK-036a,Sink,,Inventory,Inventory,INV-PK-036-PK-036A,0,0,False,,10,True,PreK,188
OPT-PK-036-02,PK-036,PK-036b,PA speaker,,Inventory,Inventory,INV-PK-036-PK-036B,0,0,False,,20,True,PreK,189
OPT-PK-036-03,PK-036,PK-036c,Synchronous clock,,Inventory,Inventory,INV-PK-036-PK-036C,0,0,False,,30,True,PreK,190
OPT-PK-036-04,PK-036,PK-036d,Step stools,,Inventory,Inventory,INV-PK-036-PK-036D,0,0,False,,40,True,PreK,191
OPT-PK-036-05,PK-036,PK-036i,Equipment,,Inventory,Inventory,INV-PK-036-PK-036I,0,0,False,,50,True,PreK,192
OPT-PK-036-06,PK-036,PK-036i,Toys,,Inventory,Inventory,INV-PK-036-PK-036I,0,0,False,,60,True,PreK,193
OPT-PK-036-07,PK-036,PK-036e,None of the above,,Inventory,Inventory,INV-PK-036-PK-036E,0,0,False,,70,True,PreK,194
OPT-EC-002-01,EC-002,EC-002a,Yes,1,Source,SingleResponse,SR-EC-002-EC-002A,1,1,False,,10,True,ECSE,7
OPT-EC-002-02,EC-002,EC-002a,No,0,Source,SingleResponse,SR-EC-002-EC-002A,1,1,False,,20,True,ECSE,8
OPT-EC-002-03,EC-002,EC-002a,Unable to assess (note reason),,Exclusion,SingleResponse,SR-EC-002-EC-002A,0,1,True,,30,True,ECSE,9
OPT-EC-003-01,EC-003,EC-003a,Yes,1,Source,SingleResponse,SR-EC-003-EC-003A,1,1,False,,10,True,ECSE,11
OPT-EC-003-02,EC-003,EC-003a,No,0,Source,SingleResponse,SR-EC-003-EC-003A,1,1,False,,20,True,ECSE,12
OPT-EC-003-03,EC-003,EC-003a,Unable to assess (note reason),,Exclusion,SingleResponse,SR-EC-003-EC-003A,0,1,True,,30,True,ECSE,13
OPT-EC-004-01,EC-004,EC-004a,Primary light fixtures are dimmable,1,Source,SingleResponse,SR-EC-004-EC-004A,1,1,False,,10,True,ECSE,15
OPT-EC-004-02,EC-004,EC-004b,Primary light fixtures are LED,1,Source,SingleResponse,SR-EC-004-EC-004B,1,1,False,,20,True,ECSE,16
OPT-EC-004-03,EC-004,EC-004c,None of the above,0,Source,SingleResponse,SR-EC-004-EC-004C,1,1,False,,30,True,ECSE,17
OPT-EC-005-01,EC-005,EC-005a,Good - walls are painted in light colors and accent color is used to reduce monotony,1,Source,SingleResponse,SR-EC-005-EC-005A,1,1,False,,10,True,ECSE,19
OPT-EC-005-02,EC-005,EC-005a,Fair - walls are painted in light colors but no accent color is used,0.5,Source,SingleResponse,SR-EC-005-EC-005A,1,1,False,,20,True,ECSE,20
OPT-EC-005-03,EC-005,EC-005a,Poor - walls are painted in dark or monotonous colors,0,Source,SingleResponse,SR-EC-005-EC-005A,1,1,False,,30,True,ECSE,21
OPT-EC-005-04,EC-005,EC-005a,Unable to assess (note reason),,Exclusion,SingleResponse,SR-EC-005-EC-005A,0,1,True,,40,True,ECSE,22
OPT-EC-006-01,EC-006,EC-006a,Yes,1,Source,SingleResponse,SR-EC-006-EC-006A,1,1,False,,10,True,ECSE,24
OPT-EC-006-02,EC-006,EC-006a,No,0,Source,SingleResponse,SR-EC-006-EC-006A,1,1,False,,20,True,ECSE,25
OPT-EC-006-03,EC-006,EC-006a,Unable to assess (note reason),,Exclusion,SingleResponse,SR-EC-006-EC-006A,0,1,True,,30,True,ECSE,26
OPT-EC-007-01,EC-007,EC-007a,"Yes, and there are views to the exterior",1,Source,SingleResponse,SR-EC-007-EC-007A,1,1,False,,10,True,ECSE,28
OPT-EC-007-02,EC-007,EC-007a,"Yes, but there are no views to the exterior",0.5,Source,SingleResponse,SR-EC-007-EC-007A,1,1,False,,20,True,ECSE,29
OPT-EC-007-03,EC-007,EC-007a,No,0,Source,SingleResponse,SR-EC-007-EC-007A,1,1,False,,30,True,ECSE,30
OPT-EC-007-04,EC-007,EC-007a,Unable to assess (note reason),,Exclusion,SingleResponse,SR-EC-007-EC-007A,0,1,True,,40,True,ECSE,31
OPT-EC-008-01,EC-008,EC-008a,"Access to views of the outdoors (e.g., not solely a view of an exterior wall)",1,Source,SingleResponse,SR-EC-008-EC-008A,1,1,False,,10,True,ECSE,33
OPT-EC-008-02,EC-008,EC-008b,Only clerestory windows are provided,0.5,Source,SingleResponse,SR-EC-008-EC-008B,1,1,False,,20,True,ECSE,34
OPT-EC-008-03,EC-008,EC-008c,None of the above,0,Source,SingleResponse,SR-EC-008-EC-008C,1,1,False,,30,True,ECSE,35
OPT-EC-009-01,EC-009,EC-009a,Roller shades are provided,1,Source,SingleResponse,SR-EC-009-EC-009A,1,1,False,,10,True,ECSE,37
OPT-EC-009-02,EC-009,EC-009a,Mini-blinds are provided,0.5,Source,SingleResponse,SR-EC-009-EC-009A,1,1,False,,20,True,ECSE,38
OPT-EC-009-03,EC-009,EC-009a,Other (please note),,Exclusion,SingleResponse,SR-EC-009-EC-009A,0,1,True,,30,True,ECSE,39
OPT-EC-009-04,EC-009,EC-009a,No window coverings are provided,0,Assumed zero,SingleResponse,SR-EC-009-EC-009A,1,1,False,,40,True,ECSE,40
OPT-EC-009-05,EC-009,EC-009a,Unable to assess (note reason),,Exclusion,SingleResponse,SR-EC-009-EC-009A,0,1,True,,50,True,ECSE,41
OPT-EC-010-01,EC-010,EC-010a,None,0,Source,SingleResponse,SR-EC-010-EC-010A,1,1,False,,10,True,ECSE,43
OPT-EC-010-02,EC-010,EC-010a,<4 linear feet,0.25,Source,SingleResponse,SR-EC-010-EC-010A,1,1,False,,20,True,ECSE,44
OPT-EC-010-03,EC-010,EC-010a,4 to <8 linear feet,0.5,Source,SingleResponse,SR-EC-010-EC-010A,1,1,False,,30,True,ECSE,45
OPT-EC-010-04,EC-010,EC-010a,8 to <12 linear feet,0.75,Source,SingleResponse,SR-EC-010-EC-010A,1,1,False,,40,True,ECSE,46
OPT-EC-010-05,EC-010,EC-010a,12+ linear feet,1,Source,SingleResponse,SR-EC-010-EC-010A,1,1,False,,50,True,ECSE,47
OPT-EC-010-06,EC-010,EC-010a,Unable to assess (note reason),,Exclusion,SingleResponse,SR-EC-010-EC-010A,0,1,True,,60,True,ECSE,48
OPT-EC-011-01,EC-011,EC-011i,Tackstrip,,Inventory,Inventory,INV-EC-011-EC-011I,0,0,False,,10,True,ECSE,50
OPT-EC-011-02,EC-011,EC-011i,Tackboard,,Inventory,Inventory,INV-EC-011-EC-011I,0,0,False,,20,True,ECSE,51
OPT-EC-011-03,EC-011,EC-011i,Tackwall,,Inventory,Inventory,INV-EC-011-EC-011I,0,0,False,,30,True,ECSE,52
OPT-EC-011-04,EC-011,EC-011i,Magnetic markerboard,,Inventory,Inventory,INV-EC-011-EC-011I,0,0,False,,40,True,ECSE,53
OPT-EC-011-05,EC-011,EC-011i,None of the above,,Inventory,Inventory,INV-EC-011-EC-011I,0,0,False,,50,True,ECSE,54
OPT-EC-012-01,EC-012,EC-012a,None,0,Source,SingleResponse,SR-EC-012-EC-012A,1,1,False,,10,True,ECSE,56
OPT-EC-012-02,EC-012,EC-012a,<4 linear feet,0.33,Source,SingleResponse,SR-EC-012-EC-012A,1,1,False,,20,True,ECSE,57
OPT-EC-012-03,EC-012,EC-012a,4 to <8 linear feet,0.66,Source,SingleResponse,SR-EC-012-EC-012A,1,1,False,,30,True,ECSE,58
OPT-EC-012-04,EC-012,EC-012a,8+ linear feet,1,Source,SingleResponse,SR-EC-012-EC-012A,1,1,False,,40,True,ECSE,59
OPT-EC-012-05,EC-012,EC-012a,Unable to assess (note reason),,Exclusion,SingleResponse,SR-EC-012-EC-012A,0,1,True,,50,True,ECSE,60
OPT-EC-013-01,EC-013,EC-013a,None,0,Source,SingleResponse,SR-EC-013-EC-013A,1,1,False,,10,True,ECSE,62
OPT-EC-013-02,EC-013,EC-013a,<10 linear feet,0.5,Source,SingleResponse,SR-EC-013-EC-013A,1,1,False,,20,True,ECSE,63
OPT-EC-013-03,EC-013,EC-013a,10+ linear feet,1,Source,SingleResponse,SR-EC-013-EC-013A,1,1,False,,30,True,ECSE,64
OPT-EC-014-01,EC-014,EC-014a,None,0,Source,SingleResponse,SR-EC-014-EC-014A,1,1,False,,10,True,ECSE,66
OPT-EC-014-02,EC-014,EC-014a,<6 linear feet,0.5,Source,SingleResponse,SR-EC-014-EC-014A,1,1,False,,20,True,ECSE,67
OPT-EC-014-03,EC-014,EC-014a,6+ linear feet,1,Source,SingleResponse,SR-EC-014-EC-014A,1,1,False,,30,True,ECSE,68
OPT-EC-015-01,EC-015,EC-015i,Built-in casework is provided,,Inventory,Inventory,INV-EC-015-EC-015I,0,0,False,,10,True,ECSE,70
OPT-EC-015-02,EC-015,EC-015i,Counter space is provided,,Inventory,Inventory,INV-EC-015-EC-015I,0,0,False,,20,True,ECSE,71
OPT-EC-015-03,EC-015,EC-015i,Ensuite storage closet is provided,,Inventory,Inventory,INV-EC-015-EC-015I,0,0,False,,30,True,ECSE,72
OPT-EC-015-04,EC-015,EC-015i,"Furniture-based storage is provided (i.e., shelving or cabinets)",,Inventory,Inventory,INV-EC-015-EC-015I,0,0,False,,40,True,ECSE,73
OPT-EC-015-05,EC-015,EC-015i,Some or all storage is lockable,,Inventory,Inventory,INV-EC-015-EC-015I,0,0,False,,50,True,ECSE,74
OPT-EC-015-06,EC-015,EC-015i,None of the above,,Inventory,Inventory,INV-EC-015-EC-015I,0,0,False,,60,True,ECSE,75
OPT-EC-016-01,EC-016,EC-016a,Good - storage appears sufficient; the space is organized with little visible clutter,1,Source,SingleResponse,SR-EC-016-EC-016A,1,1,False,,10,True,ECSE,77
OPT-EC-016-02,EC-016,EC-016a,Fair - storage appears mostly sufficient; some clutter or overflow is visible,0.5,Source,SingleResponse,SR-EC-016-EC-016A,1,1,False,,20,True,ECSE,78
OPT-EC-016-03,EC-016,EC-016a,Poor - storage appears insufficient; significant clutter or materials without a home,0,Source,SingleResponse,SR-EC-016-EC-016A,1,1,False,,30,True,ECSE,79
OPT-EC-016-04,EC-016,EC-016a,Unable to assess (note reason),,Exclusion,SingleResponse,SR-EC-016-EC-016A,0,1,True,,40,True,ECSE,80
OPT-EC-017-01,EC-017,EC-017a,Yes,1,Source,SingleResponse,SR-EC-017-EC-017A,1,1,False,,10,True,ECSE,82
OPT-EC-017-02,EC-017,EC-017a,No,0,Source,SingleResponse,SR-EC-017-EC-017A,1,1,False,,20,True,ECSE,83
OPT-EC-017-03,EC-017,EC-017a,Unable to assess (note reason),,Exclusion,SingleResponse,SR-EC-017-EC-017A,0,1,True,,30,True,ECSE,84
OPT-EC-018-01,EC-018,EC-018a,0,0,Source,SingleResponse,SR-EC-018-EC-018A,1,1,False,,10,True,ECSE,86
OPT-EC-018-02,EC-018,EC-018a,1-2,0.25,Source,SingleResponse,SR-EC-018-EC-018A,1,1,False,,20,True,ECSE,87
OPT-EC-018-03,EC-018,EC-018a,3-4,0.5,Source,SingleResponse,SR-EC-018-EC-018A,1,1,False,,30,True,ECSE,88
OPT-EC-018-04,EC-018,EC-018a,5-7,0.75,Source,SingleResponse,SR-EC-018-EC-018A,1,1,False,,40,True,ECSE,89
OPT-EC-018-05,EC-018,EC-018a,8+,1,Source,SingleResponse,SR-EC-018-EC-018A,1,1,False,,50,True,ECSE,90
OPT-EC-019-01,EC-019,EC-019a,0,0,Source,SingleResponse,SR-EC-019-EC-019A,1,1,False,,10,True,ECSE,92
OPT-EC-019-02,EC-019,EC-019a,1,0.25,Source,SingleResponse,SR-EC-019-EC-019A,1,1,False,,20,True,ECSE,93
OPT-EC-019-03,EC-019,EC-019a,2,0.5,Source,SingleResponse,SR-EC-019-EC-019A,1,1,False,,30,True,ECSE,94
OPT-EC-019-04,EC-019,EC-019a,3,0.75,Source,SingleResponse,SR-EC-019-EC-019A,1,1,False,,40,True,ECSE,95
OPT-EC-019-05,EC-019,EC-019a,4,1,Source,SingleResponse,SR-EC-019-EC-019A,1,1,False,,50,True,ECSE,96
OPT-EC-020-01,EC-020,EC-020a,0,0,Source,SingleResponse,SR-EC-020-EC-020A,1,1,False,,10,True,ECSE,98
OPT-EC-020-02,EC-020,EC-020a,1,0.25,Source,SingleResponse,SR-EC-020-EC-020A,1,1,False,,20,True,ECSE,99
OPT-EC-020-03,EC-020,EC-020a,2,0.5,Source,SingleResponse,SR-EC-020-EC-020A,1,1,False,,30,True,ECSE,100
OPT-EC-020-04,EC-020,EC-020a,3,0.75,Source,SingleResponse,SR-EC-020-EC-020A,1,1,False,,40,True,ECSE,101
OPT-EC-020-05,EC-020,EC-020a,4,1,Source,SingleResponse,SR-EC-020-EC-020A,1,1,False,,50,True,ECSE,102
OPT-EC-021-01,EC-021,EC-021a,A thermostat is provided that has adjustable temperature controls,1,Source,SingleResponse,SR-EC-021-EC-021A,1,1,False,,10,True,ECSE,104
OPT-EC-021-02,EC-021,EC-021a,A thermostat is provided that does not have adjustable temperature controls,0.5,Source,SingleResponse,SR-EC-021-EC-021A,1,1,False,,20,True,ECSE,105
OPT-EC-021-03,EC-021,EC-021a,Only a temperature sensor is provided,0.5,Source,SingleResponse,SR-EC-021-EC-021A,1,1,False,,30,True,ECSE,106
OPT-EC-021-04,EC-021,EC-021a,No thermostat or sensor is present in the space,0,Source,SingleResponse,SR-EC-021-EC-021A,1,1,False,,40,True,ECSE,107
OPT-EC-022-01,EC-022,EC-022a,Full-height interior window,,Inventory,Inventory,INV-EC-022-EC-022A,0,0,False,,10,True,ECSE,109
OPT-EC-022-02,EC-022,EC-022b,Half-height interior window,,Inventory,Inventory,INV-EC-022-EC-022B,0,0,False,,20,True,ECSE,110
OPT-EC-022-03,EC-022,EC-022c,Sidelight,,Inventory,Inventory,INV-EC-022-EC-022C,0,0,False,,30,True,ECSE,111
OPT-EC-022-04,EC-022,EC-022d,"Door panel (i.e., glass panel in the door)",,Inventory,Inventory,INV-EC-022-EC-022D,0,0,False,,40,True,ECSE,112
OPT-EC-022-05,EC-022,EC-022e,None of the above,,Inventory,Inventory,INV-EC-022-EC-022E,0,0,False,,50,True,ECSE,113
OPT-EC-023-01,EC-023,EC-023i,Less than half,,Inventory,Inventory,INV-EC-023-EC-023I,0,0,False,,10,True,ECSE,115
OPT-EC-023-02,EC-023,EC-023i,About half,,Inventory,Inventory,INV-EC-023-EC-023I,0,0,False,,20,True,ECSE,116
OPT-EC-023-03,EC-023,EC-023i,Most of the wall,,Inventory,Inventory,INV-EC-023-EC-023I,0,0,False,,30,True,ECSE,117
OPT-EC-024-01,EC-024,EC-024a,Interior windows and doors with glass can be covered with a single movement,1,Source,SingleResponse,SR-EC-024-EC-024A,1,1,False,,10,True,ECSE,119
OPT-EC-024-02,EC-024,EC-024b,Exterior windows and doors with glass can be covered with a single movement,1,Source,SingleResponse,SR-EC-024-EC-024B,1,1,False,,20,True,ECSE,120
OPT-EC-024-03,EC-024,EC-024c,There is an area large enough for a full class to easily get out of sight to shelter-in-place (without needing to cover windows or doors with glass),1,Source,SingleResponse,SR-EC-024-EC-024C,1,1,False,,30,True,ECSE,121
OPT-EC-024-04,EC-024,EC-024d,Interior door hardware is lockable from inside the space with a push button or thumb turn lock,1,Source,SingleResponse,SR-EC-024-EC-024D,1,1,False,,40,True,ECSE,122
OPT-EC-024-05,EC-024,EC-024e,None of the above,0,Source,SingleResponse,SR-EC-024-EC-024E,1,1,False,,50,True,ECSE,123
OPT-EC-025-01,EC-025,EC-025i,Individual student desks,,Inventory,Inventory,INV-EC-025-EC-025I,0,0,False,,10,True,ECSE,125
OPT-EC-025-02,EC-025,EC-025i,Chair-height student tables,,Inventory,Inventory,INV-EC-025-EC-025I,0,0,False,,20,True,ECSE,126
OPT-EC-025-03,EC-025,EC-025i,"Floor-height student tables (i.e., low tables for floor seating)",,Inventory,Inventory,INV-EC-025-EC-025I,0,0,False,,30,True,ECSE,127
OPT-EC-025-04,EC-025,EC-025i,Standing-height student desks/tables/worksurfaces,,Inventory,Inventory,INV-EC-025-EC-025I,0,0,False,,40,True,ECSE,128
OPT-EC-025-05,EC-025,EC-025i,"Student desks with attached chair (i.e., combo units)",,Inventory,Inventory,INV-EC-025-EC-025I,0,0,False,,50,True,ECSE,129
OPT-EC-025-06,EC-025,EC-025i,"Hard seating (e.g., standard chairs, stools)",,Inventory,Inventory,INV-EC-025-EC-025I,0,0,False,,60,True,ECSE,130
OPT-EC-025-07,EC-025,EC-025i,"Active seating (e.g., wobble stools, rockers)",,Inventory,Inventory,INV-EC-025-EC-025I,0,0,False,,70,True,ECSE,131
OPT-EC-025-08,EC-025,EC-025i,"Soft seating (e.g., bean bags, floor cushions)",,Inventory,Inventory,INV-EC-025-EC-025I,0,0,False,,80,True,ECSE,132
OPT-EC-025-09,EC-025,EC-025i,"One or more mobile writing surfaces (i.e., mobile markerboards)",,Inventory,Inventory,INV-EC-025-EC-025I,0,0,False,,90,True,ECSE,133
OPT-EC-025-10,EC-025,EC-025i,One or more mobile tackboards,,Inventory,Inventory,INV-EC-025-EC-025I,0,0,False,,100,True,ECSE,134
OPT-EC-025-11,EC-025,EC-025i,One or more mobile monitors,,Inventory,Inventory,INV-EC-025-EC-025I,0,0,False,,110,True,ECSE,135
OPT-EC-025-12,EC-025,EC-025i,None of the above,,Inventory,Inventory,INV-EC-025-EC-025I,0,0,False,,120,True,ECSE,136
OPT-EC-026-01,EC-026,EC-026a,"Most furniture can be moved by students or a single teacher (e.g., casters, lightweight pieces)",1,Source,SingleResponse,SR-EC-026-EC-026A,1,1,False,,10,True,ECSE,138
OPT-EC-026-02,EC-026,EC-026a,"Some furniture is movable, some is heavy or fixed",0.5,Source,SingleResponse,SR-EC-026-EC-026A,1,1,False,,20,True,ECSE,139
OPT-EC-026-03,EC-026,EC-026a,"Most furniture is heavy, fixed, or impractical to move",0,Source,SingleResponse,SR-EC-026-EC-026A,1,1,False,,30,True,ECSE,140
OPT-EC-027-01,EC-027,EC-027a,Varied seating is provided for multiple students across multiple areas of the space,1,Source,SingleResponse,SR-EC-027-EC-027A,1,1,False,,10,True,ECSE,142
OPT-EC-027-02,EC-027,EC-027a,"Limited varied seating is provided (i.e., a single area or only a few students accommodated at a time)",0.5,Source,SingleResponse,SR-EC-027-EC-027A,1,1,False,,20,True,ECSE,143
OPT-EC-027-03,EC-027,EC-027a,No varied seating is provided,0,Source,SingleResponse,SR-EC-027-EC-027A,1,1,False,,30,True,ECSE,144
OPT-EC-027-04,EC-027,EC-027a,Unable to assess (note reason),,Exclusion,SingleResponse,SR-EC-027-EC-027A,0,1,True,,40,True,ECSE,145
OPT-EC-028-01,EC-028,EC-028a,Good - appears relatively new or has minimal wear,1,Source,SingleResponse,SR-EC-028-EC-028A,1,1,False,,10,True,ECSE,147
OPT-EC-028-02,EC-028,EC-028a,"Fair - some furniture is noticeably worn or aging, but all is functional",0.5,Source,SingleResponse,SR-EC-028-EC-028A,1,1,False,,20,True,ECSE,148
OPT-EC-028-03,EC-028,EC-028a,"Poor - some or all furniture is significantly worn, damaged, or not usable",0,Source,SingleResponse,SR-EC-028-EC-028A,1,1,False,,30,True,ECSE,149
OPT-EC-029-01,EC-029,EC-029a,"Resilient flooring (e.g., vinyl, rubber)",1,Source,SingleResponse,SR-EC-029-EC-029A,1,1,False,,10,True,ECSE,151
OPT-EC-029-02,EC-029,EC-029a,Polished concrete,0,Source,SingleResponse,SR-EC-029-EC-029A,1,1,False,,20,True,ECSE,152
OPT-EC-029-03,EC-029,EC-029a,"Carpet (i.e., not a loose rug)",0,Source,SingleResponse,SR-EC-029-EC-029A,1,1,False,,30,True,ECSE,153
OPT-EC-029-04,EC-029,EC-029a,Unable to assess (note reason),,Exclusion,SingleResponse,SR-EC-029-EC-029A,0,1,True,,40,True,ECSE,154
OPT-EC-030-01,EC-030,EC-030a,Direct access to a collaboration space,1,Source,SingleResponse,SR-EC-030-EC-030A,1,1,False,,10,True,ECSE,156
OPT-EC-030-02,EC-030,EC-030a,Visibility into a collaboration space only,0.5,Source,SingleResponse,SR-EC-030-EC-030A,1,1,False,,20,True,ECSE,157
OPT-EC-030-03,EC-030,EC-030a,Neither access nor visibility,0,Source,SingleResponse,SR-EC-030-EC-030A,1,1,False,,30,True,ECSE,158
OPT-EC-030-04,EC-030,EC-030a,Unable to assess (note reason),,Exclusion,SingleResponse,SR-EC-030-EC-030A,0,1,True,,40,True,ECSE,159
OPT-EC-031-01,EC-031,EC-031a,Direct access to a small group room,1,Source,SingleResponse,SR-EC-031-EC-031A,1,1,False,,10,True,ECSE,161
OPT-EC-031-02,EC-031,EC-031a,Visibility into a small group room only,0.5,Source,SingleResponse,SR-EC-031-EC-031A,1,1,False,,20,True,ECSE,162
OPT-EC-031-03,EC-031,EC-031a,Neither access nor visibility,0,Source,SingleResponse,SR-EC-031-EC-031A,1,1,False,,30,True,ECSE,163
OPT-EC-031-04,EC-031,EC-031a,Unable to assess (note reason),,Exclusion,SingleResponse,SR-EC-031-EC-031A,0,1,True,,40,True,ECSE,164
OPT-EC-032-01,EC-032,EC-032a,Direct visibility into open collaboration space,1,Source,SingleResponse,SR-EC-032-EC-032A,1,1,False,,10,True,ECSE,166
OPT-EC-032-02,EC-032,EC-032b,Direct visibility into small group room(s),1,Source,SingleResponse,SR-EC-032-EC-032B,1,1,False,,20,True,ECSE,167
OPT-EC-032-03,EC-032,EC-032c,None of the above,0,Source,SingleResponse,SR-EC-032-EC-032C,1,1,False,,30,True,ECSE,168
OPT-EC-033-01,EC-033,EC-033a,Yes,1,Source,SingleResponse,SR-EC-033-EC-033A,1,1,False,,10,True,ECSE,170
OPT-EC-033-02,EC-033,EC-033a,No,0,Source,SingleResponse,SR-EC-033-EC-033A,1,1,False,,20,True,ECSE,171
OPT-EC-033-03,EC-033,EC-033a,Unable to assess (note reason),,Exclusion,SingleResponse,SR-EC-033-EC-033A,0,1,True,,30,True,ECSE,172
OPT-EC-034-01,EC-034,EC-034a,Ensuite restroom with a Dutch door,1,Source,SingleResponse,SR-EC-034-EC-034A,1,1,False,,10,True,ECSE,174
OPT-EC-034-02,EC-034,EC-034a,Ensuite restroom without a Dutch door,0.75,Source,SingleResponse,SR-EC-034-EC-034A,1,1,False,,20,True,ECSE,175
OPT-EC-034-03,EC-034,EC-034a,Adjacent to the studio with direct visibility,0.5,Source,SingleResponse,SR-EC-034-EC-034A,1,1,False,,30,True,ECSE,176
OPT-EC-034-04,EC-034,EC-034a,Adjacent to the studio without direct visibility,0.25,Source,SingleResponse,SR-EC-034-EC-034A,1,1,False,,40,True,ECSE,177
OPT-EC-034-05,EC-034,EC-034a,None,0,Source,SingleResponse,SR-EC-034-EC-034A,1,1,False,,50,True,ECSE,178
OPT-EC-035-01,EC-035,EC-035a,Yes,1,Source,SingleResponse,SR-EC-035-EC-035A,1,1,False,,10,True,ECSE,180
OPT-EC-035-02,EC-035,EC-035a,No,0,Source,SingleResponse,SR-EC-035-EC-035A,1,1,False,,20,True,ECSE,181
OPT-EC-035-03,EC-035,EC-035a,Unable to assess (note reason),,Exclusion,SingleResponse,SR-EC-035-EC-035A,0,1,True,,30,True,ECSE,182
OPT-EC-036-01,EC-036,EC-036a,Yes,1,Source,SingleResponse,SR-EC-036-EC-036A,1,1,False,,10,True,ECSE,184
OPT-EC-036-02,EC-036,EC-036a,No,0,Source,SingleResponse,SR-EC-036-EC-036A,1,1,False,,20,True,ECSE,185
OPT-EC-036-03,EC-036,EC-036a,Unable to assess (note reason),,Exclusion,SingleResponse,SR-EC-036-EC-036A,0,1,True,,30,True,ECSE,186
OPT-EC-037-01,EC-037,EC-037a,Sink,1,Source,SingleResponse,SR-EC-037-EC-037A,1,1,False,,10,True,ECSE,188
OPT-EC-037-02,EC-037,EC-037b,Refrigerator,1,Source,SingleResponse,SR-EC-037-EC-037B,1,1,False,,20,True,ECSE,189
OPT-EC-037-03,EC-037,EC-037c,None of the above,0,Source,SingleResponse,SR-EC-037-EC-037C,1,1,False,,30,True,ECSE,190
OPT-EC-038-01,EC-038,EC-038i,Laptop storage or charging cart,,Inventory,Inventory,INV-EC-038-EC-038I,0,0,False,,10,True,ECSE,192
OPT-EC-038-02,EC-038,EC-038i,PA speaker,,Inventory,Inventory,INV-EC-038-EC-038I,0,0,False,,20,True,ECSE,193
OPT-EC-038-03,EC-038,EC-038i,Synchronous clock,,Inventory,Inventory,INV-EC-038-EC-038I,0,0,False,,30,True,ECSE,194
OPT-EC-038-04,EC-038,EC-038i,None of the above,,Inventory,Inventory,INV-EC-038-EC-038I,0,0,False,,40,True,ECSE,195
OPT-MS-003-01,MS-003,MS-003a,Yes,1,Source,SingleResponse,SR-MS-003-MS-003A,1,1,False,,10,True,Maker Space,17
OPT-MS-003-02,MS-003,MS-003a,No,0,Source,SingleResponse,SR-MS-003-MS-003A,1,1,False,,20,True,Maker Space,18
OPT-MS-003-03,MS-003,MS-003a,Unable to assess (note reason),,Exclusion,SingleResponse,SR-MS-003-MS-003A,0,1,True,,30,True,Maker Space,19
OPT-MS-004-01,MS-004,MS-004a,Primary light fixtures are dimmable,1,Source,SingleResponse,SR-MS-004-MS-004A,1,1,False,,10,True,Maker Space,21
OPT-MS-004-02,MS-004,MS-004b,Primary light fixtures are LED,1,Source,SingleResponse,SR-MS-004-MS-004B,1,1,False,,20,True,Maker Space,22
OPT-MS-004-03,MS-004,MS-004c,None of the above,0,Source,SingleResponse,SR-MS-004-MS-004C,1,1,False,,30,True,Maker Space,23
OPT-MS-005-01,MS-005,MS-005a,Good - walls are painted in light colors and accent color is used to reduce monotony,1,Source,SingleResponse,SR-MS-005-MS-005A,1,1,False,,10,True,Maker Space,25
OPT-MS-005-02,MS-005,MS-005a,Fair - walls are painted in light colors but no accent color is used,0.5,Source,SingleResponse,SR-MS-005-MS-005A,1,1,False,,20,True,Maker Space,26
OPT-MS-005-03,MS-005,MS-005a,Poor - walls are painted in dark or monotonous colors,0,Source,SingleResponse,SR-MS-005-MS-005A,1,1,False,,30,True,Maker Space,27
OPT-MS-005-04,MS-005,MS-005a,Unable to assess (note reason),,Exclusion,SingleResponse,SR-MS-005-MS-005A,0,1,True,,40,True,Maker Space,28
OPT-MS-006-01,MS-006,MS-006a,Yes,1,Source,SingleResponse,SR-MS-006-MS-006A,1,1,False,,10,True,Maker Space,30
OPT-MS-006-02,MS-006,MS-006a,No,0,Source,SingleResponse,SR-MS-006-MS-006A,1,1,False,,20,True,Maker Space,31
OPT-MS-006-03,MS-006,MS-006a,Unable to assess (note reason),,Exclusion,SingleResponse,SR-MS-006-MS-006A,0,1,True,,30,True,Maker Space,32
OPT-MS-007-01,MS-007,MS-007a,"Yes, and there are views to the exterior",1,Source,SingleResponse,SR-MS-007-MS-007A,1,1,False,,10,True,Maker Space,34
OPT-MS-007-02,MS-007,MS-007a,"Yes, but there are no views to the exterior",0.5,Source,SingleResponse,SR-MS-007-MS-007A,1,1,False,,20,True,Maker Space,35
OPT-MS-007-03,MS-007,MS-007a,No,0,Source,SingleResponse,SR-MS-007-MS-007A,1,1,False,,30,True,Maker Space,36
OPT-MS-007-04,MS-007,MS-007a,Unable to assess (note reason),,Exclusion,SingleResponse,SR-MS-007-MS-007A,0,1,True,,40,True,Maker Space,37
OPT-MS-008-01,MS-008,MS-008a,"Access to views of the outdoors (e.g., not solely a view of an exterior wall)",1,Source,SingleResponse,SR-MS-008-MS-008A,1,1,False,,10,True,Maker Space,39
OPT-MS-008-02,MS-008,MS-008b,Only clerestory windows are provided,0.5,Source,SingleResponse,SR-MS-008-MS-008B,1,1,False,,20,True,Maker Space,40
OPT-MS-008-03,MS-008,MS-008c,None of the above,0,Source,SingleResponse,SR-MS-008-MS-008C,1,1,False,,30,True,Maker Space,41
OPT-MS-009-01,MS-009,MS-009a,Roller shades are provided,1,Source,SingleResponse,SR-MS-009-MS-009A,1,1,False,,10,True,Maker Space,43
OPT-MS-009-02,MS-009,MS-009a,Mini-blinds are provided,0.5,Source,SingleResponse,SR-MS-009-MS-009A,1,1,False,,20,True,Maker Space,44
OPT-MS-009-03,MS-009,MS-009a,Other (please note),0,Source,SingleResponse,SR-MS-009-MS-009A,1,1,False,,30,True,Maker Space,45
OPT-MS-009-04,MS-009,MS-009a,No window coverings are provided,0,Source,SingleResponse,SR-MS-009-MS-009A,1,1,False,,40,True,Maker Space,46
OPT-MS-009-05,MS-009,MS-009a,Unable to assess (note reason),,Exclusion,SingleResponse,SR-MS-009-MS-009A,0,1,True,,50,True,Maker Space,47
OPT-MS-010-01,MS-010,MS-010a,None,0,Source,SingleResponse,SR-MS-010-MS-010A,1,1,False,,10,True,Maker Space,49
OPT-MS-010-02,MS-010,MS-010a,<4 linear feet,0.25,Source,SingleResponse,SR-MS-010-MS-010A,1,1,False,,20,True,Maker Space,50
OPT-MS-010-03,MS-010,MS-010a,4 to <8 linear feet,0.5,Source,SingleResponse,SR-MS-010-MS-010A,1,1,False,,30,True,Maker Space,51
OPT-MS-010-04,MS-010,MS-010a,12+ linear feet,1,Source,SingleResponse,SR-MS-010-MS-010A,1,1,False,,40,True,Maker Space,52
OPT-MS-010-05,MS-010,MS-010a,Unable to assess (note reason),,Exclusion,SingleResponse,SR-MS-010-MS-010A,0,1,True,,50,True,Maker Space,53
OPT-MS-011-01,MS-011,MS-011a,None,0,Source,SingleResponse,SR-MS-011-MS-011A,1,1,False,,10,True,Maker Space,55
OPT-MS-011-02,MS-011,MS-011a,<4 linear feet,0.2,Source,SingleResponse,SR-MS-011-MS-011A,1,1,False,,20,True,Maker Space,56
OPT-MS-011-03,MS-011,MS-011a,4 to <8 linear feet,0.4,Source,SingleResponse,SR-MS-011-MS-011A,1,1,False,,30,True,Maker Space,57
OPT-MS-011-04,MS-011,MS-011a,8 to <12 linear feet,0.6,Source,SingleResponse,SR-MS-011-MS-011A,1,1,False,,40,True,Maker Space,58
OPT-MS-011-05,MS-011,MS-011a,12 to <16 linear feet,0.8,Source,SingleResponse,SR-MS-011-MS-011A,1,1,False,,50,True,Maker Space,59
OPT-MS-011-06,MS-011,MS-011a,16+ linear feet,1,Source,SingleResponse,SR-MS-011-MS-011A,1,1,False,,60,True,Maker Space,60
OPT-MS-011-07,MS-011,MS-011a,Unable to assess (note reason),,Exclusion,SingleResponse,SR-MS-011-MS-011A,0,1,True,,70,True,Maker Space,61
OPT-MS-012-01,MS-012,MS-012i,Tackstrip,,Inventory,Inventory,INV-MS-012-MS-012I,0,0,False,,10,True,Maker Space,63
OPT-MS-012-02,MS-012,MS-012i,Tackboard,,Inventory,Inventory,INV-MS-012-MS-012I,0,0,False,,20,True,Maker Space,64
OPT-MS-012-03,MS-012,MS-012i,Tackwall,,Inventory,Inventory,INV-MS-012-MS-012I,0,0,False,,30,True,Maker Space,65
OPT-MS-012-04,MS-012,MS-012i,Magnetic markerboard,,Inventory,Inventory,INV-MS-012-MS-012I,0,0,False,,40,True,Maker Space,66
OPT-MS-012-05,MS-012,MS-012i,None of the above,,Inventory,Inventory,INV-MS-012-MS-012I,0,0,False,,50,True,Maker Space,67
OPT-MS-013-01,MS-013,MS-013a,None,0,Source,SingleResponse,SR-MS-013-MS-013A,1,1,False,,10,True,Maker Space,69
OPT-MS-013-02,MS-013,MS-013a,<4 linear feet,0.33,Source,SingleResponse,SR-MS-013-MS-013A,1,1,False,,20,True,Maker Space,70
OPT-MS-013-03,MS-013,MS-013a,4 to <8 linear feet,0.66,Source,SingleResponse,SR-MS-013-MS-013A,1,1,False,,30,True,Maker Space,71
OPT-MS-013-04,MS-013,MS-013a,8+ linear feet,1,Source,SingleResponse,SR-MS-013-MS-013A,1,1,False,,40,True,Maker Space,72
OPT-MS-013-05,MS-013,MS-013a,Unable to assess (note reason),,Exclusion,SingleResponse,SR-MS-013-MS-013A,0,1,True,,50,True,Maker Space,73
OPT-MS-014-01,MS-014,MS-014a,None,0,Source,SingleResponse,SR-MS-014-MS-014A,1,1,False,,10,True,Maker Space,75
OPT-MS-014-02,MS-014,MS-014a,<10 linear feet,0.5,Source,SingleResponse,SR-MS-014-MS-014A,1,1,False,,20,True,Maker Space,76
OPT-MS-014-03,MS-014,MS-014a,10+ linear feet,1,Source,SingleResponse,SR-MS-014-MS-014A,1,1,False,,30,True,Maker Space,77
OPT-MS-015-01,MS-015,MS-015a,None,0,Source,SingleResponse,SR-MS-015-MS-015A,1,1,False,,10,True,Maker Space,79
OPT-MS-015-02,MS-015,MS-015a,<6 linear feet,0.5,Source,SingleResponse,SR-MS-015-MS-015A,1,1,False,,20,True,Maker Space,80
OPT-MS-015-03,MS-015,MS-015a,6+ linear feet,1,Source,SingleResponse,SR-MS-015-MS-015A,1,1,False,,30,True,Maker Space,81
OPT-MS-016-01,MS-016,MS-016a,None,0,Source,SingleResponse,SR-MS-016-MS-016A,1,1,False,,10,True,Maker Space,83
OPT-MS-016-02,MS-016,MS-016a,<8 linear feet,0.5,Source,SingleResponse,SR-MS-016-MS-016A,1,1,False,,20,True,Maker Space,84
OPT-MS-016-03,MS-016,MS-016a,8+ linear feet,1,Source,SingleResponse,SR-MS-016-MS-016A,1,1,False,,30,True,Maker Space,85
OPT-MS-017-01,MS-017,MS-017a,Built-in casework is provided,1,Source,SingleResponse,SR-MS-017-MS-017A,1,1,False,,10,True,Maker Space,87
OPT-MS-017-02,MS-017,MS-017i,Counter space is provided,,Inventory,Inventory,INV-MS-017-MS-017I,0,0,False,,20,True,Maker Space,88
OPT-MS-017-03,MS-017,MS-017i,Ensuite storage closet is provided,,Inventory,Inventory,INV-MS-017-MS-017I,0,0,False,,30,True,Maker Space,89
OPT-MS-017-04,MS-017,MS-017b,"Furniture-based storage is provided (i.e., shelving or cabinets)",1,Source,SingleResponse,SR-MS-017-MS-017B,1,1,False,,40,True,Maker Space,90
OPT-MS-017-05,MS-017,MS-017c,Storage on wheels,1,Source,SingleResponse,SR-MS-017-MS-017C,1,1,False,,50,True,Maker Space,91
OPT-MS-017-06,MS-017,MS-017i,Some or all storage is lockable,,Inventory,Inventory,INV-MS-017-MS-017I,0,0,False,,60,True,Maker Space,92
OPT-MS-017-07,MS-017,MS-017d,Pegboard or equivelent storage for equipment and tools,1,Source,SingleResponse,SR-MS-017-MS-017D,1,1,False,,70,True,Maker Space,93
OPT-MS-017-08,MS-017,MS-017e,None of the above,0,Source,SingleResponse,SR-MS-017-MS-017E,1,1,False,,80,True,Maker Space,94
OPT-MS-018-01,MS-018,MS-018a,Good - storage appears sufficient; the space is organized with little visible clutter,1,Source,SingleResponse,SR-MS-018-MS-018A,1,1,False,,10,True,Maker Space,96
OPT-MS-018-02,MS-018,MS-018a,Fair - storage appears mostly sufficient; some clutter or overflow is visible,0.5,Source,SingleResponse,SR-MS-018-MS-018A,1,1,False,,20,True,Maker Space,97
OPT-MS-018-03,MS-018,MS-018a,Poor - storage appears insufficient; significant clutter or materials without a home,0,Source,SingleResponse,SR-MS-018-MS-018A,1,1,False,,30,True,Maker Space,98
OPT-MS-018-04,MS-018,MS-018a,Unable to assess (note reason),,Exclusion,SingleResponse,SR-MS-018-MS-018A,0,1,True,,40,True,Maker Space,99
OPT-MS-019-01,MS-019,MS-019a,0,0,Source,SingleResponse,SR-MS-019-MS-019A,1,1,False,,10,True,Maker Space,101
OPT-MS-019-02,MS-019,MS-019a,1-2,0.25,Source,SingleResponse,SR-MS-019-MS-019A,1,1,False,,20,True,Maker Space,102
OPT-MS-019-03,MS-019,MS-019a,3-4,0.5,Source,SingleResponse,SR-MS-019-MS-019A,1,1,False,,30,True,Maker Space,103
OPT-MS-019-04,MS-019,MS-019a,5-7,0.75,Source,SingleResponse,SR-MS-019-MS-019A,1,1,False,,40,True,Maker Space,104
OPT-MS-019-05,MS-019,MS-019a,8+,1,Source,SingleResponse,SR-MS-019-MS-019A,1,1,False,,50,True,Maker Space,105
OPT-MS-020-01,MS-020,MS-020a,0,0,Source,SingleResponse,SR-MS-020-MS-020A,1,1,False,,10,True,Maker Space,107
OPT-MS-020-02,MS-020,MS-020a,1,0.25,Source,SingleResponse,SR-MS-020-MS-020A,1,1,False,,20,True,Maker Space,108
OPT-MS-020-03,MS-020,MS-020a,2,0.5,Source,SingleResponse,SR-MS-020-MS-020A,1,1,False,,30,True,Maker Space,109
OPT-MS-020-04,MS-020,MS-020a,3,0.75,Source,SingleResponse,SR-MS-020-MS-020A,1,1,False,,40,True,Maker Space,110
OPT-MS-020-05,MS-020,MS-020a,4,1,Source,SingleResponse,SR-MS-020-MS-020A,1,1,False,,50,True,Maker Space,111
OPT-MS-021-01,MS-021,MS-021a,0,0,Assumed zero,SingleResponse,SR-MS-021-MS-021A,1,1,False,,10,True,Maker Space,113
OPT-MS-021-02,MS-021,MS-021a,1,0.25,Source,SingleResponse,SR-MS-021-MS-021A,1,1,False,,20,True,Maker Space,114
OPT-MS-021-03,MS-021,MS-021a,2,0.5,Source,SingleResponse,SR-MS-021-MS-021A,1,1,False,,30,True,Maker Space,115
OPT-MS-021-04,MS-021,MS-021a,3,0.75,Source,SingleResponse,SR-MS-021-MS-021A,1,1,False,,40,True,Maker Space,116
OPT-MS-021-05,MS-021,MS-021a,4,1,Source,SingleResponse,SR-MS-021-MS-021A,1,1,False,,50,True,Maker Space,117
OPT-MS-022-01,MS-022,MS-022a,A thermostat is provided that has adjustable temperature controls,1,Source,SingleResponse,SR-MS-022-MS-022A,1,1,False,,10,True,Maker Space,119
OPT-MS-022-02,MS-022,MS-022a,A thermostat is provided that does not have adjustable temperature controls,0.5,Source,SingleResponse,SR-MS-022-MS-022A,1,1,False,,20,True,Maker Space,120
OPT-MS-022-03,MS-022,MS-022a,Only a temperature sensor is provided,0.5,Source,SingleResponse,SR-MS-022-MS-022A,1,1,False,,30,True,Maker Space,121
OPT-MS-022-04,MS-022,MS-022a,No thermostat or sensor is present in the space,0,Source,SingleResponse,SR-MS-022-MS-022A,1,1,False,,40,True,Maker Space,122
OPT-MS-023-01,MS-023,MS-023a,Full-height interior window,,Inventory,Inventory,INV-MS-023-MS-023A,0,0,False,,10,True,Maker Space,124
OPT-MS-023-02,MS-023,MS-023b,Half-height interior window,,Inventory,Inventory,INV-MS-023-MS-023B,0,0,False,,20,True,Maker Space,125
OPT-MS-023-03,MS-023,MS-023c,Sidelight,,Inventory,Inventory,INV-MS-023-MS-023C,0,0,False,,30,True,Maker Space,126
OPT-MS-023-04,MS-023,MS-023d,"Door panel (i.e., glass panel in the door)",,Inventory,Inventory,INV-MS-023-MS-023D,0,0,False,,40,True,Maker Space,127
OPT-MS-023-05,MS-023,MS-023e,None of the above,,Inventory,Inventory,INV-MS-023-MS-023E,0,0,False,,50,True,Maker Space,128
OPT-MS-024-01,MS-024,MS-024i,Less than half,,Inventory,Inventory,INV-MS-024-MS-024I,0,0,False,,10,True,Maker Space,130
OPT-MS-024-02,MS-024,MS-024i,About half,,Inventory,Inventory,INV-MS-024-MS-024I,0,0,False,,20,True,Maker Space,131
OPT-MS-024-03,MS-024,MS-024i,Most of the wall,,Inventory,Inventory,INV-MS-024-MS-024I,0,0,False,,30,True,Maker Space,132
OPT-MS-025-01,MS-025,MS-025a,Interior windows and doors with glass can be covered with a single movement,1,Source,SingleResponse,SR-MS-025-MS-025A,1,1,False,,10,True,Maker Space,134
OPT-MS-025-02,MS-025,MS-025b,Exterior windows and doors with glass can be covered with a single movement,1,Source,SingleResponse,SR-MS-025-MS-025B,1,1,False,,20,True,Maker Space,135
OPT-MS-025-03,MS-025,MS-025c,There is an area large enough for a full class to easily get out of sight to shelter-in-place (without needing to cover windows or doors with glass),1,Source,SingleResponse,SR-MS-025-MS-025C,1,1,False,,30,True,Maker Space,136
OPT-MS-025-04,MS-025,MS-025d,Interior door hardware is lockable from inside the space with a push button or thumb turn lock,1,Source,SingleResponse,SR-MS-025-MS-025D,1,1,False,,40,True,Maker Space,137
OPT-MS-025-05,MS-025,MS-025e,None of the above,0,Source,SingleResponse,SR-MS-025-MS-025E,1,1,False,,50,True,Maker Space,138
OPT-MS-026-01,MS-026,MS-026i,Individual student desks,,Inventory,Inventory,INV-MS-026-MS-026I,0,0,False,,10,True,Maker Space,140
OPT-MS-026-02,MS-026,MS-026i,Chair-height student tables,,Inventory,Inventory,INV-MS-026-MS-026I,0,0,False,,20,True,Maker Space,141
OPT-MS-026-03,MS-026,MS-026i,"Floor-height student tables (i.e., low tables for floor seating)",,Inventory,Inventory,INV-MS-026-MS-026I,0,0,False,,30,True,Maker Space,142
OPT-MS-026-04,MS-026,MS-026i,Standing-height student desks/tables/worksurfaces,,Inventory,Inventory,INV-MS-026-MS-026I,0,0,False,,40,True,Maker Space,143
OPT-MS-026-05,MS-026,MS-026i,"Student desks with attached chair (i.e., combo units)",,Inventory,Inventory,INV-MS-026-MS-026I,0,0,False,,50,True,Maker Space,144
OPT-MS-026-06,MS-026,MS-026i,"Hard seating (e.g., standard chairs, stools)",,Inventory,Inventory,INV-MS-026-MS-026I,0,0,False,,60,True,Maker Space,145
OPT-MS-026-07,MS-026,MS-026i,"Active seating (e.g., wobble stools, rockers)",,Inventory,Inventory,INV-MS-026-MS-026I,0,0,False,,70,True,Maker Space,146
OPT-MS-026-08,MS-026,MS-026i,"Soft seating (e.g., bean bags, floor cushions)",,Inventory,Inventory,INV-MS-026-MS-026I,0,0,False,,80,True,Maker Space,147
OPT-MS-026-09,MS-026,MS-026i,"One or more mobile writing surfaces (i.e., mobile markerboards)",,Inventory,Inventory,INV-MS-026-MS-026I,0,0,False,,90,True,Maker Space,148
OPT-MS-026-10,MS-026,MS-026i,One or more mobile tackboards,,Inventory,Inventory,INV-MS-026-MS-026I,0,0,False,,100,True,Maker Space,149
OPT-MS-026-11,MS-026,MS-026i,One or more mobile monitors,,Inventory,Inventory,INV-MS-026-MS-026I,0,0,False,,110,True,Maker Space,150
OPT-MS-026-12,MS-026,MS-026i,None of the above,,Inventory,Inventory,INV-MS-026-MS-026I,0,0,False,,120,True,Maker Space,151
OPT-MS-027-01,MS-027,MS-027a,"Most furniture can be moved by students or a single teacher (e.g., casters, lightweight pieces)",1,Source,SingleResponse,SR-MS-027-MS-027A,1,1,False,,10,True,Maker Space,153
OPT-MS-027-02,MS-027,MS-027a,"Some furniture is movable, some is heavy or fixed",0.5,Source,SingleResponse,SR-MS-027-MS-027A,1,1,False,,20,True,Maker Space,154
OPT-MS-027-03,MS-027,MS-027a,"Most furniture is heavy, fixed, or impractical to move",0,Source,SingleResponse,SR-MS-027-MS-027A,1,1,False,,30,True,Maker Space,155
OPT-MS-028-01,MS-028,MS-028a,Good - appears relatively new or has minimal wear,1,Source,SingleResponse,SR-MS-028-MS-028A,1,1,False,,10,True,Maker Space,157
OPT-MS-028-02,MS-028,MS-028a,"Fair - some furniture is noticeably worn or aging, but all is functional",0.5,Source,SingleResponse,SR-MS-028-MS-028A,1,1,False,,20,True,Maker Space,158
OPT-MS-028-03,MS-028,MS-028a,"Poor - some or all furniture is significantly worn, damaged, or not usable",0,Source,SingleResponse,SR-MS-028-MS-028A,1,1,False,,30,True,Maker Space,159
OPT-MS-029-01,MS-029,MS-029a,"Resilient flooring (e.g., vinyl, rubber)",1,Source,SingleResponse,SR-MS-029-MS-029A,1,1,False,,10,True,Maker Space,161
OPT-MS-029-02,MS-029,MS-029a,Polished concrete,1,Source,SingleResponse,SR-MS-029-MS-029A,1,1,False,,20,True,Maker Space,162
OPT-MS-029-03,MS-029,MS-029a,Resinous flooring (epoxy),1,Source,SingleResponse,SR-MS-029-MS-029A,1,1,False,,30,True,Maker Space,163
OPT-MS-029-04,MS-029,MS-029a,Unable to assess (note reason),,Exclusion,SingleResponse,SR-MS-029-MS-029A,0,1,True,,40,True,Maker Space,164
OPT-MS-030-01,MS-030,MS-030a,Direct access to a collaboration space,1,Source,SingleResponse,SR-MS-030-MS-030A,1,1,False,,10,True,Maker Space,166
OPT-MS-030-02,MS-030,MS-030a,Visibility into a collaboration space only,0.5,Source,SingleResponse,SR-MS-030-MS-030A,1,1,False,,20,True,Maker Space,167
OPT-MS-030-03,MS-030,MS-030a,Neither access nor visibility,0,Source,SingleResponse,SR-MS-030-MS-030A,1,1,False,,30,True,Maker Space,168
OPT-MS-030-04,MS-030,MS-030a,Unable to assess (note reason),,Exclusion,SingleResponse,SR-MS-030-MS-030A,0,1,True,,40,True,Maker Space,169
OPT-MS-031-01,MS-031,MS-031i,"Extra wide opening >42"" (i.e. large single door, garage door, double door)",,Inventory,Inventory,INV-MS-031-MS-031I,0,0,False,,10,True,Maker Space,171
OPT-MS-031-02,MS-031,MS-031i,Exterior door within the space,,Inventory,Inventory,INV-MS-031-MS-031I,0,0,False,,20,True,Maker Space,172
OPT-MS-031-03,MS-031,MS-031i,Exterior door directly outside the space,,Inventory,Inventory,INV-MS-031-MS-031I,0,0,False,,30,True,Maker Space,173
OPT-MS-031-04,MS-031,MS-031i,No exterior access,,Inventory,Inventory,INV-MS-031-MS-031I,0,0,False,,40,True,Maker Space,174
OPT-MS-031-05,MS-031,MS-031i,Unable to assess (note reason),,Inventory,Inventory,INV-MS-031-MS-031I,0,0,True,,50,True,Maker Space,175
OPT-MS-032-01,MS-032,MS-032i,"Extra wide opening >42"" (i.e. large single door, garage door, double door)",,Inventory,Inventory,INV-MS-032-MS-032I,0,0,False,,10,True,Maker Space,177
OPT-MS-032-02,MS-032,MS-032i,Exterior door within the space,,Inventory,Inventory,INV-MS-032-MS-032I,0,0,False,,20,True,Maker Space,178
OPT-MS-032-03,MS-032,MS-032i,Exterior door directly outside the space,,Inventory,Inventory,INV-MS-032-MS-032I,0,0,False,,30,True,Maker Space,179
OPT-MS-032-04,MS-032,MS-032i,No exterior access,,Inventory,Inventory,INV-MS-032-MS-032I,0,0,False,,40,True,Maker Space,180
OPT-MS-032-05,MS-032,MS-032i,Unable to assess (note reason),,Inventory,Inventory,INV-MS-032-MS-032I,0,0,True,,50,True,Maker Space,181
OPT-MS-033-01,MS-033,MS-033a,Sink,1,Source,SingleResponse,SR-MS-033-MS-033A,1,1,False,,10,True,Maker Space,183
OPT-MS-033-02,MS-033,MS-033b,Floor Drain,1,Source,SingleResponse,SR-MS-033-MS-033B,1,1,False,,20,True,Maker Space,184
OPT-MS-033-03,MS-033,MS-033c,Emergency Eye Wash,1,Source,SingleResponse,SR-MS-033-MS-033C,1,1,False,,30,True,Maker Space,185
OPT-MS-033-04,MS-033,MS-033d,None of the above,0,Source,SingleResponse,SR-MS-033-MS-033D,1,1,False,,40,True,Maker Space,186
OPT-MS-034-01,MS-034,MS-034a,Exterior door within the space,1,Source,SingleResponse,SR-MS-034-MS-034A,1,1,False,,10,True,Maker Space,188
OPT-MS-034-02,MS-034,MS-034a,Exterior door directly outside the space,0.5,Source,SingleResponse,SR-MS-034-MS-034A,1,1,False,,20,True,Maker Space,189
OPT-MS-034-03,MS-034,MS-034a,Neither,0,Source,SingleResponse,SR-MS-034-MS-034A,1,1,False,,30,True,Maker Space,190
OPT-MS-034-04,MS-034,MS-034a,Unable to assess (note reason),,Exclusion,SingleResponse,SR-MS-034-MS-034A,0,1,True,,40,True,Maker Space,191
OPT-MS-035-01,MS-035,MS-035i,Laptop storage or charging cart,,Inventory,Inventory,INV-MS-035-MS-035I,0,0,False,,10,True,Maker Space,193
OPT-MS-035-02,MS-035,MS-035i,Sink,,Inventory,Inventory,INV-MS-035-MS-035I,0,0,False,,20,True,Maker Space,194
OPT-MS-035-03,MS-035,MS-035i,PA speaker,,Inventory,Inventory,INV-MS-035-MS-035I,0,0,False,,30,True,Maker Space,195
OPT-MS-035-04,MS-035,MS-035i,None of the above,,Inventory,Inventory,INV-MS-035-MS-035I,0,0,False,,40,True,Maker Space,196
OPT-SE-001-01,SE-001,SE-001a,Sensory Motor Lab,1,Source,SingleResponse,SR-SE-001-SE-001A,1,1,False,,10,True,Special Education,3
OPT-SE-001-02,SE-001,SE-001b,Speech room,1,Source,SingleResponse,SR-SE-001-SE-001B,1,1,False,,20,True,Special Education,4
OPT-SE-001-03,SE-001,SE-001c,Diagnostician room,1,Source,SingleResponse,SR-SE-001-SE-001C,1,1,False,,30,True,Special Education,5
OPT-SE-001-04,SE-001,SE-001d,Academic Intervention room,1,Source,SingleResponse,SR-SE-001-SE-001D,1,1,False,,40,True,Special Education,6
OPT-SE-001-05,SE-001,SE-001e,Conference room,1,Source,SingleResponse,SR-SE-001-SE-001E,1,1,False,,50,True,Special Education,7
OPT-SE-001-06,SE-001,SE-001f,Washer/dryer,1,Source,SingleResponse,SR-SE-001-SE-001F,1,1,False,,60,True,Special Education,8
OPT-SE-001-07,SE-001,SE-001g,Equipment storage,1,Source,SingleResponse,SR-SE-001-SE-001G,1,1,False,,70,True,Special Education,9
OPT-SE-001-08,SE-001,SE-001h,None of the above,0,Source,SingleResponse,SR-SE-001-SE-001H,1,1,False,,80,True,Special Education,10
OPT-SE-002-01,SE-002,SE-002a,Sensory Motor Lab,1,Source,SingleResponse,SR-SE-002-SE-002A,1,1,False,,10,True,Special Education,12
OPT-SE-002-02,SE-002,SE-002b,Vocational Lab,1,Source,SingleResponse,SR-SE-002-SE-002B,1,1,False,,20,True,Special Education,13
OPT-SE-002-03,SE-002,SE-002c,Life Skills Studio,1,Source,SingleResponse,SR-SE-002-SE-002C,1,1,False,,30,True,Special Education,14
OPT-SE-002-04,SE-002,SE-002d,Speech room,1,Source,SingleResponse,SR-SE-002-SE-002D,1,1,False,,40,True,Special Education,15
OPT-SE-002-05,SE-002,SE-002e,Diagnostician room,1,Source,SingleResponse,SR-SE-002-SE-002E,1,1,False,,50,True,Special Education,16
OPT-SE-002-06,SE-002,SE-002f,Academic Intervention room,1,Source,SingleResponse,SR-SE-002-SE-002F,1,1,False,,60,True,Special Education,17
OPT-SE-002-07,SE-002,SE-002g,Conference room,1,Source,SingleResponse,SR-SE-002-SE-002G,1,1,False,,70,True,Special Education,18
OPT-SE-002-08,SE-002,SE-002h,Washer/dryer,1,Source,SingleResponse,SR-SE-002-SE-002H,1,1,False,,80,True,Special Education,19
OPT-SE-002-09,SE-002,SE-002j,Equipment storage,1,Source,SingleResponse,SR-SE-002-SE-002J,1,1,False,,90,True,Special Education,20
OPT-SE-002-10,SE-002,SE-002k,None of the above,0,Source,SingleResponse,SR-SE-002-SE-002K,1,1,False,,100,True,Special Education,21
OPT-SE-003-01,SE-003,SE-003a,Sensory Motor Lab,1,Source,SingleResponse,SR-SE-003-SE-003A,1,1,False,,10,True,Special Education,23
OPT-SE-003-02,SE-003,SE-003b,Vocational Lab,1,Source,SingleResponse,SR-SE-003-SE-003B,1,1,False,,20,True,Special Education,24
OPT-SE-003-03,SE-003,SE-003c,Life Skills Studio,1,Source,SingleResponse,SR-SE-003-SE-003C,1,1,False,,30,True,Special Education,25
OPT-SE-003-04,SE-003,SE-003d,Speech room,1,Source,SingleResponse,SR-SE-003-SE-003D,1,1,False,,40,True,Special Education,26
OPT-SE-003-05,SE-003,SE-003e,Diagnostician room,1,Source,SingleResponse,SR-SE-003-SE-003E,1,1,False,,50,True,Special Education,27
OPT-SE-003-06,SE-003,SE-003f,Academic Intervention room,1,Source,SingleResponse,SR-SE-003-SE-003F,1,1,False,,60,True,Special Education,28
OPT-SE-003-07,SE-003,SE-003g,Conference room,1,Source,SingleResponse,SR-SE-003-SE-003G,1,1,False,,70,True,Special Education,29
OPT-SE-003-08,SE-003,SE-003h,Washer/dryer,1,Source,SingleResponse,SR-SE-003-SE-003H,1,1,False,,80,True,Special Education,30
OPT-SE-003-09,SE-003,SE-003j,Equipment storage,1,Source,SingleResponse,SR-SE-003-SE-003J,1,1,False,,90,True,Special Education,31
OPT-SE-003-10,SE-003,SE-003k,Testing room,1,Source,SingleResponse,SR-SE-003-SE-003K,1,1,False,,100,True,Special Education,32
OPT-SE-003-11,SE-003,SE-003l,None of the above,0,Source,SingleResponse,SR-SE-003-SE-003L,1,1,False,,110,True,Special Education,33
OPT-SE-004-01,SE-004,SE-004a,Yes,1,Source,SingleResponse,SR-SE-004-SE-004A,1,1,False,,10,True,Special Education,35
OPT-SE-004-02,SE-004,SE-004a,No,0,Source,SingleResponse,SR-SE-004-SE-004A,1,1,False,,20,True,Special Education,36
OPT-SE-004-03,SE-004,SE-004a,Unable to assess (note reason),,Exclusion,SingleResponse,SR-SE-004-SE-004A,0,1,True,,30,True,Special Education,37
OPT-SE-005-01,SE-005,SE-005a,Sensory Motor Lab,1,Source,SingleResponse,SR-SE-005-SE-005A,1,1,False,,10,True,Special Education,39
OPT-SE-005-02,SE-005,SE-005b,Speech room,1,Source,SingleResponse,SR-SE-005-SE-005B,1,1,False,,20,True,Special Education,40
OPT-SE-005-03,SE-005,SE-005c,Diagnostician room,1,Source,SingleResponse,SR-SE-005-SE-005C,1,1,False,,30,True,Special Education,41
OPT-SE-005-04,SE-005,SE-005d,Academic Intervention room,1,Source,SingleResponse,SR-SE-005-SE-005D,1,1,False,,40,True,Special Education,42
OPT-SE-005-05,SE-005,SE-005e,Conference room,1,Source,SingleResponse,SR-SE-005-SE-005E,1,1,False,,50,True,Special Education,43
OPT-SE-005-06,SE-005,SE-005f,None of the above,0,Source,SingleResponse,SR-SE-005-SE-005F,1,1,False,,60,True,Special Education,44
OPT-SE-006-01,SE-006,SE-006a,Sensory Motor Lab,1,Source,SingleResponse,SR-SE-006-SE-006A,1,1,False,,10,True,Special Education,46
OPT-SE-006-02,SE-006,SE-006b,Vocational Lab,1,Source,SingleResponse,SR-SE-006-SE-006B,1,1,False,,20,True,Special Education,47
OPT-SE-006-03,SE-006,SE-006c,Life Skills Studio,1,Source,SingleResponse,SR-SE-006-SE-006C,1,1,False,,30,True,Special Education,48
OPT-SE-006-04,SE-006,SE-006d,Speech room,1,Source,SingleResponse,SR-SE-006-SE-006D,1,1,False,,40,True,Special Education,49
OPT-SE-006-05,SE-006,SE-006e,Diagnostician room,1,Source,SingleResponse,SR-SE-006-SE-006E,1,1,False,,50,True,Special Education,50
OPT-SE-006-06,SE-006,SE-006f,Academic Intervention room,1,Source,SingleResponse,SR-SE-006-SE-006F,1,1,False,,60,True,Special Education,51
OPT-SE-006-07,SE-006,SE-006g,Conference room,1,Source,SingleResponse,SR-SE-006-SE-006G,1,1,False,,70,True,Special Education,52
OPT-SE-006-08,SE-006,SE-006h,None of the above,0,Source,SingleResponse,SR-SE-006-SE-006H,1,1,False,,80,True,Special Education,53
OPT-SE-007-01,SE-007,SE-007a,Speech room,1,Source,SingleResponse,SR-SE-007-SE-007A,1,1,False,,10,True,Special Education,55
OPT-SE-007-02,SE-007,SE-007b,Diagnostician room,1,Source,SingleResponse,SR-SE-007-SE-007B,1,1,False,,20,True,Special Education,56
OPT-SE-007-03,SE-007,SE-007c,Academic Intervention room,1,Source,SingleResponse,SR-SE-007-SE-007C,1,1,False,,30,True,Special Education,57
OPT-SE-007-04,SE-007,SE-007d,Conference room,1,Source,SingleResponse,SR-SE-007-SE-007D,1,1,False,,40,True,Special Education,58
OPT-SE-007-05,SE-007,SE-007e,None of the above,0,Source,SingleResponse,SR-SE-007-SE-007E,1,1,False,,50,True,Special Education,59
OPT-SE-008-01,SE-008,SE-008a,Speech room,1,Source,SingleResponse,SR-SE-008-SE-008A,1,1,False,,10,True,Special Education,61
OPT-SE-008-02,SE-008,SE-008b,Diagnostician room,1,Source,SingleResponse,SR-SE-008-SE-008B,1,1,False,,20,True,Special Education,62
OPT-SE-008-03,SE-008,SE-008c,Academic Intervention room,1,Source,SingleResponse,SR-SE-008-SE-008C,1,1,False,,30,True,Special Education,63
OPT-SE-008-04,SE-008,SE-008d,Conference room,1,Source,SingleResponse,SR-SE-008-SE-008D,1,1,False,,40,True,Special Education,64
OPT-SE-008-05,SE-008,SE-008e,None of the above,0,Source,SingleResponse,SR-SE-008-SE-008E,1,1,False,,50,True,Special Education,65
OPT-SN-001-01,SN-001,SN-001a,Yes,1,Source,SingleResponse,SR-SN-001-SN-001A,1,1,False,,10,True,Special Education,67
OPT-SN-001-02,SN-001,SN-001a,No,0,Source,SingleResponse,SR-SN-001-SN-001A,1,1,False,,20,True,Special Education,68
OPT-SN-001-03,SN-001,SN-001a,Unable to assess (note reason),,Exclusion,SingleResponse,SR-SN-001-SN-001A,0,1,True,,30,True,Special Education,69
OPT-SN-002-01,SN-002,SN-002a,Primary light fixtures are dimmable,1,Source,SingleResponse,SR-SN-002-SN-002A,1,1,False,,10,True,Special Education,71
OPT-SN-002-02,SN-002,SN-002b,Primary light fixtures are LED,1,Source,SingleResponse,SR-SN-002-SN-002B,1,1,False,,20,True,Special Education,72
OPT-SN-002-03,SN-002,SN-002c,None of the above,0,Source,SingleResponse,SR-SN-002-SN-002C,1,1,False,,30,True,Special Education,73
OPT-SN-003-01,SN-003,SN-003a,Good - walls are painted in light colors and accent color is used to reduce monotony,1,Source,SingleResponse,SR-SN-003-SN-003A,1,1,False,,10,True,Special Education,75
OPT-SN-003-02,SN-003,SN-003a,Fair - walls are painted in light colors but no accent color is used,0.5,Source,SingleResponse,SR-SN-003-SN-003A,1,1,False,,20,True,Special Education,76
OPT-SN-003-03,SN-003,SN-003a,Poor - walls are painted in dark or monotonous colors,0,Source,SingleResponse,SR-SN-003-SN-003A,1,1,False,,30,True,Special Education,77
OPT-SN-003-04,SN-003,SN-003a,Unable to assess (note reason),,Exclusion,SingleResponse,SR-SN-003-SN-003A,0,1,True,,40,True,Special Education,78
OPT-SN-004-01,SN-004,SN-004a,Yes,1,Source,SingleResponse,SR-SN-004-SN-004A,1,1,False,,10,True,Special Education,80
OPT-SN-004-02,SN-004,SN-004a,No,0,Source,SingleResponse,SR-SN-004-SN-004A,1,1,False,,20,True,Special Education,81
OPT-SN-004-03,SN-004,SN-004a,Unable to assess (note reason),,Exclusion,SingleResponse,SR-SN-004-SN-004A,0,1,True,,30,True,Special Education,82
OPT-SN-005-01,SN-005,SN-005a,"Yes, and there are views to the exterior",1,Source,SingleResponse,SR-SN-005-SN-005A,1,1,False,,10,True,Special Education,84
OPT-SN-005-02,SN-005,SN-005a,"Yes, but there are no views to the exterior",0.5,Source,SingleResponse,SR-SN-005-SN-005A,1,1,False,,20,True,Special Education,85
OPT-SN-005-03,SN-005,SN-005a,No,0,Source,SingleResponse,SR-SN-005-SN-005A,1,1,False,,30,True,Special Education,86
OPT-SN-005-04,SN-005,SN-005a,Unable to assess (note reason),,Exclusion,SingleResponse,SR-SN-005-SN-005A,0,1,True,,40,True,Special Education,87
OPT-SN-006-01,SN-006,SN-006a,"Access to views of the outdoors (e.g., not solely an exterior wall)",1,Source,SingleResponse,SR-SN-006-SN-006A,1,1,False,,10,True,Special Education,89
OPT-SN-006-02,SN-006,SN-006b,Only clerestory windows are provided,0.5,Source,SingleResponse,SR-SN-006-SN-006B,1,1,False,,20,True,Special Education,90
OPT-SN-006-03,SN-006,SN-006c,None of the above,0,Source,SingleResponse,SR-SN-006-SN-006C,1,1,False,,30,True,Special Education,91
OPT-SN-007-01,SN-007,SN-007a,Roller shades are provided,1,Source,SingleResponse,SR-SN-007-SN-007A,1,1,False,,10,True,Special Education,93
OPT-SN-007-02,SN-007,SN-007a,Mini-blinds are provided,0.5,Source,SingleResponse,SR-SN-007-SN-007A,1,1,False,,20,True,Special Education,94
OPT-SN-007-03,SN-007,SN-007a,Other (please note),0,Source,SingleResponse,SR-SN-007-SN-007A,1,1,False,,30,True,Special Education,95
OPT-SN-007-04,SN-007,SN-007a,No window coverings are provided,0,Source,SingleResponse,SR-SN-007-SN-007A,1,1,False,,40,True,Special Education,96
OPT-SN-007-05,SN-007,SN-007a,Unable to assess (note reason),,Exclusion,SingleResponse,SR-SN-007-SN-007A,0,1,True,,50,True,Special Education,97
OPT-SN-008-01,SN-008,SN-008i,Ensuite storage closet is provided,,Inventory,Inventory,INV-SN-008-SN-008I,0,0,False,,10,True,Special Education,99
OPT-SN-008-02,SN-008,SN-008i,Adjacent storage closet is provided,,Inventory,Inventory,INV-SN-008-SN-008I,0,0,False,,20,True,Special Education,100
OPT-SN-008-03,SN-008,SN-008i,"Furniture-based storage is provided (i.e., shelving or cabinets)",,Inventory,Inventory,INV-SN-008-SN-008I,0,0,False,,30,True,Special Education,101
OPT-SN-008-04,SN-008,SN-008i,Some or all storage is lockable,,Inventory,Inventory,INV-SN-008-SN-008I,0,0,False,,40,True,Special Education,102
OPT-SN-008-05,SN-008,SN-008i,None of the above,,Inventory,Inventory,INV-SN-008-SN-008I,0,0,False,,50,True,Special Education,103
OPT-SN-009-01,SN-009,SN-009a,Good - storage appears sufficient; the space is organized with little visible clutter,1,Source,SingleResponse,SR-SN-009-SN-009A,1,1,False,,10,True,Special Education,105
OPT-SN-009-02,SN-009,SN-009a,Fair - storage appears mostly sufficient; some clutter or overflow is visible,0.5,Source,SingleResponse,SR-SN-009-SN-009A,1,1,False,,20,True,Special Education,106
OPT-SN-009-03,SN-009,SN-009a,Poor - storage appears insufficient; significant clutter or materials without a home,0,Source,SingleResponse,SR-SN-009-SN-009A,1,1,False,,30,True,Special Education,107
OPT-SN-009-04,SN-009,SN-009a,Unable to assess (note reason),,Exclusion,SingleResponse,SR-SN-009-SN-009A,0,1,True,,40,True,Special Education,108
OPT-SN-010-01,SN-010,SN-010a,0,0,Source,SingleResponse,SR-SN-010-SN-010A,1,1,False,,10,True,Special Education,110
OPT-SN-010-02,SN-010,SN-010a,1-2,0.25,Source,SingleResponse,SR-SN-010-SN-010A,1,1,False,,20,True,Special Education,111
OPT-SN-010-03,SN-010,SN-010a,3-4,0.5,Source,SingleResponse,SR-SN-010-SN-010A,1,1,False,,30,True,Special Education,112
OPT-SN-010-04,SN-010,SN-010a,5-7,0.75,Source,SingleResponse,SR-SN-010-SN-010A,1,1,False,,40,True,Special Education,113
OPT-SN-010-05,SN-010,SN-010a,8+,1,Source,SingleResponse,SR-SN-010-SN-010A,1,1,False,,50,True,Special Education,114
OPT-SN-011-01,SN-011,SN-011a,0,0,Source,SingleResponse,SR-SN-011-SN-011A,1,1,False,,10,True,Special Education,116
OPT-SN-011-02,SN-011,SN-011a,1,0.25,Source,SingleResponse,SR-SN-011-SN-011A,1,1,False,,20,True,Special Education,117
OPT-SN-011-03,SN-011,SN-011a,2,0.5,Source,SingleResponse,SR-SN-011-SN-011A,1,1,False,,30,True,Special Education,118
OPT-SN-011-04,SN-011,SN-011a,3,0.75,Source,SingleResponse,SR-SN-011-SN-011A,1,1,False,,40,True,Special Education,119
OPT-SN-011-05,SN-011,SN-011a,4,1,Source,SingleResponse,SR-SN-011-SN-011A,1,1,False,,50,True,Special Education,120
OPT-SN-012-01,SN-012,SN-012a,A thermostat is provided that has adjustable temperature controls,1,Source,SingleResponse,SR-SN-012-SN-012A,1,1,False,,10,True,Special Education,122
OPT-SN-012-02,SN-012,SN-012a,A thermostat is provided that does not have adjustable temperature controls,0.5,Source,SingleResponse,SR-SN-012-SN-012A,1,1,False,,20,True,Special Education,123
OPT-SN-012-03,SN-012,SN-012a,Only a temperature sensor is provided,0.5,Source,SingleResponse,SR-SN-012-SN-012A,1,1,False,,30,True,Special Education,124
OPT-SN-012-04,SN-012,SN-012a,No thermostat or sensor is present in the space,0,Source,SingleResponse,SR-SN-012-SN-012A,1,1,False,,40,True,Special Education,125
OPT-SN-013-01,SN-013,SN-013a,Full-height interior window,1,Source,SingleResponse,SR-SN-013-SN-013A,1,1,False,,10,True,Special Education,127
OPT-SN-013-02,SN-013,SN-013b,Half-height interior window,1,Source,SingleResponse,SR-SN-013-SN-013B,1,1,False,,20,True,Special Education,128
OPT-SN-013-03,SN-013,SN-013c,Sidelight,1,Source,SingleResponse,SR-SN-013-SN-013C,1,1,False,,30,True,Special Education,129
OPT-SN-013-04,SN-013,SN-013d,"Door panel (i.e., glass panel in the door)",0,Source,SingleResponse,SR-SN-013-SN-013D,1,1,False,,40,True,Special Education,130
OPT-SN-013-05,SN-013,SN-013e,None of the above,0,Source,SingleResponse,SR-SN-013-SN-013E,1,1,False,,50,True,Special Education,131
OPT-SN-014-01,SN-014,SN-014i,Less than half,,Inventory,Inventory,INV-SN-014-SN-014I,0,0,False,,10,True,Special Education,133
OPT-SN-014-02,SN-014,SN-014i,About half,,Inventory,Inventory,INV-SN-014-SN-014I,0,0,False,,20,True,Special Education,134
OPT-SN-014-03,SN-014,SN-014i,Most of the wall,,Inventory,Inventory,INV-SN-014-SN-014I,0,0,False,,30,True,Special Education,135
OPT-SN-015-01,SN-015,SN-015a,Interior windows and doors with glass can be covered with a single movement,1,Source,SingleResponse,SR-SN-015-SN-015A,1,1,False,,10,True,Special Education,137
OPT-SN-015-02,SN-015,SN-015b,Exterior windows and doors with glass can be covered with a single movement,1,Source,SingleResponse,SR-SN-015-SN-015B,1,1,False,,20,True,Special Education,138
OPT-SN-015-03,SN-015,SN-015c,There is an area large enough for a full class to easily get out of sight to shelter-in-place (without needing to cover windows or doors with glass),1,Source,SingleResponse,SR-SN-015-SN-015C,1,1,False,,30,True,Special Education,139
OPT-SN-015-04,SN-015,SN-015d,Interior door hardware is lockable from inside the space with a push button or thumb turn lock,1,Source,SingleResponse,SR-SN-015-SN-015D,1,1,False,,40,True,Special Education,140
OPT-SN-015-05,SN-015,SN-015e,None of the above,0,Source,SingleResponse,SR-SN-015-SN-015E,1,1,False,,50,True,Special Education,141
OPT-SN-016-01,SN-016,SN-016i,Light and sound based multimedia equipment,,Inventory,Inventory,INV-SN-016-SN-016I,0,0,False,,10,True,Special Education,143
OPT-SN-016-02,SN-016,SN-016i,Mats,,Inventory,Inventory,INV-SN-016-SN-016I,0,0,False,,20,True,Special Education,144
OPT-SN-016-03,SN-016,SN-016i,Foam play equipment,,Inventory,Inventory,INV-SN-016-SN-016I,0,0,False,,30,True,Special Education,145
OPT-SN-016-04,SN-016,SN-016i,Sensory swings,,Inventory,Inventory,INV-SN-016-SN-016I,0,0,False,,40,True,Special Education,146
OPT-SN-016-05,SN-016,SN-016i,Busy boards,,Inventory,Inventory,INV-SN-016-SN-016I,0,0,False,,50,True,Special Education,147
OPT-SN-016-06,SN-016,SN-016i,Tricycles,,Inventory,Inventory,INV-SN-016-SN-016I,0,0,False,,60,True,Special Education,148
OPT-SN-016-07,SN-016,SN-016i,Balance bars,,Inventory,Inventory,INV-SN-016-SN-016I,0,0,False,,70,True,Special Education,149
OPT-SN-016-08,SN-016,SN-016i,None of the above,,Inventory,Inventory,INV-SN-016-SN-016I,0,0,False,,80,True,Special Education,150
OPT-SN-017-01,SN-017,SN-017a,Acoustic panel ceiling (ACT),1,Source,SingleResponse,SR-SN-017-SN-017A,1,1,False,,10,True,Special Education,152
OPT-SN-017-02,SN-017,SN-017b,Acoustic wall panels,1,Source,SingleResponse,SR-SN-017-SN-017B,1,1,False,,20,True,Special Education,153
OPT-SN-017-03,SN-017,SN-017c,"Floor coverings (e.g., rugs)",1,Source,SingleResponse,SR-SN-017-SN-017C,1,1,False,,30,True,Special Education,154
OPT-SN-017-04,SN-017,SN-017d,Exposed structure,0,Source,SingleResponse,SR-SN-017-SN-017D,1,1,False,,40,True,Special Education,155
OPT-SN-017-05,SN-017,SN-017e,None of the above,0,Source,SingleResponse,SR-SN-017-SN-017E,1,1,False,,50,True,Special Education,156
OPT-SN-018-01,SN-018,SN-018a,"Resilient flooring (e.g., vinyl, rubber)",1,Source,SingleResponse,SR-SN-018-SN-018A,1,1,False,,10,True,Special Education,158
OPT-SN-018-02,SN-018,SN-018a,Terrazzo,1,Source,SingleResponse,SR-SN-018-SN-018A,1,1,False,,20,True,Special Education,159
OPT-SN-018-03,SN-018,SN-018a,Polished concrete,1,Source,SingleResponse,SR-SN-018-SN-018A,1,1,False,,30,True,Special Education,160
OPT-SN-018-04,SN-018,SN-018a,"Carpet (i.e., not a loose rug)",1,Source,SingleResponse,SR-SN-018-SN-018A,1,1,False,,40,True,Special Education,161
OPT-SN-018-05,SN-018,SN-018a,Other (please note),0,Source,SingleResponse,SR-SN-018-SN-018A,1,1,False,,50,True,Special Education,162
OPT-SN-018-06,SN-018,SN-018a,Unable to assess (note reason),0,Source,SingleResponse,SR-SN-018-SN-018A,0,1,True,,60,True,Special Education,163
OPT-SN-019-01,SN-019,SN-019a,Yes,1,Source,SingleResponse,SR-SN-019-SN-019A,1,1,False,,10,True,Special Education,165
OPT-SN-019-02,SN-019,SN-019a,No,0,Source,SingleResponse,SR-SN-019-SN-019A,1,1,False,,20,True,Special Education,166
OPT-SN-019-03,SN-019,SN-019a,Unable to assess (note reason),,Exclusion,SingleResponse,SR-SN-019-SN-019A,0,1,True,,30,True,Special Education,167
OPT-LS-001-01,LS-001,LS-001a,Yes,1,Source,SingleResponse,SR-LS-001-LS-001A,1,1,False,,10,True,Special Education,169
OPT-LS-001-02,LS-001,LS-001a,No,0,Source,SingleResponse,SR-LS-001-LS-001A,1,1,False,,20,True,Special Education,170
OPT-LS-001-03,LS-001,LS-001a,Unable to assess (note reason),,Exclusion,SingleResponse,SR-LS-001-LS-001A,0,1,True,,30,True,Special Education,171
OPT-LS-002-01,LS-002,LS-002a,Primary light fixtures are dimmable,1,Source,SingleResponse,SR-LS-002-LS-002A,1,1,False,,10,True,Special Education,173
OPT-LS-002-02,LS-002,LS-002b,Primary light fixtures are LED,1,Source,SingleResponse,SR-LS-002-LS-002B,1,1,False,,20,True,Special Education,174
OPT-LS-002-03,LS-002,LS-002c,None of the above,0,Source,SingleResponse,SR-LS-002-LS-002C,1,1,False,,30,True,Special Education,175
OPT-LS-003-01,LS-003,LS-003a,Good - walls are painted in light colors and accent color is used to reduce monotony,1,Source,SingleResponse,SR-LS-003-LS-003A,1,1,False,,10,True,Special Education,177
OPT-LS-003-02,LS-003,LS-003a,Poor - walls are painted in dark or monotonous colors,0,Source,SingleResponse,SR-LS-003-LS-003A,1,1,False,,20,True,Special Education,178
OPT-LS-003-03,LS-003,LS-003a,Unable to assess (note reason),,Exclusion,SingleResponse,SR-LS-003-LS-003A,0,1,True,,30,True,Special Education,179
OPT-LS-004-01,LS-004,LS-004a,Yes,1,Source,SingleResponse,SR-LS-004-LS-004A,1,1,False,,10,True,Special Education,181
OPT-LS-004-02,LS-004,LS-004a,No,0,Source,SingleResponse,SR-LS-004-LS-004A,1,1,False,,20,True,Special Education,182
OPT-LS-004-03,LS-004,LS-004a,Unable to assess (note reason),,Exclusion,SingleResponse,SR-LS-004-LS-004A,0,1,True,,30,True,Special Education,183
OPT-LS-005-01,LS-005,LS-005a,"Yes, and there are views to the exterior",1,Source,SingleResponse,SR-LS-005-LS-005A,1,1,False,,10,True,Special Education,185
OPT-LS-005-02,LS-005,LS-005a,"Yes, but there are no views to the exterior",0.5,Source,SingleResponse,SR-LS-005-LS-005A,1,1,False,,20,True,Special Education,186
OPT-LS-005-03,LS-005,LS-005a,No,0,Source,SingleResponse,SR-LS-005-LS-005A,1,1,False,,30,True,Special Education,187
OPT-LS-005-04,LS-005,LS-005a,Unable to assess (note reason),,Exclusion,SingleResponse,SR-LS-005-LS-005A,0,1,True,,40,True,Special Education,188
OPT-LS-006-01,LS-006,LS-006a,"Access to views of the outdoors (e.g., not solely an exterior wall)",1,Source,SingleResponse,SR-LS-006-LS-006A,1,1,False,,10,True,Special Education,190
OPT-LS-006-02,LS-006,LS-006b,Only clerestory windows are provided,0.5,Source,SingleResponse,SR-LS-006-LS-006B,1,1,False,,20,True,Special Education,191
OPT-LS-006-03,LS-006,LS-006c,None of the above,0,Source,SingleResponse,SR-LS-006-LS-006C,1,1,False,,30,True,Special Education,192
OPT-LS-007-01,LS-007,LS-007a,Roller shades are provided,1,Source,SingleResponse,SR-LS-007-LS-007A,1,1,False,,10,True,Special Education,194
OPT-LS-007-02,LS-007,LS-007a,Mini-blinds are provided,0.5,Source,SingleResponse,SR-LS-007-LS-007A,1,1,False,,20,True,Special Education,195
OPT-LS-007-03,LS-007,LS-007a,Other (please note),0,Source,SingleResponse,SR-LS-007-LS-007A,1,1,False,,30,True,Special Education,196
OPT-LS-007-04,LS-007,LS-007a,No window coverings are provided,0,Source,SingleResponse,SR-LS-007-LS-007A,1,1,False,,40,True,Special Education,197
OPT-LS-007-05,LS-007,LS-007a,Unable to assess (note reason),,Exclusion,SingleResponse,SR-LS-007-LS-007A,0,1,True,,50,True,Special Education,198
OPT-LS-008-01,LS-008,LS-008i,Ensuite storage closet is provided,,Inventory,Inventory,INV-LS-008-LS-008I,0,0,False,,10,True,Special Education,200
OPT-LS-008-02,LS-008,LS-008i,"Furniture-based storage is provided (i.e., shelving or cabinets)",,Inventory,Inventory,INV-LS-008-LS-008I,0,0,False,,20,True,Special Education,201
OPT-LS-008-03,LS-008,LS-008i,Some or all storage is lockable,,Inventory,Inventory,INV-LS-008-LS-008I,0,0,False,,30,True,Special Education,202
OPT-LS-008-04,LS-008,LS-008i,None of the above,,Inventory,Inventory,INV-LS-008-LS-008I,0,0,False,,40,True,Special Education,203
OPT-LS-009-01,LS-009,LS-009a,Good - storage appears sufficient; the space is organized with little visible clutter,1,Source,SingleResponse,SR-LS-009-LS-009A,1,1,False,,10,True,Special Education,205
OPT-LS-009-02,LS-009,LS-009a,Fair - storage appears mostly sufficient; some clutter or overflow is visible,0.5,Source,SingleResponse,SR-LS-009-LS-009A,1,1,False,,20,True,Special Education,206
OPT-LS-009-03,LS-009,LS-009a,Poor - storage appears insufficient; significant clutter or materials without a home,0,Source,SingleResponse,SR-LS-009-LS-009A,1,1,False,,30,True,Special Education,207
OPT-LS-009-04,LS-009,LS-009a,Unable to assess (note reason),,Exclusion,SingleResponse,SR-LS-009-LS-009A,0,1,True,,40,True,Special Education,208
OPT-LS-010-01,LS-010,LS-010a,0,0,Source,SingleResponse,SR-LS-010-LS-010A,1,1,False,,10,True,Special Education,210
OPT-LS-010-02,LS-010,LS-010a,1-2,0.25,Source,SingleResponse,SR-LS-010-LS-010A,1,1,False,,20,True,Special Education,211
OPT-LS-010-03,LS-010,LS-010a,3-4,0.5,Source,SingleResponse,SR-LS-010-LS-010A,1,1,False,,30,True,Special Education,212
OPT-LS-010-04,LS-010,LS-010a,5-7,0.75,Source,SingleResponse,SR-LS-010-LS-010A,1,1,False,,40,True,Special Education,213
OPT-LS-010-05,LS-010,LS-010a,8+,1,Source,SingleResponse,SR-LS-010-LS-010A,1,1,False,,50,True,Special Education,214
OPT-LS-011-01,LS-011,LS-011a,0,0,Source,SingleResponse,SR-LS-011-LS-011A,1,1,False,,10,True,Special Education,216
OPT-LS-011-02,LS-011,LS-011a,1,0.25,Source,SingleResponse,SR-LS-011-LS-011A,1,1,False,,20,True,Special Education,217
OPT-LS-011-03,LS-011,LS-011a,2,0.5,Source,SingleResponse,SR-LS-011-LS-011A,1,1,False,,30,True,Special Education,218
OPT-LS-011-04,LS-011,LS-011a,3,0.75,Source,SingleResponse,SR-LS-011-LS-011A,1,1,False,,40,True,Special Education,219
OPT-LS-011-05,LS-011,LS-011a,4,1,Source,SingleResponse,SR-LS-011-LS-011A,1,1,False,,50,True,Special Education,220
OPT-LS-012-01,LS-012,LS-012a,A thermostat is provided that has adjustable temperature controls,1,Source,SingleResponse,SR-LS-012-LS-012A,1,1,False,,10,True,Special Education,222
OPT-LS-012-02,LS-012,LS-012a,A thermostat is provided that does not have adjustable temperature controls,0.5,Source,SingleResponse,SR-LS-012-LS-012A,1,1,False,,20,True,Special Education,223
OPT-LS-012-03,LS-012,LS-012a,Only a temperature sensor is provided,0.5,Source,SingleResponse,SR-LS-012-LS-012A,1,1,False,,30,True,Special Education,224
OPT-LS-012-04,LS-012,LS-012a,No thermostat or sensor is present in the space,0,Source,SingleResponse,SR-LS-012-LS-012A,1,1,False,,40,True,Special Education,225
OPT-LS-013-01,LS-013,LS-013a,Full-height interior window,1,Source,SingleResponse,SR-LS-013-LS-013A,1,1,False,,10,True,Special Education,227
OPT-LS-013-02,LS-013,LS-013b,Half-height interior window,1,Source,SingleResponse,SR-LS-013-LS-013B,1,1,False,,20,True,Special Education,228
OPT-LS-013-03,LS-013,LS-013c,Sidelight,1,Source,SingleResponse,SR-LS-013-LS-013C,1,1,False,,30,True,Special Education,229
OPT-LS-013-04,LS-013,LS-013d,"Door panel (i.e., glass panel in the door)",0,Source,SingleResponse,SR-LS-013-LS-013D,1,1,False,,40,True,Special Education,230
OPT-LS-013-05,LS-013,LS-013e,None of the above,0,Source,SingleResponse,SR-LS-013-LS-013E,1,1,False,,50,True,Special Education,231
OPT-LS-014-01,LS-014,LS-014i,Less than half,,Inventory,Inventory,INV-LS-014-LS-014I,0,0,False,,10,True,Special Education,233
OPT-LS-014-02,LS-014,LS-014i,About half,,Inventory,Inventory,INV-LS-014-LS-014I,0,0,False,,20,True,Special Education,234
OPT-LS-014-03,LS-014,LS-014i,Most of the wall,,Inventory,Inventory,INV-LS-014-LS-014I,0,0,False,,30,True,Special Education,235
OPT-LS-015-01,LS-015,LS-015a,Interior windows and doors with glass can be covered with a single movement,1,Source,SingleResponse,SR-LS-015-LS-015A,1,1,False,,10,True,Special Education,237
OPT-LS-015-02,LS-015,LS-015b,Exterior windows and doors with glass can be covered with a single movement,1,Source,SingleResponse,SR-LS-015-LS-015B,1,1,False,,20,True,Special Education,238
OPT-LS-015-03,LS-015,LS-015c,There is an area large enough for a full class to easily get out of sight to shelter-in-place (without needing to cover windows or doors with glass),1,Source,SingleResponse,SR-LS-015-LS-015C,1,1,False,,30,True,Special Education,239
OPT-LS-015-04,LS-015,LS-015d,Interior door hardware is lockable from inside the space with a push button or thumb turn lock,1,Source,SingleResponse,SR-LS-015-LS-015D,1,1,False,,40,True,Special Education,240
OPT-LS-015-05,LS-015,LS-015e,None of the above,0,Source,SingleResponse,SR-LS-015-LS-015E,1,1,False,,50,True,Special Education,241
OPT-LS-016-01,LS-016,LS-016i,Refrigerator,,Inventory,Inventory,INV-LS-016-LS-016I,0,0,False,,10,True,Special Education,243
OPT-LS-016-02,LS-016,LS-016i,Microwave,,Inventory,Inventory,INV-LS-016-LS-016I,0,0,False,,20,True,Special Education,244
OPT-LS-016-03,LS-016,LS-016i,Oven/Range/Exhaust Hood,,Inventory,Inventory,INV-LS-016-LS-016I,0,0,False,,30,True,Special Education,245
OPT-LS-016-04,LS-016,LS-016i,Washer/Dryer,,Inventory,Inventory,INV-LS-016-LS-016I,0,0,False,,40,True,Special Education,246
OPT-LS-016-05,LS-016,LS-016i,Modular Island Work Surface,,Inventory,Inventory,INV-LS-016-LS-016I,0,0,False,,50,True,Special Education,247
OPT-LS-016-06,LS-016,LS-016i,Sink,,Inventory,Inventory,INV-LS-016-LS-016I,0,0,False,,60,True,Special Education,248
OPT-LS-016-07,LS-016,LS-016i,Floor Drain,,Inventory,Inventory,INV-LS-016-LS-016I,0,0,False,,70,True,Special Education,249
OPT-LS-016-08,LS-016,LS-016i,None of the above,,Inventory,Inventory,INV-LS-016-LS-016I,0,0,False,,80,True,Special Education,250
OPT-LS-017-01,LS-017,LS-017i,Individual student desks,,Inventory,Inventory,INV-LS-017-LS-017I,0,0,False,,10,True,Special Education,252
OPT-LS-017-02,LS-017,LS-017i,Chair-height student tables,,Inventory,Inventory,INV-LS-017-LS-017I,0,0,False,,20,True,Special Education,253
OPT-LS-017-03,LS-017,LS-017i,"Floor-height student tables (i.e., low tables for floor seating)",,Inventory,Inventory,INV-LS-017-LS-017I,0,0,False,,30,True,Special Education,254
OPT-LS-017-04,LS-017,LS-017i,Standing-height student desks/tables/worksurfaces,,Inventory,Inventory,INV-LS-017-LS-017I,0,0,False,,40,True,Special Education,255
OPT-LS-017-05,LS-017,LS-017i,"Hard seating (e.g., standard chairs, stools)",,Inventory,Inventory,INV-LS-017-LS-017I,0,0,False,,50,True,Special Education,256
OPT-LS-017-06,LS-017,LS-017i,"Active seating (e.g., wobble stools, rockers)",,Inventory,Inventory,INV-LS-017-LS-017I,0,0,False,,60,True,Special Education,257
OPT-LS-017-07,LS-017,LS-017i,"Soft seating (e.g., bean bags, floor cushions)",,Inventory,Inventory,INV-LS-017-LS-017I,0,0,False,,70,True,Special Education,258
OPT-LS-017-08,LS-017,LS-017i,"One or more mobile writing surfaces (i.e., mobile markerboards)",,Inventory,Inventory,INV-LS-017-LS-017I,0,0,False,,80,True,Special Education,259
OPT-LS-017-09,LS-017,LS-017i,One or more mobile tackboards,,Inventory,Inventory,INV-LS-017-LS-017I,0,0,False,,90,True,Special Education,260
OPT-LS-017-10,LS-017,LS-017i,One or more mobile monitors,,Inventory,Inventory,INV-LS-017-LS-017I,0,0,False,,100,True,Special Education,261
OPT-LS-017-11,LS-017,LS-017i,None of the above,,Inventory,Inventory,INV-LS-017-LS-017I,0,0,False,,110,True,Special Education,262
OPT-LS-018-01,LS-018,LS-018a,"Most furniture can be moved by students or a single teacher (e.g., casters, lightweight pieces)",1,Source,SingleResponse,SR-LS-018-LS-018A,1,1,False,,10,True,Special Education,264
OPT-LS-018-02,LS-018,LS-018a,"Some furniture is movable, some is heavy or fixed",0.5,Source,SingleResponse,SR-LS-018-LS-018A,1,1,False,,20,True,Special Education,265
OPT-LS-018-03,LS-018,LS-018a,"Most furniture is heavy, fixed, or impractical to move",0,Source,SingleResponse,SR-LS-018-LS-018A,1,1,False,,30,True,Special Education,266
OPT-LS-019-01,LS-019,LS-019a,Varied seating is provided for multiple students across multiple areas of the space,1,Source,SingleResponse,SR-LS-019-LS-019A,1,1,False,,10,True,Special Education,268
OPT-LS-019-02,LS-019,LS-019a,"Limited varied seating is provided (i.e., a single area or only a few students accommodated at a time)",0.5,Source,SingleResponse,SR-LS-019-LS-019A,1,1,False,,20,True,Special Education,269
OPT-LS-019-03,LS-019,LS-019a,No varied seating is provided,0,Source,SingleResponse,SR-LS-019-LS-019A,1,1,False,,30,True,Special Education,270
OPT-LS-019-04,LS-019,LS-019a,Unable to assess (note reason),,Exclusion,SingleResponse,SR-LS-019-LS-019A,0,1,True,,40,True,Special Education,271
OPT-LS-020-01,LS-020,LS-020a,Good - appears relatively new or has minimal wear,1,Source,SingleResponse,SR-LS-020-LS-020A,1,1,False,,10,True,Special Education,273
OPT-LS-020-02,LS-020,LS-020a,"Fair - some furniture is noticeably worn or aging, but all is functional",0.5,Source,SingleResponse,SR-LS-020-LS-020A,1,1,False,,20,True,Special Education,274
OPT-LS-020-03,LS-020,LS-020a,"Poor - some or all furniture is significantly worn, damaged, or not usable",0,Source,SingleResponse,SR-LS-020-LS-020A,1,1,False,,30,True,Special Education,275
OPT-LS-021-01,LS-021,LS-021i,"Resilient flooring (e.g., vinyl, rubber)",,Inventory,Inventory,INV-LS-021-LS-021I,0,0,False,,10,True,Special Education,277
OPT-LS-021-02,LS-021,LS-021i,Terrazzo,,Inventory,Inventory,INV-LS-021-LS-021I,0,0,False,,20,True,Special Education,278
OPT-LS-021-03,LS-021,LS-021i,Polished concrete,,Inventory,Inventory,INV-LS-021-LS-021I,0,0,False,,30,True,Special Education,279
OPT-LS-021-04,LS-021,LS-021i,"Carpet (i.e., not a loose rug)",,Inventory,Inventory,INV-LS-021-LS-021I,0,0,False,,40,True,Special Education,280
OPT-LS-021-05,LS-021,LS-021i,Other (please note),,Inventory,Inventory,INV-LS-021-LS-021I,0,0,False,,50,True,Special Education,281
OPT-LS-021-06,LS-021,LS-021i,Unable to assess (note reason),,Inventory,Inventory,INV-LS-021-LS-021I,0,0,True,,60,True,Special Education,282
OPT-LS-022-01,LS-022,LS-022a,Acoustic panel ceiling (ACT),1,Source,SingleResponse,SR-LS-022-LS-022A,1,1,False,,10,True,Special Education,284
OPT-LS-022-02,LS-022,LS-022b,Acoustic wall panels,1,Source,SingleResponse,SR-LS-022-LS-022B,1,1,False,,20,True,Special Education,285
OPT-LS-022-03,LS-022,LS-022c,"Floor coverings (e.g., rugs)",1,Source,SingleResponse,SR-LS-022-LS-022C,1,1,False,,30,True,Special Education,286
OPT-LS-022-04,LS-022,LS-022d,Exposed structure,1,Source,SingleResponse,SR-LS-022-LS-022D,1,1,False,,40,True,Special Education,287
OPT-LS-022-05,LS-022,LS-022e,None of the above,0,Source,SingleResponse,SR-LS-022-LS-022E,1,1,False,,50,True,Special Education,288
OPT-LS-023-01,LS-023,LS-023a,None,0,Source,SingleResponse,SR-LS-023-LS-023A,1,1,False,,10,True,Special Education,290
OPT-LS-023-02,LS-023,LS-023a,<4 linear feet,0.2,Source,SingleResponse,SR-LS-023-LS-023A,1,1,False,,20,True,Special Education,291
OPT-LS-023-03,LS-023,LS-023a,4 to <8 linear feet,0.4,Source,SingleResponse,SR-LS-023-LS-023A,1,1,False,,30,True,Special Education,292
OPT-LS-023-04,LS-023,LS-023a,8 to <12 linear feet,0.6,Source,SingleResponse,SR-LS-023-LS-023A,1,1,False,,40,True,Special Education,293
OPT-LS-023-05,LS-023,LS-023a,12 to <16 linear feet,0.8,Source,SingleResponse,SR-LS-023-LS-023A,1,1,False,,50,True,Special Education,294
OPT-LS-023-06,LS-023,LS-023a,16+ linear feet,1,Source,SingleResponse,SR-LS-023-LS-023A,1,1,False,,60,True,Special Education,295
OPT-LS-023-07,LS-023,LS-023a,Unable to assess (note reason),,Exclusion,SingleResponse,SR-LS-023-LS-023A,0,1,True,,70,True,Special Education,296
OPT-LS-024-01,LS-024,LS-024a,None,0,Source,SingleResponse,SR-LS-024-LS-024A,1,1,False,,10,True,Special Education,298
OPT-LS-024-02,LS-024,LS-024a,<4 linear feet,0.33,Source,SingleResponse,SR-LS-024-LS-024A,1,1,False,,20,True,Special Education,299
OPT-LS-024-03,LS-024,LS-024a,4 to <8 linear feet,0.66,Source,SingleResponse,SR-LS-024-LS-024A,1,1,False,,30,True,Special Education,300
OPT-LS-024-04,LS-024,LS-024a,8+ linear feet,1,Source,SingleResponse,SR-LS-024-LS-024A,1,1,False,,40,True,Special Education,301
OPT-LS-024-05,LS-024,LS-024a,Unable to assess (note reason),,Exclusion,SingleResponse,SR-LS-024-LS-024A,0,1,True,,50,True,Special Education,302
OPT-LS-025-01,LS-025,LS-025a,None,0,Source,SingleResponse,SR-LS-025-LS-025A,1,1,False,,10,True,Special Education,304
OPT-LS-025-02,LS-025,LS-025a,<10 linear feet,0.5,Source,SingleResponse,SR-LS-025-LS-025A,1,1,False,,20,True,Special Education,305
OPT-LS-025-03,LS-025,LS-025a,10+ linear feet,1,Source,SingleResponse,SR-LS-025-LS-025A,1,1,False,,30,True,Special Education,306
OPT-LS-026-01,LS-026,LS-026a,None,0,Source,SingleResponse,SR-LS-026-LS-026A,1,1,False,,10,True,Special Education,308
OPT-LS-026-02,LS-026,LS-026a,<6 linear feet,0.5,Source,SingleResponse,SR-LS-026-LS-026A,1,1,False,,20,True,Special Education,309
OPT-LS-026-03,LS-026,LS-026a,6+ linear feet,1,Source,SingleResponse,SR-LS-026-LS-026A,1,1,False,,30,True,Special Education,310
OPT-LS-027-01,LS-027,LS-027a,Yes,1,Source,SingleResponse,SR-LS-027-LS-027A,1,1,False,,10,True,Special Education,312
OPT-LS-027-02,LS-027,LS-027a,No,0,Source,SingleResponse,SR-LS-027-LS-027A,1,1,False,,20,True,Special Education,313
OPT-LS-027-03,LS-027,LS-027a,Unable to assess (note reason),,Exclusion,SingleResponse,SR-LS-027-LS-027A,0,1,True,,30,True,Special Education,314
OPT-LS-028-01,LS-028,LS-028a,Ensuite restroom,1,Source,SingleResponse,SR-LS-028-LS-028A,1,1,False,,10,True,Special Education,316
OPT-LS-028-02,LS-028,LS-028a,Adjacent to the suite with direct visibility,0.66,Source,SingleResponse,SR-LS-028-LS-028A,1,1,False,,20,True,Special Education,317
OPT-LS-028-03,LS-028,LS-028a,Adjacent to the suite without direct visibility,0.33,Source,SingleResponse,SR-LS-028-LS-028A,1,1,False,,30,True,Special Education,318
OPT-LS-028-04,LS-028,LS-028a,None,0,Source,SingleResponse,SR-LS-028-LS-028A,1,1,False,,40,True,Special Education,319
OPT-LS-029-01,LS-029,LS-029a,Yes,1,Source,SingleResponse,SR-LS-029-LS-029A,1,1,False,,10,True,Special Education,321
OPT-LS-029-02,LS-029,LS-029a,No,0,Source,SingleResponse,SR-LS-029-LS-029A,1,1,False,,20,True,Special Education,322
OPT-LS-029-03,LS-029,LS-029a,Unable to assess (note reason),,Exclusion,SingleResponse,SR-LS-029-LS-029A,0,1,True,,30,True,Special Education,323
OPT-LS-030-01,LS-030,LS-030a,Lift system,1,Source,SingleResponse,SR-LS-030-LS-030A,1,1,False,,10,True,Special Education,325
OPT-LS-030-02,LS-030,LS-030b,Changing table,1,Source,SingleResponse,SR-LS-030-LS-030B,1,1,False,,20,True,Special Education,326
OPT-LS-030-03,LS-030,LS-030c,None of the above,0,Source,SingleResponse,SR-LS-030-LS-030C,1,1,False,,30,True,Special Education,327
OPT-VO-001-01,VO-001,VO-001a,Yes,1,Source,SingleResponse,SR-VO-001-VO-001A,1,1,False,,10,True,Special Education,329
OPT-VO-001-02,VO-001,VO-001a,No,0,Source,SingleResponse,SR-VO-001-VO-001A,1,1,False,,20,True,Special Education,330
OPT-VO-001-03,VO-001,VO-001a,Unable to assess (note reason),,Exclusion,SingleResponse,SR-VO-001-VO-001A,0,1,True,,30,True,Special Education,331
OPT-VO-002-01,VO-002,VO-002a,Primary light fixtures are dimmable,1,Source,SingleResponse,SR-VO-002-VO-002A,1,1,False,,10,True,Special Education,333
OPT-VO-002-02,VO-002,VO-002b,Primary light fixtures are LED,1,Source,SingleResponse,SR-VO-002-VO-002B,1,1,False,,20,True,Special Education,334
OPT-VO-002-03,VO-002,VO-002c,None of the above,0,Source,SingleResponse,SR-VO-002-VO-002C,1,1,False,,30,True,Special Education,335
OPT-VO-003-01,VO-003,VO-003a,Good - walls are painted in light colors and accent color is used to reduce monotony,1,Source,SingleResponse,SR-VO-003-VO-003A,1,1,False,,10,True,Special Education,337
OPT-VO-003-02,VO-003,VO-003a,Poor - walls are painted in dark or monotonous colors,0,Source,SingleResponse,SR-VO-003-VO-003A,1,1,False,,20,True,Special Education,338
OPT-VO-003-03,VO-003,VO-003a,Unable to assess (note reason),,Exclusion,SingleResponse,SR-VO-003-VO-003A,0,1,True,,30,True,Special Education,339
OPT-VO-004-01,VO-004,VO-004a,Yes,1,Source,SingleResponse,SR-VO-004-VO-004A,1,1,False,,10,True,Special Education,341
OPT-VO-004-02,VO-004,VO-004a,No,0,Source,SingleResponse,SR-VO-004-VO-004A,1,1,False,,20,True,Special Education,342
OPT-VO-004-03,VO-004,VO-004a,Unable to assess (note reason),,Exclusion,SingleResponse,SR-VO-004-VO-004A,0,1,True,,30,True,Special Education,343
OPT-VO-005-01,VO-005,VO-005a,"Yes, and there are views to the exterior",1,Source,SingleResponse,SR-VO-005-VO-005A,1,1,False,,10,True,Special Education,345
OPT-VO-005-02,VO-005,VO-005a,"Yes, but there are no views to the exterior",0.5,Source,SingleResponse,SR-VO-005-VO-005A,1,1,False,,20,True,Special Education,346
OPT-VO-005-03,VO-005,VO-005a,No,0,Source,SingleResponse,SR-VO-005-VO-005A,1,1,False,,30,True,Special Education,347
OPT-VO-005-04,VO-005,VO-005a,Unable to assess (note reason),,Exclusion,SingleResponse,SR-VO-005-VO-005A,0,1,True,,40,True,Special Education,348
OPT-VO-006-01,VO-006,VO-006a,"Access to views of the outdoors (e.g., not solely an exterior wall)",1,Source,SingleResponse,SR-VO-006-VO-006A,1,1,False,,10,True,Special Education,350
OPT-VO-006-02,VO-006,VO-006b,Only clerestory windows are provided,0.5,Source,SingleResponse,SR-VO-006-VO-006B,1,1,False,,20,True,Special Education,351
OPT-VO-006-03,VO-006,VO-006c,None of the above,0,Source,SingleResponse,SR-VO-006-VO-006C,1,1,False,,30,True,Special Education,352
OPT-VO-007-01,VO-007,VO-007a,Roller shades are provided,1,Source,SingleResponse,SR-VO-007-VO-007A,1,1,False,,10,True,Special Education,354
OPT-VO-007-02,VO-007,VO-007a,Mini-blinds are provided,0.5,Source,SingleResponse,SR-VO-007-VO-007A,1,1,False,,20,True,Special Education,355
OPT-VO-007-03,VO-007,VO-007a,Other (please note),0,Source,SingleResponse,SR-VO-007-VO-007A,1,1,False,,30,True,Special Education,356
OPT-VO-007-04,VO-007,VO-007a,No window coverings are provided,0,Source,SingleResponse,SR-VO-007-VO-007A,1,1,False,,40,True,Special Education,357
OPT-VO-007-05,VO-007,VO-007a,Unable to assess (note reason),,Exclusion,SingleResponse,SR-VO-007-VO-007A,0,1,True,,50,True,Special Education,358
OPT-VO-008-01,VO-008,VO-008i,Built-in casework is provided,,Inventory,Inventory,INV-VO-008-VO-008I,0,0,False,,10,True,Special Education,360
OPT-VO-008-02,VO-008,VO-008i,Counter space is provided,,Inventory,Inventory,INV-VO-008-VO-008I,0,0,False,,20,True,Special Education,361
OPT-VO-008-03,VO-008,VO-008i,Ensuite storage closet is provided,,Inventory,Inventory,INV-VO-008-VO-008I,0,0,False,,30,True,Special Education,362
OPT-VO-008-04,VO-008,VO-008i,"Furniture-based storage is provided (i.e., shelving or cabinets)",,Inventory,Inventory,INV-VO-008-VO-008I,0,0,False,,40,True,Special Education,363
OPT-VO-008-05,VO-008,VO-008i,Some or all storage is lockable,,Inventory,Inventory,INV-VO-008-VO-008I,0,0,False,,50,True,Special Education,364
OPT-VO-008-06,VO-008,VO-008i,None of the above,,Inventory,Inventory,INV-VO-008-VO-008I,0,0,False,,60,True,Special Education,365
OPT-VO-009-01,VO-009,VO-009a,Good - storage appears sufficient; the space is organized with little visible clutter,1,Source,SingleResponse,SR-VO-009-VO-009A,1,1,False,,10,True,Special Education,367
OPT-VO-009-02,VO-009,VO-009a,Fair - storage appears mostly sufficient; some clutter or overflow is visible,0.5,Source,SingleResponse,SR-VO-009-VO-009A,1,1,False,,20,True,Special Education,368
OPT-VO-009-03,VO-009,VO-009a,Poor - storage appears insufficient; significant clutter or materials without a home,0,Source,SingleResponse,SR-VO-009-VO-009A,1,1,False,,30,True,Special Education,369
OPT-VO-009-04,VO-009,VO-009a,Unable to assess (note reason),,Exclusion,SingleResponse,SR-VO-009-VO-009A,0,1,True,,40,True,Special Education,370
OPT-VO-010-01,VO-010,VO-010a,0,0,Source,SingleResponse,SR-VO-010-VO-010A,1,1,False,,10,True,Special Education,372
OPT-VO-010-02,VO-010,VO-010a,1-2,0.25,Source,SingleResponse,SR-VO-010-VO-010A,1,1,False,,20,True,Special Education,373
OPT-VO-010-03,VO-010,VO-010a,3-4,0.5,Source,SingleResponse,SR-VO-010-VO-010A,1,1,False,,30,True,Special Education,374
OPT-VO-010-04,VO-010,VO-010a,5-7,0.75,Source,SingleResponse,SR-VO-010-VO-010A,1,1,False,,40,True,Special Education,375
OPT-VO-010-05,VO-010,VO-010a,8+,1,Source,SingleResponse,SR-VO-010-VO-010A,1,1,False,,50,True,Special Education,376
OPT-VO-011-01,VO-011,VO-011a,0,0,Source,SingleResponse,SR-VO-011-VO-011A,1,1,False,,10,True,Special Education,378
OPT-VO-011-02,VO-011,VO-011a,1,0.25,Source,SingleResponse,SR-VO-011-VO-011A,1,1,False,,20,True,Special Education,379
OPT-VO-011-03,VO-011,VO-011a,2,0.5,Source,SingleResponse,SR-VO-011-VO-011A,1,1,False,,30,True,Special Education,380
OPT-VO-011-04,VO-011,VO-011a,3,0.75,Source,SingleResponse,SR-VO-011-VO-011A,1,1,False,,40,True,Special Education,381
OPT-VO-011-05,VO-011,VO-011a,4,1,Source,SingleResponse,SR-VO-011-VO-011A,1,1,False,,50,True,Special Education,382
OPT-VO-012-01,VO-012,VO-012a,A thermostat is provided that has adjustable temperature controls,1,Source,SingleResponse,SR-VO-012-VO-012A,1,1,False,,10,True,Special Education,384
OPT-VO-012-02,VO-012,VO-012a,A thermostat is provided that does not have adjustable temperature controls,0.5,Source,SingleResponse,SR-VO-012-VO-012A,1,1,False,,20,True,Special Education,385
OPT-VO-012-03,VO-012,VO-012a,Only a temperature sensor is provided,0.5,Source,SingleResponse,SR-VO-012-VO-012A,1,1,False,,30,True,Special Education,386
OPT-VO-012-04,VO-012,VO-012a,No thermostat or sensor is present in the space,0,Source,SingleResponse,SR-VO-012-VO-012A,1,1,False,,40,True,Special Education,387
OPT-VO-013-01,VO-013,VO-013a,Full-height interior window,1,Source,SingleResponse,SR-VO-013-VO-013A,1,1,False,,10,True,Special Education,389
OPT-VO-013-02,VO-013,VO-013b,Half-height interior window,1,Source,SingleResponse,SR-VO-013-VO-013B,1,1,False,,20,True,Special Education,390
OPT-VO-013-03,VO-013,VO-013c,Sidelight,1,Source,SingleResponse,SR-VO-013-VO-013C,1,1,False,,30,True,Special Education,391
OPT-VO-013-04,VO-013,VO-013d,"Door panel (i.e., glass panel in the door)",0,Source,SingleResponse,SR-VO-013-VO-013D,1,1,False,,40,True,Special Education,392
OPT-VO-013-05,VO-013,VO-013e,None of the above,0,Source,SingleResponse,SR-VO-013-VO-013E,1,1,False,,50,True,Special Education,393
OPT-VO-014-01,VO-014,VO-014i,Less than half,,Inventory,Inventory,INV-VO-014-VO-014I,0,0,False,,10,True,Special Education,395
OPT-VO-014-02,VO-014,VO-014i,About half,,Inventory,Inventory,INV-VO-014-VO-014I,0,0,False,,20,True,Special Education,396
OPT-VO-014-03,VO-014,VO-014i,Most of the wall,,Inventory,Inventory,INV-VO-014-VO-014I,0,0,False,,30,True,Special Education,397
OPT-VO-015-01,VO-015,VO-015a,Interior windows and doors with glass can be covered with a single movement,1,Source,SingleResponse,SR-VO-015-VO-015A,1,1,False,,10,True,Special Education,399
OPT-VO-015-02,VO-015,VO-015b,Exterior windows and doors with glass can be covered with a single movement,1,Source,SingleResponse,SR-VO-015-VO-015B,1,1,False,,20,True,Special Education,400
OPT-VO-015-03,VO-015,VO-015c,There is an area large enough for a full class to easily get out of sight to shelter-in-place (without needing to cover windows or doors with glass),1,Source,SingleResponse,SR-VO-015-VO-015C,1,1,False,,30,True,Special Education,401
OPT-VO-015-04,VO-015,VO-015d,Interior door hardware is lockable from inside the space with a push button or thumb turn lock,1,Source,SingleResponse,SR-VO-015-VO-015D,1,1,False,,40,True,Special Education,402
OPT-VO-015-05,VO-015,VO-015e,None of the above,0,Source,SingleResponse,SR-VO-015-VO-015E,1,1,False,,50,True,Special Education,403
OPT-VO-016-01,VO-016,VO-016i,Refrigerator,,Inventory,Inventory,INV-VO-016-VO-016I,0,0,False,,10,True,Special Education,405
OPT-VO-016-02,VO-016,VO-016i,Microwave,,Inventory,Inventory,INV-VO-016-VO-016I,0,0,False,,20,True,Special Education,406
OPT-VO-016-03,VO-016,VO-016i,Oven/Range/Exhaust Hood,,Inventory,Inventory,INV-VO-016-VO-016I,0,0,False,,30,True,Special Education,407
OPT-VO-016-04,VO-016,VO-016i,Washer/Dryer,,Inventory,Inventory,INV-VO-016-VO-016I,0,0,False,,40,True,Special Education,408
OPT-VO-016-05,VO-016,VO-016i,Sink,,Inventory,Inventory,INV-VO-016-VO-016I,0,0,False,,50,True,Special Education,409
OPT-VO-016-06,VO-016,VO-016i,Floor Drain,,Inventory,Inventory,INV-VO-016-VO-016I,0,0,False,,60,True,Special Education,410
OPT-VO-016-07,VO-016,VO-016i,Utility Sink,,Inventory,Inventory,INV-VO-016-VO-016I,0,0,False,,70,True,Special Education,411
OPT-VO-016-08,VO-016,VO-016i,Public Address speaker,,Inventory,Inventory,INV-VO-016-VO-016I,0,0,False,,80,True,Special Education,412
OPT-VO-016-09,VO-016,VO-016i,Clock,,Inventory,Inventory,INV-VO-016-VO-016I,0,0,False,,90,True,Special Education,413
OPT-VO-016-10,VO-016,VO-016i,Modular Island Work Surface,,Inventory,Inventory,INV-VO-016-VO-016I,0,0,False,,100,True,Special Education,414
OPT-VO-016-11,VO-016,VO-016i,2+ cooking stations,,Inventory,Inventory,INV-VO-016-VO-016I,0,0,False,,110,True,Special Education,415
OPT-VO-016-12,VO-016,VO-016i,None of the above,,Inventory,Inventory,INV-VO-016-VO-016I,0,0,False,,120,True,Special Education,416
OPT-VO-017-01,VO-017,VO-017i,Individual student desks,,Inventory,Inventory,INV-VO-017-VO-017I,0,0,False,,10,True,Special Education,418
OPT-VO-017-02,VO-017,VO-017i,Chair-height student tables,,Inventory,Inventory,INV-VO-017-VO-017I,0,0,False,,20,True,Special Education,419
OPT-VO-017-03,VO-017,VO-017i,"Floor-height student tables (i.e., low tables for floor seating)",,Inventory,Inventory,INV-VO-017-VO-017I,0,0,False,,30,True,Special Education,420
OPT-VO-017-04,VO-017,VO-017i,"Student desks with attached chair (i.e., combo units)",,Inventory,Inventory,INV-VO-017-VO-017I,0,0,False,,40,True,Special Education,421
OPT-VO-017-05,VO-017,VO-017i,"Hard seating (e.g., standard chairs, stools)",,Inventory,Inventory,INV-VO-017-VO-017I,0,0,False,,50,True,Special Education,422
OPT-VO-017-06,VO-017,VO-017i,"Active seating (e.g., wobble stools, rockers)",,Inventory,Inventory,INV-VO-017-VO-017I,0,0,False,,60,True,Special Education,423
OPT-VO-017-07,VO-017,VO-017i,"Soft seating (e.g., bean bags, floor cushions)",,Inventory,Inventory,INV-VO-017-VO-017I,0,0,False,,70,True,Special Education,424
OPT-VO-017-08,VO-017,VO-017i,"One or more mobile writing surfaces (i.e., mobile markerboards)",,Inventory,Inventory,INV-VO-017-VO-017I,0,0,False,,80,True,Special Education,425
OPT-VO-017-09,VO-017,VO-017i,One or more mobile tackboards,,Inventory,Inventory,INV-VO-017-VO-017I,0,0,False,,90,True,Special Education,426
OPT-VO-017-10,VO-017,VO-017i,One or more mobile monitors,,Inventory,Inventory,INV-VO-017-VO-017I,0,0,False,,100,True,Special Education,427
OPT-VO-017-11,VO-017,VO-017i,None of the above,,Inventory,Inventory,INV-VO-017-VO-017I,0,0,False,,110,True,Special Education,428
OPT-VO-018-01,VO-018,VO-018a,"Most furniture can be moved by students or a single teacher (e.g., casters, lightweight pieces)",1,Source,SingleResponse,SR-VO-018-VO-018A,1,1,False,,10,True,Special Education,430
OPT-VO-018-02,VO-018,VO-018a,"Some furniture is movable, some is heavy or fixed",0.5,Source,SingleResponse,SR-VO-018-VO-018A,1,1,False,,20,True,Special Education,431
OPT-VO-018-03,VO-018,VO-018a,"Most furniture is heavy, fixed, or impractical to move",0,Source,SingleResponse,SR-VO-018-VO-018A,1,1,False,,30,True,Special Education,432
OPT-VO-019-01,VO-019,VO-019a,Varied seating is provided for multiple students across multiple areas of the space,1,Source,SingleResponse,SR-VO-019-VO-019A,1,1,False,,10,True,Special Education,434
OPT-VO-019-02,VO-019,VO-019a,"Limited varied seating is provided (i.e., a single area or only a few students accommodated at a time)",0.5,Source,SingleResponse,SR-VO-019-VO-019A,1,1,False,,20,True,Special Education,435
OPT-VO-019-03,VO-019,VO-019a,No varied seating is provided,0,Source,SingleResponse,SR-VO-019-VO-019A,1,1,False,,30,True,Special Education,436
OPT-VO-019-04,VO-019,VO-019a,Unable to assess (note reason),,Exclusion,SingleResponse,SR-VO-019-VO-019A,0,1,True,,40,True,Special Education,437
OPT-VO-020-01,VO-020,VO-020a,Good - appears relatively new or has minimal wear,1,Source,SingleResponse,SR-VO-020-VO-020A,1,1,False,,10,True,Special Education,439
OPT-VO-020-02,VO-020,VO-020a,"Fair - some furniture is noticeably worn or aging, but all is functional",0.5,Source,SingleResponse,SR-VO-020-VO-020A,1,1,False,,20,True,Special Education,440
OPT-VO-020-03,VO-020,VO-020a,"Poor - some or all furniture is significantly worn, damaged, or not usable",0,Source,SingleResponse,SR-VO-020-VO-020A,1,1,False,,30,True,Special Education,441
OPT-VO-021-01,VO-021,VO-021i,"Resilient flooring (e.g., vinyl, rubber)",,Inventory,Inventory,INV-VO-021-VO-021I,0,0,False,,10,True,Special Education,443
OPT-VO-021-02,VO-021,VO-021i,Porcelain tile,,Inventory,Inventory,INV-VO-021-VO-021I,0,0,False,,20,True,Special Education,444
OPT-VO-021-03,VO-021,VO-021i,Terrazzo,,Inventory,Inventory,INV-VO-021-VO-021I,0,0,False,,30,True,Special Education,445
OPT-VO-021-04,VO-021,VO-021i,Polished concrete,,Inventory,Inventory,INV-VO-021-VO-021I,0,0,False,,40,True,Special Education,446
OPT-VO-021-05,VO-021,VO-021i,"Carpet (i.e., not a loose rug)",,Inventory,Inventory,INV-VO-021-VO-021I,0,0,False,,50,True,Special Education,447
OPT-VO-021-06,VO-021,VO-021i,Resinous flooring (epoxy),,Inventory,Inventory,INV-VO-021-VO-021I,0,0,False,,60,True,Special Education,448
OPT-VO-021-07,VO-021,VO-021i,Unable to assess (note reason),,Inventory,Inventory,INV-VO-021-VO-021I,0,0,True,,70,True,Special Education,449
OPT-VO-022-01,VO-022,VO-022a,Acoustic panel ceiling (ACT),1,Source,SingleResponse,SR-VO-022-VO-022A,1,1,False,,10,True,Special Education,451
OPT-VO-022-02,VO-022,VO-022b,Acoustic wall panels,1,Source,SingleResponse,SR-VO-022-VO-022B,1,1,False,,20,True,Special Education,452
OPT-VO-022-03,VO-022,VO-022c,"Floor coverings (e.g., rugs)",1,Source,SingleResponse,SR-VO-022-VO-022C,1,1,False,,30,True,Special Education,453
OPT-VO-022-04,VO-022,VO-022d,Exposed structure,1,Source,SingleResponse,SR-VO-022-VO-022D,1,1,False,,40,True,Special Education,454
OPT-VO-022-05,VO-022,VO-022e,None of the above,0,Source,SingleResponse,SR-VO-022-VO-022E,1,1,False,,50,True,Special Education,455
OPT-VO-023-01,VO-023,VO-023a,None,0,Source,SingleResponse,SR-VO-023-VO-023A,1,1,False,,10,True,Special Education,457
OPT-VO-023-02,VO-023,VO-023a,<4 linear feet,0.2,Source,SingleResponse,SR-VO-023-VO-023A,1,1,False,,20,True,Special Education,458
OPT-VO-023-03,VO-023,VO-023a,4 to <8 linear feet,0.4,Source,SingleResponse,SR-VO-023-VO-023A,1,1,False,,30,True,Special Education,459
OPT-VO-023-04,VO-023,VO-023a,8 to <12 linear feet,0.6,Source,SingleResponse,SR-VO-023-VO-023A,1,1,False,,40,True,Special Education,460
OPT-VO-023-05,VO-023,VO-023a,12 to <16 linear feet,0.8,Source,SingleResponse,SR-VO-023-VO-023A,1,1,False,,50,True,Special Education,461
OPT-VO-023-06,VO-023,VO-023a,16+ linear feet,1,Source,SingleResponse,SR-VO-023-VO-023A,1,1,False,,60,True,Special Education,462
OPT-VO-023-07,VO-023,VO-023a,Unable to assess (note reason),,Exclusion,SingleResponse,SR-VO-023-VO-023A,0,1,True,,70,True,Special Education,463
OPT-VO-024-01,VO-024,VO-024a,None,0,Source,SingleResponse,SR-VO-024-VO-024A,1,1,False,,10,True,Special Education,465
OPT-VO-024-02,VO-024,VO-024a,<4 linear feet,0.33,Source,SingleResponse,SR-VO-024-VO-024A,1,1,False,,20,True,Special Education,466
OPT-VO-024-03,VO-024,VO-024a,4 to <8 linear feet,0.66,Source,SingleResponse,SR-VO-024-VO-024A,1,1,False,,30,True,Special Education,467
OPT-VO-024-04,VO-024,VO-024a,8+ linear feet,1,Source,SingleResponse,SR-VO-024-VO-024A,1,1,False,,40,True,Special Education,468
OPT-VO-024-05,VO-024,VO-024a,Unable to assess (note reason),,Exclusion,SingleResponse,SR-VO-024-VO-024A,0,1,True,,50,True,Special Education,469
OPT-VO-025-01,VO-025,VO-025a,Life Skills Studio is within close proximity,1,Source,SingleResponse,SR-VO-025-VO-025A,1,1,False,,10,True,Special Education,471
OPT-VO-025-02,VO-025,VO-025b,SPED Flex Studio is within close proximity,1,Source,SingleResponse,SR-VO-025-VO-025B,1,1,False,,20,True,Special Education,472
OPT-VO-025-03,VO-025,VO-025c,None of the above,0,Source,SingleResponse,SR-VO-025-VO-025C,1,1,False,,30,True,Special Education,473
OPT-SP-002-01,SP-002,SP-002a,Yes,1,Source,SingleResponse,SR-SP-002-SP-002A,1,1,False,,10,True,Special Education,479
OPT-SP-002-02,SP-002,SP-002a,No,0,Source,SingleResponse,SR-SP-002-SP-002A,1,1,False,,20,True,Special Education,480
OPT-SP-002-03,SP-002,SP-002a,Unable to assess (note reason),,Exclusion,SingleResponse,SR-SP-002-SP-002A,0,1,True,,30,True,Special Education,481
OPT-SP-003-01,SP-003,SP-003a,Yes,1,Source,SingleResponse,SR-SP-003-SP-003A,1,1,False,,10,True,Special Education,483
OPT-SP-003-02,SP-003,SP-003a,No,0,Source,SingleResponse,SR-SP-003-SP-003A,1,1,False,,20,True,Special Education,484
OPT-SP-003-03,SP-003,SP-003a,Unable to assess (note reason),,Exclusion,SingleResponse,SR-SP-003-SP-003A,0,1,True,,30,True,Special Education,485
OPT-SP-004-01,SP-004,SP-004a,Primary light fixtures are dimmable,1,Source,SingleResponse,SR-SP-004-SP-004A,1,1,False,,10,True,Special Education,487
OPT-SP-004-02,SP-004,SP-004b,Primary light fixtures are LED,1,Source,SingleResponse,SR-SP-004-SP-004B,1,1,False,,20,True,Special Education,488
OPT-SP-004-03,SP-004,SP-004c,None of the above,0,Source,SingleResponse,SR-SP-004-SP-004C,1,1,False,,30,True,Special Education,489
OPT-SP-005-01,SP-005,SP-005a,Good - walls are painted in light colors and accent color is used to reduce monotony,1,Source,SingleResponse,SR-SP-005-SP-005A,1,1,False,,10,True,Special Education,491
OPT-SP-005-02,SP-005,SP-005a,Poor - walls are painted in dark or monotonous colors,0,Source,SingleResponse,SR-SP-005-SP-005A,1,1,False,,20,True,Special Education,492
OPT-SP-005-03,SP-005,SP-005a,Unable to assess (note reason),,Exclusion,SingleResponse,SR-SP-005-SP-005A,0,1,True,,30,True,Special Education,493
OPT-SP-006-01,SP-006,SP-006a,Yes,1,Source,SingleResponse,SR-SP-006-SP-006A,1,1,False,,10,True,Special Education,495
OPT-SP-006-02,SP-006,SP-006a,No,0,Source,SingleResponse,SR-SP-006-SP-006A,1,1,False,,20,True,Special Education,496
OPT-SP-006-03,SP-006,SP-006a,Unable to assess (note reason),,Exclusion,SingleResponse,SR-SP-006-SP-006A,0,1,True,,30,True,Special Education,497
OPT-SP-007-01,SP-007,SP-007a,"Yes, and there are views to the exterior",1,Source,SingleResponse,SR-SP-007-SP-007A,1,1,False,,10,True,Special Education,499
OPT-SP-007-02,SP-007,SP-007a,"Yes, but there are no views to the exterior",0.5,Source,SingleResponse,SR-SP-007-SP-007A,1,1,False,,20,True,Special Education,500
OPT-SP-007-03,SP-007,SP-007a,No,0,Source,SingleResponse,SR-SP-007-SP-007A,1,1,False,,30,True,Special Education,501
OPT-SP-007-04,SP-007,SP-007a,Unable to assess (note reason),,Exclusion,SingleResponse,SR-SP-007-SP-007A,0,1,True,,40,True,Special Education,502
OPT-SP-008-01,SP-008,SP-008a,"Access to views of the outdoors (e.g., not solely an exterior wall)",1,Source,SingleResponse,SR-SP-008-SP-008A,1,1,False,,10,True,Special Education,504
OPT-SP-008-02,SP-008,SP-008b,Only clerestory windows are provided,0.5,Source,SingleResponse,SR-SP-008-SP-008B,1,1,False,,20,True,Special Education,505
OPT-SP-008-03,SP-008,SP-008c,None of the above,0,Source,SingleResponse,SR-SP-008-SP-008C,1,1,False,,30,True,Special Education,506
OPT-SP-009-01,SP-009,SP-009a,Roller shades are provided,1,Source,SingleResponse,SR-SP-009-SP-009A,1,1,False,,10,True,Special Education,508
OPT-SP-009-02,SP-009,SP-009a,Mini-blinds are provided,0.5,Source,SingleResponse,SR-SP-009-SP-009A,1,1,False,,20,True,Special Education,509
OPT-SP-009-03,SP-009,SP-009a,Other (please note),0,Source,SingleResponse,SR-SP-009-SP-009A,1,1,False,,30,True,Special Education,510
OPT-SP-009-04,SP-009,SP-009a,No window coverings are provided,0,Source,SingleResponse,SR-SP-009-SP-009A,1,1,False,,40,True,Special Education,511
OPT-SP-009-05,SP-009,SP-009a,Unable to assess (note reason),,Exclusion,SingleResponse,SR-SP-009-SP-009A,0,1,True,,50,True,Special Education,512
OPT-SP-010-01,SP-010,SP-010i,Ensuite storage closet is provided,,Inventory,Inventory,INV-SP-010-SP-010I,0,0,False,,10,True,Special Education,514
OPT-SP-010-02,SP-010,SP-010i,"Furniture-based storage is provided (i.e., shelving or cabinets)",,Inventory,Inventory,INV-SP-010-SP-010I,0,0,False,,20,True,Special Education,515
OPT-SP-010-03,SP-010,SP-010i,Some or all storage is lockable,,Inventory,Inventory,INV-SP-010-SP-010I,0,0,False,,30,True,Special Education,516
OPT-SP-010-04,SP-010,SP-010i,None of the above,,Inventory,Inventory,INV-SP-010-SP-010I,0,0,False,,40,True,Special Education,517
OPT-SP-011-01,SP-011,SP-011a,Good - storage appears sufficient; the space is organized with little visible clutter,1,Source,SingleResponse,SR-SP-011-SP-011A,1,1,False,,10,True,Special Education,519
OPT-SP-011-02,SP-011,SP-011a,Fair - storage appears mostly sufficient; some clutter or overflow is visible,0.5,Source,SingleResponse,SR-SP-011-SP-011A,1,1,False,,20,True,Special Education,520
OPT-SP-011-03,SP-011,SP-011a,Poor - storage appears insufficient; significant clutter or materials without a home,0,Source,SingleResponse,SR-SP-011-SP-011A,1,1,False,,30,True,Special Education,521
OPT-SP-011-04,SP-011,SP-011a,Unable to assess (note reason),,Exclusion,SingleResponse,SR-SP-011-SP-011A,0,1,True,,40,True,Special Education,522
OPT-SP-012-01,SP-012,SP-012a,0,0,Source,SingleResponse,SR-SP-012-SP-012A,1,1,False,,10,True,Special Education,524
OPT-SP-012-02,SP-012,SP-012a,1-2,0.25,Source,SingleResponse,SR-SP-012-SP-012A,1,1,False,,20,True,Special Education,525
OPT-SP-012-03,SP-012,SP-012a,3-4,0.5,Source,SingleResponse,SR-SP-012-SP-012A,1,1,False,,30,True,Special Education,526
OPT-SP-012-04,SP-012,SP-012a,5-7,0.75,Source,SingleResponse,SR-SP-012-SP-012A,1,1,False,,40,True,Special Education,527
OPT-SP-012-05,SP-012,SP-012a,8+,1,Source,SingleResponse,SR-SP-012-SP-012A,1,1,False,,50,True,Special Education,528
OPT-SP-013-01,SP-013,SP-013a,0,0,Source,SingleResponse,SR-SP-013-SP-013A,1,1,False,,10,True,Special Education,530
OPT-SP-013-02,SP-013,SP-013a,1,0.25,Source,SingleResponse,SR-SP-013-SP-013A,1,1,False,,20,True,Special Education,531
OPT-SP-013-03,SP-013,SP-013a,2,0.5,Source,SingleResponse,SR-SP-013-SP-013A,1,1,False,,30,True,Special Education,532
OPT-SP-013-04,SP-013,SP-013a,3,0.75,Source,SingleResponse,SR-SP-013-SP-013A,1,1,False,,40,True,Special Education,533
OPT-SP-013-05,SP-013,SP-013a,4,1,Source,SingleResponse,SR-SP-013-SP-013A,1,1,False,,50,True,Special Education,534
OPT-SP-014-01,SP-014,SP-014a,A thermostat is provided that has adjustable temperature controls,1,Source,SingleResponse,SR-SP-014-SP-014A,1,1,False,,10,True,Special Education,536
OPT-SP-014-02,SP-014,SP-014a,A thermostat is provided that does not have adjustable temperature controls,0.5,Source,SingleResponse,SR-SP-014-SP-014A,1,1,False,,20,True,Special Education,537
OPT-SP-014-03,SP-014,SP-014a,Only a temperature sensor is provided,0.5,Source,SingleResponse,SR-SP-014-SP-014A,1,1,False,,30,True,Special Education,538
OPT-SP-014-04,SP-014,SP-014a,No thermostat or sensor is present in the space,0,Source,SingleResponse,SR-SP-014-SP-014A,1,1,False,,40,True,Special Education,539
OPT-SP-015-01,SP-015,SP-015a,Full-height interior window,1,Source,SingleResponse,SR-SP-015-SP-015A,1,1,False,,10,True,Special Education,541
OPT-SP-015-02,SP-015,SP-015b,Half-height interior window,1,Source,SingleResponse,SR-SP-015-SP-015B,1,1,False,,20,True,Special Education,542
OPT-SP-015-03,SP-015,SP-015c,Sidelight,1,Source,SingleResponse,SR-SP-015-SP-015C,1,1,False,,30,True,Special Education,543
OPT-SP-015-04,SP-015,SP-015d,"Door panel (i.e., glass panel in the door)",0,Source,SingleResponse,SR-SP-015-SP-015D,1,1,False,,40,True,Special Education,544
OPT-SP-015-05,SP-015,SP-015e,None of the above,0,Source,SingleResponse,SR-SP-015-SP-015E,1,1,False,,50,True,Special Education,545
OPT-SP-016-01,SP-016,SP-016i,Less than half,,Inventory,Inventory,INV-SP-016-SP-016I,0,0,False,,10,True,Special Education,547
OPT-SP-016-02,SP-016,SP-016i,About half,,Inventory,Inventory,INV-SP-016-SP-016I,0,0,False,,20,True,Special Education,548
OPT-SP-016-03,SP-016,SP-016i,Most of the wall,,Inventory,Inventory,INV-SP-016-SP-016I,0,0,False,,30,True,Special Education,549
OPT-SP-017-01,SP-017,SP-017a,Interior windows and doors with glass can be covered with a single movement,1,Source,SingleResponse,SR-SP-017-SP-017A,1,1,False,,10,True,Special Education,551
OPT-SP-017-02,SP-017,SP-017b,Exterior windows and doors with glass can be covered with a single movement,1,Source,SingleResponse,SR-SP-017-SP-017B,1,1,False,,20,True,Special Education,552
OPT-SP-017-03,SP-017,SP-017c,There is an area large enough for a full class to easily get out of sight to shelter-in-place (without needing to cover windows or doors with glass),1,Source,SingleResponse,SR-SP-017-SP-017C,1,1,False,,30,True,Special Education,553
OPT-SP-017-04,SP-017,SP-017d,Interior door hardware is lockable from inside the space with a push button or thumb turn lock,1,Source,SingleResponse,SR-SP-017-SP-017D,1,1,False,,40,True,Special Education,554
OPT-SP-017-05,SP-017,SP-017e,None of the above,0,Source,SingleResponse,SR-SP-017-SP-017E,1,1,False,,50,True,Special Education,555
OPT-SP-018-01,SP-018,SP-018i,Individual student desks,,Inventory,Inventory,INV-SP-018-SP-018I,0,0,False,,10,True,Special Education,557
OPT-SP-018-02,SP-018,SP-018i,Chair-height student tables,,Inventory,Inventory,INV-SP-018-SP-018I,0,0,False,,20,True,Special Education,558
OPT-SP-018-03,SP-018,SP-018i,"Floor-height student tables (i.e., low tables for floor seating)",,Inventory,Inventory,INV-SP-018-SP-018I,0,0,False,,30,True,Special Education,559
OPT-SP-018-04,SP-018,SP-018i,"Student desks with attached chair (i.e., combo units)",,Inventory,Inventory,INV-SP-018-SP-018I,0,0,False,,40,True,Special Education,560
OPT-SP-018-05,SP-018,SP-018i,"Hard seating (e.g., standard chairs, stools)",,Inventory,Inventory,INV-SP-018-SP-018I,0,0,False,,50,True,Special Education,561
OPT-SP-018-06,SP-018,SP-018i,"Active seating (e.g., wobble stools, rockers)",,Inventory,Inventory,INV-SP-018-SP-018I,0,0,False,,60,True,Special Education,562
OPT-SP-018-07,SP-018,SP-018i,"Soft seating (e.g., bean bags, floor cushions)",,Inventory,Inventory,INV-SP-018-SP-018I,0,0,False,,70,True,Special Education,563
OPT-SP-018-08,SP-018,SP-018i,"One or more mobile writing surfaces (i.e., mobile markerboards)",,Inventory,Inventory,INV-SP-018-SP-018I,0,0,False,,80,True,Special Education,564
OPT-SP-018-09,SP-018,SP-018i,One or more mobile tackboards,,Inventory,Inventory,INV-SP-018-SP-018I,0,0,False,,90,True,Special Education,565
OPT-SP-018-10,SP-018,SP-018i,One or more mobile monitors,,Inventory,Inventory,INV-SP-018-SP-018I,0,0,False,,100,True,Special Education,566
OPT-SP-018-11,SP-018,SP-018i,None of the above,,Inventory,Inventory,INV-SP-018-SP-018I,0,0,False,,110,True,Special Education,567
OPT-SP-019-01,SP-019,SP-019a,"Most furniture can be moved by students or a single teacher (e.g., casters, lightweight pieces)",1,Source,SingleResponse,SR-SP-019-SP-019A,1,1,False,,10,True,Special Education,569
OPT-SP-019-02,SP-019,SP-019a,"Some furniture is movable, some is heavy or fixed",0.5,Source,SingleResponse,SR-SP-019-SP-019A,1,1,False,,20,True,Special Education,570
OPT-SP-019-03,SP-019,SP-019a,"Most furniture is heavy, fixed, or impractical to move",0,Source,SingleResponse,SR-SP-019-SP-019A,1,1,False,,30,True,Special Education,571
OPT-SP-020-01,SP-020,SP-020a,Varied seating is provided for multiple students across multiple areas of the space,1,Source,SingleResponse,SR-SP-020-SP-020A,1,1,False,,10,True,Special Education,573
OPT-SP-020-02,SP-020,SP-020a,"Limited varied seating is provided (i.e., a single area or only a few students accommodated at a time)",0.5,Source,SingleResponse,SR-SP-020-SP-020A,1,1,False,,20,True,Special Education,574
OPT-SP-020-03,SP-020,SP-020a,No varied seating is provided,0,Source,SingleResponse,SR-SP-020-SP-020A,1,1,False,,30,True,Special Education,575
OPT-SP-020-04,SP-020,SP-020a,Unable to assess (note reason),,Exclusion,SingleResponse,SR-SP-020-SP-020A,0,1,True,,40,True,Special Education,576
OPT-SP-021-01,SP-021,SP-021a,Good - appears relatively new or has minimal wear,1,Source,SingleResponse,SR-SP-021-SP-021A,1,1,False,,10,True,Special Education,578
OPT-SP-021-02,SP-021,SP-021a,"Fair - some furniture is noticeably worn or aging, but all is functional",0.5,Source,SingleResponse,SR-SP-021-SP-021A,1,1,False,,20,True,Special Education,579
OPT-SP-021-03,SP-021,SP-021a,"Poor - some or all furniture is significantly worn, damaged, or not usable",0,Source,SingleResponse,SR-SP-021-SP-021A,1,1,False,,30,True,Special Education,580
OPT-SP-022-01,SP-022,SP-022i,"Resilient flooring (e.g., vinyl, rubber)",,Inventory,Inventory,INV-SP-022-SP-022I,0,0,False,,10,True,Special Education,582
OPT-SP-022-02,SP-022,SP-022i,Porcelain tile,,Inventory,Inventory,INV-SP-022-SP-022I,0,0,False,,20,True,Special Education,583
OPT-SP-022-03,SP-022,SP-022i,Terrazzo,,Inventory,Inventory,INV-SP-022-SP-022I,0,0,False,,30,True,Special Education,584
OPT-SP-022-04,SP-022,SP-022i,Polished concrete,,Inventory,Inventory,INV-SP-022-SP-022I,0,0,False,,40,True,Special Education,585
OPT-SP-022-05,SP-022,SP-022i,"Carpet (i.e., not a loose rug)",,Inventory,Inventory,INV-SP-022-SP-022I,0,0,False,,50,True,Special Education,586
OPT-SP-022-06,SP-022,SP-022i,Resinous flooring (epoxy),,Inventory,Inventory,INV-SP-022-SP-022I,0,0,False,,60,True,Special Education,587
OPT-SP-022-07,SP-022,SP-022i,Unable to assess (note reason),,Inventory,Inventory,INV-SP-022-SP-022I,0,0,True,,70,True,Special Education,588
OPT-SP-023-01,SP-023,SP-023a,Sink,1,Source,SingleResponse,SR-SP-023-SP-023A,1,1,False,,10,True,Special Education,590
OPT-SP-023-02,SP-023,SP-023b,Hot and cold water access,1,Source,SingleResponse,SR-SP-023-SP-023B,1,1,False,,20,True,Special Education,591
OPT-SP-023-03,SP-023,SP-023c,None of the above,0,Source,SingleResponse,SR-SP-023-SP-023C,1,1,False,,30,True,Special Education,592
OPT-SP-024-01,SP-024,SP-024a,Acoustic panel ceiling (ACT),1,Source,SingleResponse,SR-SP-024-SP-024A,1,1,False,,10,True,Special Education,594
OPT-SP-024-02,SP-024,SP-024b,Acoustic wall panels,1,Source,SingleResponse,SR-SP-024-SP-024B,1,1,False,,20,True,Special Education,595
OPT-SP-024-03,SP-024,SP-024c,"Floor coverings (e.g., rugs)",1,Source,SingleResponse,SR-SP-024-SP-024C,1,1,False,,30,True,Special Education,596
OPT-SP-024-04,SP-024,SP-024d,Exposed structure,1,Source,SingleResponse,SR-SP-024-SP-024D,1,1,False,,40,True,Special Education,597
OPT-SP-024-05,SP-024,SP-024e,None of the above,0,Source,SingleResponse,SR-SP-024-SP-024E,1,1,False,,50,True,Special Education,598
OPT-SP-025-01,SP-025,SP-025a,None,0,Source,SingleResponse,SR-SP-025-SP-025A,1,1,False,,10,True,Special Education,600
OPT-SP-025-02,SP-025,SP-025a,<4 linear feet,0.2,Source,SingleResponse,SR-SP-025-SP-025A,1,1,False,,20,True,Special Education,601
OPT-SP-025-03,SP-025,SP-025a,4 to <8 linear feet,0.4,Source,SingleResponse,SR-SP-025-SP-025A,1,1,False,,30,True,Special Education,602
OPT-SP-025-04,SP-025,SP-025a,8 to <12 linear feet,0.6,Source,SingleResponse,SR-SP-025-SP-025A,1,1,False,,40,True,Special Education,603
OPT-SP-025-05,SP-025,SP-025a,12 to <16 linear feet,0.8,Source,SingleResponse,SR-SP-025-SP-025A,1,1,False,,50,True,Special Education,604
OPT-SP-025-06,SP-025,SP-025a,16+ linear feet,1,Source,SingleResponse,SR-SP-025-SP-025A,1,1,False,,60,True,Special Education,605
OPT-SP-025-07,SP-025,SP-025a,Unable to assess (note reason),,Exclusion,SingleResponse,SR-SP-025-SP-025A,0,1,True,,70,True,Special Education,606
OPT-SP-026-01,SP-026,SP-026a,Ensuite restroom,1,Source,SingleResponse,SR-SP-026-SP-026A,1,1,False,,10,True,Special Education,608
OPT-SP-026-02,SP-026,SP-026a,Adjacent to the suite with direct visibility,0.66,Source,SingleResponse,SR-SP-026-SP-026A,1,1,False,,20,True,Special Education,609
OPT-SP-026-03,SP-026,SP-026a,Adjacent to the suite without direct visibility,0.33,Source,SingleResponse,SR-SP-026-SP-026A,1,1,False,,30,True,Special Education,610
OPT-SP-026-04,SP-026,SP-026a,None,0,Source,SingleResponse,SR-SP-026-SP-026A,1,1,False,,40,True,Special Education,611
OPT-SP-027-01,SP-027,SP-027a,Yes,1,Source,SingleResponse,SR-SP-027-SP-027A,1,1,False,,10,True,Special Education,613
OPT-SP-027-02,SP-027,SP-027a,No,0,Source,SingleResponse,SR-SP-027-SP-027A,1,1,False,,20,True,Special Education,614
OPT-SP-027-03,SP-027,SP-027a,Unable to assess (note reason),,Exclusion,SingleResponse,SR-SP-027-SP-027A,0,1,True,,30,True,Special Education,615
OPT-MC-002-01,MC-002,MC-002a,The space is centrally located among all learning neighborhoods,1,Source,SingleResponse,SR-MC-002-MC-002A,1,1,False,,10,True,Library Media Center,7
OPT-MC-002-02,MC-002,MC-002b,Signage clearly identifies the space,1,Source,SingleResponse,SR-MC-002-MC-002B,1,1,False,,20,True,Library Media Center,8
OPT-MC-002-03,MC-002,MC-002c,The space is easily accessible from primary circulation,1,Source,SingleResponse,SR-MC-002-MC-002C,1,1,False,,30,True,Library Media Center,9
OPT-MC-002-04,MC-002,MC-002d,None of the above,0,Source,SingleResponse,SR-MC-002-MC-002D,1,1,False,,40,True,Library Media Center,10
OPT-MC-003-01,MC-003,MC-003a,Reading room,1,Source,SingleResponse,SR-MC-003-MC-003A,1,1,False,,10,True,Library Media Center,12
OPT-MC-003-02,MC-003,MC-003b,Office,1,Source,SingleResponse,SR-MC-003-MC-003B,1,1,False,,20,True,Library Media Center,13
OPT-MC-003-03,MC-003,MC-003c,Workroom,1,Source,SingleResponse,SR-MC-003-MC-003C,1,1,False,,30,True,Library Media Center,14
OPT-MC-003-04,MC-003,MC-003d,Literacy library / book storage,1,Source,SingleResponse,SR-MC-003-MC-003D,1,1,False,,40,True,Library Media Center,15
OPT-MC-003-05,MC-003,MC-003e,Literacy office,1,Source,SingleResponse,SR-MC-003-MC-003E,1,1,False,,50,True,Library Media Center,16
OPT-MC-003-06,MC-003,MC-003f,None of the above,0,Source,SingleResponse,SR-MC-003-MC-003F,1,1,False,,60,True,Library Media Center,17
OPT-MC-004-01,MC-004,MC-004a,Reading room / teaching area,1,Source,SingleResponse,SR-MC-004-MC-004A,1,1,False,,10,True,Library Media Center,19
OPT-MC-004-02,MC-004,MC-004b,Circulation area,1,Source,SingleResponse,SR-MC-004-MC-004B,1,1,False,,20,True,Library Media Center,20
OPT-MC-004-03,MC-004,MC-004c,Workroom,1,Source,SingleResponse,SR-MC-004-MC-004C,1,1,False,,30,True,Library Media Center,21
OPT-MC-004-04,MC-004,MC-004d,Storage room,1,Source,SingleResponse,SR-MC-004-MC-004D,1,1,False,,40,True,Library Media Center,22
OPT-MC-004-05,MC-004,MC-004e,Office(s),1,Source,SingleResponse,SR-MC-004-MC-004E,1,1,False,,50,True,Library Media Center,23
OPT-MC-004-06,MC-004,MC-004f,Group room(s),1,Source,SingleResponse,SR-MC-004-MC-004F,1,1,False,,60,True,Library Media Center,24
OPT-MC-004-07,MC-004,MC-004g,Family restroom,1,Source,SingleResponse,SR-MC-004-MC-004G,1,1,False,,70,True,Library Media Center,25
OPT-MC-004-08,MC-004,MC-004h,None of the above,0,Source,SingleResponse,SR-MC-004-MC-004H,1,1,False,,80,True,Library Media Center,26
OPT-MC-005-01,MC-005,MC-005a,Reading room / teaching area,1,Source,SingleResponse,SR-MC-005-MC-005A,1,1,False,,10,True,Library Media Center,28
OPT-MC-005-02,MC-005,MC-005b,Circulation area,1,Source,SingleResponse,SR-MC-005-MC-005B,1,1,False,,20,True,Library Media Center,29
OPT-MC-005-03,MC-005,MC-005c,Workroom,1,Source,SingleResponse,SR-MC-005-MC-005C,1,1,False,,30,True,Library Media Center,30
OPT-MC-005-04,MC-005,MC-005d,Storage room,1,Source,SingleResponse,SR-MC-005-MC-005D,1,1,False,,40,True,Library Media Center,31
OPT-MC-005-05,MC-005,MC-005e,Presentation room,1,Source,SingleResponse,SR-MC-005-MC-005E,1,1,False,,50,True,Library Media Center,32
OPT-MC-005-06,MC-005,MC-005f,Office(s),1,Source,SingleResponse,SR-MC-005-MC-005F,1,1,False,,60,True,Library Media Center,33
OPT-MC-005-07,MC-005,MC-005g,Group room(s),1,Source,SingleResponse,SR-MC-005-MC-005G,1,1,False,,70,True,Library Media Center,34
OPT-MC-005-08,MC-005,MC-005h,None of the above,0,Source,SingleResponse,SR-MC-005-MC-005H,1,1,False,,80,True,Library Media Center,35
OPT-MC-006-01,MC-006,MC-006a,0,0,Source,SingleResponse,SR-MC-006-MC-006A,1,1,False,,10,True,Library Media Center,37
OPT-MC-006-02,MC-006,MC-006a,1,0.5,Source,SingleResponse,SR-MC-006-MC-006A,1,1,False,,20,True,Library Media Center,38
OPT-MC-006-03,MC-006,MC-006a,2+,1,Source,SingleResponse,SR-MC-006-MC-006A,1,1,False,,30,True,Library Media Center,39
OPT-MC-007-01,MC-007,MC-007a,0,0,Source,SingleResponse,SR-MC-007-MC-007A,1,1,False,,10,True,Library Media Center,41
OPT-MC-007-02,MC-007,MC-007a,1,0.5,Source,SingleResponse,SR-MC-007-MC-007A,1,1,False,,20,True,Library Media Center,42
OPT-MC-007-03,MC-007,MC-007a,2+,1,Source,SingleResponse,SR-MC-007-MC-007A,1,1,False,,30,True,Library Media Center,43
OPT-MC-008-01,MC-008,MC-008a,Quiet reading,1,Source,SingleResponse,SR-MC-008-MC-008A,1,1,False,,10,True,Library Media Center,45
OPT-MC-008-02,MC-008,MC-008b,Individual/group research,1,Source,SingleResponse,SR-MC-008-MC-008B,1,1,False,,20,True,Library Media Center,46
OPT-MC-008-03,MC-008,MC-008c,Small group collaboration,1,Source,SingleResponse,SR-MC-008-MC-008C,1,1,False,,30,True,Library Media Center,47
OPT-MC-008-04,MC-008,MC-008d,Large group presentations,1,Source,SingleResponse,SR-MC-008-MC-008D,1,1,False,,40,True,Library Media Center,48
OPT-MC-008-05,MC-008,MC-008e,None of the above,0,Source,SingleResponse,SR-MC-008-MC-008E,1,1,False,,50,True,Library Media Center,49
OPT-MC-009-01,MC-009,MC-009a,Primary light fixtures are dimmable,1,Source,SingleResponse,SR-MC-009-MC-009A,1,1,False,,10,True,Library Media Center,51
OPT-MC-009-02,MC-009,MC-009b,Primary light fixtures are LED,1,Source,SingleResponse,SR-MC-009-MC-009B,1,1,False,,20,True,Library Media Center,52
OPT-MC-009-03,MC-009,MC-009c,None of the above,0,Source,SingleResponse,SR-MC-009-MC-009C,1,1,False,,30,True,Library Media Center,53
OPT-MC-010-01,MC-010,MC-010a,Good - walls are painted in light colors and accent color is used to reduce monotony,1,Source,SingleResponse,SR-MC-010-MC-010A,1,1,False,,10,True,Library Media Center,55
OPT-MC-010-02,MC-010,MC-010a,Fair - walls are painted in light colors but no accent color is used,0.5,Source,SingleResponse,SR-MC-010-MC-010A,1,1,False,,20,True,Library Media Center,56
OPT-MC-010-03,MC-010,MC-010a,Poor - walls are painted in dark or monotonous colors,0,Source,SingleResponse,SR-MC-010-MC-010A,1,1,False,,30,True,Library Media Center,57
OPT-MC-010-04,MC-010,MC-010a,Unable to assess (note reason),,Exclusion,SingleResponse,SR-MC-010-MC-010A,0,1,True,,40,True,Library Media Center,58
OPT-MC-011-01,MC-011,MC-011a,Yes,1,Source,SingleResponse,SR-MC-011-MC-011A,1,1,False,,10,True,Library Media Center,60
OPT-MC-011-02,MC-011,MC-011a,No,0,Source,SingleResponse,SR-MC-011-MC-011A,1,1,False,,20,True,Library Media Center,61
OPT-MC-011-03,MC-011,MC-011a,Unable to assess (note reason),,Exclusion,SingleResponse,SR-MC-011-MC-011A,0,1,True,,30,True,Library Media Center,62
OPT-MC-012-01,MC-012,MC-012a,"Yes, and there are views to the exterior",1,Source,SingleResponse,SR-MC-012-MC-012A,1,1,False,,10,True,Library Media Center,64
OPT-MC-012-02,MC-012,MC-012a,"Yes, but there are no views to the exterior",0.5,Source,SingleResponse,SR-MC-012-MC-012A,1,1,False,,20,True,Library Media Center,65
OPT-MC-012-03,MC-012,MC-012a,No,0,Source,SingleResponse,SR-MC-012-MC-012A,1,1,False,,30,True,Library Media Center,66
OPT-MC-012-04,MC-012,MC-012a,Unable to assess (note reason),,Exclusion,SingleResponse,SR-MC-012-MC-012A,0,1,True,,40,True,Library Media Center,67
OPT-MC-013-01,MC-013,MC-013a,"Access to views of the outdoors (e.g., not solely a view of an exterior wall)",1,Source,SingleResponse,SR-MC-013-MC-013A,1,1,False,,10,True,Library Media Center,69
OPT-MC-013-02,MC-013,MC-013b,Views are not obstructed by tall shelving along the perimeter,1,Source,SingleResponse,SR-MC-013-MC-013B,1,1,False,,20,True,Library Media Center,70
OPT-MC-013-03,MC-013,MC-013c,Only clerestory windows are provided,0.5,Source,SingleResponse,SR-MC-013-MC-013C,1,1,False,,30,True,Library Media Center,71
OPT-MC-013-04,MC-013,MC-013d,None of the above,0,Source,SingleResponse,SR-MC-013-MC-013D,1,1,False,,40,True,Library Media Center,72
OPT-MC-014-01,MC-014,MC-014a,Roller shades are provided,1,Source,SingleResponse,SR-MC-014-MC-014A,1,1,False,,10,True,Library Media Center,74
OPT-MC-014-02,MC-014,MC-014a,Mini-blinds are provided,0.5,Source,SingleResponse,SR-MC-014-MC-014A,1,1,False,,20,True,Library Media Center,75
OPT-MC-014-03,MC-014,MC-014a,Other (please note),0,Source,SingleResponse,SR-MC-014-MC-014A,1,1,False,,30,True,Library Media Center,76
OPT-MC-014-04,MC-014,MC-014a,No window coverings are provided,0,Source,SingleResponse,SR-MC-014-MC-014A,1,1,False,,40,True,Library Media Center,77
OPT-MC-014-05,MC-014,MC-014a,Unable to assess (note reason),,Exclusion,SingleResponse,SR-MC-014-MC-014A,0,1,True,,50,True,Library Media Center,78
OPT-MC-015-01,MC-015,MC-015i,Built-in casework is provided,,Inventory,Inventory,INV-MC-015-MC-015I,0,0,False,,10,True,Library Media Center,80
OPT-MC-015-02,MC-015,MC-015i,Counter space is provided,,Inventory,Inventory,INV-MC-015-MC-015I,0,0,False,,20,True,Library Media Center,81
OPT-MC-015-03,MC-015,MC-015i,Ensuite storage closet is provided,,Inventory,Inventory,INV-MC-015-MC-015I,0,0,False,,30,True,Library Media Center,82
OPT-MC-015-04,MC-015,MC-015i,"Furniture-based storage is provided (i.e., shelving or cabinets)",,Inventory,Inventory,INV-MC-015-MC-015I,0,0,False,,40,True,Library Media Center,83
OPT-MC-015-05,MC-015,MC-015i,Some or all storage is lockable,,Inventory,Inventory,INV-MC-015-MC-015I,0,0,False,,50,True,Library Media Center,84
OPT-MC-015-06,MC-015,MC-015i,None of the above,,Inventory,Inventory,INV-MC-015-MC-015I,0,0,False,,60,True,Library Media Center,85
OPT-MC-016-01,MC-016,MC-016a,Good - storage appears sufficient; the space is organized with little visible clutter,1,Source,SingleResponse,SR-MC-016-MC-016A,1,1,False,,10,True,Library Media Center,87
OPT-MC-016-02,MC-016,MC-016a,Fair - storage appears mostly sufficient; some clutter or overflow is visible,0.5,Source,SingleResponse,SR-MC-016-MC-016A,1,1,False,,20,True,Library Media Center,88
OPT-MC-016-03,MC-016,MC-016a,Poor - storage appears insufficient; significant clutter or materials without a home,0,Source,SingleResponse,SR-MC-016-MC-016A,1,1,False,,30,True,Library Media Center,89
OPT-MC-016-04,MC-016,MC-016a,Unable to assess (note reason),,Exclusion,SingleResponse,SR-MC-016-MC-016A,0,1,True,,40,True,Library Media Center,90
OPT-MC-017-01,MC-017,MC-017a,None,0,Source,SingleResponse,SR-MC-017-MC-017A,1,1,False,,10,True,Library Media Center,92
OPT-MC-017-02,MC-017,MC-017a,<10 linear feet,0.5,Source,SingleResponse,SR-MC-017-MC-017A,1,1,False,,20,True,Library Media Center,93
OPT-MC-017-03,MC-017,MC-017a,10+ linear feet,1,Source,SingleResponse,SR-MC-017-MC-017A,1,1,False,,30,True,Library Media Center,94
OPT-MC-018-01,MC-018,MC-018a,None,0,Source,SingleResponse,SR-MC-018-MC-018A,1,1,False,,10,True,Library Media Center,96
OPT-MC-018-02,MC-018,MC-018a,<12 linear feet,0.5,Source,SingleResponse,SR-MC-018-MC-018A,1,1,False,,20,True,Library Media Center,97
OPT-MC-018-03,MC-018,MC-018a,12+ linear feet,1,Source,SingleResponse,SR-MC-018-MC-018A,1,1,False,,30,True,Library Media Center,98
OPT-MC-019-01,MC-019,MC-019a,None,0,Source,SingleResponse,SR-MC-019-MC-019A,1,1,False,,10,True,Library Media Center,100
OPT-MC-019-02,MC-019,MC-019a,<6 linear feet,0.5,Source,SingleResponse,SR-MC-019-MC-019A,1,1,False,,20,True,Library Media Center,101
OPT-MC-019-03,MC-019,MC-019a,6+ linear feet,1,Source,SingleResponse,SR-MC-019-MC-019A,1,1,False,,30,True,Library Media Center,102
OPT-MC-020-01,MC-020,MC-020a,None,0,Source,SingleResponse,SR-MC-020-MC-020A,1,1,False,,10,True,Library Media Center,104
OPT-MC-020-02,MC-020,MC-020a,<4 linear feet,0.2,Source,SingleResponse,SR-MC-020-MC-020A,1,1,False,,20,True,Library Media Center,105
OPT-MC-020-03,MC-020,MC-020a,4 to <8 linear feet,0.4,Source,SingleResponse,SR-MC-020-MC-020A,1,1,False,,30,True,Library Media Center,106
OPT-MC-020-04,MC-020,MC-020a,8 to <12 linear feet,0.6,Source,SingleResponse,SR-MC-020-MC-020A,1,1,False,,40,True,Library Media Center,107
OPT-MC-020-05,MC-020,MC-020a,12 to <16 linear feet,0.8,Source,SingleResponse,SR-MC-020-MC-020A,1,1,False,,50,True,Library Media Center,108
OPT-MC-020-06,MC-020,MC-020a,16+ linear feet,1,Source,SingleResponse,SR-MC-020-MC-020A,1,1,False,,60,True,Library Media Center,109
OPT-MC-020-07,MC-020,MC-020a,Unable to assess (note reason),,Exclusion,SingleResponse,SR-MC-020-MC-020A,0,1,True,,70,True,Library Media Center,110
OPT-MC-021-01,MC-021,MC-021a,None,0,Source,SingleResponse,SR-MC-021-MC-021A,1,1,False,,10,True,Library Media Center,112
OPT-MC-021-02,MC-021,MC-021a,<4 linear feet,0.2,Source,SingleResponse,SR-MC-021-MC-021A,1,1,False,,20,True,Library Media Center,113
OPT-MC-021-03,MC-021,MC-021a,4 to <8 linear feet,0.4,Source,SingleResponse,SR-MC-021-MC-021A,1,1,False,,30,True,Library Media Center,114
OPT-MC-021-04,MC-021,MC-021a,8 to <12 linear feet,0.6,Source,SingleResponse,SR-MC-021-MC-021A,1,1,False,,40,True,Library Media Center,115
OPT-MC-021-05,MC-021,MC-021a,12 to <16 linear feet,0.8,Source,SingleResponse,SR-MC-021-MC-021A,1,1,False,,50,True,Library Media Center,116
OPT-MC-021-06,MC-021,MC-021a,16+ linear feet,1,Source,SingleResponse,SR-MC-021-MC-021A,1,1,False,,60,True,Library Media Center,117
OPT-MC-021-07,MC-021,MC-021a,Unable to assess (note reason),,Exclusion,SingleResponse,SR-MC-021-MC-021A,0,1,True,,70,True,Library Media Center,118
OPT-MC-022-01,MC-022,MC-022a,0,0,Source,SingleResponse,SR-MC-022-MC-022A,1,1,False,,10,True,Library Media Center,120
OPT-MC-022-02,MC-022,MC-022a,1,0.25,Source,SingleResponse,SR-MC-022-MC-022A,1,1,False,,20,True,Library Media Center,121
OPT-MC-022-03,MC-022,MC-022a,2,0.5,Source,SingleResponse,SR-MC-022-MC-022A,1,1,False,,30,True,Library Media Center,122
OPT-MC-022-04,MC-022,MC-022a,3,0.75,Source,SingleResponse,SR-MC-022-MC-022A,1,1,False,,40,True,Library Media Center,123
OPT-MC-022-05,MC-022,MC-022a,4+,1,Source,SingleResponse,SR-MC-022-MC-022A,1,1,False,,50,True,Library Media Center,124
OPT-MC-022-06,MC-022,MC-022a,Unable to assess (note reason),,Exclusion,SingleResponse,SR-MC-022-MC-022A,0,1,True,,60,True,Library Media Center,125
OPT-MC-023-01,MC-023,MC-023a,0,0,Source,SingleResponse,SR-MC-023-MC-023A,1,1,False,,10,True,Library Media Center,127
OPT-MC-023-02,MC-023,MC-023a,1,0.25,Source,SingleResponse,SR-MC-023-MC-023A,1,1,False,,20,True,Library Media Center,128
OPT-MC-023-03,MC-023,MC-023a,2,0.5,Source,SingleResponse,SR-MC-023-MC-023A,1,1,False,,30,True,Library Media Center,129
OPT-MC-023-04,MC-023,MC-023a,3,0.75,Source,SingleResponse,SR-MC-023-MC-023A,1,1,False,,40,True,Library Media Center,130
OPT-MC-023-05,MC-023,MC-023a,4,1,Source,SingleResponse,SR-MC-023-MC-023A,1,1,False,,50,True,Library Media Center,131
OPT-MC-024-01,MC-024,MC-024a,0,0,Source,SingleResponse,SR-MC-024-MC-024A,1,1,False,,10,True,Library Media Center,133
OPT-MC-024-02,MC-024,MC-024a,1,0.25,Source,SingleResponse,SR-MC-024-MC-024A,1,1,False,,20,True,Library Media Center,134
OPT-MC-024-03,MC-024,MC-024a,2,0.5,Source,SingleResponse,SR-MC-024-MC-024A,1,1,False,,30,True,Library Media Center,135
OPT-MC-024-04,MC-024,MC-024a,3,0.75,Source,SingleResponse,SR-MC-024-MC-024A,1,1,False,,40,True,Library Media Center,136
OPT-MC-024-05,MC-024,MC-024a,4,1,Source,SingleResponse,SR-MC-024-MC-024A,1,1,False,,50,True,Library Media Center,137
OPT-MC-025-01,MC-025,MC-025a,A thermostat is provided that has adjustable temperature controls,1,Source,SingleResponse,SR-MC-025-MC-025A,1,1,False,,10,True,Library Media Center,139
OPT-MC-025-02,MC-025,MC-025a,A thermostat is provided that does not have adjustable temperature controls,0.5,Source,SingleResponse,SR-MC-025-MC-025A,1,1,False,,20,True,Library Media Center,140
OPT-MC-025-03,MC-025,MC-025a,Only a temperature sensor is provided,0.5,Source,SingleResponse,SR-MC-025-MC-025A,1,1,False,,30,True,Library Media Center,141
OPT-MC-025-04,MC-025,MC-025a,No thermostat or sensor is present in the space,0,Source,SingleResponse,SR-MC-025-MC-025A,1,1,False,,40,True,Library Media Center,142
OPT-MC-026-01,MC-026,MC-026a,Full-height interior window,1,Source,SingleResponse,SR-MC-026-MC-026A,1,1,False,,10,True,Library Media Center,144
OPT-MC-026-02,MC-026,MC-026b,Half-height interior window,1,Source,SingleResponse,SR-MC-026-MC-026B,1,1,False,,20,True,Library Media Center,145
OPT-MC-026-03,MC-026,MC-026c,Sidelight,1,Source,SingleResponse,SR-MC-026-MC-026C,1,1,False,,30,True,Library Media Center,146
OPT-MC-026-04,MC-026,MC-026d,"Door panel (i.e., glass panel in the door)",0,Source,SingleResponse,SR-MC-026-MC-026D,1,1,False,,40,True,Library Media Center,147
OPT-MC-026-05,MC-026,MC-026e,None of the above,0,Source,SingleResponse,SR-MC-026-MC-026E,1,1,False,,50,True,Library Media Center,148
OPT-MC-027-01,MC-027,MC-027i,Less than half,,Inventory,Inventory,INV-MC-027-MC-027I,0,0,False,,10,True,Library Media Center,150
OPT-MC-027-02,MC-027,MC-027i,About half,,Inventory,Inventory,INV-MC-027-MC-027I,0,0,False,,20,True,Library Media Center,151
OPT-MC-027-03,MC-027,MC-027i,Most of the wall,,Inventory,Inventory,INV-MC-027-MC-027I,0,0,False,,30,True,Library Media Center,152
OPT-MC-028-01,MC-028,MC-028a,Sightline from Office to Reading Room,1,Source,SingleResponse,SR-MC-028-MC-028A,1,1,False,,10,True,Library Media Center,154
OPT-MC-028-02,MC-028,MC-028b,Sightline from Workroom to Reading Room,1,Source,SingleResponse,SR-MC-028-MC-028B,1,1,False,,20,True,Library Media Center,155
OPT-MC-028-03,MC-028,MC-028c,None of the above,0,Source,SingleResponse,SR-MC-028-MC-028C,1,1,False,,30,True,Library Media Center,156
OPT-MC-029-01,MC-029,MC-029a,Interior windows and doors with glass can be covered with a single movement,1,Source,SingleResponse,SR-MC-029-MC-029A,1,1,False,,10,True,Library Media Center,158
OPT-MC-029-02,MC-029,MC-029b,Exterior windows and doors with glass can be covered with a single movement,1,Source,SingleResponse,SR-MC-029-MC-029B,1,1,False,,20,True,Library Media Center,159
OPT-MC-029-03,MC-029,MC-029c,Interior door hardware is lockable from inside the space with a push button or thumb turn lock,1,Source,SingleResponse,SR-MC-029-MC-029C,1,1,False,,30,True,Library Media Center,160
OPT-MC-029-04,MC-029,MC-029d,None of the above,0,Source,SingleResponse,SR-MC-029-MC-029D,1,1,False,,40,True,Library Media Center,161
OPT-MC-030-01,MC-030,MC-030a,Stackable formal seating is provided,1,Source,SingleResponse,SR-MC-030-MC-030A,1,1,False,,10,True,Library Media Center,163
OPT-MC-030-02,MC-030,MC-030b,Lounge or reading-nook informal seating is provided,1,Source,SingleResponse,SR-MC-030-MC-030B,1,1,False,,20,True,Library Media Center,164
OPT-MC-030-03,MC-030,MC-030c,Multiple seating heights or height-adjustable furniture is provided,1,Source,SingleResponse,SR-MC-030-MC-030C,1,1,False,,30,True,Library Media Center,165
OPT-MC-030-04,MC-030,MC-030d,A variety of worksurface sizes and types is provided,1,Source,SingleResponse,SR-MC-030-MC-030D,1,1,False,,40,True,Library Media Center,166
OPT-MC-030-05,MC-030,MC-030e,Large or heavy informal furniture pieces have lockable casters,1,Source,SingleResponse,SR-MC-030-MC-030E,1,1,False,,50,True,Library Media Center,167
OPT-MC-030-06,MC-030,MC-030i,"Hard seating (e.g., standard chairs, stools)",,Inventory,Inventory,INV-MC-030-MC-030I,0,0,False,,60,True,Library Media Center,168
OPT-MC-030-07,MC-030,MC-030i,"Soft seating (e.g., bean bags, floor cushions)",,Inventory,Inventory,INV-MC-030-MC-030I,0,0,False,,70,True,Library Media Center,169
OPT-MC-030-08,MC-030,MC-030i,"One or more mobile writing surfaces (i.e., mobile markerboards)",,Inventory,Inventory,INV-MC-030-MC-030I,0,0,False,,80,True,Library Media Center,170
OPT-MC-030-09,MC-030,MC-030f,None of the above,0,Source,SingleResponse,SR-MC-030-MC-030F,1,1,False,,90,True,Library Media Center,171
OPT-MC-031-01,MC-031,MC-031a,Yes,1,Source,SingleResponse,SR-MC-031-MC-031A,1,1,False,,10,True,Library Media Center,173
OPT-MC-031-02,MC-031,MC-031a,No,0,Source,SingleResponse,SR-MC-031-MC-031A,1,1,False,,20,True,Library Media Center,174
OPT-MC-031-03,MC-031,MC-031a,Unable to assess (note reason),,Exclusion,SingleResponse,SR-MC-031-MC-031A,0,1,True,,30,True,Library Media Center,175
OPT-MC-032-01,MC-032,MC-032a,"Most furniture can be moved by students or a single teacher (e.g., casters, lightweight pieces)",1,Source,SingleResponse,SR-MC-032-MC-032A,1,1,False,,10,True,Library Media Center,177
OPT-MC-032-02,MC-032,MC-032a,"Some furniture is movable, some is heavy or fixed",0.5,Source,SingleResponse,SR-MC-032-MC-032A,1,1,False,,20,True,Library Media Center,178
OPT-MC-032-03,MC-032,MC-032a,"Most furniture is heavy, fixed, or impractical to move",0,Source,SingleResponse,SR-MC-032-MC-032A,1,1,False,,30,True,Library Media Center,179
OPT-MC-033-01,MC-033,MC-033a,Good - appears relatively new or has minimal wear,1,Source,SingleResponse,SR-MC-033-MC-033A,1,1,False,,10,True,Library Media Center,181
OPT-MC-033-02,MC-033,MC-033a,"Fair - some furniture is noticeably worn or aging, but all is functional",0.5,Source,SingleResponse,SR-MC-033-MC-033A,1,1,False,,20,True,Library Media Center,182
OPT-MC-033-03,MC-033,MC-033a,"Poor - some or all furniture is significantly worn, damaged, or not usable",0,Source,SingleResponse,SR-MC-033-MC-033A,1,1,False,,30,True,Library Media Center,183
OPT-MC-034-01,MC-034,MC-034a,Lockable casters,1,Source,SingleResponse,SR-MC-034-MC-034A,1,1,False,,10,True,Library Media Center,185
OPT-MC-034-02,MC-034,MC-034b,At least 9 linear feet of workspace,1,Source,SingleResponse,SR-MC-034-MC-034B,1,1,False,,20,True,Library Media Center,186
OPT-MC-034-03,MC-034,MC-034c,Solid surface countertop (not plastic laminate),1,Source,SingleResponse,SR-MC-034-MC-034C,1,1,False,,30,True,Library Media Center,187
OPT-MC-034-04,MC-034,MC-034d,Book cart with a depressible bin for returned books,1,Source,SingleResponse,SR-MC-034-MC-034D,1,1,False,,40,True,Library Media Center,188
OPT-MC-034-05,MC-034,MC-034e,Lockable mobile storage,1,Source,SingleResponse,SR-MC-034-MC-034E,1,1,False,,50,True,Library Media Center,189
OPT-MC-034-06,MC-034,MC-034f,Integrated power,1,Source,SingleResponse,SR-MC-034-MC-034F,1,1,False,,60,True,Library Media Center,190
OPT-MC-034-07,MC-034,MC-034g,Grommets for cord management,1,Source,SingleResponse,SR-MC-034-MC-034G,1,1,False,,70,True,Library Media Center,191
OPT-MC-034-08,MC-034,MC-034h,None of the above,0,Source,SingleResponse,SR-MC-034-MC-034H,1,1,False,,80,True,Library Media Center,192
OPT-MC-035-01,MC-035,MC-035i,"Resilient flooring (e.g., vinyl, rubber)",,Inventory,Inventory,INV-MC-035-MC-035I,0,0,False,,10,True,Library Media Center,194
OPT-MC-035-02,MC-035,MC-035i,Terrazzo,,Inventory,Inventory,INV-MC-035-MC-035I,0,0,False,,20,True,Library Media Center,195
OPT-MC-035-03,MC-035,MC-035i,Polished concrete,,Inventory,Inventory,INV-MC-035-MC-035I,0,0,False,,30,True,Library Media Center,196
OPT-MC-035-04,MC-035,MC-035i,Sealed concrete,,Inventory,Inventory,INV-MC-035-MC-035I,0,0,False,,40,True,Library Media Center,197
OPT-MC-035-05,MC-035,MC-035i,"Carpet (i.e., not a loose rug)",,Inventory,Inventory,INV-MC-035-MC-035I,0,0,False,,50,True,Library Media Center,198
OPT-MC-035-06,MC-035,MC-035i,Unable to assess (note reason),,Inventory,Inventory,INV-MC-035-MC-035I,0,0,True,,60,True,Library Media Center,199
OPT-MC-036-01,MC-036,MC-036a,Ensuite family restroom is provided,1,Source,SingleResponse,SR-MC-036-MC-036A,1,1,False,,10,True,Library Media Center,201
OPT-MC-036-02,MC-036,MC-036a,Adult restroom is adjacent to the space,0.5,Source,SingleResponse,SR-MC-036-MC-036A,1,1,False,,20,True,Library Media Center,202
OPT-MC-036-03,MC-036,MC-036a,Learner restroom is adjacent to the space,0.5,Source,SingleResponse,SR-MC-036-MC-036A,1,1,False,,30,True,Library Media Center,203
OPT-MC-036-04,MC-036,MC-036a,No restroom is adjacent to the space,0,Source,SingleResponse,SR-MC-036-MC-036A,1,1,False,,40,True,Library Media Center,204
OPT-MC-036-05,MC-036,MC-036a,None of the above,0,Source,SingleResponse,SR-MC-036-MC-036A,1,1,False,,50,True,Library Media Center,205
OPT-MC-037-01,MC-037,MC-037i,PA speaker,,Inventory,Inventory,INV-MC-037-MC-037I,0,0,False,,10,True,Library Media Center,207
OPT-MC-037-02,MC-037,MC-037i,Synchronous clock,,Inventory,Inventory,INV-MC-037-MC-037I,0,0,False,,20,True,Library Media Center,208
OPT-MC-037-03,MC-037,MC-037i,None of the above,,Inventory,Inventory,INV-MC-037-MC-037I,0,0,False,,30,True,Library Media Center,209
OPT-CG-002-01,CG-002,CG-002a,Yes,1,Source,SingleResponse,SR-CG-002-CG-002A,1,1,False,,10,True,Athletics & Wellness,7
OPT-CG-002-02,CG-002,CG-002a,No,0,Source,SingleResponse,SR-CG-002-CG-002A,1,1,False,,20,True,Athletics & Wellness,8
OPT-CG-002-03,CG-002,CG-002a,Unable to assess (note reason),,Exclusion,SingleResponse,SR-CG-002-CG-002A,0,1,True,,30,True,Athletics & Wellness,9
OPT-CG-003-01,CG-003,CG-003a,"Yes, fully separated with no overlap",1,Source,SingleResponse,SR-CG-003-CG-003A,1,1,False,,10,True,Athletics & Wellness,11
OPT-CG-003-02,CG-003,CG-003a,"Partially separated (e.g., some shared circulation, indirect routing, or accessible only via stairs)",0.5,Source,SingleResponse,SR-CG-003-CG-003A,1,1,False,,20,True,Athletics & Wellness,12
OPT-CG-003-03,CG-003,CG-003a,"No, teams and spectators share entries/exits",0,Source,SingleResponse,SR-CG-003-CG-003A,1,1,False,,30,True,Athletics & Wellness,13
OPT-CG-003-04,CG-003,CG-003a,Unable to assess (note reason),,Exclusion,SingleResponse,SR-CG-003-CG-003A,0,1,True,,40,True,Athletics & Wellness,14
OPT-CG-004-01,CG-004,CG-004a,Yes,1,Source,SingleResponse,SR-CG-004-CG-004A,1,1,False,,10,True,Athletics & Wellness,16
OPT-CG-004-02,CG-004,CG-004a,No,0,Source,SingleResponse,SR-CG-004-CG-004A,1,1,False,,20,True,Athletics & Wellness,17
OPT-CG-004-03,CG-004,CG-004a,Unable to assess (note reason),,Exclusion,SingleResponse,SR-CG-004-CG-004A,0,1,True,,30,True,Athletics & Wellness,18
OPT-CG-005-01,CG-005,CG-005a,Yes,1,Source,SingleResponse,SR-CG-005-CG-005A,1,1,False,,10,True,Athletics & Wellness,20
OPT-CG-005-02,CG-005,CG-005a,No,0,Source,SingleResponse,SR-CG-005-CG-005A,1,1,False,,20,True,Athletics & Wellness,21
OPT-CG-005-03,CG-005,CG-005a,Unable to assess (note reason),,Exclusion,SingleResponse,SR-CG-005-CG-005A,0,1,True,,30,True,Athletics & Wellness,22
OPT-CG-006-01,CG-006,CG-006a,"Main court bleachers provided and meet the 1,500-seat minimum for basketball full-court seating",1,Source,SingleResponse,SR-CG-006-CG-006A,1,1,False,,10,True,Athletics & Wellness,24
OPT-CG-006-02,CG-006,CG-006a,"Main court bleachers provided but do not meet the 1,500-seat minimum for basketball full-court seating",0,Source,SingleResponse,SR-CG-006-CG-006A,1,1,False,,20,True,Athletics & Wellness,25
OPT-CG-006-03,CG-006,CG-006a,No main court bleachers provided,0,Source,SingleResponse,SR-CG-006-CG-006A,1,1,False,,30,True,Athletics & Wellness,26
OPT-CG-006-04,CG-006,CG-006a,Unable to assess (note reason),,Exclusion,SingleResponse,SR-CG-006-CG-006A,0,1,True,,40,True,Athletics & Wellness,27
OPT-CG-007-01,CG-007,CG-007i,Yes,,Inventory,Inventory,INV-CG-007-CG-007I,0,0,False,,10,True,Athletics & Wellness,29
OPT-CG-007-02,CG-007,CG-007i,No,,Inventory,Inventory,INV-CG-007-CG-007I,0,0,False,,20,True,Athletics & Wellness,30
OPT-CG-007-03,CG-007,CG-007i,Unable to assess (note reason),,Inventory,Inventory,INV-CG-007-CG-007I,0,0,True,,30,True,Athletics & Wellness,31
OPT-CG-008-01,CG-008,CG-008a,Yes,1,Source,SingleResponse,SR-CG-008-CG-008A,1,1,False,,10,True,Athletics & Wellness,33
OPT-CG-008-02,CG-008,CG-008a,No,0,Source,SingleResponse,SR-CG-008-CG-008A,1,1,False,,20,True,Athletics & Wellness,34
OPT-CG-008-03,CG-008,CG-008a,Unable to assess (note reason),,Exclusion,SingleResponse,SR-CG-008-CG-008A,0,1,True,,30,True,Athletics & Wellness,35
OPT-CG-009-01,CG-009,CG-009a,12'+ on home sideline,1,Source,SingleResponse,SR-CG-009-CG-009A,1,1,False,,10,True,Athletics & Wellness,37
OPT-CG-009-02,CG-009,CG-009b,10'+ on visitor sideline,1,Source,SingleResponse,SR-CG-009-CG-009B,1,1,False,,20,True,Athletics & Wellness,38
OPT-CG-009-03,CG-009,CG-009c,12'+ on baselines,1,Source,SingleResponse,SR-CG-009-CG-009C,1,1,False,,30,True,Athletics & Wellness,39
OPT-CG-009-04,CG-009,CG-009d,None of the above,0,Source,SingleResponse,SR-CG-009-CG-009D,1,1,False,,40,True,Athletics & Wellness,40
OPT-CG-010-01,CG-010,CG-010a,3'+ on sidelines,1,Source,SingleResponse,SR-CG-010-CG-010A,1,1,False,,10,True,Athletics & Wellness,42
OPT-CG-010-02,CG-010,CG-010b,6'+ on baselines,1,Source,SingleResponse,SR-CG-010-CG-010B,1,1,False,,20,True,Athletics & Wellness,43
OPT-CG-010-03,CG-010,CG-010c,None of the above,0,Source,SingleResponse,SR-CG-010-CG-010C,1,1,False,,30,True,Athletics & Wellness,44
OPT-CG-011-01,CG-011,CG-011a,Water fountain,1,Source,SingleResponse,SR-CG-011-CG-011A,1,1,False,,10,True,Athletics & Wellness,46
OPT-CG-011-02,CG-011,CG-011b,Bottle filler,1,Source,SingleResponse,SR-CG-011-CG-011B,1,1,False,,20,True,Athletics & Wellness,47
OPT-CG-011-03,CG-011,CG-011c,None of the above,0,Source,SingleResponse,SR-CG-011-CG-011C,1,1,False,,30,True,Athletics & Wellness,48
OPT-CG-012-01,CG-012,CG-012a,Learner restroom,1,Source,SingleResponse,SR-CG-012-CG-012A,1,1,False,,10,True,Athletics & Wellness,50
OPT-CG-012-02,CG-012,CG-012b,Adult restroom,1,Source,SingleResponse,SR-CG-012-CG-012B,1,1,False,,20,True,Athletics & Wellness,51
OPT-CG-012-03,CG-012,CG-012c,None of the above,0,Source,SingleResponse,SR-CG-012-CG-012C,1,1,False,,30,True,Athletics & Wellness,52
OPT-CG-013-01,CG-013,CG-013a,None,0,Source,SingleResponse,SR-CG-013-CG-013A,1,1,False,,10,True,Athletics & Wellness,54
OPT-CG-013-02,CG-013,CG-013a,<6 linear feet,0.2,Source,SingleResponse,SR-CG-013-CG-013A,1,1,False,,20,True,Athletics & Wellness,55
OPT-CG-013-03,CG-013,CG-013a,6 to <12 linear feet,0.4,Source,SingleResponse,SR-CG-013-CG-013A,1,1,False,,30,True,Athletics & Wellness,56
OPT-CG-013-04,CG-013,CG-013a,12 to <18 linear feet,0.6,Source,SingleResponse,SR-CG-013-CG-013A,1,1,False,,40,True,Athletics & Wellness,57
OPT-CG-013-05,CG-013,CG-013a,18 to <24 linear feet,0.8,Source,SingleResponse,SR-CG-013-CG-013A,1,1,False,,50,True,Athletics & Wellness,58
OPT-CG-013-06,CG-013,CG-013a,24+ linear feet,1,Source,SingleResponse,SR-CG-013-CG-013A,1,1,False,,60,True,Athletics & Wellness,59
OPT-CG-013-07,CG-013,CG-013a,Unable to assess (note reason),,Exclusion,SingleResponse,SR-CG-013-CG-013A,0,1,True,,70,True,Athletics & Wellness,60
OPT-CG-014-01,CG-014,CG-014a,0,0,Source,SingleResponse,SR-CG-014-CG-014A,1,1,False,,10,True,Athletics & Wellness,62
OPT-CG-014-02,CG-014,CG-014a,1,0.25,Source,SingleResponse,SR-CG-014-CG-014A,1,1,False,,20,True,Athletics & Wellness,63
OPT-CG-014-03,CG-014,CG-014a,2,0.5,Source,SingleResponse,SR-CG-014-CG-014A,1,1,False,,30,True,Athletics & Wellness,64
OPT-CG-014-04,CG-014,CG-014a,3,0.75,Source,SingleResponse,SR-CG-014-CG-014A,1,1,False,,40,True,Athletics & Wellness,65
OPT-CG-014-05,CG-014,CG-014a,4,1,Source,SingleResponse,SR-CG-014-CG-014A,1,1,False,,50,True,Athletics & Wellness,66
OPT-CG-015-01,CG-015,CG-015a,0,0,Source,SingleResponse,SR-CG-015-CG-015A,1,1,False,,10,True,Athletics & Wellness,68
OPT-CG-015-02,CG-015,CG-015a,1-2,0.25,Source,SingleResponse,SR-CG-015-CG-015A,1,1,False,,20,True,Athletics & Wellness,69
OPT-CG-015-03,CG-015,CG-015a,3-5,0.5,Source,SingleResponse,SR-CG-015-CG-015A,1,1,False,,30,True,Athletics & Wellness,70
OPT-CG-015-04,CG-015,CG-015a,6-7,0.75,Source,SingleResponse,SR-CG-015-CG-015A,1,1,False,,40,True,Athletics & Wellness,71
OPT-CG-015-05,CG-015,CG-015a,8+,1,Source,SingleResponse,SR-CG-015-CG-015A,1,1,False,,50,True,Athletics & Wellness,72
OPT-CG-016-01,CG-016,CG-016a,0,0,Source,SingleResponse,SR-CG-016-CG-016A,1,1,False,,10,True,Athletics & Wellness,74
OPT-CG-016-02,CG-016,CG-016a,1,0.5,Source,SingleResponse,SR-CG-016-CG-016A,1,1,False,,20,True,Athletics & Wellness,75
OPT-CG-016-03,CG-016,CG-016a,2+,1,Source,SingleResponse,SR-CG-016-CG-016A,1,1,False,,30,True,Athletics & Wellness,76
OPT-CG-017-01,CG-017,CG-017a,Motorized projection screen,1,Source,SingleResponse,SR-CG-017-CG-017A,1,1,False,,10,True,Athletics & Wellness,78
OPT-CG-017-02,CG-017,CG-017b,Ceiling or wall mounted projector,1,Source,SingleResponse,SR-CG-017-CG-017B,1,1,False,,20,True,Athletics & Wellness,79
OPT-CG-017-03,CG-017,CG-017c,None of the above,0,Source,SingleResponse,SR-CG-017-CG-017C,1,1,False,,30,True,Athletics & Wellness,80
OPT-CG-018-01,CG-018,CG-018a,0,0,Source,SingleResponse,SR-CG-018-CG-018A,1,1,False,,10,True,Athletics & Wellness,82
OPT-CG-018-02,CG-018,CG-018a,1 pair (2 hoops),0.33,Source,SingleResponse,SR-CG-018-CG-018A,1,1,False,,20,True,Athletics & Wellness,83
OPT-CG-018-03,CG-018,CG-018a,2 pair (4 hoops),0.66,Source,SingleResponse,SR-CG-018-CG-018A,1,1,False,,30,True,Athletics & Wellness,84
OPT-CG-018-04,CG-018,CG-018a,3+ pair (6+ hoops),1,Source,SingleResponse,SR-CG-018-CG-018A,1,1,False,,40,True,Athletics & Wellness,85
OPT-CG-019-01,CG-019,CG-019a,0,0,Source,SingleResponse,SR-CG-019-CG-019A,1,1,False,,10,True,Athletics & Wellness,87
OPT-CG-019-02,CG-019,CG-019a,1,0.25,Source,SingleResponse,SR-CG-019-CG-019A,1,1,False,,20,True,Athletics & Wellness,88
OPT-CG-019-03,CG-019,CG-019a,2,0.5,Source,SingleResponse,SR-CG-019-CG-019A,1,1,False,,30,True,Athletics & Wellness,89
OPT-CG-019-04,CG-019,CG-019a,3,0.75,Source,SingleResponse,SR-CG-019-CG-019A,1,1,False,,40,True,Athletics & Wellness,90
OPT-CG-019-05,CG-019,CG-019a,4+,1,Source,SingleResponse,SR-CG-019-CG-019A,1,1,False,,50,True,Athletics & Wellness,91
OPT-CG-020-01,CG-020,CG-020a,Yes,1,Source,SingleResponse,SR-CG-020-CG-020A,1,1,False,,10,True,Athletics & Wellness,93
OPT-CG-020-02,CG-020,CG-020a,No,0,Source,SingleResponse,SR-CG-020-CG-020A,1,1,False,,20,True,Athletics & Wellness,94
OPT-CG-020-03,CG-020,CG-020a,Unable to assess (note reason),,Exclusion,SingleResponse,SR-CG-020-CG-020A,0,1,True,,30,True,Athletics & Wellness,95
OPT-CG-021-01,CG-021,CG-021a,Yes,1,Source,SingleResponse,SR-CG-021-CG-021A,1,1,False,,10,True,Athletics & Wellness,97
OPT-CG-021-02,CG-021,CG-021a,No,0,Source,SingleResponse,SR-CG-021-CG-021A,1,1,False,,20,True,Athletics & Wellness,98
OPT-CG-021-03,CG-021,CG-021a,Unable to assess (note reason),,Exclusion,SingleResponse,SR-CG-021-CG-021A,0,1,True,,30,True,Athletics & Wellness,99
OPT-CG-022-01,CG-022,CG-022a,Floor box with electrical and data is provided,1,Source,SingleResponse,SR-CG-022-CG-022A,1,1,False,,10,True,Athletics & Wellness,101
OPT-CG-022-02,CG-022,CG-022b,"Floor box is located outside the gym striping, on the home team side",1,Source,SingleResponse,SR-CG-022-CG-022B,1,1,False,,20,True,Athletics & Wellness,102
OPT-CG-022-03,CG-022,CG-022c,None of the above,0,Source,SingleResponse,SR-CG-022-CG-022C,1,1,False,,30,True,Athletics & Wellness,103
OPT-MG-002-01,MG-002,MG-002a,Yes,1,Source,SingleResponse,SR-MG-002-MG-002A,1,1,False,,10,True,Athletics & Wellness,109
OPT-MG-002-02,MG-002,MG-002a,No,0,Source,SingleResponse,SR-MG-002-MG-002A,1,1,False,,20,True,Athletics & Wellness,110
OPT-MG-002-03,MG-002,MG-002a,Unable to assess (note reason),,Exclusion,SingleResponse,SR-MG-002-MG-002A,0,1,True,,30,True,Athletics & Wellness,111
OPT-MG-003-01,MG-003,MG-003a,Yes,1,Source,SingleResponse,SR-MG-003-MG-003A,1,1,False,,10,True,Athletics & Wellness,113
OPT-MG-003-02,MG-003,MG-003a,No,0,Source,SingleResponse,SR-MG-003-MG-003A,1,1,False,,20,True,Athletics & Wellness,114
OPT-MG-003-03,MG-003,MG-003a,Unable to assess (note reason),,Exclusion,SingleResponse,SR-MG-003-MG-003A,0,1,True,,30,True,Athletics & Wellness,115
OPT-MG-004-01,MG-004,MG-004a,Yes,1,Source,SingleResponse,SR-MG-004-MG-004A,1,1,False,,10,True,Athletics & Wellness,117
OPT-MG-004-02,MG-004,MG-004a,No,0,Source,SingleResponse,SR-MG-004-MG-004A,1,1,False,,20,True,Athletics & Wellness,118
OPT-MG-004-03,MG-004,MG-004a,Unable to assess (note reason),,Exclusion,SingleResponse,SR-MG-004-MG-004A,0,1,True,,30,True,Athletics & Wellness,119
OPT-MG-005-01,MG-005,MG-005a,Main court bleachers provided and meet the 300-seat minimum for basketball full-court seating,1,Source,SingleResponse,SR-MG-005-MG-005A,1,1,False,,10,True,Athletics & Wellness,121
OPT-MG-005-02,MG-005,MG-005a,Main court bleachers provided but do not meet the 300-seat minimum for basketball full-court seating,0,Source,SingleResponse,SR-MG-005-MG-005A,1,1,False,,20,True,Athletics & Wellness,122
OPT-MG-005-03,MG-005,MG-005a,No main court bleachers provided,0,Source,SingleResponse,SR-MG-005-MG-005A,1,1,False,,30,True,Athletics & Wellness,123
OPT-MG-005-04,MG-005,MG-005a,Unable to assess (note reason),,Exclusion,SingleResponse,SR-MG-005-MG-005A,0,1,True,,40,True,Athletics & Wellness,124
OPT-MG-006-01,MG-006,MG-006i,Yes,,Inventory,Inventory,INV-MG-006-MG-006I,0,0,False,,10,True,Athletics & Wellness,126
OPT-MG-006-02,MG-006,MG-006i,No,,Inventory,Inventory,INV-MG-006-MG-006I,0,0,False,,20,True,Athletics & Wellness,127
OPT-MG-006-03,MG-006,MG-006i,Unable to assess (note reason),,Inventory,Inventory,INV-MG-006-MG-006I,0,0,True,,30,True,Athletics & Wellness,128
OPT-MG-007-01,MG-007,MG-007a,Yes,1,Source,SingleResponse,SR-MG-007-MG-007A,1,1,False,,10,True,Athletics & Wellness,130
OPT-MG-007-02,MG-007,MG-007a,No,0,Source,SingleResponse,SR-MG-007-MG-007A,1,1,False,,20,True,Athletics & Wellness,131
OPT-MG-007-03,MG-007,MG-007a,Unable to assess (note reason),,Exclusion,SingleResponse,SR-MG-007-MG-007A,0,1,True,,30,True,Athletics & Wellness,132
OPT-MG-008-01,MG-008,MG-008a,3'+ on sidelines,1,Source,SingleResponse,SR-MG-008-MG-008A,1,1,False,,10,True,Athletics & Wellness,134
OPT-MG-008-02,MG-008,MG-008b,6'+ on baselines,1,Source,SingleResponse,SR-MG-008-MG-008B,1,1,False,,20,True,Athletics & Wellness,135
OPT-MG-008-03,MG-008,MG-008c,None of the above,0,Source,SingleResponse,SR-MG-008-MG-008C,1,1,False,,30,True,Athletics & Wellness,136
OPT-MG-009-01,MG-009,MG-009a,3'+ on sidelines,1,Source,SingleResponse,SR-MG-009-MG-009A,1,1,False,,10,True,Athletics & Wellness,138
OPT-MG-009-02,MG-009,MG-009b,6'+ on baselines,1,Source,SingleResponse,SR-MG-009-MG-009B,1,1,False,,20,True,Athletics & Wellness,139
OPT-MG-009-03,MG-009,MG-009c,None of the above,0,Source,SingleResponse,SR-MG-009-MG-009C,1,1,False,,30,True,Athletics & Wellness,140
OPT-MG-010-01,MG-010,MG-010a,Water fountain,1,Source,SingleResponse,SR-MG-010-MG-010A,1,1,False,,10,True,Athletics & Wellness,142
OPT-MG-010-02,MG-010,MG-010b,Bottle filler,1,Source,SingleResponse,SR-MG-010-MG-010B,1,1,False,,20,True,Athletics & Wellness,143
OPT-MG-010-03,MG-010,MG-010c,None of the above,0,Source,SingleResponse,SR-MG-010-MG-010C,1,1,False,,30,True,Athletics & Wellness,144
OPT-MG-011-01,MG-011,MG-011a,Learner restroom,1,Source,SingleResponse,SR-MG-011-MG-011A,1,1,False,,10,True,Athletics & Wellness,146
OPT-MG-011-02,MG-011,MG-011b,Adult restroom,1,Source,SingleResponse,SR-MG-011-MG-011B,1,1,False,,20,True,Athletics & Wellness,147
OPT-MG-011-03,MG-011,MG-011c,None of the above,0,Source,SingleResponse,SR-MG-011-MG-011C,1,1,False,,30,True,Athletics & Wellness,148
OPT-MG-012-01,MG-012,MG-012a,None,0,Source,SingleResponse,SR-MG-012-MG-012A,1,1,False,,10,True,Athletics & Wellness,150
OPT-MG-012-02,MG-012,MG-012a,<4 linear feet,0.2,Source,SingleResponse,SR-MG-012-MG-012A,1,1,False,,20,True,Athletics & Wellness,151
OPT-MG-012-03,MG-012,MG-012a,4 to <8 linear feet,0.4,Source,SingleResponse,SR-MG-012-MG-012A,1,1,False,,30,True,Athletics & Wellness,152
OPT-MG-012-04,MG-012,MG-012a,8 to <12 linear feet,0.6,Source,SingleResponse,SR-MG-012-MG-012A,1,1,False,,40,True,Athletics & Wellness,153
OPT-MG-012-05,MG-012,MG-012a,12 to <16 linear feet,0.8,Source,SingleResponse,SR-MG-012-MG-012A,1,1,False,,50,True,Athletics & Wellness,154
OPT-MG-012-06,MG-012,MG-012a,16+ linear feet,1,Source,SingleResponse,SR-MG-012-MG-012A,1,1,False,,60,True,Athletics & Wellness,155
OPT-MG-012-07,MG-012,MG-012a,Unable to assess (note reason),,Exclusion,SingleResponse,SR-MG-012-MG-012A,0,1,True,,70,True,Athletics & Wellness,156
OPT-MG-013-01,MG-013,MG-013a,0,0,Source,SingleResponse,SR-MG-013-MG-013A,1,1,False,,10,True,Athletics & Wellness,158
OPT-MG-013-02,MG-013,MG-013a,1,0.25,Source,SingleResponse,SR-MG-013-MG-013A,1,1,False,,20,True,Athletics & Wellness,159
OPT-MG-013-03,MG-013,MG-013a,2,0.5,Source,SingleResponse,SR-MG-013-MG-013A,1,1,False,,30,True,Athletics & Wellness,160
OPT-MG-013-04,MG-013,MG-013a,3,0.75,Source,SingleResponse,SR-MG-013-MG-013A,1,1,False,,40,True,Athletics & Wellness,161
OPT-MG-013-05,MG-013,MG-013a,4,1,Source,SingleResponse,SR-MG-013-MG-013A,1,1,False,,50,True,Athletics & Wellness,162
OPT-MG-014-01,MG-014,MG-014a,0,0,Source,SingleResponse,SR-MG-014-MG-014A,1,1,False,,10,True,Athletics & Wellness,164
OPT-MG-014-02,MG-014,MG-014a,1-2,0.25,Source,SingleResponse,SR-MG-014-MG-014A,1,1,False,,20,True,Athletics & Wellness,165
OPT-MG-014-03,MG-014,MG-014a,3-5,0.5,Source,SingleResponse,SR-MG-014-MG-014A,1,1,False,,30,True,Athletics & Wellness,166
OPT-MG-014-04,MG-014,MG-014a,6-7,0.75,Source,SingleResponse,SR-MG-014-MG-014A,1,1,False,,40,True,Athletics & Wellness,167
OPT-MG-014-05,MG-014,MG-014a,8+,1,Source,SingleResponse,SR-MG-014-MG-014A,1,1,False,,50,True,Athletics & Wellness,168
OPT-MG-015-01,MG-015,MG-015a,0,0,Source,SingleResponse,SR-MG-015-MG-015A,1,1,False,,10,True,Athletics & Wellness,170
OPT-MG-015-02,MG-015,MG-015a,1,0.5,Source,SingleResponse,SR-MG-015-MG-015A,1,1,False,,20,True,Athletics & Wellness,171
OPT-MG-015-03,MG-015,MG-015a,2+,1,Source,SingleResponse,SR-MG-015-MG-015A,1,1,False,,30,True,Athletics & Wellness,172
OPT-MG-016-01,MG-016,MG-016a,Motorized projection screen,1,Source,SingleResponse,SR-MG-016-MG-016A,1,1,False,,10,True,Athletics & Wellness,174
OPT-MG-016-02,MG-016,MG-016b,Ceiling or wall mounted projector,1,Source,SingleResponse,SR-MG-016-MG-016B,1,1,False,,20,True,Athletics & Wellness,175
OPT-MG-016-03,MG-016,MG-016c,None of the above,0,Source,SingleResponse,SR-MG-016-MG-016C,1,1,False,,30,True,Athletics & Wellness,176
OPT-MG-017-01,MG-017,MG-017a,0,0,Source,SingleResponse,SR-MG-017-MG-017A,1,1,False,,10,True,Athletics & Wellness,178
OPT-MG-017-02,MG-017,MG-017a,1 pair (2 hoops),0.33,Source,SingleResponse,SR-MG-017-MG-017A,1,1,False,,20,True,Athletics & Wellness,179
OPT-MG-017-03,MG-017,MG-017a,2 pair (4 hoops),0.66,Source,SingleResponse,SR-MG-017-MG-017A,1,1,False,,30,True,Athletics & Wellness,180
OPT-MG-017-04,MG-017,MG-017a,3+ pair (6+ hoops),1,Source,SingleResponse,SR-MG-017-MG-017A,1,1,False,,40,True,Athletics & Wellness,181
OPT-MG-018-01,MG-018,MG-018a,0,0,Source,SingleResponse,SR-MG-018-MG-018A,1,1,False,,10,True,Athletics & Wellness,183
OPT-MG-018-02,MG-018,MG-018a,1,0.5,Source,SingleResponse,SR-MG-018-MG-018A,1,1,False,,20,True,Athletics & Wellness,184
OPT-MG-018-03,MG-018,MG-018a,2+,1,Source,SingleResponse,SR-MG-018-MG-018A,1,1,False,,30,True,Athletics & Wellness,185
OPT-MG-019-01,MG-019,MG-019a,Yes,1,Source,SingleResponse,SR-MG-019-MG-019A,1,1,False,,10,True,Athletics & Wellness,187
OPT-MG-019-02,MG-019,MG-019a,No,0,Source,SingleResponse,SR-MG-019-MG-019A,1,1,False,,20,True,Athletics & Wellness,188
OPT-MG-019-03,MG-019,MG-019a,Unable to assess (note reason),,Exclusion,SingleResponse,SR-MG-019-MG-019A,0,1,True,,30,True,Athletics & Wellness,189
OPT-MG-020-01,MG-020,MG-020a,Yes,1,Source,SingleResponse,SR-MG-020-MG-020A,1,1,False,,10,True,Athletics & Wellness,191
OPT-MG-020-02,MG-020,MG-020a,No,0,Source,SingleResponse,SR-MG-020-MG-020A,1,1,False,,20,True,Athletics & Wellness,192
OPT-MG-020-03,MG-020,MG-020a,Unable to assess (note reason),,Exclusion,SingleResponse,SR-MG-020-MG-020A,0,1,True,,30,True,Athletics & Wellness,193
OPT-MG-021-01,MG-021,MG-021a,Floor box with electrical outlets and data drops is provided,1,Source,SingleResponse,SR-MG-021-MG-021A,1,1,False,,10,True,Athletics & Wellness,195
OPT-MG-021-02,MG-021,MG-021b,"Floor box is located outside the gym striping, on the home team side",1,Source,SingleResponse,SR-MG-021-MG-021B,1,1,False,,20,True,Athletics & Wellness,196
OPT-MG-021-03,MG-021,MG-021c,None of the above,0,Source,SingleResponse,SR-MG-021-MG-021C,1,1,False,,30,True,Athletics & Wellness,197
OPT-PG-002-01,PG-002,PG-002a,Yes,1,Source,SingleResponse,SR-PG-002-PG-002A,1,1,False,,10,True,Athletics & Wellness,203
OPT-PG-002-02,PG-002,PG-002a,No,0,Source,SingleResponse,SR-PG-002-PG-002A,1,1,False,,20,True,Athletics & Wellness,204
OPT-PG-002-03,PG-002,PG-002a,Unable to assess (note reason),,Exclusion,SingleResponse,SR-PG-002-PG-002A,0,1,True,,30,True,Athletics & Wellness,205
OPT-PG-003-01,PG-003,PG-003a,Yes,1,Source,SingleResponse,SR-PG-003-PG-003A,1,1,False,,10,True,Athletics & Wellness,207
OPT-PG-003-02,PG-003,PG-003a,No,0,Source,SingleResponse,SR-PG-003-PG-003A,1,1,False,,20,True,Athletics & Wellness,208
OPT-PG-003-03,PG-003,PG-003a,Unable to assess (note reason),,Exclusion,SingleResponse,SR-PG-003-PG-003A,0,1,True,,30,True,Athletics & Wellness,209
OPT-PG-004-01,PG-004,PG-004a,Yes,1,Source,SingleResponse,SR-PG-004-PG-004A,1,1,False,,10,True,Athletics & Wellness,211
OPT-PG-004-02,PG-004,PG-004a,No,0,Source,SingleResponse,SR-PG-004-PG-004A,1,1,False,,20,True,Athletics & Wellness,212
OPT-PG-004-03,PG-004,PG-004a,Unable to assess (note reason),,Exclusion,SingleResponse,SR-PG-004-PG-004A,0,1,True,,30,True,Athletics & Wellness,213
OPT-PG-005-01,PG-005,PG-005a,Main court bleachers provided and meet or exceed the 80-100 seat target for basketball full-court seating,1,Source,SingleResponse,SR-PG-005-PG-005A,1,1,False,,10,True,Athletics & Wellness,215
OPT-PG-005-02,PG-005,PG-005a,Main court bleachers provided but below the 80-100 seat target,0.5,Source,SingleResponse,SR-PG-005-PG-005A,1,1,False,,20,True,Athletics & Wellness,216
OPT-PG-005-03,PG-005,PG-005a,No main court bleachers provided,0,Source,SingleResponse,SR-PG-005-PG-005A,1,1,False,,30,True,Athletics & Wellness,217
OPT-PG-005-04,PG-005,PG-005a,Unable to assess (note reason),,Exclusion,SingleResponse,SR-PG-005-PG-005A,0,1,True,,40,True,Athletics & Wellness,218
OPT-PG-006-01,PG-006,PG-006a,Yes,1,Source,SingleResponse,SR-PG-006-PG-006A,1,1,False,,10,True,Athletics & Wellness,220
OPT-PG-006-02,PG-006,PG-006a,No,0,Source,SingleResponse,SR-PG-006-PG-006A,1,1,False,,20,True,Athletics & Wellness,221
OPT-PG-006-03,PG-006,PG-006a,Unable to assess (note reason),,Exclusion,SingleResponse,SR-PG-006-PG-006A,0,1,True,,30,True,Athletics & Wellness,222
OPT-PG-007-01,PG-007,PG-007a,3'+ on sidelines,1,Source,SingleResponse,SR-PG-007-PG-007A,1,1,False,,10,True,Athletics & Wellness,224
OPT-PG-007-02,PG-007,PG-007b,6'+ on baselines,1,Source,SingleResponse,SR-PG-007-PG-007B,1,1,False,,20,True,Athletics & Wellness,225
OPT-PG-007-03,PG-007,PG-007c,None of the above,0,Source,SingleResponse,SR-PG-007-PG-007C,1,1,False,,30,True,Athletics & Wellness,226
OPT-PG-008-01,PG-008,PG-008a,None,0,Source,SingleResponse,SR-PG-008-PG-008A,1,1,False,,10,True,Athletics & Wellness,228
OPT-PG-008-02,PG-008,PG-008a,<4 linear feet,0.2,Source,SingleResponse,SR-PG-008-PG-008A,1,1,False,,20,True,Athletics & Wellness,229
OPT-PG-008-03,PG-008,PG-008a,4 to <8 linear feet,0.4,Source,SingleResponse,SR-PG-008-PG-008A,1,1,False,,30,True,Athletics & Wellness,230
OPT-PG-008-04,PG-008,PG-008a,8 to <12 linear feet,0.6,Source,SingleResponse,SR-PG-008-PG-008A,1,1,False,,40,True,Athletics & Wellness,231
OPT-PG-008-05,PG-008,PG-008a,12 to <16 linear feet,0.8,Source,SingleResponse,SR-PG-008-PG-008A,1,1,False,,50,True,Athletics & Wellness,232
OPT-PG-008-06,PG-008,PG-008a,16+ linear feet,1,Source,SingleResponse,SR-PG-008-PG-008A,1,1,False,,60,True,Athletics & Wellness,233
OPT-PG-008-07,PG-008,PG-008a,Unable to assess (note reason),,Exclusion,SingleResponse,SR-PG-008-PG-008A,0,1,True,,70,True,Athletics & Wellness,234
OPT-PG-009-01,PG-009,PG-009a,0,0,Source,SingleResponse,SR-PG-009-PG-009A,1,1,False,,10,True,Athletics & Wellness,236
OPT-PG-009-02,PG-009,PG-009a,1,0.25,Source,SingleResponse,SR-PG-009-PG-009A,1,1,False,,20,True,Athletics & Wellness,237
OPT-PG-009-03,PG-009,PG-009a,2,0.5,Source,SingleResponse,SR-PG-009-PG-009A,1,1,False,,30,True,Athletics & Wellness,238
OPT-PG-009-04,PG-009,PG-009a,3,0.75,Source,SingleResponse,SR-PG-009-PG-009A,1,1,False,,40,True,Athletics & Wellness,239
OPT-PG-009-05,PG-009,PG-009a,4,1,Source,SingleResponse,SR-PG-009-PG-009A,1,1,False,,50,True,Athletics & Wellness,240
OPT-PG-010-01,PG-010,PG-010a,0,0,Source,SingleResponse,SR-PG-010-PG-010A,1,1,False,,10,True,Athletics & Wellness,242
OPT-PG-010-02,PG-010,PG-010a,1-2,0.25,Source,SingleResponse,SR-PG-010-PG-010A,1,1,False,,20,True,Athletics & Wellness,243
OPT-PG-010-03,PG-010,PG-010a,3-5,0.5,Source,SingleResponse,SR-PG-010-PG-010A,1,1,False,,30,True,Athletics & Wellness,244
OPT-PG-010-04,PG-010,PG-010a,6-7,0.75,Source,SingleResponse,SR-PG-010-PG-010A,1,1,False,,40,True,Athletics & Wellness,245
OPT-PG-010-05,PG-010,PG-010a,8+,1,Source,SingleResponse,SR-PG-010-PG-010A,1,1,False,,50,True,Athletics & Wellness,246
OPT-PG-011-01,PG-011,PG-011a,Yes,1,Source,SingleResponse,SR-PG-011-PG-011A,1,1,False,,10,True,Athletics & Wellness,248
OPT-PG-011-02,PG-011,PG-011a,No,0,Source,SingleResponse,SR-PG-011-PG-011A,1,1,False,,20,True,Athletics & Wellness,249
OPT-PG-011-03,PG-011,PG-011a,Unable to assess (note reason),,Exclusion,SingleResponse,SR-PG-011-PG-011A,0,1,True,,30,True,Athletics & Wellness,250
OPT-PG-012-01,PG-012,PG-012a,Yes,1,Source,SingleResponse,SR-PG-012-PG-012A,1,1,False,,10,True,Athletics & Wellness,252
OPT-PG-012-02,PG-012,PG-012a,No,0,Source,SingleResponse,SR-PG-012-PG-012A,1,1,False,,20,True,Athletics & Wellness,253
OPT-PG-012-03,PG-012,PG-012a,Unable to assess (note reason),,Exclusion,SingleResponse,SR-PG-012-PG-012A,0,1,True,,30,True,Athletics & Wellness,254
OPT-PG-013-01,PG-013,PG-013a,Floor box with electrical outlets and data drops is provided,1,Source,SingleResponse,SR-PG-013-PG-013A,1,1,False,,10,True,Athletics & Wellness,256
OPT-PG-013-02,PG-013,PG-013b,"Floor box is located outside the gym striping, on the home team side",1,Source,SingleResponse,SR-PG-013-PG-013B,1,1,False,,20,True,Athletics & Wellness,257
OPT-PG-013-03,PG-013,PG-013c,None of the above,0,Source,SingleResponse,SR-PG-013-PG-013C,1,1,False,,30,True,Athletics & Wellness,258
OPT-EG-002-01,EG-002,EG-002a,Yes,1,Source,SingleResponse,SR-EG-002-EG-002A,1,1,False,,10,True,Athletics & Wellness,264
OPT-EG-002-02,EG-002,EG-002a,No,0,Source,SingleResponse,SR-EG-002-EG-002A,1,1,False,,20,True,Athletics & Wellness,265
OPT-EG-002-03,EG-002,EG-002a,Unable to assess (note reason),,Exclusion,SingleResponse,SR-EG-002-EG-002A,0,1,True,,30,True,Athletics & Wellness,266
OPT-EG-003-01,EG-003,EG-003a,1,0.25,Source,SingleResponse,SR-EG-003-EG-003A,1,1,False,,10,True,Athletics & Wellness,268
OPT-EG-003-02,EG-003,EG-003a,2,0.5,Source,SingleResponse,SR-EG-003-EG-003A,1,1,False,,20,True,Athletics & Wellness,269
OPT-EG-003-03,EG-003,EG-003a,3,0.75,Source,SingleResponse,SR-EG-003-EG-003A,1,1,False,,30,True,Athletics & Wellness,270
OPT-EG-003-04,EG-003,EG-003a,4+,1,Source,SingleResponse,SR-EG-003-EG-003A,1,1,False,,40,True,Athletics & Wellness,271
OPT-EG-004-01,EG-004,EG-004a,Wall padding behind basketball goals,1,Source,SingleResponse,SR-EG-004-EG-004A,1,1,False,,10,True,Athletics & Wellness,273
OPT-EG-004-02,EG-004,EG-004b,A climbing wall,1,Source,SingleResponse,SR-EG-004-EG-004B,1,1,False,,20,True,Athletics & Wellness,274
OPT-EG-004-03,EG-004,EG-004c,A lockable cover for climbing wall,1,Source,SingleResponse,SR-EG-004-EG-004C,1,1,False,,30,True,Athletics & Wellness,275
OPT-EG-004-04,EG-004,EG-004d,A safety crash pad,1,Source,SingleResponse,SR-EG-004-EG-004D,1,1,False,,40,True,Athletics & Wellness,276
OPT-EG-004-05,EG-004,EG-004e,Ball storage bins,1,Source,SingleResponse,SR-EG-004-EG-004E,1,1,False,,50,True,Athletics & Wellness,277
OPT-EG-004-06,EG-004,EG-004f,Portable volleyball standards,1,Source,SingleResponse,SR-EG-004-EG-004F,1,1,False,,60,True,Athletics & Wellness,278
OPT-EG-004-07,EG-004,EG-004g,Retractable wall hooks for securing gym mats,1,Source,SingleResponse,SR-EG-004-EG-004G,1,1,False,,70,True,Athletics & Wellness,279
OPT-EG-004-08,EG-004,EG-004h,Climbing ropes,1,Source,SingleResponse,SR-EG-004-EG-004H,1,1,False,,80,True,Athletics & Wellness,280
OPT-EG-004-09,EG-004,EG-004j,Cargo climbing net,1,Source,SingleResponse,SR-EG-004-EG-004J,1,1,False,,90,True,Athletics & Wellness,281
OPT-EG-004-10,EG-004,EG-004k,None of the above,0,Source,SingleResponse,SR-EG-004-EG-004K,1,1,False,,100,True,Athletics & Wellness,282
OPT-EG-005-01,EG-005,EG-005a,Yes,1,Source,SingleResponse,SR-EG-005-EG-005A,1,1,False,,10,True,Athletics & Wellness,284
OPT-EG-005-02,EG-005,EG-005a,No,0,Source,SingleResponse,SR-EG-005-EG-005A,1,1,False,,20,True,Athletics & Wellness,285
OPT-EG-005-03,EG-005,EG-005a,Unable to assess (note reason),,Exclusion,SingleResponse,SR-EG-005-EG-005A,0,1,True,,30,True,Athletics & Wellness,286
OPT-EG-006-01,EG-006,EG-006a,None,0,Source,SingleResponse,SR-EG-006-EG-006A,1,1,False,,10,True,Athletics & Wellness,288
OPT-EG-006-02,EG-006,EG-006a,<4 linear feet,0.2,Source,SingleResponse,SR-EG-006-EG-006A,1,1,False,,20,True,Athletics & Wellness,289
OPT-EG-006-03,EG-006,EG-006a,4 to <8 linear feet,0.4,Source,SingleResponse,SR-EG-006-EG-006A,1,1,False,,30,True,Athletics & Wellness,290
OPT-EG-006-04,EG-006,EG-006a,8 to <12 linear feet,0.6,Source,SingleResponse,SR-EG-006-EG-006A,1,1,False,,40,True,Athletics & Wellness,291
OPT-EG-006-05,EG-006,EG-006a,12 to <16 linear feet,0.8,Source,SingleResponse,SR-EG-006-EG-006A,1,1,False,,50,True,Athletics & Wellness,292
OPT-EG-006-06,EG-006,EG-006a,16+ linear feet,1,Source,SingleResponse,SR-EG-006-EG-006A,1,1,False,,60,True,Athletics & Wellness,293
OPT-EG-006-07,EG-006,EG-006a,Unable to assess (note reason),,Exclusion,SingleResponse,SR-EG-006-EG-006A,0,1,True,,70,True,Athletics & Wellness,294
OPT-EG-007-01,EG-007,EG-007a,Yes,1,Source,SingleResponse,SR-EG-007-EG-007A,1,1,False,,10,True,Athletics & Wellness,296
OPT-EG-007-02,EG-007,EG-007a,No,0,Source,SingleResponse,SR-EG-007-EG-007A,1,1,False,,20,True,Athletics & Wellness,297
OPT-EG-007-03,EG-007,EG-007a,Unable to assess (note reason),,Exclusion,SingleResponse,SR-EG-007-EG-007A,0,1,True,,30,True,Athletics & Wellness,298
OPT-EG-008-01,EG-008,EG-008a,None,0,Source,SingleResponse,SR-EG-008-EG-008A,1,1,False,,10,True,Athletics & Wellness,300
OPT-EG-008-02,EG-008,EG-008a,<4 linear feet,0.33,Source,SingleResponse,SR-EG-008-EG-008A,1,1,False,,20,True,Athletics & Wellness,301
OPT-EG-008-03,EG-008,EG-008a,4 to <8 linear feet,0.66,Source,SingleResponse,SR-EG-008-EG-008A,1,1,False,,30,True,Athletics & Wellness,302
OPT-EG-008-04,EG-008,EG-008a,8+ linear feet,1,Source,SingleResponse,SR-EG-008-EG-008A,1,1,False,,40,True,Athletics & Wellness,303
OPT-EG-008-05,EG-008,EG-008a,Unable to assess (note reason),,Exclusion,SingleResponse,SR-EG-008-EG-008A,0,1,True,,50,True,Athletics & Wellness,304
OPT-EG-009-01,EG-009,EG-009a,Yes,1,Source,SingleResponse,SR-EG-009-EG-009A,1,1,False,,10,True,Athletics & Wellness,306
OPT-EG-009-02,EG-009,EG-009a,No,0,Source,SingleResponse,SR-EG-009-EG-009A,1,1,False,,20,True,Athletics & Wellness,307
OPT-EG-009-03,EG-009,EG-009a,Unable to assess (note reason),,Exclusion,SingleResponse,SR-EG-009-EG-009A,0,1,True,,30,True,Athletics & Wellness,308
OPT-EG-010-01,EG-010,EG-010a,1,0.25,Source,SingleResponse,SR-EG-010-EG-010A,1,1,False,,10,True,Athletics & Wellness,310
OPT-EG-010-02,EG-010,EG-010a,2,0.5,Source,SingleResponse,SR-EG-010-EG-010A,1,1,False,,20,True,Athletics & Wellness,311
OPT-EG-010-03,EG-010,EG-010a,3,0.75,Source,SingleResponse,SR-EG-010-EG-010A,1,1,False,,30,True,Athletics & Wellness,312
OPT-EG-010-04,EG-010,EG-010a,4,1,Source,SingleResponse,SR-EG-010-EG-010A,1,1,False,,40,True,Athletics & Wellness,313
OPT-EG-011-01,EG-011,EG-011a,1-2,0.25,Source,SingleResponse,SR-EG-011-EG-011A,1,1,False,,10,True,Athletics & Wellness,315
OPT-EG-011-02,EG-011,EG-011a,3-5,0.5,Source,SingleResponse,SR-EG-011-EG-011A,1,1,False,,20,True,Athletics & Wellness,316
OPT-EG-011-03,EG-011,EG-011a,6-7,0.75,Source,SingleResponse,SR-EG-011-EG-011A,1,1,False,,30,True,Athletics & Wellness,317
OPT-EG-011-04,EG-011,EG-011a,8+,1,Source,SingleResponse,SR-EG-011-EG-011A,1,1,False,,40,True,Athletics & Wellness,318
OPT-EG-012-01,EG-012,EG-012a,0,0,Source,SingleResponse,SR-EG-012-EG-012A,1,1,False,,10,True,Athletics & Wellness,320
OPT-EG-012-02,EG-012,EG-012a,1,0.5,Source,SingleResponse,SR-EG-012-EG-012A,1,1,False,,20,True,Athletics & Wellness,321
OPT-EG-012-03,EG-012,EG-012a,2+,1,Source,SingleResponse,SR-EG-012-EG-012A,1,1,False,,30,True,Athletics & Wellness,322
OPT-EG-013-01,EG-013,EG-013a,Water fountain,1,Source,SingleResponse,SR-EG-013-EG-013A,1,1,False,,10,True,Athletics & Wellness,324
OPT-EG-013-02,EG-013,EG-013b,Bottle filler,1,Source,SingleResponse,SR-EG-013-EG-013B,1,1,False,,20,True,Athletics & Wellness,325
OPT-EG-013-03,EG-013,EG-013c,Learner restroom,1,Source,SingleResponse,SR-EG-013-EG-013C,1,1,False,,30,True,Athletics & Wellness,326
OPT-EG-013-04,EG-013,EG-013d,Adult restroom,1,Source,SingleResponse,SR-EG-013-EG-013D,1,1,False,,40,True,Athletics & Wellness,327
OPT-EG-013-05,EG-013,EG-013e,PE office,1,Source,SingleResponse,SR-EG-013-EG-013E,1,1,False,,50,True,Athletics & Wellness,328
OPT-EG-013-06,EG-013,EG-013f,None of the above,0,Source,SingleResponse,SR-EG-013-EG-013F,1,1,False,,60,True,Athletics & Wellness,329
OPT-EG-014-01,EG-014,EG-014a,Adjacent with an operable partition between the two spaces,1,Source,SingleResponse,SR-EG-014-EG-014A,1,1,False,,10,True,Athletics & Wellness,331
OPT-EG-014-02,EG-014,EG-014a,Adjacent or in close proximity,1,Source,SingleResponse,SR-EG-014-EG-014A,1,1,False,,20,True,Athletics & Wellness,332
OPT-EG-014-03,EG-014,EG-014a,Not in close proximity,0,Source,SingleResponse,SR-EG-014-EG-014A,1,1,False,,30,True,Athletics & Wellness,333
OPT-EG-014-04,EG-014,EG-014a,Unable to assess (note reason),,Exclusion,SingleResponse,SR-EG-014-EG-014A,0,1,True,,40,True,Athletics & Wellness,334
OPT-EG-015-01,EG-015,EG-015a,Yes,1,Source,SingleResponse,SR-EG-015-EG-015A,1,1,False,,10,True,Athletics & Wellness,336
OPT-EG-015-02,EG-015,EG-015a,No,0,Source,SingleResponse,SR-EG-015-EG-015A,1,1,False,,20,True,Athletics & Wellness,337
OPT-EG-015-03,EG-015,EG-015a,Unable to assess (note reason),,Exclusion,SingleResponse,SR-EG-015-EG-015A,0,1,True,,30,True,Athletics & Wellness,338
OPT-EG-016-01,EG-016,EG-016a,Yes,1,Source,SingleResponse,SR-EG-016-EG-016A,1,1,False,,10,True,Athletics & Wellness,340
OPT-EG-016-02,EG-016,EG-016a,No,0,Source,SingleResponse,SR-EG-016-EG-016A,1,1,False,,20,True,Athletics & Wellness,341
OPT-EG-016-03,EG-016,EG-016a,Unable to assess (note reason),,Exclusion,SingleResponse,SR-EG-016-EG-016A,0,1,True,,30,True,Athletics & Wellness,342
OPT-EG-017-01,EG-017,EG-017i,PA speaker,,Inventory,Inventory,INV-EG-017-EG-017I,0,0,False,,10,True,Athletics & Wellness,344
OPT-EG-017-02,EG-017,EG-017i,Synchronous clock,,Inventory,Inventory,INV-EG-017-EG-017I,0,0,False,,20,True,Athletics & Wellness,345
OPT-EG-017-03,EG-017,EG-017i,Acoustic panels,,Inventory,Inventory,INV-EG-017-EG-017I,0,0,False,,30,True,Athletics & Wellness,346
OPT-EG-017-04,EG-017,EG-017i,None of the above,,Inventory,Inventory,INV-EG-017-EG-017I,0,0,False,,40,True,Athletics & Wellness,347
OPT-WE-002-01,WE-002,WE-002a,Storage room,1,Source,SingleResponse,SR-WE-002-WE-002A,1,1,False,,10,True,Athletics & Wellness,353
OPT-WE-002-02,WE-002,WE-002b,A/V control room,1,Source,SingleResponse,SR-WE-002-WE-002B,1,1,False,,20,True,Athletics & Wellness,354
OPT-WE-002-03,WE-002,WE-002c,None of the above,0,Source,SingleResponse,SR-WE-002-WE-002C,1,1,False,,30,True,Athletics & Wellness,355
OPT-WE-003-01,WE-003,WE-003a,Yes,1,Source,SingleResponse,SR-WE-003-WE-003A,1,1,False,,10,True,Athletics & Wellness,357
OPT-WE-003-02,WE-003,WE-003a,No,0,Source,SingleResponse,SR-WE-003-WE-003A,1,1,False,,20,True,Athletics & Wellness,358
OPT-WE-003-03,WE-003,WE-003a,Unable to assess (note reason),,Exclusion,SingleResponse,SR-WE-003-WE-003A,0,1,True,,30,True,Athletics & Wellness,359
OPT-WE-004-01,WE-004,WE-004a,Power rack,1,Source,SingleResponse,SR-WE-004-WE-004A,1,1,False,,10,True,Athletics & Wellness,361
OPT-WE-004-02,WE-004,WE-004b,Free weights,1,Source,SingleResponse,SR-WE-004-WE-004B,1,1,False,,20,True,Athletics & Wellness,362
OPT-WE-004-03,WE-004,WE-004c,Bars,1,Source,SingleResponse,SR-WE-004-WE-004C,1,1,False,,30,True,Athletics & Wellness,363
OPT-WE-004-04,WE-004,WE-004d,Incline bench press,1,Source,SingleResponse,SR-WE-004-WE-004D,1,1,False,,40,True,Athletics & Wellness,364
OPT-WE-004-05,WE-004,WE-004e,Exercise machines,1,Source,SingleResponse,SR-WE-004-WE-004E,1,1,False,,50,True,Athletics & Wellness,365
OPT-WE-004-06,WE-004,WE-004f,Weight machines,1,Source,SingleResponse,SR-WE-004-WE-004F,1,1,False,,60,True,Athletics & Wellness,366
OPT-WE-004-07,WE-004,WE-004g,Exercise mats,1,Source,SingleResponse,SR-WE-004-WE-004G,1,1,False,,70,True,Athletics & Wellness,367
OPT-WE-004-08,WE-004,WE-004h,None of the above,0,Source,SingleResponse,SR-WE-004-WE-004H,1,1,False,,80,True,Athletics & Wellness,368
OPT-WE-005-01,WE-005,WE-005a,Yes,1,Source,SingleResponse,SR-WE-005-WE-005A,1,1,False,,10,True,Athletics & Wellness,370
OPT-WE-005-02,WE-005,WE-005a,No,0,Source,SingleResponse,SR-WE-005-WE-005A,1,1,False,,20,True,Athletics & Wellness,371
OPT-WE-005-03,WE-005,WE-005a,Unable to assess (note reason),,Exclusion,SingleResponse,SR-WE-005-WE-005A,0,1,True,,30,True,Athletics & Wellness,372
OPT-WE-006-01,WE-006,WE-006a,Yes,1,Source,SingleResponse,SR-WE-006-WE-006A,1,1,False,,10,True,Athletics & Wellness,374
OPT-WE-006-02,WE-006,WE-006a,No,0,Source,SingleResponse,SR-WE-006-WE-006A,1,1,False,,20,True,Athletics & Wellness,375
OPT-WE-006-03,WE-006,WE-006a,Unable to assess (note reason),,Exclusion,SingleResponse,SR-WE-006-WE-006A,0,1,True,,30,True,Athletics & Wellness,376
OPT-WE-007-01,WE-007,WE-007a,Yes,1,Source,SingleResponse,SR-WE-007-WE-007A,1,1,False,,10,True,Athletics & Wellness,378
OPT-WE-007-02,WE-007,WE-007a,No,0,Source,SingleResponse,SR-WE-007-WE-007A,1,1,False,,20,True,Athletics & Wellness,379
OPT-WE-007-03,WE-007,WE-007a,Unable to assess (note reason),,Exclusion,SingleResponse,SR-WE-007-WE-007A,0,1,True,,30,True,Athletics & Wellness,380
OPT-WE-008-01,WE-008,WE-008a,0,0,Source,SingleResponse,SR-WE-008-WE-008A,1,1,False,,10,True,Athletics & Wellness,382
OPT-WE-008-02,WE-008,WE-008a,1,0.25,Source,SingleResponse,SR-WE-008-WE-008A,1,1,False,,20,True,Athletics & Wellness,383
OPT-WE-008-03,WE-008,WE-008a,2,0.5,Source,SingleResponse,SR-WE-008-WE-008A,1,1,False,,30,True,Athletics & Wellness,384
OPT-WE-008-04,WE-008,WE-008a,3,0.75,Source,SingleResponse,SR-WE-008-WE-008A,1,1,False,,40,True,Athletics & Wellness,385
OPT-WE-008-05,WE-008,WE-008a,4,1,Source,SingleResponse,SR-WE-008-WE-008A,1,1,False,,50,True,Athletics & Wellness,386
OPT-WE-009-01,WE-009,WE-009a,0,0,Source,SingleResponse,SR-WE-009-WE-009A,1,1,False,,10,True,Athletics & Wellness,388
OPT-WE-009-02,WE-009,WE-009a,1-2,0.25,Source,SingleResponse,SR-WE-009-WE-009A,1,1,False,,20,True,Athletics & Wellness,389
OPT-WE-009-03,WE-009,WE-009a,3-5,0.5,Source,SingleResponse,SR-WE-009-WE-009A,1,1,False,,30,True,Athletics & Wellness,390
OPT-WE-009-04,WE-009,WE-009a,6-7,0.75,Source,SingleResponse,SR-WE-009-WE-009A,1,1,False,,40,True,Athletics & Wellness,391
OPT-WE-009-05,WE-009,WE-009a,8+,1,Source,SingleResponse,SR-WE-009-WE-009A,1,1,False,,50,True,Athletics & Wellness,392
OPT-WE-010-01,WE-010,WE-010a,Water fountain,1,Source,SingleResponse,SR-WE-010-WE-010A,1,1,False,,10,True,Athletics & Wellness,394
OPT-WE-010-02,WE-010,WE-010b,Bottle filler,1,Source,SingleResponse,SR-WE-010-WE-010B,1,1,False,,20,True,Athletics & Wellness,395
OPT-WE-010-03,WE-010,WE-010c,None of the above,0,Source,SingleResponse,SR-WE-010-WE-010C,1,1,False,,30,True,Athletics & Wellness,396
OPT-WR-002-01,WR-002,WR-002a,Yes,1,Source,SingleResponse,SR-WR-002-WR-002A,1,1,False,,10,True,Athletics & Wellness,402
OPT-WR-002-02,WR-002,WR-002a,No,0,Source,SingleResponse,SR-WR-002-WR-002A,1,1,False,,20,True,Athletics & Wellness,403
OPT-WR-002-03,WR-002,WR-002a,Unable to assess (note reason),,Exclusion,SingleResponse,SR-WR-002-WR-002A,0,1,True,,30,True,Athletics & Wellness,404
OPT-WR-003-01,WR-003,WR-003a,5' clearance is provided from mat edges to walls,1,Source,SingleResponse,SR-WR-003-WR-003A,1,1,False,,10,True,Athletics & Wellness,406
OPT-WR-003-02,WR-003,WR-003b,5' clearance is provided between mats,1,Source,SingleResponse,SR-WR-003-WR-003B,1,1,False,,20,True,Athletics & Wellness,407
OPT-WR-003-03,WR-003,WR-003c,None of the above,0,Source,SingleResponse,SR-WR-003-WR-003C,1,1,False,,30,True,Athletics & Wellness,408
OPT-WR-004-01,WR-004,WR-004a,Yes,1,Source,SingleResponse,SR-WR-004-WR-004A,1,1,False,,10,True,Athletics & Wellness,410
OPT-WR-004-02,WR-004,WR-004a,No,0,Source,SingleResponse,SR-WR-004-WR-004A,1,1,False,,20,True,Athletics & Wellness,411
OPT-WR-004-03,WR-004,WR-004a,Unable to assess (note reason),,Exclusion,SingleResponse,SR-WR-004-WR-004A,0,1,True,,30,True,Athletics & Wellness,412
OPT-WR-005-01,WR-005,WR-005a,Yes,1,Source,SingleResponse,SR-WR-005-WR-005A,1,1,False,,10,True,Athletics & Wellness,414
OPT-WR-005-02,WR-005,WR-005a,No,0,Source,SingleResponse,SR-WR-005-WR-005A,1,1,False,,20,True,Athletics & Wellness,415
OPT-WR-005-03,WR-005,WR-005a,Unable to assess (note reason),,Exclusion,SingleResponse,SR-WR-005-WR-005A,0,1,True,,30,True,Athletics & Wellness,416
OPT-WR-006-01,WR-006,WR-006a,Yes,1,Source,SingleResponse,SR-WR-006-WR-006A,1,1,False,,10,True,Athletics & Wellness,418
OPT-WR-006-02,WR-006,WR-006a,No,0,Source,SingleResponse,SR-WR-006-WR-006A,1,1,False,,20,True,Athletics & Wellness,419
OPT-WR-006-03,WR-006,WR-006a,Unable to assess (note reason),,Exclusion,SingleResponse,SR-WR-006-WR-006A,0,1,True,,30,True,Athletics & Wellness,420
OPT-WR-007-01,WR-007,WR-007a,None,0,Source,SingleResponse,SR-WR-007-WR-007A,1,1,False,,10,True,Athletics & Wellness,422
OPT-WR-007-02,WR-007,WR-007a,4+ linear feet,1,Source,SingleResponse,SR-WR-007-WR-007A,1,1,False,,20,True,Athletics & Wellness,423
OPT-WR-007-03,WR-007,WR-007a,Unable to assess (note reason),,Exclusion,SingleResponse,SR-WR-007-WR-007A,0,1,True,,30,True,Athletics & Wellness,424
OPT-WR-008-01,WR-008,WR-008a,0,0,Source,SingleResponse,SR-WR-008-WR-008A,1,1,False,,10,True,Athletics & Wellness,426
OPT-WR-008-02,WR-008,WR-008a,1,0.25,Source,SingleResponse,SR-WR-008-WR-008A,1,1,False,,20,True,Athletics & Wellness,427
OPT-WR-008-03,WR-008,WR-008a,2,0.5,Source,SingleResponse,SR-WR-008-WR-008A,1,1,False,,30,True,Athletics & Wellness,428
OPT-WR-008-04,WR-008,WR-008a,3,0.75,Source,SingleResponse,SR-WR-008-WR-008A,1,1,False,,40,True,Athletics & Wellness,429
OPT-WR-008-05,WR-008,WR-008a,4,1,Source,SingleResponse,SR-WR-008-WR-008A,1,1,False,,50,True,Athletics & Wellness,430
OPT-WR-009-01,WR-009,WR-009a,0,0,Source,SingleResponse,SR-WR-009-WR-009A,1,1,False,,10,True,Athletics & Wellness,432
OPT-WR-009-02,WR-009,WR-009a,1-2,0.25,Source,SingleResponse,SR-WR-009-WR-009A,1,1,False,,20,True,Athletics & Wellness,433
OPT-WR-009-03,WR-009,WR-009a,3-5,0.5,Source,SingleResponse,SR-WR-009-WR-009A,1,1,False,,30,True,Athletics & Wellness,434
OPT-WR-009-04,WR-009,WR-009a,6-7,0.75,Source,SingleResponse,SR-WR-009-WR-009A,1,1,False,,40,True,Athletics & Wellness,435
OPT-WR-009-05,WR-009,WR-009a,8+,1,Source,SingleResponse,SR-WR-009-WR-009A,1,1,False,,50,True,Athletics & Wellness,436
OPT-WR-010-01,WR-010,WR-010a,Water fountain,1,Source,SingleResponse,SR-WR-010-WR-010A,1,1,False,,10,True,Athletics & Wellness,438
OPT-WR-010-02,WR-010,WR-010b,Bottle filler,1,Source,SingleResponse,SR-WR-010-WR-010B,1,1,False,,20,True,Athletics & Wellness,439
OPT-WR-010-03,WR-010,WR-010c,None of the above,0,Source,SingleResponse,SR-WR-010-WR-010C,1,1,False,,30,True,Athletics & Wellness,440
OPT-LR-002-01,LR-002,LR-002a,Athletics locker room (boys),1,Source,SingleResponse,SR-LR-002-LR-002A,1,1,False,,10,True,Athletics & Wellness,446
OPT-LR-002-02,LR-002,LR-002b,Athletics locker room (girls),1,Source,SingleResponse,SR-LR-002-LR-002B,1,1,False,,20,True,Athletics & Wellness,447
OPT-LR-002-03,LR-002,LR-002c,PE locker room (boys),1,Source,SingleResponse,SR-LR-002-LR-002C,1,1,False,,30,True,Athletics & Wellness,448
OPT-LR-002-04,LR-002,LR-002d,PE locker room (girls),1,Source,SingleResponse,SR-LR-002-LR-002D,1,1,False,,40,True,Athletics & Wellness,449
OPT-LR-002-05,LR-002,LR-002e,All-learners locker room,1,Source,SingleResponse,SR-LR-002-LR-002E,1,1,False,,50,True,Athletics & Wellness,450
OPT-LR-002-06,LR-002,LR-002f,Adult lockers/dressing,1,Source,SingleResponse,SR-LR-002-LR-002F,1,1,False,,60,True,Athletics & Wellness,451
OPT-LR-002-07,LR-002,LR-002g,Official's lockers/dressing,1,Source,SingleResponse,SR-LR-002-LR-002G,1,1,False,,70,True,Athletics & Wellness,452
OPT-LR-002-08,LR-002,LR-002h,None of the above,0,Source,SingleResponse,SR-LR-002-LR-002H,1,1,False,,80,True,Athletics & Wellness,453
OPT-LR-003-01,LR-003,LR-003a,Yes,1,Source,SingleResponse,SR-LR-003-LR-003A,1,1,False,,10,True,Athletics & Wellness,455
OPT-LR-003-02,LR-003,LR-003a,No,0,Source,SingleResponse,SR-LR-003-LR-003A,1,1,False,,20,True,Athletics & Wellness,456
OPT-LR-003-03,LR-003,LR-003a,Unable to assess (note reason),,Exclusion,SingleResponse,SR-LR-003-LR-003A,0,1,True,,30,True,Athletics & Wellness,457
OPT-LR-004-01,LR-004,LR-004a,The locker rooms are easily accessible from the gymnasium and other athletics facilities,1,Source,SingleResponse,SR-LR-004-LR-004A,1,1,False,,10,True,Athletics & Wellness,459
OPT-LR-004-02,LR-004,LR-004b,The locker rooms are directly accessible from the outdoor athletics area,1,Source,SingleResponse,SR-LR-004-LR-004B,1,1,False,,20,True,Athletics & Wellness,460
OPT-LR-004-03,LR-004,LR-004c,The all-learners locker room is directly accessible from the locker room vestibule,1,Source,SingleResponse,SR-LR-004-LR-004C,1,1,False,,30,True,Athletics & Wellness,461
OPT-LR-004-04,LR-004,LR-004d,None of the above,0,Source,SingleResponse,SR-LR-004-LR-004D,1,1,False,,40,True,Athletics & Wellness,462
OPT-LR-005-01,LR-005,LR-005a,Floor drain(s),1,Source,SingleResponse,SR-LR-005-LR-005A,1,1,False,,10,True,Athletics & Wellness,464
OPT-LR-005-02,LR-005,LR-005b,Shower(s),1,Source,SingleResponse,SR-LR-005-LR-005B,1,1,False,,20,True,Athletics & Wellness,465
OPT-LR-005-03,LR-005,LR-005c,Hose bib(s),1,Source,SingleResponse,SR-LR-005-LR-005C,1,1,False,,30,True,Athletics & Wellness,466
OPT-LR-005-04,LR-005,LR-005d,None of the above,0,Source,SingleResponse,SR-LR-005-LR-005D,1,1,False,,40,True,Athletics & Wellness,467
OPT-LR-006-01,LR-006,LR-006a,Coaches PLC,1,Source,SingleResponse,SR-LR-006-LR-006A,1,1,False,,10,True,Athletics & Wellness,469
OPT-LR-006-02,LR-006,LR-006b,Equipment storage,1,Source,SingleResponse,SR-LR-006-LR-006B,1,1,False,,20,True,Athletics & Wellness,470
OPT-LR-006-03,LR-006,LR-006c,Health studio,1,Source,SingleResponse,SR-LR-006-LR-006C,1,1,False,,30,True,Athletics & Wellness,471
OPT-LR-006-04,LR-006,LR-006d,Laundry,1,Source,SingleResponse,SR-LR-006-LR-006D,1,1,False,,40,True,Athletics & Wellness,472
OPT-LR-006-05,LR-006,LR-006e,None of the above,0,Source,SingleResponse,SR-LR-006-LR-006E,1,1,False,,50,True,Athletics & Wellness,473
OPT-PF-002-01,PF-002,PF-002a,Yes,1,Source,SingleResponse,SR-PF-002-PF-002A,1,1,False,,10,True,Athletics & Wellness,479
OPT-PF-002-02,PF-002,PF-002a,No,0,Source,SingleResponse,SR-PF-002-PF-002A,1,1,False,,20,True,Athletics & Wellness,480
OPT-PF-002-03,PF-002,PF-002a,Unable to assess (note reason),,Exclusion,SingleResponse,SR-PF-002-PF-002A,0,1,True,,30,True,Athletics & Wellness,481
OPT-PF-003-01,PF-003,PF-003a,None,0,Source,SingleResponse,SR-PF-003-PF-003A,1,1,False,,10,True,Athletics & Wellness,483
OPT-PF-003-02,PF-003,PF-003a,<8 linear feet,0.5,Source,SingleResponse,SR-PF-003-PF-003A,1,1,False,,20,True,Athletics & Wellness,484
OPT-PF-003-03,PF-003,PF-003a,8+ linear feet,1,Source,SingleResponse,SR-PF-003-PF-003A,1,1,False,,30,True,Athletics & Wellness,485
OPT-PF-003-04,PF-003,PF-003a,Unable to assess (note reason),,Exclusion,SingleResponse,SR-PF-003-PF-003A,0,1,True,,40,True,Athletics & Wellness,486
OPT-PF-004-01,PF-004,PF-004a,None,0,Source,SingleResponse,SR-PF-004-PF-004A,1,1,False,,10,True,Athletics & Wellness,488
OPT-PF-004-02,PF-004,PF-004a,<4 linear feet,0.5,Source,SingleResponse,SR-PF-004-PF-004A,1,1,False,,20,True,Athletics & Wellness,489
OPT-PF-004-03,PF-004,PF-004a,4+ linear feet,1,Source,SingleResponse,SR-PF-004-PF-004A,1,1,False,,30,True,Athletics & Wellness,490
OPT-PF-004-04,PF-004,PF-004a,Unable to assess (note reason),,Exclusion,SingleResponse,SR-PF-004-PF-004A,0,1,True,,40,True,Athletics & Wellness,491
OPT-PF-005-01,PF-005,PF-005a,0,0,Source,SingleResponse,SR-PF-005-PF-005A,1,1,False,,10,True,Athletics & Wellness,493
OPT-PF-005-02,PF-005,PF-005a,1,0.25,Source,SingleResponse,SR-PF-005-PF-005A,1,1,False,,20,True,Athletics & Wellness,494
OPT-PF-005-03,PF-005,PF-005a,2,0.5,Source,SingleResponse,SR-PF-005-PF-005A,1,1,False,,30,True,Athletics & Wellness,495
OPT-PF-005-04,PF-005,PF-005a,3,0.75,Source,SingleResponse,SR-PF-005-PF-005A,1,1,False,,40,True,Athletics & Wellness,496
OPT-PF-005-05,PF-005,PF-005a,4,1,Source,SingleResponse,SR-PF-005-PF-005A,1,1,False,,50,True,Athletics & Wellness,497
OPT-PF-006-01,PF-006,PF-006a,0,0,Source,SingleResponse,SR-PF-006-PF-006A,1,1,False,,10,True,Athletics & Wellness,499
OPT-PF-006-02,PF-006,PF-006a,1-2,0.25,Source,SingleResponse,SR-PF-006-PF-006A,1,1,False,,20,True,Athletics & Wellness,500
OPT-PF-006-03,PF-006,PF-006a,3-5,0.5,Source,SingleResponse,SR-PF-006-PF-006A,1,1,False,,30,True,Athletics & Wellness,501
OPT-PF-006-04,PF-006,PF-006a,6-7,0.75,Source,SingleResponse,SR-PF-006-PF-006A,1,1,False,,40,True,Athletics & Wellness,502
OPT-PF-006-05,PF-006,PF-006a,8+,1,Source,SingleResponse,SR-PF-006-PF-006A,1,1,False,,50,True,Athletics & Wellness,503
OPT-PF-007-01,PF-007,PF-007a,Water fountain,1,Source,SingleResponse,SR-PF-007-PF-007A,1,1,False,,10,True,Athletics & Wellness,505
OPT-PF-007-02,PF-007,PF-007b,Bottle filler,1,Source,SingleResponse,SR-PF-007-PF-007B,1,1,False,,20,True,Athletics & Wellness,506
OPT-PF-007-03,PF-007,PF-007c,None of the above,0,Source,SingleResponse,SR-PF-007-PF-007C,1,1,False,,30,True,Athletics & Wellness,507
OPT-PF-008-01,PF-008,PF-008a,Mirrors extend the full length of at least one wall,1,Source,SingleResponse,SR-PF-008-PF-008A,1,1,False,,10,True,Athletics & Wellness,509
OPT-PF-008-02,PF-008,PF-008b,Mirrors are at least 7' high,1,Source,SingleResponse,SR-PF-008-PF-008B,1,1,False,,20,True,Athletics & Wellness,510
OPT-PF-008-03,PF-008,PF-008c,None of the above,0,Source,SingleResponse,SR-PF-008-PF-008C,1,1,False,,30,True,Athletics & Wellness,511
OPT-PF-009-01,PF-009,PF-009a,Weight racks,1,Source,SingleResponse,SR-PF-009-PF-009A,1,1,False,,10,True,Athletics & Wellness,513
OPT-PF-009-02,PF-009,PF-009b,Free weights,1,Source,SingleResponse,SR-PF-009-PF-009B,1,1,False,,20,True,Athletics & Wellness,514
OPT-PF-009-03,PF-009,PF-009c,Cardio machines,1,Source,SingleResponse,SR-PF-009-PF-009C,1,1,False,,30,True,Athletics & Wellness,515
OPT-PF-009-04,PF-009,PF-009d,Exercise mats,1,Source,SingleResponse,SR-PF-009-PF-009D,1,1,False,,40,True,Athletics & Wellness,516
OPT-PF-009-05,PF-009,PF-009e,None of the above,0,Source,SingleResponse,SR-PF-009-PF-009E,1,1,False,,50,True,Athletics & Wellness,517
OPT-AT-001-01,AT-001,AT-001a,The gym lobby serves as a dedicated after-hours entry point,1,Source,SingleResponse,SR-AT-001-AT-001A,1,1,False,,10,True,Athletics & Wellness,519
OPT-AT-001-02,AT-001,AT-001b,The athletics wing can be accessed before and after school hours while restricting access to the rest of campus,1,Source,SingleResponse,SR-AT-001-AT-001B,1,1,False,,20,True,Athletics & Wellness,520
OPT-AT-001-03,AT-001,AT-001c,None of the above,0,Source,SingleResponse,SR-AT-001-AT-001C,1,1,False,,30,True,Athletics & Wellness,521
OPT-AT-002-01,AT-002,AT-002a,Yes,1,Source,SingleResponse,SR-AT-002-AT-002A,1,1,False,,10,True,Athletics & Wellness,523
OPT-AT-002-02,AT-002,AT-002a,No,0,Source,SingleResponse,SR-AT-002-AT-002A,1,1,False,,20,True,Athletics & Wellness,524
OPT-AT-002-03,AT-002,AT-002a,Unable to assess (note reason),,Exclusion,SingleResponse,SR-AT-002-AT-002A,0,1,True,,30,True,Athletics & Wellness,525
OPT-AT-003-01,AT-003,AT-003a,Gym lobby,1,Source,SingleResponse,SR-AT-003-AT-003A,1,1,False,,10,True,Athletics & Wellness,527
OPT-AT-003-02,AT-003,AT-003b,Concession,1,Source,SingleResponse,SR-AT-003-AT-003B,1,1,False,,20,True,Athletics & Wellness,528
OPT-AT-003-03,AT-003,AT-003c,Restrooms (public/gymnasium),1,Source,SingleResponse,SR-AT-003-AT-003C,1,1,False,,30,True,Athletics & Wellness,529
OPT-AT-003-04,AT-003,AT-003d,Family restroom,1,Source,SingleResponse,SR-AT-003-AT-003D,1,1,False,,40,True,Athletics & Wellness,530
OPT-AT-003-05,AT-003,AT-003e,Laundry,1,Source,SingleResponse,SR-AT-003-AT-003E,1,1,False,,50,True,Athletics & Wellness,531
OPT-AT-003-06,AT-003,AT-003f,Storage rooms,1,Source,SingleResponse,SR-AT-003-AT-003F,1,1,False,,60,True,Athletics & Wellness,532
OPT-AT-003-07,AT-003,AT-003g,Coaches PLC,1,Source,SingleResponse,SR-AT-003-AT-003G,1,1,False,,70,True,Athletics & Wellness,533
OPT-AT-003-08,AT-003,AT-003h,None of the above,0,Source,SingleResponse,SR-AT-003-AT-003H,1,1,False,,80,True,Athletics & Wellness,534
OPT-AT-004-01,AT-004,AT-004a,Athletics Coordinator's office,1,Source,SingleResponse,SR-AT-004-AT-004A,1,1,False,,10,True,Athletics & Wellness,536
OPT-AT-004-02,AT-004,AT-004b,Athletics Trainer's office,1,Source,SingleResponse,SR-AT-004-AT-004B,1,1,False,,20,True,Athletics & Wellness,537
OPT-AT-004-03,AT-004,AT-004c,Athletics training room,1,Source,SingleResponse,SR-AT-004-AT-004C,1,1,False,,30,True,Athletics & Wellness,538
OPT-AT-004-04,AT-004,AT-004d,Health studio/team meeting,1,Source,SingleResponse,SR-AT-004-AT-004D,1,1,False,,40,True,Athletics & Wellness,539
OPT-AT-004-05,AT-004,AT-004e,Table and chair storage,1,Source,SingleResponse,SR-AT-004-AT-004E,1,1,False,,50,True,Athletics & Wellness,540
OPT-AT-004-06,AT-004,AT-004f,Group rooms (small),1,Source,SingleResponse,SR-AT-004-AT-004F,1,1,False,,60,True,Athletics & Wellness,541
OPT-AT-004-07,AT-004,AT-004g,None of the above,0,Source,SingleResponse,SR-AT-004-AT-004G,1,1,False,,70,True,Athletics & Wellness,542
OPT-AT-005-01,AT-005,AT-005a,0,0,Source,SingleResponse,SR-AT-005-AT-005A,1,1,False,,10,True,Athletics & Wellness,544
OPT-AT-005-02,AT-005,AT-005a,1-2,0.33,Source,SingleResponse,SR-AT-005-AT-005A,1,1,False,,20,True,Athletics & Wellness,545
OPT-AT-005-03,AT-005,AT-005a,3-4,0.66,Source,SingleResponse,SR-AT-005-AT-005A,1,1,False,,30,True,Athletics & Wellness,546
OPT-AT-005-04,AT-005,AT-005a,5+,1,Source,SingleResponse,SR-AT-005-AT-005A,1,1,False,,40,True,Athletics & Wellness,547
OPT-AT-006-01,AT-006,AT-006a,0,0,Source,SingleResponse,SR-AT-006-AT-006A,1,1,False,,10,True,Athletics & Wellness,549
OPT-AT-006-02,AT-006,AT-006a,1-2,0.33,Source,SingleResponse,SR-AT-006-AT-006A,1,1,False,,20,True,Athletics & Wellness,550
OPT-AT-006-03,AT-006,AT-006a,3,0.66,Source,SingleResponse,SR-AT-006-AT-006A,1,1,False,,30,True,Athletics & Wellness,551
OPT-AT-006-04,AT-006,AT-006a,4+,1,Source,SingleResponse,SR-AT-006-AT-006A,1,1,False,,40,True,Athletics & Wellness,552
OPT-AT-007-01,AT-007,AT-007a,0,0,Source,SingleResponse,SR-AT-007-AT-007A,1,1,False,,10,True,Athletics & Wellness,554
OPT-AT-007-02,AT-007,AT-007a,1,0.5,Source,SingleResponse,SR-AT-007-AT-007A,1,1,False,,20,True,Athletics & Wellness,555
OPT-AT-007-03,AT-007,AT-007a,2+,1,Source,SingleResponse,SR-AT-007-AT-007A,1,1,False,,30,True,Athletics & Wellness,556
OPT-OA-001-01,OA-001,OA-001a,Football/soccer field,1,Source,SingleResponse,SR-OA-001-OA-001A,1,1,False,,10,True,Athletics & Wellness,558
OPT-OA-001-02,OA-001,OA-001b,Track,1,Source,SingleResponse,SR-OA-001-OA-001B,1,1,False,,20,True,Athletics & Wellness,559
OPT-OA-001-03,OA-001,OA-001c,Tennis courts,1,Source,SingleResponse,SR-OA-001-OA-001C,1,1,False,,30,True,Athletics & Wellness,560
OPT-OA-001-04,OA-001,OA-001d,Flat grass playfield (separate from football/soccer field),1,Source,SingleResponse,SR-OA-001-OA-001D,1,1,False,,40,True,Athletics & Wellness,561
OPT-OA-001-05,OA-001,OA-001e,Hard play slab,1,Source,SingleResponse,SR-OA-001-OA-001E,1,1,False,,50,True,Athletics & Wellness,562
OPT-OA-001-06,OA-001,OA-001f,Shot put circle,1,Source,SingleResponse,SR-OA-001-OA-001F,1,1,False,,60,True,Athletics & Wellness,563
OPT-OA-001-07,OA-001,OA-001g,Discus throw circle,1,Source,SingleResponse,SR-OA-001-OA-001G,1,1,False,,70,True,Athletics & Wellness,564
OPT-OA-001-08,OA-001,OA-001h,High jump and landing mat,1,Source,SingleResponse,SR-OA-001-OA-001H,1,1,False,,80,True,Athletics & Wellness,565
OPT-OA-001-09,OA-001,OA-001j,Long jump and landing pit,1,Source,SingleResponse,SR-OA-001-OA-001J,1,1,False,,90,True,Athletics & Wellness,566
OPT-OA-001-10,OA-001,OA-001k,Triple jump and landing pit,1,Source,SingleResponse,SR-OA-001-OA-001K,1,1,False,,100,True,Athletics & Wellness,567
OPT-OA-001-11,OA-001,OA-001l,None of the above,0,Source,SingleResponse,SR-OA-001-OA-001L,1,1,False,,110,True,Athletics & Wellness,568
OPT-OA-002-01,OA-002,OA-002a,Yes,1,Source,SingleResponse,SR-OA-002-OA-002A,1,1,False,,10,True,Athletics & Wellness,570
OPT-OA-002-02,OA-002,OA-002a,No,0,Source,SingleResponse,SR-OA-002-OA-002A,1,1,False,,20,True,Athletics & Wellness,571
OPT-OA-002-03,OA-002,OA-002a,Unable to assess (note reason),,Exclusion,SingleResponse,SR-OA-002-OA-002A,0,1,True,,30,True,Athletics & Wellness,572
OPT-OA-003-01,OA-003,OA-003a,Football/soccer field (synthetic turf),1,Source,SingleResponse,SR-OA-003-OA-003A,1,1,False,,10,True,Athletics & Wellness,574
OPT-OA-003-02,OA-003,OA-003b,Track,1,Source,SingleResponse,SR-OA-003-OA-003B,1,1,False,,20,True,Athletics & Wellness,575
OPT-OA-003-03,OA-003,OA-003c,Tennis courts,1,Source,SingleResponse,SR-OA-003-OA-003C,1,1,False,,30,True,Athletics & Wellness,576
OPT-OA-003-04,OA-003,OA-003d,Football/soccer practice field (natural grass),1,Source,SingleResponse,SR-OA-003-OA-003D,1,1,False,,40,True,Athletics & Wellness,577
OPT-OA-003-05,OA-003,OA-003e,Shot put circle,1,Source,SingleResponse,SR-OA-003-OA-003E,1,1,False,,50,True,Athletics & Wellness,578
OPT-OA-003-06,OA-003,OA-003f,Discus throw circle,1,Source,SingleResponse,SR-OA-003-OA-003F,1,1,False,,60,True,Athletics & Wellness,579
OPT-OA-003-07,OA-003,OA-003g,High jump and landing mat,1,Source,SingleResponse,SR-OA-003-OA-003G,1,1,False,,70,True,Athletics & Wellness,580
OPT-OA-003-08,OA-003,OA-003h,Long jump and landing pit,1,Source,SingleResponse,SR-OA-003-OA-003H,1,1,False,,80,True,Athletics & Wellness,581
OPT-OA-003-09,OA-003,OA-003j,Triple jump and landing pit,1,Source,SingleResponse,SR-OA-003-OA-003J,1,1,False,,90,True,Athletics & Wellness,582
OPT-OA-003-10,OA-003,OA-003k,Pole vault and landing mat,1,Source,SingleResponse,SR-OA-003-OA-003K,1,1,False,,100,True,Athletics & Wellness,583
OPT-OA-003-11,OA-003,OA-003l,Baseball field,1,Source,SingleResponse,SR-OA-003-OA-003L,1,1,False,,110,True,Athletics & Wellness,584
OPT-OA-003-12,OA-003,OA-003m,Softball field,1,Source,SingleResponse,SR-OA-003-OA-003M,1,1,False,,120,True,Athletics & Wellness,585
OPT-OA-003-13,OA-003,OA-003n,"Football field press box (coaches, timer, score keeper, announcer)",1,Source,SingleResponse,SR-OA-003-OA-003N,1,1,False,,130,True,Athletics & Wellness,586
OPT-OA-003-14,OA-003,OA-003o,None of the above,0,Source,SingleResponse,SR-OA-003-OA-003O,1,1,False,,140,True,Athletics & Wellness,587
OPT-OA-004-01,OA-004,OA-004a,Yes,1,Source,SingleResponse,SR-OA-004-OA-004A,1,1,False,,10,True,Athletics & Wellness,589
OPT-OA-004-02,OA-004,OA-004a,No,0,Source,SingleResponse,SR-OA-004-OA-004A,1,1,False,,20,True,Athletics & Wellness,590
OPT-OA-004-03,OA-004,OA-004a,Unable to assess (note reason),,Exclusion,SingleResponse,SR-OA-004-OA-004A,0,1,True,,30,True,Athletics & Wellness,591
OPT-OA-005-01,OA-005,OA-005a,No track,0,Source,SingleResponse,SR-OA-005-OA-005A,1,1,False,,10,True,Athletics & Wellness,593
OPT-OA-005-02,OA-005,OA-005a,4,0.5,Source,SingleResponse,SR-OA-005-OA-005A,1,1,False,,20,True,Athletics & Wellness,594
OPT-OA-005-03,OA-005,OA-005a,5,0.5,Source,SingleResponse,SR-OA-005-OA-005A,1,1,False,,30,True,Athletics & Wellness,595
OPT-OA-005-04,OA-005,OA-005a,6,1,Source,SingleResponse,SR-OA-005-OA-005A,1,1,False,,40,True,Athletics & Wellness,596
OPT-OA-005-05,OA-005,OA-005a,7,1,Source,SingleResponse,SR-OA-005-OA-005A,1,1,False,,50,True,Athletics & Wellness,597
OPT-OA-005-06,OA-005,OA-005a,8,1,Source,SingleResponse,SR-OA-005-OA-005A,1,1,False,,60,True,Athletics & Wellness,598
OPT-OA-005-07,OA-005,OA-005a,Other (please note),,Exclusion,SingleResponse,SR-OA-005-OA-005A,0,1,True,,70,True,Athletics & Wellness,599
OPT-OA-006-01,OA-006,OA-006a,Yes,1,Source,SingleResponse,SR-OA-006-OA-006A,1,1,False,,10,True,Athletics & Wellness,601
OPT-OA-006-02,OA-006,OA-006a,No,0,Source,SingleResponse,SR-OA-006-OA-006A,1,1,False,,20,True,Athletics & Wellness,602
OPT-OA-006-03,OA-006,OA-006a,Unable to assess (note reason),,Exclusion,SingleResponse,SR-OA-006-OA-006A,0,1,True,,30,True,Athletics & Wellness,603
OPT-OA-007-01,OA-007,OA-007a,No track,0,Source,SingleResponse,SR-OA-007-OA-007A,1,1,False,,10,True,Athletics & Wellness,605
OPT-OA-007-02,OA-007,OA-007a,4,0.33,Source,SingleResponse,SR-OA-007-OA-007A,1,1,False,,20,True,Athletics & Wellness,606
OPT-OA-007-03,OA-007,OA-007a,5,0.33,Source,SingleResponse,SR-OA-007-OA-007A,1,1,False,,30,True,Athletics & Wellness,607
OPT-OA-007-04,OA-007,OA-007a,6,0.66,Source,SingleResponse,SR-OA-007-OA-007A,1,1,False,,40,True,Athletics & Wellness,608
OPT-OA-007-05,OA-007,OA-007a,7,1,Source,SingleResponse,SR-OA-007-OA-007A,1,1,False,,50,True,Athletics & Wellness,609
OPT-OA-007-06,OA-007,OA-007a,8,1,Source,SingleResponse,SR-OA-007-OA-007A,1,1,False,,60,True,Athletics & Wellness,610
OPT-OA-007-07,OA-007,OA-007a,Other (please note),,Exclusion,SingleResponse,SR-OA-007-OA-007A,0,1,True,,70,True,Athletics & Wellness,611
OPT-OA-008-01,OA-008,OA-008a,Yes,1,Source,SingleResponse,SR-OA-008-OA-008A,1,1,False,,10,True,Athletics & Wellness,613
OPT-OA-008-02,OA-008,OA-008a,No,0,Source,SingleResponse,SR-OA-008-OA-008A,1,1,False,,20,True,Athletics & Wellness,614
OPT-OA-008-03,OA-008,OA-008a,Unable to assess (note reason),,Exclusion,SingleResponse,SR-OA-008-OA-008A,0,1,True,,30,True,Athletics & Wellness,615
OPT-OA-009-01,OA-009,OA-009a,0,0,Source,SingleResponse,SR-OA-009-OA-009A,1,1,False,,10,True,Athletics & Wellness,617
OPT-OA-009-02,OA-009,OA-009a,2,0.5,Source,SingleResponse,SR-OA-009-OA-009A,1,1,False,,20,True,Athletics & Wellness,618
OPT-OA-009-03,OA-009,OA-009a,4+,1,Source,SingleResponse,SR-OA-009-OA-009A,1,1,False,,30,True,Athletics & Wellness,619
OPT-OA-010-01,OA-010,OA-010a,0,0,Source,SingleResponse,SR-OA-010-OA-010A,1,1,False,,10,True,Athletics & Wellness,621
OPT-OA-010-02,OA-010,OA-010a,2,0.33,Source,SingleResponse,SR-OA-010-OA-010A,1,1,False,,20,True,Athletics & Wellness,622
OPT-OA-010-03,OA-010,OA-010a,4,0.66,Source,SingleResponse,SR-OA-010-OA-010A,1,1,False,,30,True,Athletics & Wellness,623
OPT-OA-010-04,OA-010,OA-010a,6,1,Source,SingleResponse,SR-OA-010-OA-010A,1,1,False,,40,True,Athletics & Wellness,624
OPT-OA-010-05,OA-010,OA-010a,8+,1,Source,SingleResponse,SR-OA-010-OA-010A,1,1,False,,50,True,Athletics & Wellness,625
OPT-OA-011-01,OA-011,OA-011a,Football/soccer field with track,1,Source,SingleResponse,SR-OA-011-OA-011A,1,1,False,,10,True,Athletics & Wellness,627
OPT-OA-011-02,OA-011,OA-011b,Tennis courts,1,Source,SingleResponse,SR-OA-011-OA-011B,1,1,False,,20,True,Athletics & Wellness,628
OPT-OA-011-03,OA-011,OA-011c,Restrooms,1,Source,SingleResponse,SR-OA-011-OA-011C,1,1,False,,30,True,Athletics & Wellness,629
OPT-OA-011-04,OA-011,OA-011d,None of the above,0,Source,SingleResponse,SR-OA-011-OA-011D,1,1,False,,40,True,Athletics & Wellness,630
OPT-OA-012-01,OA-012,OA-012a,Football/soccer field with track,1,Source,SingleResponse,SR-OA-012-OA-012A,1,1,False,,10,True,Athletics & Wellness,632
OPT-OA-012-02,OA-012,OA-012b,Tennis courts,1,Source,SingleResponse,SR-OA-012-OA-012B,1,1,False,,20,True,Athletics & Wellness,633
OPT-OA-012-03,OA-012,OA-012c,Baseball field,1,Source,SingleResponse,SR-OA-012-OA-012C,1,1,False,,30,True,Athletics & Wellness,634
OPT-OA-012-04,OA-012,OA-012d,Softball field,1,Source,SingleResponse,SR-OA-012-OA-012D,1,1,False,,40,True,Athletics & Wellness,635
OPT-OA-012-05,OA-012,OA-012e,Restrooms,1,Source,SingleResponse,SR-OA-012-OA-012E,1,1,False,,50,True,Athletics & Wellness,636
OPT-OA-012-06,OA-012,OA-012f,None of the above,0,Source,SingleResponse,SR-OA-012-OA-012F,1,1,False,,60,True,Athletics & Wellness,637
OPT-OA-013-01,OA-013,OA-013a,Football/soccer field with track,1,Source,SingleResponse,SR-OA-013-OA-013A,1,1,False,,10,True,Athletics & Wellness,639
OPT-OA-013-02,OA-013,OA-013b,Tennis courts,1,Source,SingleResponse,SR-OA-013-OA-013B,1,1,False,,20,True,Athletics & Wellness,640
OPT-OA-013-03,OA-013,OA-013c,None of the above,0,Source,SingleResponse,SR-OA-013-OA-013C,1,1,False,,30,True,Athletics & Wellness,641
OPT-OA-014-01,OA-014,OA-014a,Football/soccer field with track,1,Source,SingleResponse,SR-OA-014-OA-014A,1,1,False,,10,True,Athletics & Wellness,643
OPT-OA-014-02,OA-014,OA-014b,Tennis courts,1,Source,SingleResponse,SR-OA-014-OA-014B,1,1,False,,20,True,Athletics & Wellness,644
OPT-OA-014-03,OA-014,OA-014c,Baseball field,1,Source,SingleResponse,SR-OA-014-OA-014C,1,1,False,,30,True,Athletics & Wellness,645
OPT-OA-014-04,OA-014,OA-014d,Softball field,1,Source,SingleResponse,SR-OA-014-OA-014D,1,1,False,,40,True,Athletics & Wellness,646
OPT-OA-014-05,OA-014,OA-014e,None of the above,0,Source,SingleResponse,SR-OA-014-OA-014E,1,1,False,,50,True,Athletics & Wellness,647
OPT-OA-015-01,OA-015,OA-015a,Good - storage appears sufficient; the space is organized with little visible clutter,1,Source,SingleResponse,SR-OA-015-OA-015A,1,1,False,,10,True,Athletics & Wellness,649
OPT-OA-015-02,OA-015,OA-015a,Fair - storage appears mostly sufficient; some clutter or overflow is visible,0.5,Source,SingleResponse,SR-OA-015-OA-015A,1,1,False,,20,True,Athletics & Wellness,650
OPT-OA-015-03,OA-015,OA-015a,Poor - storage appears insufficient; significant clutter or materials without a home,0,Source,SingleResponse,SR-OA-015-OA-015A,1,1,False,,30,True,Athletics & Wellness,651
OPT-OA-015-04,OA-015,OA-015a,Unable to assess (note reason),,Exclusion,SingleResponse,SR-OA-015-OA-015A,0,1,True,,40,True,Athletics & Wellness,652
OPT-OA-016-01,OA-016,OA-016a,Football/soccer field with track,1,Source,SingleResponse,SR-OA-016-OA-016A,1,1,False,,10,True,Athletics & Wellness,654
OPT-OA-016-02,OA-016,OA-016b,Baseball field,1,Source,SingleResponse,SR-OA-016-OA-016B,1,1,False,,20,True,Athletics & Wellness,655
OPT-OA-016-03,OA-016,OA-016c,Softball field,1,Source,SingleResponse,SR-OA-016-OA-016C,1,1,False,,30,True,Athletics & Wellness,656
OPT-OA-016-04,OA-016,OA-016d,Tennis courts,1,Source,SingleResponse,SR-OA-016-OA-016D,1,1,False,,40,True,Athletics & Wellness,657
OPT-OA-016-05,OA-016,OA-016e,None of the above,0,Source,SingleResponse,SR-OA-016-OA-016E,1,1,False,,50,True,Athletics & Wellness,658
OPT-OA-017-01,OA-017,OA-017a,"Football/soccer field with track bleachers appear to meet the 1,000-seat minimum",1,Source,SingleResponse,SR-OA-017-OA-017A,1,1,False,,10,True,Athletics & Wellness,660
OPT-OA-017-02,OA-017,OA-017b,Baseball field bleachers appear to meet the 400-seat minimum,1,Source,SingleResponse,SR-OA-017-OA-017B,1,1,False,,20,True,Athletics & Wellness,661
OPT-OA-017-03,OA-017,OA-017c,Softball field bleachers appear to meet the 300-seat minimum,1,Source,SingleResponse,SR-OA-017-OA-017C,1,1,False,,30,True,Athletics & Wellness,662
OPT-OA-017-04,OA-017,OA-017d,Tennis court bleachers appear to meet the 200-seat minimum,1,Source,SingleResponse,SR-OA-017-OA-017D,1,1,False,,40,True,Athletics & Wellness,663
OPT-OA-017-05,OA-017,OA-017e,None of the above,0,Source,SingleResponse,SR-OA-017-OA-017E,1,1,False,,50,True,Athletics & Wellness,664
OPT-DC-002-01,DC-002,DC-002a,Good - walls are painted in light colors and accent color is used to reduce monotony,1,Source,SingleResponse,SR-DC-002-DC-002A,1,1,False,,10,True,Food Service,7
OPT-DC-002-02,DC-002,DC-002a,Fair - walls are painted in light colors but no accent color is used,0.5,Source,SingleResponse,SR-DC-002-DC-002A,1,1,False,,20,True,Food Service,8
OPT-DC-002-03,DC-002,DC-002a,Poor - walls are painted in dark or monotonous colors,0,Source,SingleResponse,SR-DC-002-DC-002A,1,1,False,,30,True,Food Service,9
OPT-DC-002-04,DC-002,DC-002a,Unable to assess (note reason),,Exclusion,SingleResponse,SR-DC-002-DC-002A,0,1,True,,40,True,Food Service,10
OPT-DC-003-01,DC-003,DC-003a,"Resilient flooring (e.g., vinyl, rubber)",1,Source,SingleResponse,SR-DC-003-DC-003A,1,1,False,,10,True,Food Service,12
OPT-DC-003-02,DC-003,DC-003a,Polished concrete,1,Source,SingleResponse,SR-DC-003-DC-003A,1,1,False,,20,True,Food Service,13
OPT-DC-003-03,DC-003,DC-003a,Sealed concrete,1,Source,SingleResponse,SR-DC-003-DC-003A,1,1,False,,30,True,Food Service,14
OPT-DC-003-04,DC-003,DC-003a,"Carpet (i.e., not a loose rug)",0,Source,SingleResponse,SR-DC-003-DC-003A,1,1,False,,40,True,Food Service,15
OPT-DC-003-05,DC-003,DC-003a,Other (please note),0,Source,SingleResponse,SR-DC-003-DC-003A,1,1,False,,50,True,Food Service,16
OPT-DC-003-06,DC-003,DC-003a,Unable to assess (note reason),,Exclusion,SingleResponse,SR-DC-003-DC-003A,0,1,True,,60,True,Food Service,17
OPT-DC-004-01,DC-004,DC-004a,Yes,1,Source,SingleResponse,SR-DC-004-DC-004A,1,1,False,,10,True,Food Service,19
OPT-DC-004-02,DC-004,DC-004a,No,0,Source,SingleResponse,SR-DC-004-DC-004A,1,1,False,,20,True,Food Service,20
OPT-DC-004-03,DC-004,DC-004a,Unable to assess (note reason),,Exclusion,SingleResponse,SR-DC-004-DC-004A,0,1,True,,30,True,Food Service,21
OPT-DC-005-01,DC-005,DC-005a,Multiple dispersed Dining Commons throughout the building,1,Source,SingleResponse,SR-DC-005-DC-005A,1,1,False,,10,True,Food Service,23
OPT-DC-005-02,DC-005,DC-005a,"A single, centrally located Dining Commons",1,Source,SingleResponse,SR-DC-005-DC-005A,1,1,False,,20,True,Food Service,24
OPT-DC-005-03,DC-005,DC-005a,A single Dining Commons that is not centrally located,0,Source,SingleResponse,SR-DC-005-DC-005A,1,1,False,,30,True,Food Service,25
OPT-DC-005-04,DC-005,DC-005a,Other (please note),0,Source,SingleResponse,SR-DC-005-DC-005A,1,1,False,,40,True,Food Service,26
OPT-DC-005-05,DC-005,DC-005a,Unable to assess (note reason),,Exclusion,SingleResponse,SR-DC-005-DC-005A,0,1,True,,50,True,Food Service,27
OPT-DC-006-01,DC-006,DC-006a,2,0.33,Source,SingleResponse,SR-DC-006-DC-006A,1,1,False,,10,True,Food Service,29
OPT-DC-006-02,DC-006,DC-006a,3,0.66,Source,SingleResponse,SR-DC-006-DC-006A,1,1,False,,20,True,Food Service,30
OPT-DC-006-03,DC-006,DC-006a,4+,1,Source,SingleResponse,SR-DC-006-DC-006A,1,1,False,,30,True,Food Service,31
OPT-DC-006-04,DC-006,DC-006a,Unable to assess (note reason),,Exclusion,SingleResponse,SR-DC-006-DC-006A,0,1,True,,40,True,Food Service,32
OPT-DC-007-01,DC-007,DC-007a,Yes,1,Source,SingleResponse,SR-DC-007-DC-007A,1,1,False,,10,True,Food Service,34
OPT-DC-007-02,DC-007,DC-007a,No,0,Source,SingleResponse,SR-DC-007-DC-007A,1,1,False,,20,True,Food Service,35
OPT-DC-007-03,DC-007,DC-007a,Unable to assess (note reason),,Exclusion,SingleResponse,SR-DC-007-DC-007A,0,1,True,,30,True,Food Service,36
OPT-DC-008-01,DC-008,DC-008a,Yes,1,Source,SingleResponse,SR-DC-008-DC-008A,1,1,False,,10,True,Food Service,38
OPT-DC-008-02,DC-008,DC-008a,No,0,Source,SingleResponse,SR-DC-008-DC-008A,1,1,False,,20,True,Food Service,39
OPT-DC-008-03,DC-008,DC-008a,Unable to assess (note reason),,Exclusion,SingleResponse,SR-DC-008-DC-008A,0,1,True,,30,True,Food Service,40
OPT-DC-009-01,DC-009,DC-009a,1-2,0.2,Source,SingleResponse,SR-DC-009-DC-009A,1,1,False,,10,True,Food Service,42
OPT-DC-009-02,DC-009,DC-009a,3-4,0.4,Source,SingleResponse,SR-DC-009-DC-009A,1,1,False,,20,True,Food Service,43
OPT-DC-009-03,DC-009,DC-009a,5-6,0.6,Source,SingleResponse,SR-DC-009-DC-009A,1,1,False,,30,True,Food Service,44
OPT-DC-009-04,DC-009,DC-009a,7-8,0.8,Source,SingleResponse,SR-DC-009-DC-009A,1,1,False,,40,True,Food Service,45
OPT-DC-009-05,DC-009,DC-009a,9+,1,Source,SingleResponse,SR-DC-009-DC-009A,1,1,False,,50,True,Food Service,46
OPT-DC-010-01,DC-010,DC-010a,0,0,Source,SingleResponse,SR-DC-010-DC-010A,1,1,False,,10,True,Food Service,48
OPT-DC-010-02,DC-010,DC-010a,1,0.25,Source,SingleResponse,SR-DC-010-DC-010A,1,1,False,,20,True,Food Service,49
OPT-DC-010-03,DC-010,DC-010a,2,0.5,Source,SingleResponse,SR-DC-010-DC-010A,1,1,False,,30,True,Food Service,50
OPT-DC-010-04,DC-010,DC-010a,3,0.75,Source,SingleResponse,SR-DC-010-DC-010A,1,1,False,,40,True,Food Service,51
OPT-DC-010-05,DC-010,DC-010a,4,1,Source,SingleResponse,SR-DC-010-DC-010A,1,1,False,,50,True,Food Service,52
OPT-DC-011-01,DC-011,DC-011a,Yes,1,Source,SingleResponse,SR-DC-011-DC-011A,1,1,False,,10,True,Food Service,54
OPT-DC-011-02,DC-011,DC-011a,No,0,Source,SingleResponse,SR-DC-011-DC-011A,1,1,False,,20,True,Food Service,55
OPT-DC-011-03,DC-011,DC-011a,Unable to assess (note reason),,Exclusion,SingleResponse,SR-DC-011-DC-011A,0,1,True,,30,True,Food Service,56
OPT-DC-012-01,DC-012,DC-012a,Direct access from the Dining Commons,1,Source,SingleResponse,SR-DC-012-DC-012A,1,1,False,,10,True,Food Service,58
OPT-DC-012-02,DC-012,DC-012b,Visibility from the Dining Commons for passive supervision,1,Source,SingleResponse,SR-DC-012-DC-012B,1,1,False,,20,True,Food Service,59
OPT-DC-012-03,DC-012,DC-012c,Shade coverage,1,Source,SingleResponse,SR-DC-012-DC-012C,1,1,False,,30,True,Food Service,60
OPT-DC-012-04,DC-012,DC-012d,None of the above,0,Source,SingleResponse,SR-DC-012-DC-012D,1,1,False,,40,True,Food Service,61
OPT-DC-013-01,DC-013,DC-013a,Yes,1,Source,SingleResponse,SR-DC-013-DC-013A,1,1,False,,10,True,Food Service,63
OPT-DC-013-02,DC-013,DC-013a,No,0,Source,SingleResponse,SR-DC-013-DC-013A,1,1,False,,20,True,Food Service,64
OPT-DC-013-03,DC-013,DC-013a,Unable to assess (note reason),,Exclusion,SingleResponse,SR-DC-013-DC-013A,0,1,True,,30,True,Food Service,65
OPT-DC-014-01,DC-014,DC-014a,"Yes, and there are views to the exterior",1,Source,SingleResponse,SR-DC-014-DC-014A,1,1,False,,10,True,Food Service,67
OPT-DC-014-02,DC-014,DC-014a,"Yes, but there are no views to the exterior",0.5,Source,SingleResponse,SR-DC-014-DC-014A,1,1,False,,20,True,Food Service,68
OPT-DC-014-03,DC-014,DC-014a,No,0,Source,SingleResponse,SR-DC-014-DC-014A,1,1,False,,30,True,Food Service,69
OPT-DC-014-04,DC-014,DC-014a,Unable to assess (note reason),,Exclusion,SingleResponse,SR-DC-014-DC-014A,0,1,True,,40,True,Food Service,70
OPT-DC-015-01,DC-015,DC-015a,"Access to views of the outdoors (e.g., not solely a view of an exterior wall)",1,Source,SingleResponse,SR-DC-015-DC-015A,1,1,False,,10,True,Food Service,72
OPT-DC-015-02,DC-015,DC-015b,Only clerestory windows are provided,0,Source,SingleResponse,SR-DC-015-DC-015B,1,1,False,,20,True,Food Service,73
OPT-DC-015-03,DC-015,DC-015c,None of the above,0,Source,SingleResponse,SR-DC-015-DC-015C,1,1,False,,30,True,Food Service,74
OPT-DC-016-01,DC-016,DC-016a,None,0,Source,SingleResponse,SR-DC-016-DC-016A,1,1,False,,10,True,Food Service,76
OPT-DC-016-02,DC-016,DC-016a,<4 linear feet,0.25,Source,SingleResponse,SR-DC-016-DC-016A,1,1,False,,20,True,Food Service,77
OPT-DC-016-03,DC-016,DC-016a,4 to <8 linear feet,0.5,Source,SingleResponse,SR-DC-016-DC-016A,1,1,False,,30,True,Food Service,78
OPT-DC-016-04,DC-016,DC-016a,8+ linear feet,1,Source,SingleResponse,SR-DC-016-DC-016A,1,1,False,,40,True,Food Service,79
OPT-DC-016-05,DC-016,DC-016a,Unable to assess (note reason),,Exclusion,SingleResponse,SR-DC-016-DC-016A,0,1,True,,50,True,Food Service,80
OPT-DC-017-01,DC-017,DC-017a,0,0,Source,SingleResponse,SR-DC-017-DC-017A,1,1,False,,10,True,Food Service,82
OPT-DC-017-02,DC-017,DC-017a,1,0.33,Source,SingleResponse,SR-DC-017-DC-017A,1,1,False,,20,True,Food Service,83
OPT-DC-017-03,DC-017,DC-017a,2,0.66,Source,SingleResponse,SR-DC-017-DC-017A,1,1,False,,30,True,Food Service,84
OPT-DC-017-04,DC-017,DC-017a,3+,1,Source,SingleResponse,SR-DC-017-DC-017A,1,1,False,,40,True,Food Service,85
OPT-DC-018-01,DC-018,DC-018a,0,0,Source,SingleResponse,SR-DC-018-DC-018A,1,1,False,,10,True,Food Service,87
OPT-DC-018-02,DC-018,DC-018a,1,0.5,Source,SingleResponse,SR-DC-018-DC-018A,1,1,False,,20,True,Food Service,88
OPT-DC-018-03,DC-018,DC-018a,2+,1,Source,SingleResponse,SR-DC-018-DC-018A,1,1,False,,30,True,Food Service,89
OPT-DC-018-04,DC-018,DC-018a,Unable to assess (note reason),,Exclusion,SingleResponse,SR-DC-018-DC-018A,0,1,True,,40,True,Food Service,90
OPT-DC-019-01,DC-019,DC-019a,Yes,1,Source,SingleResponse,SR-DC-019-DC-019A,1,1,False,,10,True,Food Service,92
OPT-DC-019-02,DC-019,DC-019a,No,0,Source,SingleResponse,SR-DC-019-DC-019A,1,1,False,,20,True,Food Service,93
OPT-DC-019-03,DC-019,DC-019a,Unable to assess (note reason),,Exclusion,SingleResponse,SR-DC-019-DC-019A,0,1,True,,30,True,Food Service,94
OPT-DC-020-01,DC-020,DC-020a,Storage for stage use,1,Source,SingleResponse,SR-DC-020-DC-020A,1,1,False,,10,True,Food Service,96
OPT-DC-020-02,DC-020,DC-020b,Storage for after-school use,1,Source,SingleResponse,SR-DC-020-DC-020B,1,1,False,,20,True,Food Service,97
OPT-DC-020-03,DC-020,DC-020c,Storage for chairs and tables,1,Source,SingleResponse,SR-DC-020-DC-020C,1,1,False,,30,True,Food Service,98
OPT-DC-020-04,DC-020,DC-020d,None of the above,0,Source,SingleResponse,SR-DC-020-DC-020D,1,1,False,,40,True,Food Service,99
OPT-DC-021-01,DC-021,DC-021a,Storage for chairs and tables,1,Source,SingleResponse,SR-DC-021-DC-021A,1,1,False,,10,True,Food Service,101
OPT-DC-021-02,DC-021,DC-021b,Storage for after-school use/stage,1,Source,SingleResponse,SR-DC-021-DC-021B,1,1,False,,20,True,Food Service,102
OPT-DC-021-03,DC-021,DC-021c,None of the above,0,Source,SingleResponse,SR-DC-021-DC-021C,1,1,False,,30,True,Food Service,103
OPT-DC-022-01,DC-022,DC-022a,Yes,1,Source,SingleResponse,SR-DC-022-DC-022A,1,1,False,,10,True,Food Service,105
OPT-DC-022-02,DC-022,DC-022a,No,0,Source,SingleResponse,SR-DC-022-DC-022A,1,1,False,,20,True,Food Service,106
OPT-DC-022-03,DC-022,DC-022a,Unable to assess (note reason),,Exclusion,SingleResponse,SR-DC-022-DC-022A,0,1,True,,30,True,Food Service,107
OPT-DC-023-01,DC-023,DC-023a,Yes,1,Source,SingleResponse,SR-DC-023-DC-023A,1,1,False,,10,True,Food Service,109
OPT-DC-023-02,DC-023,DC-023a,No,0,Source,SingleResponse,SR-DC-023-DC-023A,1,1,False,,20,True,Food Service,110
OPT-DC-023-03,DC-023,DC-023a,Unable to assess (note reason),,Exclusion,SingleResponse,SR-DC-023-DC-023A,0,1,True,,30,True,Food Service,111
OPT-DC-024-01,DC-024,DC-024a,Adjacent with an operable partition between the two spaces,1,Source,SingleResponse,SR-DC-024-DC-024A,1,1,False,,10,True,Food Service,113
OPT-DC-024-02,DC-024,DC-024a,Adjacent or in close proximity,1,Source,SingleResponse,SR-DC-024-DC-024A,1,1,False,,20,True,Food Service,114
OPT-DC-024-03,DC-024,DC-024a,Not in close proximity,0,Source,SingleResponse,SR-DC-024-DC-024A,1,1,False,,30,True,Food Service,115
OPT-DC-024-04,DC-024,DC-024a,Unable to assess (note reason),,Exclusion,SingleResponse,SR-DC-024-DC-024A,0,1,True,,40,True,Food Service,116
OPT-DC-025-01,DC-025,DC-025a,Adjacent with an operable partition between the two spaces,1,Source,SingleResponse,SR-DC-025-DC-025A,1,1,False,,10,True,Food Service,118
OPT-DC-025-02,DC-025,DC-025a,Adjacent or in close proximity,1,Source,SingleResponse,SR-DC-025-DC-025A,1,1,False,,20,True,Food Service,119
OPT-DC-025-03,DC-025,DC-025a,Not in close proximity,0,Source,SingleResponse,SR-DC-025-DC-025A,1,1,False,,30,True,Food Service,120
OPT-DC-025-04,DC-025,DC-025a,Unable to assess (note reason),,Exclusion,SingleResponse,SR-DC-025-DC-025A,0,1,True,,40,True,Food Service,121
OPT-DC-026-01,DC-026,DC-026a,There is an auxiliary entry near the Dining Commons that can be used independently from the rest of the campus,1,Source,SingleResponse,SR-DC-026-DC-026A,1,1,False,,10,True,Food Service,123
OPT-DC-026-02,DC-026,DC-026b,"There are exterior doors from the Dining Commons that allow intuitive access from the parking lot (i.e., walkways lead from the parking lot)",1,Source,SingleResponse,SR-DC-026-DC-026B,1,1,False,,20,True,Food Service,124
OPT-DC-026-03,DC-026,DC-026c,None of the above,0,Source,SingleResponse,SR-DC-026-DC-026C,1,1,False,,30,True,Food Service,125
OPT-DC-027-01,DC-027,DC-027a,Yes,1,Source,SingleResponse,SR-DC-027-DC-027A,1,1,False,,10,True,Food Service,127
OPT-DC-027-02,DC-027,DC-027a,No,0,Source,SingleResponse,SR-DC-027-DC-027A,1,1,False,,20,True,Food Service,128
OPT-DC-027-03,DC-027,DC-027a,Unable to assess (note reason),,Exclusion,SingleResponse,SR-DC-027-DC-027A,0,1,True,,30,True,Food Service,129
OPT-DC-028-01,DC-028,DC-028a,A family restroom is in close proximity to the Dining Commons,1,Source,SingleResponse,SR-DC-028-DC-028A,1,1,False,,10,True,Food Service,131
OPT-DC-028-02,DC-028,DC-028b,A learner restroom is in close proximity to the Dining Commons,1,Source,SingleResponse,SR-DC-028-DC-028B,1,1,False,,20,True,Food Service,132
OPT-DC-028-03,DC-028,DC-028c,A restroom is in close proximity to the Dining Commons,1,Source,SingleResponse,SR-DC-028-DC-028C,1,1,False,,30,True,Food Service,133
OPT-DC-028-04,DC-028,DC-028d,None of the above,0,Source,SingleResponse,SR-DC-028-DC-028D,1,1,False,,40,True,Food Service,134
OPT-DC-029-01,DC-029,DC-029a,Yes,1,Source,SingleResponse,SR-DC-029-DC-029A,1,1,False,,10,True,Food Service,136
OPT-DC-029-02,DC-029,DC-029a,No,0,Source,SingleResponse,SR-DC-029-DC-029A,1,1,False,,20,True,Food Service,137
OPT-DC-029-03,DC-029,DC-029a,Unable to assess (note reason),,Exclusion,SingleResponse,SR-DC-029-DC-029A,0,1,True,,30,True,Food Service,138
OPT-DC-030-01,DC-030,DC-030a,Water fountain,1,Source,SingleResponse,SR-DC-030-DC-030A,1,1,False,,10,True,Food Service,140
OPT-DC-030-02,DC-030,DC-030b,Bottle filler,1,Source,SingleResponse,SR-DC-030-DC-030B,1,1,False,,20,True,Food Service,141
OPT-DC-030-03,DC-030,DC-030c,"Presentation equipment (e.g., screen, projector)",1,Source,SingleResponse,SR-DC-030-DC-030C,1,1,False,,30,True,Food Service,142
OPT-DC-030-04,DC-030,DC-030d,None of the above,0,Source,SingleResponse,SR-DC-030-DC-030D,1,1,False,,40,True,Food Service,143
OPT-KT-002-01,KT-002,KT-002a,Kitchen/Serving,1,Source,SingleResponse,SR-KT-002-KT-002A,1,1,False,,10,True,Food Service,149
OPT-KT-002-02,KT-002,KT-002b,Office/Breakroom,1,Source,SingleResponse,SR-KT-002-KT-002B,1,1,False,,20,True,Food Service,150
OPT-KT-002-03,KT-002,KT-002c,Restroom/Lockers,1,Source,SingleResponse,SR-KT-002-KT-002C,1,1,False,,30,True,Food Service,151
OPT-KT-002-04,KT-002,KT-002d,Custodial closet,1,Source,SingleResponse,SR-KT-002-KT-002D,1,1,False,,40,True,Food Service,152
OPT-KT-002-05,KT-002,KT-002e,Cooler storage,1,Source,SingleResponse,SR-KT-002-KT-002E,1,1,False,,50,True,Food Service,153
OPT-KT-002-06,KT-002,KT-002f,Freezer storage,1,Source,SingleResponse,SR-KT-002-KT-002F,1,1,False,,60,True,Food Service,154
OPT-KT-002-07,KT-002,KT-002g,Dry storage,1,Source,SingleResponse,SR-KT-002-KT-002G,1,1,False,,70,True,Food Service,155
OPT-KT-002-08,KT-002,KT-002h,None of the above,0,Source,SingleResponse,SR-KT-002-KT-002H,1,1,False,,80,True,Food Service,156
OPT-KT-003-01,KT-003,KT-003a,Yes,1,Source,SingleResponse,SR-KT-003-KT-003A,1,1,False,,10,True,Food Service,158
OPT-KT-003-02,KT-003,KT-003a,No,0,Source,SingleResponse,SR-KT-003-KT-003A,1,1,False,,20,True,Food Service,159
OPT-KT-003-03,KT-003,KT-003a,Unable to assess (note reason),,Exclusion,SingleResponse,SR-KT-003-KT-003A,0,1,True,,30,True,Food Service,160
OPT-KT-004-01,KT-004,KT-004a,Dedicated loading dock,1,Source,SingleResponse,SR-KT-004-KT-004A,1,1,False,,10,True,Food Service,162
OPT-KT-004-02,KT-004,KT-004a,Ground-level exterior door with direct vehicle access for deliveries,1,Source,SingleResponse,SR-KT-004-KT-004A,1,1,False,,20,True,Food Service,163
OPT-KT-004-03,KT-004,KT-004a,Close proximity to a vehicle access area via a paved walkway,0.5,Source,SingleResponse,SR-KT-004-KT-004A,1,1,False,,30,True,Food Service,164
OPT-KT-004-04,KT-004,KT-004a,No dedicated loading infrastructure,0,Source,SingleResponse,SR-KT-004-KT-004A,1,1,False,,40,True,Food Service,165
OPT-KT-004-05,KT-004,KT-004a,Unable to assess (note reason),,Exclusion,SingleResponse,SR-KT-004-KT-004A,0,1,True,,50,True,Food Service,166
OPT-KT-005-01,KT-005,KT-005a,Garbage can washer at the receiving dock,1,Source,SingleResponse,SR-KT-005-KT-005A,1,1,False,,10,True,Food Service,168
OPT-KT-005-02,KT-005,KT-005b,Hose bib at the receiving dock,1,Source,SingleResponse,SR-KT-005-KT-005B,1,1,False,,20,True,Food Service,169
OPT-KT-005-03,KT-005,KT-005c,3-compartment learner dishwashing sink at the scullery,1,Source,SingleResponse,SR-KT-005-KT-005C,1,1,False,,30,True,Food Service,170
OPT-KT-005-04,KT-005,KT-005d,Learner hand-washing lavatories at the serving entrance,1,Source,SingleResponse,SR-KT-005-KT-005D,1,1,False,,40,True,Food Service,171
OPT-KT-005-05,KT-005,KT-005e,None of the above,0,Source,SingleResponse,SR-KT-005-KT-005E,1,1,False,,50,True,Food Service,172
OPT-EM-002-01,EM-002,EM-002a,Yes,1,Source,SingleResponse,SR-EM-002-EM-002A,1,1,False,,10,True,Empower Center,7
OPT-EM-002-02,EM-002,EM-002a,No,0,Source,SingleResponse,SR-EM-002-EM-002A,1,1,False,,20,True,Empower Center,8
OPT-EM-002-03,EM-002,EM-002a,Unable to assess (note reason),,Exclusion,SingleResponse,SR-EM-002-EM-002A,0,1,True,,30,True,Empower Center,9
OPT-EM-003-01,EM-003,EM-003a,Yes,1,Source,SingleResponse,SR-EM-003-EM-003A,1,1,False,,10,True,Empower Center,11
OPT-EM-003-02,EM-003,EM-003a,No,0,Source,SingleResponse,SR-EM-003-EM-003A,1,1,False,,20,True,Empower Center,12
OPT-EM-003-03,EM-003,EM-003a,Unable to assess (note reason),,Exclusion,SingleResponse,SR-EM-003-EM-003A,0,1,True,,30,True,Empower Center,13
OPT-EM-004-01,EM-004,EM-004a,Adjacent with an operable partition between the two spaces,1,Source,SingleResponse,SR-EM-004-EM-004A,1,1,False,,10,True,Empower Center,15
OPT-EM-004-02,EM-004,EM-004a,Adjacent or in close proximity,1,Source,SingleResponse,SR-EM-004-EM-004A,1,1,False,,20,True,Empower Center,16
OPT-EM-004-03,EM-004,EM-004a,Not in close proximity,0,Source,SingleResponse,SR-EM-004-EM-004A,1,1,False,,30,True,Empower Center,17
OPT-EM-004-04,EM-004,EM-004a,Unable to assess (note reason),,Exclusion,SingleResponse,SR-EM-004-EM-004A,0,1,True,,40,True,Empower Center,18
OPT-EM-005-01,EM-005,EM-005a,Yes,1,Source,SingleResponse,SR-EM-005-EM-005A,1,1,False,,10,True,Empower Center,20
OPT-EM-005-02,EM-005,EM-005a,No,0,Source,SingleResponse,SR-EM-005-EM-005A,1,1,False,,20,True,Empower Center,21
OPT-EM-005-03,EM-005,EM-005a,Unable to assess (note reason),,Exclusion,SingleResponse,SR-EM-005-EM-005A,0,1,True,,30,True,Empower Center,22
OPT-EM-006-01,EM-006,EM-006a,0,0,Source,SingleResponse,SR-EM-006-EM-006A,1,1,False,,10,True,Empower Center,24
OPT-EM-006-02,EM-006,EM-006a,1,0.25,Source,SingleResponse,SR-EM-006-EM-006A,1,1,False,,20,True,Empower Center,25
OPT-EM-006-03,EM-006,EM-006a,2,0.5,Source,SingleResponse,SR-EM-006-EM-006A,1,1,False,,30,True,Empower Center,26
OPT-EM-006-04,EM-006,EM-006a,3,0.75,Source,SingleResponse,SR-EM-006-EM-006A,1,1,False,,40,True,Empower Center,27
OPT-EM-006-05,EM-006,EM-006a,4+,1,Source,SingleResponse,SR-EM-006-EM-006A,1,1,False,,50,True,Empower Center,28
OPT-EM-007-01,EM-007,EM-007a,All Staging Areas have a 12' wide opening,1,Source,SingleResponse,SR-EM-007-EM-007A,1,1,False,,10,True,Empower Center,30
OPT-EM-007-02,EM-007,EM-007a,"Some, but not all, Staging Areas have a 12' wide opening",0.5,Source,SingleResponse,SR-EM-007-EM-007A,1,1,False,,20,True,Empower Center,31
OPT-EM-007-03,EM-007,EM-007a,No Staging Areas have a 12' wide opening,0,Source,SingleResponse,SR-EM-007-EM-007A,1,1,False,,30,True,Empower Center,32
OPT-EM-007-04,EM-007,EM-007a,Unable to assess (note reason),,Exclusion,SingleResponse,SR-EM-007-EM-007A,0,1,True,,40,True,Empower Center,33
OPT-EM-008-01,EM-008,EM-008a,"Roll-up, garage-style doors via a shared wall",1,Source,SingleResponse,SR-EM-008-EM-008A,1,1,False,,10,True,Empower Center,35
OPT-EM-008-02,EM-008,EM-008b,Two adjacent doors across a corridor,1,Source,SingleResponse,SR-EM-008-EM-008B,1,1,False,,20,True,Empower Center,36
OPT-EM-008-03,EM-008,EM-008c,Other (please note),0.5,Source,SingleResponse,SR-EM-008-EM-008C,1,1,False,,30,True,Empower Center,37
OPT-EM-008-04,EM-008,EM-008d,None of the above,0,Source,SingleResponse,SR-EM-008-EM-008D,1,1,False,,40,True,Empower Center,38
OPT-EM-009-01,EM-009,EM-009a,Yes,1,Source,SingleResponse,SR-EM-009-EM-009A,1,1,False,,10,True,Empower Center,40
OPT-EM-009-02,EM-009,EM-009a,No,0,Source,SingleResponse,SR-EM-009-EM-009A,1,1,False,,20,True,Empower Center,41
OPT-EM-009-03,EM-009,EM-009a,Unable to assess (note reason),,Exclusion,SingleResponse,SR-EM-009-EM-009A,0,1,True,,30,True,Empower Center,42
OPT-EM-010-01,EM-010,EM-010a,Both/all Core Spaces,1,Source,SingleResponse,SR-EM-010-EM-010A,1,1,False,,10,True,Empower Center,44
OPT-EM-010-02,EM-010,EM-010a,One Core Space,0.5,Source,SingleResponse,SR-EM-010-EM-010A,1,1,False,,20,True,Empower Center,45
OPT-EM-010-03,EM-010,EM-010a,None,0,Source,SingleResponse,SR-EM-010-EM-010A,1,1,False,,30,True,Empower Center,46
OPT-EM-010-04,EM-010,EM-010a,Unable to assess (note reason),,Exclusion,SingleResponse,SR-EM-010-EM-010A,0,1,True,,40,True,Empower Center,47
OPT-EM-011-01,EM-011,EM-011a,Yes,1,Source,SingleResponse,SR-EM-011-EM-011A,1,1,False,,10,True,Empower Center,49
OPT-EM-011-02,EM-011,EM-011a,No,0,Source,SingleResponse,SR-EM-011-EM-011A,1,1,False,,20,True,Empower Center,50
OPT-EM-011-03,EM-011,EM-011a,Unable to assess (note reason),,Exclusion,SingleResponse,SR-EM-011-EM-011A,0,1,True,,30,True,Empower Center,51
OPT-EM-012-01,EM-012,EM-012a,Primary light fixtures are dimmable,1,Source,SingleResponse,SR-EM-012-EM-012A,1,1,False,,10,True,Empower Center,53
OPT-EM-012-02,EM-012,EM-012b,Primary light fixtures are LED,1,Source,SingleResponse,SR-EM-012-EM-012B,1,1,False,,20,True,Empower Center,54
OPT-EM-012-03,EM-012,EM-012c,"Theatrical lighting (e.g., cyclorama lights, dimmer racks, wide-angle general use lighting)",1,Source,SingleResponse,SR-EM-012-EM-012C,1,1,False,,30,True,Empower Center,55
OPT-EM-012-04,EM-012,EM-012d,"Fixed, ambient room lighting is provided separately from specialty lighting",1,Source,SingleResponse,SR-EM-012-EM-012D,1,1,False,,40,True,Empower Center,56
OPT-EM-012-05,EM-012,EM-012e,None of the above,0,Source,SingleResponse,SR-EM-012-EM-012E,1,1,False,,50,True,Empower Center,57
OPT-EM-013-01,EM-013,EM-013a,Good - walls are painted in light colors and accent color is used to reduce monotony,1,Source,SingleResponse,SR-EM-013-EM-013A,1,1,False,,10,True,Empower Center,59
OPT-EM-013-02,EM-013,EM-013a,Fair - walls are painted in light colors but no accent color is used,0.5,Source,SingleResponse,SR-EM-013-EM-013A,1,1,False,,20,True,Empower Center,60
OPT-EM-013-03,EM-013,EM-013a,Poor - walls are painted in dark or monotonous colors,0,Source,SingleResponse,SR-EM-013-EM-013A,1,1,False,,30,True,Empower Center,61
OPT-EM-013-04,EM-013,EM-013a,Unable to assess (note reason),,Exclusion,SingleResponse,SR-EM-013-EM-013A,0,1,True,,40,True,Empower Center,62
OPT-EM-014-01,EM-014,EM-014a,Yes,1,Source,SingleResponse,SR-EM-014-EM-014A,1,1,False,,10,True,Empower Center,64
OPT-EM-014-02,EM-014,EM-014a,No,0,Source,SingleResponse,SR-EM-014-EM-014A,1,1,False,,20,True,Empower Center,65
OPT-EM-014-03,EM-014,EM-014a,Unable to assess (note reason),,Exclusion,SingleResponse,SR-EM-014-EM-014A,0,1,True,,30,True,Empower Center,66
OPT-EM-015-01,EM-015,EM-015a,"Yes, and there are views to the exterior",1,Source,SingleResponse,SR-EM-015-EM-015A,1,1,False,,10,True,Empower Center,68
OPT-EM-015-02,EM-015,EM-015a,"Yes, but there are no views to the exterior",0.5,Source,SingleResponse,SR-EM-015-EM-015A,1,1,False,,20,True,Empower Center,69
OPT-EM-015-03,EM-015,EM-015a,No,0,Source,SingleResponse,SR-EM-015-EM-015A,1,1,False,,30,True,Empower Center,70
OPT-EM-015-04,EM-015,EM-015a,Unable to assess (note reason),,Exclusion,SingleResponse,SR-EM-015-EM-015A,0,1,True,,40,True,Empower Center,71
OPT-EM-016-01,EM-016,EM-016a,Roller shades are provided,0.5,Source,SingleResponse,SR-EM-016-EM-016A,1,1,False,,10,True,Empower Center,73
OPT-EM-016-02,EM-016,EM-016a,"Room darkening treatment is provided (e.g., blackout shades)",1,Source,SingleResponse,SR-EM-016-EM-016A,1,1,False,,20,True,Empower Center,74
OPT-EM-016-03,EM-016,EM-016a,Mini-blinds are provided,0.5,Source,SingleResponse,SR-EM-016-EM-016A,1,1,False,,30,True,Empower Center,75
OPT-EM-016-04,EM-016,EM-016a,Other (please note),0.25,Source,SingleResponse,SR-EM-016-EM-016A,1,1,False,,40,True,Empower Center,76
OPT-EM-016-05,EM-016,EM-016a,No window coverings are provided,0,Source,SingleResponse,SR-EM-016-EM-016A,1,1,False,,50,True,Empower Center,77
OPT-EM-016-06,EM-016,EM-016a,Unable to assess (note reason),,Exclusion,SingleResponse,SR-EM-016-EM-016A,0,1,True,,60,True,Empower Center,78
OPT-EM-017-01,EM-017,EM-017a,None,0,Source,SingleResponse,SR-EM-017-EM-017A,1,1,False,,10,True,Empower Center,80
OPT-EM-017-02,EM-017,EM-017a,<8 linear feet,0.2,Source,SingleResponse,SR-EM-017-EM-017A,1,1,False,,20,True,Empower Center,81
OPT-EM-017-03,EM-017,EM-017a,8 to <16 linear feet,0.4,Source,SingleResponse,SR-EM-017-EM-017A,1,1,False,,30,True,Empower Center,82
OPT-EM-017-04,EM-017,EM-017a,16 to <24 linear feet,0.6,Source,SingleResponse,SR-EM-017-EM-017A,1,1,False,,40,True,Empower Center,83
OPT-EM-017-05,EM-017,EM-017a,24 to <32 linear feet,0.8,Source,SingleResponse,SR-EM-017-EM-017A,1,1,False,,50,True,Empower Center,84
OPT-EM-017-06,EM-017,EM-017a,32+ linear feet,1,Source,SingleResponse,SR-EM-017-EM-017A,1,1,False,,60,True,Empower Center,85
OPT-EM-017-07,EM-017,EM-017a,Unable to assess (note reason),,Exclusion,SingleResponse,SR-EM-017-EM-017A,0,1,True,,70,True,Empower Center,86
OPT-EM-018-01,EM-018,EM-018a,0,0,Source,SingleResponse,SR-EM-018-EM-018A,1,1,False,,10,True,Empower Center,88
OPT-EM-018-02,EM-018,EM-018a,1-2,0.25,Source,SingleResponse,SR-EM-018-EM-018A,1,1,False,,20,True,Empower Center,89
OPT-EM-018-03,EM-018,EM-018a,3-4,0.5,Source,SingleResponse,SR-EM-018-EM-018A,1,1,False,,30,True,Empower Center,90
OPT-EM-018-04,EM-018,EM-018a,5-7,0.75,Source,SingleResponse,SR-EM-018-EM-018A,1,1,False,,40,True,Empower Center,91
OPT-EM-018-05,EM-018,EM-018a,8+,1,Source,SingleResponse,SR-EM-018-EM-018A,1,1,False,,50,True,Empower Center,92
OPT-EM-019-01,EM-019,EM-019a,0,0,Source,SingleResponse,SR-EM-019-EM-019A,1,1,False,,10,True,Empower Center,94
OPT-EM-019-02,EM-019,EM-019a,1,0.25,Source,SingleResponse,SR-EM-019-EM-019A,1,1,False,,20,True,Empower Center,95
OPT-EM-019-03,EM-019,EM-019a,2,0.5,Source,SingleResponse,SR-EM-019-EM-019A,1,1,False,,30,True,Empower Center,96
OPT-EM-019-04,EM-019,EM-019a,3,0.75,Source,SingleResponse,SR-EM-019-EM-019A,1,1,False,,40,True,Empower Center,97
OPT-EM-019-05,EM-019,EM-019a,4,1,Source,SingleResponse,SR-EM-019-EM-019A,1,1,False,,50,True,Empower Center,98
OPT-EM-020-01,EM-020,EM-020a,0,0,Source,SingleResponse,SR-EM-020-EM-020A,1,1,False,,10,True,Empower Center,100
OPT-EM-020-02,EM-020,EM-020a,1,0.25,Source,SingleResponse,SR-EM-020-EM-020A,1,1,False,,20,True,Empower Center,101
OPT-EM-020-03,EM-020,EM-020a,2,0.5,Source,SingleResponse,SR-EM-020-EM-020A,1,1,False,,30,True,Empower Center,102
OPT-EM-020-04,EM-020,EM-020a,3,0.75,Source,SingleResponse,SR-EM-020-EM-020A,1,1,False,,40,True,Empower Center,103
OPT-EM-020-05,EM-020,EM-020a,4+,1,Source,SingleResponse,SR-EM-020-EM-020A,1,1,False,,50,True,Empower Center,104
OPT-EM-021-01,EM-021,EM-021a,A thermostat is provided that has adjustable temperature controls,1,Source,SingleResponse,SR-EM-021-EM-021A,1,1,False,,10,True,Empower Center,106
OPT-EM-021-02,EM-021,EM-021a,A thermostat is provided that does not have adjustable temperature controls,0.5,Source,SingleResponse,SR-EM-021-EM-021A,1,1,False,,20,True,Empower Center,107
OPT-EM-021-03,EM-021,EM-021a,Only a temperature sensor is provided,0.5,Source,SingleResponse,SR-EM-021-EM-021A,1,1,False,,30,True,Empower Center,108
OPT-EM-021-04,EM-021,EM-021a,No thermostat or sensor is present in the space,0,Source,SingleResponse,SR-EM-021-EM-021A,1,1,False,,40,True,Empower Center,109
OPT-EM-022-01,EM-022,EM-022a,Full-height interior window,1,Source,SingleResponse,SR-EM-022-EM-022A,1,1,False,,10,True,Empower Center,111
OPT-EM-022-02,EM-022,EM-022b,Half-height interior window,1,Source,SingleResponse,SR-EM-022-EM-022B,1,1,False,,20,True,Empower Center,112
OPT-EM-022-03,EM-022,EM-022c,Sidelight,1,Source,SingleResponse,SR-EM-022-EM-022C,1,1,False,,30,True,Empower Center,113
OPT-EM-022-04,EM-022,EM-022d,"Door panel (i.e., glass panel in the door)",0,Source,SingleResponse,SR-EM-022-EM-022D,1,1,False,,40,True,Empower Center,114
OPT-EM-022-05,EM-022,EM-022e,None of the above,0,Source,SingleResponse,SR-EM-022-EM-022E,1,1,False,,50,True,Empower Center,115
OPT-EM-023-01,EM-023,EM-023i,Less than half,,Inventory,Inventory,INV-EM-023-EM-023I,0,0,False,,10,True,Empower Center,117
OPT-EM-023-02,EM-023,EM-023i,About half,,Inventory,Inventory,INV-EM-023-EM-023I,0,0,False,,20,True,Empower Center,118
OPT-EM-023-03,EM-023,EM-023i,Most of the wall,,Inventory,Inventory,INV-EM-023-EM-023I,0,0,False,,30,True,Empower Center,119
OPT-EM-024-01,EM-024,EM-024a,Interior windows and doors with glass can be covered with a single movement,1,Source,SingleResponse,SR-EM-024-EM-024A,1,1,False,,10,True,Empower Center,121
OPT-EM-024-02,EM-024,EM-024b,Exterior windows and doors with glass can be covered with a single movement,1,Source,SingleResponse,SR-EM-024-EM-024B,1,1,False,,20,True,Empower Center,122
OPT-EM-024-03,EM-024,EM-024c,There is an area large enough for a full class to easily get out of sight to shelter-in-place (without needing to cover windows or doors with glass),1,Source,SingleResponse,SR-EM-024-EM-024C,1,1,False,,30,True,Empower Center,123
OPT-EM-024-04,EM-024,EM-024d,Interior door hardware is lockable from inside the space with a push button or thumb turn lock,1,Source,SingleResponse,SR-EM-024-EM-024D,1,1,False,,40,True,Empower Center,124
OPT-EM-024-05,EM-024,EM-024e,None of the above,0,Source,SingleResponse,SR-EM-024-EM-024E,1,1,False,,50,True,Empower Center,125
OPT-EM-025-01,EM-025,EM-025i,Individual student desks,,Inventory,Inventory,INV-EM-025-EM-025I,0,0,False,,10,True,Empower Center,127
OPT-EM-025-02,EM-025,EM-025i,Chair-height student tables,,Inventory,Inventory,INV-EM-025-EM-025I,0,0,False,,20,True,Empower Center,128
OPT-EM-025-03,EM-025,EM-025i,"Floor-height student tables (i.e., low tables for floor seating)",,Inventory,Inventory,INV-EM-025-EM-025I,0,0,False,,30,True,Empower Center,129
OPT-EM-025-04,EM-025,EM-025i,Standing-height student desks/tables/worksurfaces,,Inventory,Inventory,INV-EM-025-EM-025I,0,0,False,,40,True,Empower Center,130
OPT-EM-025-05,EM-025,EM-025i,"Student desks with attached chair (i.e., combo units)",,Inventory,Inventory,INV-EM-025-EM-025I,0,0,False,,50,True,Empower Center,131
OPT-EM-025-06,EM-025,EM-025i,"Hard seating (e.g., standard chairs, stools)",,Inventory,Inventory,INV-EM-025-EM-025I,0,0,False,,60,True,Empower Center,132
OPT-EM-025-07,EM-025,EM-025i,"Active seating (e.g., wobble stools, rockers)",,Inventory,Inventory,INV-EM-025-EM-025I,0,0,False,,70,True,Empower Center,133
OPT-EM-025-08,EM-025,EM-025i,"One or more mobile writing surfaces (i.e., mobile markerboards)",,Inventory,Inventory,INV-EM-025-EM-025I,0,0,False,,80,True,Empower Center,134
OPT-EM-025-09,EM-025,EM-025i,One or more mobile tackboards,,Inventory,Inventory,INV-EM-025-EM-025I,0,0,False,,90,True,Empower Center,135
OPT-EM-025-10,EM-025,EM-025i,One or more mobile monitors,,Inventory,Inventory,INV-EM-025-EM-025I,0,0,False,,100,True,Empower Center,136
OPT-EM-025-11,EM-025,EM-025i,Other (please note),,Inventory,Inventory,INV-EM-025-EM-025I,0,0,False,,110,True,Empower Center,137
OPT-EM-025-12,EM-025,EM-025i,None of the above,,Inventory,Inventory,INV-EM-025-EM-025I,0,0,False,,120,True,Empower Center,138
OPT-EM-026-01,EM-026,EM-026a,"Most furniture can be moved by students or a single teacher (e.g., casters, lightweight pieces)",1,Source,SingleResponse,SR-EM-026-EM-026A,1,1,False,,10,True,Empower Center,140
OPT-EM-026-02,EM-026,EM-026a,"Some furniture is movable, some is heavy or fixed",0.5,Source,SingleResponse,SR-EM-026-EM-026A,1,1,False,,20,True,Empower Center,141
OPT-EM-026-03,EM-026,EM-026a,"Most furniture is heavy, fixed, or impractical to move",0,Source,SingleResponse,SR-EM-026-EM-026A,1,1,False,,30,True,Empower Center,142
OPT-EM-027-01,EM-027,EM-027a,Good - appears relatively new or has minimal wear,1,Source,SingleResponse,SR-EM-027-EM-027A,1,1,False,,10,True,Empower Center,144
OPT-EM-027-02,EM-027,EM-027a,"Fair - some furniture is noticeably worn or aging, but all is functional",0.5,Source,SingleResponse,SR-EM-027-EM-027A,1,1,False,,20,True,Empower Center,145
OPT-EM-027-03,EM-027,EM-027a,"Poor - some or all furniture is significantly worn, damaged, or not usable",0,Source,SingleResponse,SR-EM-027-EM-027A,1,1,False,,30,True,Empower Center,146
OPT-EM-028-01,EM-028,EM-028a,"Resilient flooring (e.g., vinyl, rubber)",1,Source,SingleResponse,SR-EM-028-EM-028A,1,1,False,,10,True,Empower Center,148
OPT-EM-028-02,EM-028,EM-028a,Terrazzo,1,Source,SingleResponse,SR-EM-028-EM-028A,1,1,False,,20,True,Empower Center,149
OPT-EM-028-03,EM-028,EM-028a,Polished concrete,1,Source,SingleResponse,SR-EM-028-EM-028A,1,1,False,,30,True,Empower Center,150
OPT-EM-028-04,EM-028,EM-028a,"Carpet (i.e., not a loose rug)",0,Source,SingleResponse,SR-EM-028-EM-028A,1,1,False,,40,True,Empower Center,151
OPT-EM-028-05,EM-028,EM-028a,Other (please note),0,Source,SingleResponse,SR-EM-028-EM-028A,1,1,False,,50,True,Empower Center,152
OPT-EM-028-06,EM-028,EM-028a,Unable to assess (note reason),,Exclusion,SingleResponse,SR-EM-028-EM-028A,0,1,True,,60,True,Empower Center,153
OPT-EM-029-01,EM-029,EM-029a,"Resilient flooring (e.g., vinyl, rubber)",1,Source,SingleResponse,SR-EM-029-EM-029A,1,1,False,,10,True,Empower Center,155
OPT-EM-029-02,EM-029,EM-029a,Polished concrete,1,Source,SingleResponse,SR-EM-029-EM-029A,1,1,False,,20,True,Empower Center,156
OPT-EM-029-03,EM-029,EM-029a,Sealed concrete,1,Source,SingleResponse,SR-EM-029-EM-029A,1,1,False,,30,True,Empower Center,157
OPT-EM-029-04,EM-029,EM-029a,"Carpet (i.e., not a loose rug)",0,Source,SingleResponse,SR-EM-029-EM-029A,1,1,False,,40,True,Empower Center,158
OPT-EM-029-05,EM-029,EM-029a,Other (please note),0,Source,SingleResponse,SR-EM-029-EM-029A,1,1,False,,50,True,Empower Center,159
OPT-EM-029-06,EM-029,EM-029a,Unable to assess (note reason),,Exclusion,SingleResponse,SR-EM-029-EM-029A,0,1,True,,60,True,Empower Center,160
OPT-EM-030-01,EM-030,EM-030a,Exterior door within the space,1,Source,SingleResponse,SR-EM-030-EM-030A,1,1,False,,10,True,Empower Center,162
OPT-EM-030-02,EM-030,EM-030a,Exterior door directly outside the space,0.5,Source,SingleResponse,SR-EM-030-EM-030A,1,1,False,,20,True,Empower Center,163
OPT-EM-030-03,EM-030,EM-030a,Neither,0,Source,SingleResponse,SR-EM-030-EM-030A,1,1,False,,30,True,Empower Center,164
OPT-EM-030-04,EM-030,EM-030a,Unable to assess (note reason),,Exclusion,SingleResponse,SR-EM-030-EM-030A,0,1,True,,40,True,Empower Center,165
OPT-EM-031-01,EM-031,EM-031a,Direct access to a loading dock,1,Source,SingleResponse,SR-EM-031-EM-031A,1,1,False,,10,True,Empower Center,167
OPT-EM-031-02,EM-031,EM-031a,Ground-level exterior door with direct vehicle access for deliveries,1,Source,SingleResponse,SR-EM-031-EM-031A,1,1,False,,20,True,Empower Center,168
OPT-EM-031-03,EM-031,EM-031a,Close proximity to a ground-level vehicle access area via a paved walkway,0.5,Source,SingleResponse,SR-EM-031-EM-031A,1,1,False,,30,True,Empower Center,169
OPT-EM-031-04,EM-031,EM-031a,No loading area or infrastructure nearby,0,Source,SingleResponse,SR-EM-031-EM-031A,1,1,False,,40,True,Empower Center,170
OPT-EM-031-05,EM-031,EM-031a,Unable to assess (note reason),,Exclusion,SingleResponse,SR-EM-031-EM-031A,0,1,True,,50,True,Empower Center,171
OPT-EM-032-01,EM-032,EM-032a,"Standard or <42"" door",0.25,Source,SingleResponse,SR-EM-032-EM-032A,1,1,False,,10,True,Empower Center,173
OPT-EM-032-02,EM-032,EM-032b,"42"" or wider door",0.5,Source,SingleResponse,SR-EM-032-EM-032B,1,1,False,,20,True,Empower Center,174
OPT-EM-032-03,EM-032,EM-032c,Double doors with removable mullion,1,Source,SingleResponse,SR-EM-032-EM-032C,1,1,False,,30,True,Empower Center,175
OPT-EM-032-04,EM-032,EM-032d,Overhead coiling door,1,Source,SingleResponse,SR-EM-032-EM-032D,1,1,False,,40,True,Empower Center,176
OPT-EM-032-05,EM-032,EM-032e,At least two doors connect the space to the circulation path,1,Source,SingleResponse,SR-EM-032-EM-032E,1,1,False,,50,True,Empower Center,177
OPT-EM-032-06,EM-032,EM-032i,Other (please note),,Inventory,Inventory,INV-EM-032-EM-032I,0,0,False,,60,True,Empower Center,178
OPT-EM-032-07,EM-032,EM-032f,None of the above,0,Source,SingleResponse,SR-EM-032-EM-032F,1,1,False,,70,True,Empower Center,179
OPT-EM-033-01,EM-033,EM-033a,Yes,1,Source,SingleResponse,SR-EM-033-EM-033A,1,1,False,,10,True,Empower Center,181
OPT-EM-033-02,EM-033,EM-033a,No,0,Source,SingleResponse,SR-EM-033-EM-033A,1,1,False,,20,True,Empower Center,182
OPT-EM-033-03,EM-033,EM-033a,Unable to assess (note reason),,Exclusion,SingleResponse,SR-EM-033-EM-033A,0,1,True,,30,True,Empower Center,183
OPT-EM-034-01,EM-034,EM-034a,Motorized projection screen,1,Source,SingleResponse,SR-EM-034-EM-034A,1,1,False,,10,True,Empower Center,185
OPT-EM-034-02,EM-034,EM-034b,Wall/ceiling mounted projector,1,Source,SingleResponse,SR-EM-034-EM-034B,1,1,False,,20,True,Empower Center,186
OPT-EM-034-03,EM-034,EM-034c,A/V system with speakers,1,Source,SingleResponse,SR-EM-034-EM-034C,1,1,False,,30,True,Empower Center,187
OPT-EM-034-04,EM-034,EM-034d,None of the above,0,Source,SingleResponse,SR-EM-034-EM-034D,1,1,False,,40,True,Empower Center,188
OPT-EM-035-01,EM-035,EM-035a,Yes,1,Source,SingleResponse,SR-EM-035-EM-035A,1,1,False,,10,True,Empower Center,190
OPT-EM-035-02,EM-035,EM-035a,No,0,Source,SingleResponse,SR-EM-035-EM-035A,1,1,False,,20,True,Empower Center,191
OPT-EM-035-03,EM-035,EM-035a,Unable to assess (note reason),,Exclusion,SingleResponse,SR-EM-035-EM-035A,0,1,True,,30,True,Empower Center,192
OPT-EM-036-01,EM-036,EM-036a,A family restroom is in close proximity to the Empower Center,1,Source,SingleResponse,SR-EM-036-EM-036A,1,1,False,,10,True,Empower Center,194
OPT-EM-036-02,EM-036,EM-036b,A learner restroom is in close proximity to the Empower Center,1,Source,SingleResponse,SR-EM-036-EM-036B,1,1,False,,20,True,Empower Center,195
OPT-EM-036-03,EM-036,EM-036c,A restroom is in close proximity to the Empower Center,1,Source,SingleResponse,SR-EM-036-EM-036C,1,1,False,,30,True,Empower Center,196
OPT-EM-036-04,EM-036,EM-036d,None of the above,0,Source,SingleResponse,SR-EM-036-EM-036D,1,1,False,,40,True,Empower Center,197
OPT-EM-037-01,EM-037,EM-037a,Yes,1,Source,SingleResponse,SR-EM-037-EM-037A,1,1,False,,10,True,Empower Center,199
OPT-EM-037-02,EM-037,EM-037a,No,0,Source,SingleResponse,SR-EM-037-EM-037A,1,1,False,,20,True,Empower Center,200
OPT-EM-037-03,EM-037,EM-037a,Unable to assess (note reason),,Exclusion,SingleResponse,SR-EM-037-EM-037A,0,1,True,,30,True,Empower Center,201
OPT-EM-038-01,EM-038,EM-038i,PA speaker,,Inventory,Inventory,INV-EM-038-EM-038I,0,0,False,,10,True,Empower Center,203
OPT-EM-038-02,EM-038,EM-038i,Synchronous clock,,Inventory,Inventory,INV-EM-038-EM-038I,0,0,False,,20,True,Empower Center,204
OPT-EM-038-03,EM-038,EM-038a,Water fountain,1,Source,SingleResponse,SR-EM-038-EM-038A,1,1,False,,30,True,Empower Center,205
OPT-EM-038-04,EM-038,EM-038b,Bottle filler,1,Source,SingleResponse,SR-EM-038-EM-038B,1,1,False,,40,True,Empower Center,206
OPT-EM-038-05,EM-038,EM-038c,None of the above,0,Source,SingleResponse,SR-EM-038-EM-038C,1,1,False,,50,True,Empower Center,207
OPT-NH-002-01,NH-002,NH-002a,There are corridor doors that can be used to secure the neighborhood,1,Source,SingleResponse,SR-NH-002-NH-002A,1,1,False,,10,True,Neighborhoods,7
OPT-NH-002-02,NH-002,NH-002b,The corridor doors appear lockable,1,Source,SingleResponse,SR-NH-002-NH-002B,1,1,False,,20,True,Neighborhoods,8
OPT-NH-002-03,NH-002,NH-002c,Vision panels are provided in the doors,1,Source,SingleResponse,SR-NH-002-NH-002C,1,1,False,,30,True,Neighborhoods,9
OPT-NH-002-04,NH-002,NH-002d,None of the above,0,Source,SingleResponse,SR-NH-002-NH-002D,1,1,False,,40,True,Neighborhoods,10
OPT-NH-003-01,NH-003,NH-003a,Yes,1,Source,SingleResponse,SR-NH-003-NH-003A,1,1,False,,10,True,Neighborhoods,12
OPT-NH-003-02,NH-003,NH-003a,No,0,Source,SingleResponse,SR-NH-003-NH-003A,1,1,False,,20,True,Neighborhoods,13
OPT-NH-003-03,NH-003,NH-003a,Unable to assess (note reason),,Exclusion,SingleResponse,SR-NH-003-NH-003A,0,1,True,,30,True,Neighborhoods,14
OPT-NH-004-01,NH-004,NH-004a,Small group room,1,Source,SingleResponse,SR-NH-004-NH-004A,1,1,False,,10,True,Neighborhoods,16
OPT-NH-004-02,NH-004,NH-004b,Professional Learning Center (PLC),1,Source,SingleResponse,SR-NH-004-NH-004B,1,1,False,,20,True,Neighborhoods,17
OPT-NH-004-03,NH-004,NH-004c,Open collaboration space,1,Source,SingleResponse,SR-NH-004-NH-004C,1,1,False,,30,True,Neighborhoods,18
OPT-NH-004-04,NH-004,NH-004d,Storage closet,1,Source,SingleResponse,SR-NH-004-NH-004D,1,1,False,,40,True,Neighborhoods,19
OPT-NH-004-05,NH-004,NH-004e,None of the above,0,Source,SingleResponse,SR-NH-004-NH-004E,1,1,False,,50,True,Neighborhoods,20
OPT-NH-005-01,NH-005,NH-005a,Small group room,1,Source,SingleResponse,SR-NH-005-NH-005A,1,1,False,,10,True,Neighborhoods,22
OPT-NH-005-02,NH-005,NH-005b,Professional Learning Center (PLC),1,Source,SingleResponse,SR-NH-005-NH-005B,1,1,False,,20,True,Neighborhoods,23
OPT-NH-005-03,NH-005,NH-005c,Science Lab,1,Source,SingleResponse,SR-NH-005-NH-005C,1,1,False,,30,True,Neighborhoods,24
OPT-NH-005-04,NH-005,NH-005d,Open collaboration space,1,Source,SingleResponse,SR-NH-005-NH-005D,1,1,False,,40,True,Neighborhoods,25
OPT-NH-005-05,NH-005,NH-005e,Maker Space,1,Source,SingleResponse,SR-NH-005-NH-005E,1,1,False,,50,True,Neighborhoods,26
OPT-NH-005-06,NH-005,NH-005f,Admin office,1,Source,SingleResponse,SR-NH-005-NH-005F,1,1,False,,60,True,Neighborhoods,27
OPT-NH-005-07,NH-005,NH-005g,Storage closet,1,Source,SingleResponse,SR-NH-005-NH-005G,1,1,False,,70,True,Neighborhoods,28
OPT-NH-005-08,NH-005,NH-005h,None of the above,0,Source,SingleResponse,SR-NH-005-NH-005H,1,1,False,,80,True,Neighborhoods,29
OPT-NH-006-01,NH-006,NH-006a,Small group room,1,Source,SingleResponse,SR-NH-006-NH-006A,1,1,False,,10,True,Neighborhoods,31
OPT-NH-006-02,NH-006,NH-006b,Large group room,1,Source,SingleResponse,SR-NH-006-NH-006B,1,1,False,,20,True,Neighborhoods,32
OPT-NH-006-03,NH-006,NH-006c,Professional Learning Center (PLC),1,Source,SingleResponse,SR-NH-006-NH-006C,1,1,False,,30,True,Neighborhoods,33
OPT-NH-006-04,NH-006,NH-006d,Science Lab,1,Source,SingleResponse,SR-NH-006-NH-006D,1,1,False,,40,True,Neighborhoods,34
OPT-NH-006-05,NH-006,NH-006e,Open collaboration space,1,Source,SingleResponse,SR-NH-006-NH-006E,1,1,False,,50,True,Neighborhoods,35
OPT-NH-006-06,NH-006,NH-006f,Maker Space,1,Source,SingleResponse,SR-NH-006-NH-006F,1,1,False,,60,True,Neighborhoods,36
OPT-NH-006-07,NH-006,NH-006g,Admin office,1,Source,SingleResponse,SR-NH-006-NH-006G,1,1,False,,70,True,Neighborhoods,37
OPT-NH-006-08,NH-006,NH-006h,Storage closet,1,Source,SingleResponse,SR-NH-006-NH-006H,1,1,False,,80,True,Neighborhoods,38
OPT-NH-006-09,NH-006,NH-006j,None of the above,0,Source,SingleResponse,SR-NH-006-NH-006J,1,1,False,,90,True,Neighborhoods,39
OPT-NH-007-01,NH-007,NH-007a,0,0,Source,SingleResponse,SR-NH-007-NH-007A,1,1,False,,10,True,Neighborhoods,41
OPT-NH-007-02,NH-007,NH-007a,1,0.33,Source,SingleResponse,SR-NH-007-NH-007A,1,1,False,,20,True,Neighborhoods,42
OPT-NH-007-03,NH-007,NH-007a,2,0.66,Source,SingleResponse,SR-NH-007-NH-007A,1,1,False,,30,True,Neighborhoods,43
OPT-NH-007-04,NH-007,NH-007a,3+,1,Source,SingleResponse,SR-NH-007-NH-007A,1,1,False,,40,True,Neighborhoods,44
OPT-NH-008-01,NH-008,NH-008a,0,0,Source,SingleResponse,SR-NH-008-NH-008A,1,1,False,,10,True,Neighborhoods,46
OPT-NH-008-02,NH-008,NH-008a,1,0.5,Source,SingleResponse,SR-NH-008-NH-008A,1,1,False,,20,True,Neighborhoods,47
OPT-NH-008-03,NH-008,NH-008a,2+,1,Source,SingleResponse,SR-NH-008-NH-008A,1,1,False,,30,True,Neighborhoods,48
OPT-NH-009-01,NH-009,NH-009a,Yes,1,Source,SingleResponse,SR-NH-009-NH-009A,1,1,False,,10,True,Neighborhoods,50
OPT-NH-009-02,NH-009,NH-009a,No,0,Source,SingleResponse,SR-NH-009-NH-009A,1,1,False,,20,True,Neighborhoods,51
OPT-NH-009-03,NH-009,NH-009a,Unable to assess (note reason),,Exclusion,SingleResponse,SR-NH-009-NH-009A,0,1,True,,30,True,Neighborhoods,52
OPT-NH-010-01,NH-010,NH-010a,Yes,1,Source,SingleResponse,SR-NH-010-NH-010A,1,1,False,,10,True,Neighborhoods,54
OPT-NH-010-02,NH-010,NH-010a,No,0,Source,SingleResponse,SR-NH-010-NH-010A,1,1,False,,20,True,Neighborhoods,55
OPT-NH-010-03,NH-010,NH-010a,Unable to assess (note reason),,Exclusion,SingleResponse,SR-NH-010-NH-010A,0,1,True,,30,True,Neighborhoods,56
OPT-NH-011-01,NH-011,NH-011a,None,0,Source,SingleResponse,SR-NH-011-NH-011A,1,1,False,,10,True,Neighborhoods,58
OPT-NH-011-02,NH-011,NH-011a,1,0.5,Source,SingleResponse,SR-NH-011-NH-011A,1,1,False,,20,True,Neighborhoods,59
OPT-NH-011-03,NH-011,NH-011a,2+,1,Source,SingleResponse,SR-NH-011-NH-011A,1,1,False,,30,True,Neighborhoods,60
OPT-NH-012-01,NH-012,NH-012a,Within the neighborhood,1,Source,SingleResponse,SR-NH-012-NH-012A,1,1,False,,10,True,Neighborhoods,62
OPT-NH-012-02,NH-012,NH-012a,Directly adjacent to the neighborhood,0.5,Source,SingleResponse,SR-NH-012-NH-012A,1,1,False,,20,True,Neighborhoods,63
OPT-NH-012-03,NH-012,NH-012a,Neither,0,Source,SingleResponse,SR-NH-012-NH-012A,1,1,False,,30,True,Neighborhoods,64
OPT-NH-012-04,NH-012,NH-012a,Unable to assess (note reason),,Exclusion,SingleResponse,SR-NH-012-NH-012A,0,1,True,,40,True,Neighborhoods,65
OPT-NH-013-01,NH-013,NH-013a,Within the neighborhood,1,Source,SingleResponse,SR-NH-013-NH-013A,1,1,False,,10,True,Neighborhoods,67
OPT-NH-013-02,NH-013,NH-013a,Directly adjacent to the neighborhood,0.5,Source,SingleResponse,SR-NH-013-NH-013A,1,1,False,,20,True,Neighborhoods,68
OPT-NH-013-03,NH-013,NH-013a,Neither,0,Source,SingleResponse,SR-NH-013-NH-013A,1,1,False,,30,True,Neighborhoods,69
OPT-NH-013-04,NH-013,NH-013a,Unable to assess (note reason),,Exclusion,SingleResponse,SR-NH-013-NH-013A,0,1,True,,40,True,Neighborhoods,70
OPT-NH-014-01,NH-014,NH-014a,The neighborhood is adjacent to at least one other Learning Neighborhood,1,Source,SingleResponse,SR-NH-014-NH-014A,1,1,False,,10,True,Neighborhoods,72
OPT-NH-014-02,NH-014,NH-014b,"The neighborhood is in close proximity to vertical circulation (i.e., stairs or elevator)",1,Source,SingleResponse,SR-NH-014-NH-014B,1,1,False,,20,True,Neighborhoods,73
OPT-NH-014-03,NH-014,NH-014c,None of the above,0,Source,SingleResponse,SR-NH-014-NH-014C,1,1,False,,30,True,Neighborhoods,74
OPT-NH-015-01,NH-015,NH-015a,0,0,Source,SingleResponse,SR-NH-015-NH-015A,1,1,False,,10,True,Neighborhoods,76
OPT-NH-015-02,NH-015,NH-015a,1,0.5,Source,SingleResponse,SR-NH-015-NH-015A,1,1,False,,20,True,Neighborhoods,77
OPT-NH-015-03,NH-015,NH-015a,2+,1,Source,SingleResponse,SR-NH-015-NH-015A,1,1,False,,30,True,Neighborhoods,78
OPT-EN-002-01,EN-002,EN-002a,There are corridor doors that can be used to secure the neighborhood,1,Source,SingleResponse,SR-EN-002-EN-002A,1,1,False,,10,True,Neighborhoods,84
OPT-EN-002-02,EN-002,EN-002b,The corridor doors appear lockable,1,Source,SingleResponse,SR-EN-002-EN-002B,1,1,False,,20,True,Neighborhoods,85
OPT-EN-002-03,EN-002,EN-002c,Vision panels are provided in the doors,1,Source,SingleResponse,SR-EN-002-EN-002C,1,1,False,,30,True,Neighborhoods,86
OPT-EN-002-04,EN-002,EN-002d,None of the above,0,Source,SingleResponse,SR-EN-002-EN-002D,1,1,False,,40,True,Neighborhoods,87
OPT-EN-003-01,EN-003,EN-003a,Yes,1,Source,SingleResponse,SR-EN-003-EN-003A,1,1,False,,10,True,Neighborhoods,89
OPT-EN-003-02,EN-003,EN-003a,No,0,Source,SingleResponse,SR-EN-003-EN-003A,1,1,False,,20,True,Neighborhoods,90
OPT-EN-003-03,EN-003,EN-003a,Unable to assess (note reason),,Exclusion,SingleResponse,SR-EN-003-EN-003A,0,1,True,,30,True,Neighborhoods,91
OPT-EN-004-01,EN-004,EN-004a,Small group room,1,Source,SingleResponse,SR-EN-004-EN-004A,1,1,False,,10,True,Neighborhoods,93
OPT-EN-004-02,EN-004,EN-004b,Professional Learning Center (PLC),1,Source,SingleResponse,SR-EN-004-EN-004B,1,1,False,,20,True,Neighborhoods,94
OPT-EN-004-03,EN-004,EN-004c,Open collaboration space,1,Source,SingleResponse,SR-EN-004-EN-004C,1,1,False,,30,True,Neighborhoods,95
OPT-EN-004-04,EN-004,EN-004d,Storage closet,1,Source,SingleResponse,SR-EN-004-EN-004D,1,1,False,,40,True,Neighborhoods,96
OPT-EN-004-05,EN-004,EN-004e,None of the above,0,Source,SingleResponse,SR-EN-004-EN-004E,1,1,False,,50,True,Neighborhoods,97
OPT-EN-005-01,EN-005,EN-005a,Within the neighborhood,1,Source,SingleResponse,SR-EN-005-EN-005A,1,1,False,,10,True,Neighborhoods,99
OPT-EN-005-02,EN-005,EN-005a,Directly adjacent to the neighborhood,0.5,Source,SingleResponse,SR-EN-005-EN-005A,1,1,False,,20,True,Neighborhoods,100
OPT-EN-005-03,EN-005,EN-005a,Neither,0,Source,SingleResponse,SR-EN-005-EN-005A,1,1,False,,30,True,Neighborhoods,101
OPT-EN-005-04,EN-005,EN-005a,Unable to assess (note reason),,Exclusion,SingleResponse,SR-EN-005-EN-005A,0,1,True,,40,True,Neighborhoods,102
OPT-EN-006-01,EN-006,EN-006a,Within the neighborhood,1,Source,SingleResponse,SR-EN-006-EN-006A,1,1,False,,10,True,Neighborhoods,104
OPT-EN-006-02,EN-006,EN-006a,Directly adjacent to the neighborhood,0.5,Source,SingleResponse,SR-EN-006-EN-006A,1,1,False,,20,True,Neighborhoods,105
OPT-EN-006-03,EN-006,EN-006a,Neither,0,Source,SingleResponse,SR-EN-006-EN-006A,1,1,False,,30,True,Neighborhoods,106
OPT-EN-006-04,EN-006,EN-006a,Unable to assess (note reason),,Exclusion,SingleResponse,SR-EN-006-EN-006A,0,1,True,,40,True,Neighborhoods,107
OPT-EN-007-01,EN-007,EN-007a,The neighborhood is adjacent to at least one other Learning Neighborhood,1,Source,SingleResponse,SR-EN-007-EN-007A,1,1,False,,10,True,Neighborhoods,109
OPT-EN-007-02,EN-007,EN-007b,"The neighborhood is in close proximity to vertical circulation (i.e., stairs or elevator)",1,Source,SingleResponse,SR-EN-007-EN-007B,1,1,False,,20,True,Neighborhoods,110
OPT-EN-007-03,EN-007,EN-007c,None of the above,0,Source,SingleResponse,SR-EN-007-EN-007C,1,1,False,,30,True,Neighborhoods,111
OPT-EN-008-01,EN-008,EN-008a,0,0,Source,SingleResponse,SR-EN-008-EN-008A,1,1,False,,10,True,Neighborhoods,113
OPT-EN-008-02,EN-008,EN-008a,1,0.5,Source,SingleResponse,SR-EN-008-EN-008A,1,1,False,,20,True,Neighborhoods,114
OPT-EN-008-03,EN-008,EN-008a,2+,1,Source,SingleResponse,SR-EN-008-EN-008A,1,1,False,,30,True,Neighborhoods,115
OPT-GR-002-01,GR-002,GR-002a,Primary light fixtures are dimmable,1,Source,SingleResponse,SR-GR-002-GR-002A,1,1,False,,10,True,Neighborhoods,121
OPT-GR-002-02,GR-002,GR-002b,Primary light fixtures are LED,1,Source,SingleResponse,SR-GR-002-GR-002B,1,1,False,,20,True,Neighborhoods,122
OPT-GR-002-03,GR-002,GR-002c,None of the above,0,Source,SingleResponse,SR-GR-002-GR-002C,1,1,False,,30,True,Neighborhoods,123
OPT-GR-003-01,GR-003,GR-003a,None,0,Source,SingleResponse,SR-GR-003-GR-003A,1,1,False,,10,True,Neighborhoods,125
OPT-GR-003-02,GR-003,GR-003a,<4 linear feet,0.33,Source,SingleResponse,SR-GR-003-GR-003A,1,1,False,,20,True,Neighborhoods,126
OPT-GR-003-03,GR-003,GR-003a,4 to <8 linear feet,0.66,Source,SingleResponse,SR-GR-003-GR-003A,1,1,False,,30,True,Neighborhoods,127
OPT-GR-003-04,GR-003,GR-003a,8 to <12 linear feet,1,Source,SingleResponse,SR-GR-003-GR-003A,1,1,False,,40,True,Neighborhoods,128
OPT-GR-003-05,GR-003,GR-003a,12+ linear feet,1,Source,SingleResponse,SR-GR-003-GR-003A,1,1,False,,50,True,Neighborhoods,129
OPT-GR-003-06,GR-003,GR-003a,Unable to assess (note reason),,Exclusion,SingleResponse,SR-GR-003-GR-003A,0,1,True,,60,True,Neighborhoods,130
OPT-GR-004-01,GR-004,GR-004a,1,0.25,Source,SingleResponse,SR-GR-004-GR-004A,1,1,False,,10,True,Neighborhoods,132
OPT-GR-004-02,GR-004,GR-004a,2,0.5,Source,SingleResponse,SR-GR-004-GR-004A,1,1,False,,20,True,Neighborhoods,133
OPT-GR-004-03,GR-004,GR-004a,3,0.75,Source,SingleResponse,SR-GR-004-GR-004A,1,1,False,,30,True,Neighborhoods,134
OPT-GR-004-04,GR-004,GR-004a,4+,1,Source,SingleResponse,SR-GR-004-GR-004A,1,1,False,,40,True,Neighborhoods,135
OPT-GR-005-01,GR-005,GR-005a,1,0.25,Source,SingleResponse,SR-GR-005-GR-005A,1,1,False,,10,True,Neighborhoods,137
OPT-GR-005-02,GR-005,GR-005a,2,0.5,Source,SingleResponse,SR-GR-005-GR-005A,1,1,False,,20,True,Neighborhoods,138
OPT-GR-005-03,GR-005,GR-005a,3,0.75,Source,SingleResponse,SR-GR-005-GR-005A,1,1,False,,30,True,Neighborhoods,139
OPT-GR-005-04,GR-005,GR-005a,4,1,Source,SingleResponse,SR-GR-005-GR-005A,1,1,False,,40,True,Neighborhoods,140
OPT-GR-006-01,GR-006,GR-006a,0,0,Source,SingleResponse,SR-GR-006-GR-006A,1,1,False,,10,True,Neighborhoods,142
OPT-GR-006-02,GR-006,GR-006a,1,0.25,Source,SingleResponse,SR-GR-006-GR-006A,1,1,False,,20,True,Neighborhoods,143
OPT-GR-006-03,GR-006,GR-006a,2,0.5,Source,SingleResponse,SR-GR-006-GR-006A,1,1,False,,30,True,Neighborhoods,144
OPT-GR-006-04,GR-006,GR-006a,3,0.75,Source,SingleResponse,SR-GR-006-GR-006A,1,1,False,,40,True,Neighborhoods,145
OPT-GR-006-05,GR-006,GR-006a,4,1,Source,SingleResponse,SR-GR-006-GR-006A,1,1,False,,50,True,Neighborhoods,146
OPT-GR-007-01,GR-007,GR-007a,Full-height interior window,1,Source,SingleResponse,SR-GR-007-GR-007A,1,1,False,,10,True,Neighborhoods,148
OPT-GR-007-02,GR-007,GR-007b,Half-height interior window,1,Source,SingleResponse,SR-GR-007-GR-007B,1,1,False,,20,True,Neighborhoods,149
OPT-GR-007-03,GR-007,GR-007c,Sidelight,1,Source,SingleResponse,SR-GR-007-GR-007C,1,1,False,,30,True,Neighborhoods,150
OPT-GR-007-04,GR-007,GR-007d,"Door panel (i.e., glass panel in the door)",0,Source,SingleResponse,SR-GR-007-GR-007D,1,1,False,,40,True,Neighborhoods,151
OPT-GR-007-05,GR-007,GR-007e,None of the above,0,Source,SingleResponse,SR-GR-007-GR-007E,1,1,False,,50,True,Neighborhoods,152
OPT-GR-008-01,GR-008,GR-008i,Less than half,,Inventory,Inventory,INV-GR-008-GR-008I,0,0,False,,10,True,Neighborhoods,154
OPT-GR-008-02,GR-008,GR-008i,About half,,Inventory,Inventory,INV-GR-008-GR-008I,0,0,False,,20,True,Neighborhoods,155
OPT-GR-008-03,GR-008,GR-008i,Most of the wall,,Inventory,Inventory,INV-GR-008-GR-008I,0,0,False,,30,True,Neighborhoods,156
OPT-GR-009-01,GR-009,GR-009i,Individual student desks,,Inventory,Inventory,INV-GR-009-GR-009I,0,0,False,,10,True,Neighborhoods,158
OPT-GR-009-02,GR-009,GR-009i,Chair-height student tables,,Inventory,Inventory,INV-GR-009-GR-009I,0,0,False,,20,True,Neighborhoods,159
OPT-GR-009-03,GR-009,GR-009i,"Floor-height student tables (i.e., low tables for floor seating)",,Inventory,Inventory,INV-GR-009-GR-009I,0,0,False,,30,True,Neighborhoods,160
OPT-GR-009-04,GR-009,GR-009i,Standing-height student desks/tables/worksurfaces,,Inventory,Inventory,INV-GR-009-GR-009I,0,0,False,,40,True,Neighborhoods,161
OPT-GR-009-05,GR-009,GR-009i,"Student desks with attached chair (i.e., combo units)",,Inventory,Inventory,INV-GR-009-GR-009I,0,0,False,,50,True,Neighborhoods,162
OPT-GR-009-06,GR-009,GR-009i,"Hard seating (e.g., standard chairs, stools)",,Inventory,Inventory,INV-GR-009-GR-009I,0,0,False,,60,True,Neighborhoods,163
OPT-GR-009-07,GR-009,GR-009i,"Active seating (e.g., wobble stools, rockers)",,Inventory,Inventory,INV-GR-009-GR-009I,0,0,False,,70,True,Neighborhoods,164
OPT-GR-009-08,GR-009,GR-009i,"Soft seating (e.g., bean bags, floor cushions)",,Inventory,Inventory,INV-GR-009-GR-009I,0,0,False,,80,True,Neighborhoods,165
OPT-GR-009-09,GR-009,GR-009i,"One or more mobile writing surfaces (i.e., mobile markerboards)",,Inventory,Inventory,INV-GR-009-GR-009I,0,0,False,,90,True,Neighborhoods,166
OPT-GR-009-10,GR-009,GR-009i,One or more mobile tackboards,,Inventory,Inventory,INV-GR-009-GR-009I,0,0,False,,100,True,Neighborhoods,167
OPT-GR-009-11,GR-009,GR-009i,One or more mobile monitors,,Inventory,Inventory,INV-GR-009-GR-009I,0,0,False,,110,True,Neighborhoods,168
OPT-GR-009-12,GR-009,GR-009i,"Furniture-based storage (i.e., shelving or cabinets)",,Inventory,Inventory,INV-GR-009-GR-009I,0,0,False,,120,True,Neighborhoods,169
OPT-GR-009-13,GR-009,GR-009i,Other (please note),,Inventory,Inventory,INV-GR-009-GR-009I,0,0,False,,130,True,Neighborhoods,170
OPT-GR-009-14,GR-009,GR-009i,None of the above,,Inventory,Inventory,INV-GR-009-GR-009I,0,0,False,,140,True,Neighborhoods,171
OPT-GR-010-01,GR-010,GR-010a,"Most furniture can be moved by students or a single teacher (e.g., casters, lightweight pieces)",1,Source,SingleResponse,SR-GR-010-GR-010A,1,1,False,,10,True,Neighborhoods,173
OPT-GR-010-02,GR-010,GR-010a,"Some furniture is movable, some is heavy or fixed",0.5,Source,SingleResponse,SR-GR-010-GR-010A,1,1,False,,20,True,Neighborhoods,174
OPT-GR-010-03,GR-010,GR-010a,"Most furniture is heavy, fixed, or impractical to move",0,Source,SingleResponse,SR-GR-010-GR-010A,1,1,False,,30,True,Neighborhoods,175
OPT-GR-011-01,GR-011,GR-011a,Good - appears relatively new or has minimal wear,1,Source,SingleResponse,SR-GR-011-GR-011A,1,1,False,,10,True,Neighborhoods,177
OPT-GR-011-02,GR-011,GR-011a,"Fair - some furniture is noticeably worn or aging, but all is functional",0.5,Source,SingleResponse,SR-GR-011-GR-011A,1,1,False,,20,True,Neighborhoods,178
OPT-GR-011-03,GR-011,GR-011a,"Poor - some or all furniture is significantly worn, damaged, or not usable",0,Source,SingleResponse,SR-GR-011-GR-011A,1,1,False,,30,True,Neighborhoods,179
OPT-OC-002-01,OC-002,OC-002a,None,0,Source,SingleResponse,SR-OC-002-OC-002A,1,1,False,,10,True,Neighborhoods,185
OPT-OC-002-02,OC-002,OC-002a,<4 linear feet,0.25,Source,SingleResponse,SR-OC-002-OC-002A,1,1,False,,20,True,Neighborhoods,186
OPT-OC-002-03,OC-002,OC-002a,4 to <8 linear feet,0.5,Source,SingleResponse,SR-OC-002-OC-002A,1,1,False,,30,True,Neighborhoods,187
OPT-OC-002-04,OC-002,OC-002a,8 to <12 linear feet,0.75,Source,SingleResponse,SR-OC-002-OC-002A,1,1,False,,40,True,Neighborhoods,188
OPT-OC-002-05,OC-002,OC-002a,12+ linear feet,1,Source,SingleResponse,SR-OC-002-OC-002A,1,1,False,,50,True,Neighborhoods,189
OPT-OC-002-06,OC-002,OC-002a,Unable to assess (note reason),,Exclusion,SingleResponse,SR-OC-002-OC-002A,0,1,True,,60,True,Neighborhoods,190
OPT-OC-003-01,OC-003,OC-003a,None,0,Source,SingleResponse,SR-OC-003-OC-003A,1,1,False,,10,True,Neighborhoods,192
OPT-OC-003-02,OC-003,OC-003a,<6 linear feet,0.25,Source,SingleResponse,SR-OC-003-OC-003A,1,1,False,,20,True,Neighborhoods,193
OPT-OC-003-03,OC-003,OC-003a,6 to <12 linear feet,0.5,Source,SingleResponse,SR-OC-003-OC-003A,1,1,False,,30,True,Neighborhoods,194
OPT-OC-003-04,OC-003,OC-003a,12 to <20 linear feet,0.75,Source,SingleResponse,SR-OC-003-OC-003A,1,1,False,,40,True,Neighborhoods,195
OPT-OC-003-05,OC-003,OC-003a,20+ linear feet,1,Source,SingleResponse,SR-OC-003-OC-003A,1,1,False,,50,True,Neighborhoods,196
OPT-OC-003-06,OC-003,OC-003a,Unable to assess (note reason),,Exclusion,SingleResponse,SR-OC-003-OC-003A,0,1,True,,60,True,Neighborhoods,197
OPT-OC-004-01,OC-004,OC-004a,0,0,Source,SingleResponse,SR-OC-004-OC-004A,1,1,False,,10,True,Neighborhoods,199
OPT-OC-004-02,OC-004,OC-004a,1,0.25,Source,SingleResponse,SR-OC-004-OC-004A,1,1,False,,20,True,Neighborhoods,200
OPT-OC-004-03,OC-004,OC-004a,2,0.5,Source,SingleResponse,SR-OC-004-OC-004A,1,1,False,,30,True,Neighborhoods,201
OPT-OC-004-04,OC-004,OC-004a,3,0.75,Source,SingleResponse,SR-OC-004-OC-004A,1,1,False,,40,True,Neighborhoods,202
OPT-OC-004-05,OC-004,OC-004a,4+,1,Source,SingleResponse,SR-OC-004-OC-004A,1,1,False,,50,True,Neighborhoods,203
OPT-OC-005-01,OC-005,OC-005a,0,0,Source,SingleResponse,SR-OC-005-OC-005A,1,1,False,,10,True,Neighborhoods,205
OPT-OC-005-02,OC-005,OC-005a,1,0.25,Source,SingleResponse,SR-OC-005-OC-005A,1,1,False,,20,True,Neighborhoods,206
OPT-OC-005-03,OC-005,OC-005a,2,0.5,Source,SingleResponse,SR-OC-005-OC-005A,1,1,False,,30,True,Neighborhoods,207
OPT-OC-005-04,OC-005,OC-005a,3,0.75,Source,SingleResponse,SR-OC-005-OC-005A,1,1,False,,40,True,Neighborhoods,208
OPT-OC-005-05,OC-005,OC-005a,4+,1,Source,SingleResponse,SR-OC-005-OC-005A,1,1,False,,50,True,Neighborhoods,209
OPT-OC-006-01,OC-006,OC-006a,1,1,Source,SingleResponse,SR-OC-006-OC-006A,1,1,False,,10,True,Neighborhoods,211
OPT-OC-006-02,OC-006,OC-006a,2,1,Source,SingleResponse,SR-OC-006-OC-006A,1,1,False,,20,True,Neighborhoods,212
OPT-OC-006-03,OC-006,OC-006a,3,1,Source,SingleResponse,SR-OC-006-OC-006A,1,1,False,,30,True,Neighborhoods,213
OPT-OC-007-01,OC-007,OC-007a,Direct visibility,1,Source,SingleResponse,SR-OC-007-OC-007A,1,1,False,,10,True,Neighborhoods,215
OPT-OC-007-02,OC-007,OC-007a,"Partial visibility (i.e., limited or through doorways only)",0.75,Source,SingleResponse,SR-OC-007-OC-007A,1,1,False,,20,True,Neighborhoods,216
OPT-OC-007-03,OC-007,OC-007a,No visibility,0.5,Source,SingleResponse,SR-OC-007-OC-007A,1,1,False,,30,True,Neighborhoods,217
OPT-OC-007-04,OC-007,OC-007a,Unable to assess (note reason),,Exclusion,SingleResponse,SR-OC-007-OC-007A,0,1,True,,40,True,Neighborhoods,218
OPT-OC-008-01,OC-008,OC-008a,Less than half of the studios,0,Source,SingleResponse,SR-OC-008-OC-008A,1,1,False,,10,True,Neighborhoods,220
OPT-OC-008-02,OC-008,OC-008a,About half of the studios,0.33,Source,SingleResponse,SR-OC-008-OC-008A,1,1,False,,20,True,Neighborhoods,221
OPT-OC-008-03,OC-008,OC-008a,Most studios,0.66,Source,SingleResponse,SR-OC-008-OC-008A,1,1,False,,30,True,Neighborhoods,222
OPT-OC-008-04,OC-008,OC-008a,All studios,1,Source,SingleResponse,SR-OC-008-OC-008A,1,1,False,,40,True,Neighborhoods,223
OPT-OC-009-01,OC-009,OC-009i,Individual student desks,,Inventory,Inventory,INV-OC-009-OC-009I,0,0,False,,10,True,Neighborhoods,225
OPT-OC-009-02,OC-009,OC-009i,Chair-height student tables,,Inventory,Inventory,INV-OC-009-OC-009I,0,0,False,,20,True,Neighborhoods,226
OPT-OC-009-03,OC-009,OC-009i,"Floor-height student tables (i.e., low tables for floor seating)",,Inventory,Inventory,INV-OC-009-OC-009I,0,0,False,,30,True,Neighborhoods,227
OPT-OC-009-04,OC-009,OC-009i,Standing-height student desks/tables/worksurfaces,,Inventory,Inventory,INV-OC-009-OC-009I,0,0,False,,40,True,Neighborhoods,228
OPT-OC-009-05,OC-009,OC-009i,"Student desks with attached chair (i.e., combo units)",,Inventory,Inventory,INV-OC-009-OC-009I,0,0,False,,50,True,Neighborhoods,229
OPT-OC-009-06,OC-009,OC-009i,"Hard seating (e.g., standard chairs, stools)",,Inventory,Inventory,INV-OC-009-OC-009I,0,0,False,,60,True,Neighborhoods,230
OPT-OC-009-07,OC-009,OC-009i,"Active seating (e.g., wobble stools, rockers)",,Inventory,Inventory,INV-OC-009-OC-009I,0,0,False,,70,True,Neighborhoods,231
OPT-OC-009-08,OC-009,OC-009i,"Soft seating (e.g., bean bags, floor cushions)",,Inventory,Inventory,INV-OC-009-OC-009I,0,0,False,,80,True,Neighborhoods,232
OPT-OC-009-09,OC-009,OC-009i,"One or more mobile writing surfaces (i.e., mobile markerboards)",,Inventory,Inventory,INV-OC-009-OC-009I,0,0,False,,90,True,Neighborhoods,233
OPT-OC-009-10,OC-009,OC-009i,One or more mobile tackboards,,Inventory,Inventory,INV-OC-009-OC-009I,0,0,False,,100,True,Neighborhoods,234
OPT-OC-009-11,OC-009,OC-009i,One or more mobile monitors,,Inventory,Inventory,INV-OC-009-OC-009I,0,0,False,,110,True,Neighborhoods,235
OPT-OC-009-12,OC-009,OC-009i,Other (please note),,Inventory,Inventory,INV-OC-009-OC-009I,0,0,False,,120,True,Neighborhoods,236
OPT-OC-009-13,OC-009,OC-009i,None of the above,,Inventory,Inventory,INV-OC-009-OC-009I,0,0,False,,130,True,Neighborhoods,237
OPT-OC-010-01,OC-010,OC-010a,"Most furniture can be moved by students or a single teacher (e.g., casters, lightweight pieces)",1,Source,SingleResponse,SR-OC-010-OC-010A,1,1,False,,10,True,Neighborhoods,239
OPT-OC-010-02,OC-010,OC-010a,"Some furniture is movable, some is heavy or fixed",0.5,Source,SingleResponse,SR-OC-010-OC-010A,1,1,False,,20,True,Neighborhoods,240
OPT-OC-010-03,OC-010,OC-010a,"Most furniture is heavy, fixed, or impractical to move",0,Source,SingleResponse,SR-OC-010-OC-010A,1,1,False,,30,True,Neighborhoods,241
OPT-OC-011-01,OC-011,OC-011a,Varied seating is provided for multiple students across multiple areas of the space,1,Source,SingleResponse,SR-OC-011-OC-011A,1,1,False,,10,True,Neighborhoods,243
OPT-OC-011-02,OC-011,OC-011a,"Limited varied seating is provided (i.e., a single area or only a few students accommodated at a time)",0.5,Source,SingleResponse,SR-OC-011-OC-011A,1,1,False,,20,True,Neighborhoods,244
OPT-OC-011-03,OC-011,OC-011a,No varied seating is provided,0,Source,SingleResponse,SR-OC-011-OC-011A,1,1,False,,30,True,Neighborhoods,245
OPT-OC-011-04,OC-011,OC-011a,Unable to assess (note reason),,Exclusion,SingleResponse,SR-OC-011-OC-011A,0,1,True,,40,True,Neighborhoods,246
OPT-OC-012-01,OC-012,OC-012a,Good - appears relatively new or has minimal wear,1,Source,SingleResponse,SR-OC-012-OC-012A,1,1,False,,10,True,Neighborhoods,248
OPT-OC-012-02,OC-012,OC-012a,"Fair - some furniture is noticeably worn or aging, but all is functional",0.5,Source,SingleResponse,SR-OC-012-OC-012A,1,1,False,,20,True,Neighborhoods,249
OPT-OC-012-03,OC-012,OC-012a,"Poor - some or all furniture is significantly worn, damaged, or not usable",0,Source,SingleResponse,SR-OC-012-OC-012A,1,1,False,,30,True,Neighborhoods,250
OPT-OC-013-01,OC-013,OC-013a,"Resilient flooring (e.g., vinyl, rubber)",1,Source,SingleResponse,SR-OC-013-OC-013A,1,1,False,,10,True,Neighborhoods,252
OPT-OC-013-02,OC-013,OC-013a,Terrazzo,1,Source,SingleResponse,SR-OC-013-OC-013A,1,1,False,,20,True,Neighborhoods,253
OPT-OC-013-03,OC-013,OC-013a,Polished concrete,1,Source,SingleResponse,SR-OC-013-OC-013A,1,1,False,,30,True,Neighborhoods,254
OPT-OC-013-04,OC-013,OC-013a,"Carpet (i.e., not a loose rug)",1,Source,SingleResponse,SR-OC-013-OC-013A,1,1,False,,40,True,Neighborhoods,255
OPT-OC-013-05,OC-013,OC-013a,Other (please note),0,Source,SingleResponse,SR-OC-013-OC-013A,1,1,False,,50,True,Neighborhoods,256
OPT-OC-013-06,OC-013,OC-013a,Unable to assess (note reason),0,Source,SingleResponse,SR-OC-013-OC-013A,0,1,True,,60,True,Neighborhoods,257
OPT-OC-014-01,OC-014,OC-014a,Water fountain,1,Source,SingleResponse,SR-OC-014-OC-014A,1,1,False,,10,True,Neighborhoods,259
OPT-OC-014-02,OC-014,OC-014b,Bottle filler,1,Source,SingleResponse,SR-OC-014-OC-014B,1,1,False,,20,True,Neighborhoods,260
OPT-OC-014-03,OC-014,OC-014c,Sink,1,Source,SingleResponse,SR-OC-014-OC-014C,1,1,False,,30,True,Neighborhoods,261
OPT-OC-014-04,OC-014,OC-014d,None of the above,0,Source,SingleResponse,SR-OC-014-OC-014D,1,1,False,,40,True,Neighborhoods,262
OPT-CT-002-01,CT-002,CT-002i,Paired with a specific CTE Lab,,Inventory,Inventory,INV-CT-002-CT-002I,0,0,False,,10,True,CTE Studio,7
OPT-CT-002-02,CT-002,CT-002i,Shared/general use across multiple pathways,,Inventory,Inventory,INV-CT-002-CT-002I,0,0,False,,20,True,CTE Studio,8
OPT-CT-002-03,CT-002,CT-002i,None of the above,,Inventory,Inventory,INV-CT-002-CT-002I,0,0,False,,30,True,CTE Studio,9
OPT-CT-003-01,CT-003,CT-003a,Close proximity with sightlines into the lab,1,Source,SingleResponse,SR-CT-003-CT-003A,1,1,False,,10,True,CTE Studio,11
OPT-CT-003-02,CT-003,CT-003a,"Close proximity, but no sightlines into the lab",0.5,Source,SingleResponse,SR-CT-003-CT-003A,1,1,False,,20,True,CTE Studio,12
OPT-CT-003-03,CT-003,CT-003a,Neither close proximity nor sightlines,0,Source,SingleResponse,SR-CT-003-CT-003A,1,1,False,,30,True,CTE Studio,13
OPT-CT-003-04,CT-003,CT-003a,"Not applicable, not paired with a lab",,Exclusion,SingleResponse,SR-CT-003-CT-003A,0,1,True,,40,True,CTE Studio,14
OPT-CT-003-05,CT-003,CT-003a,Unable to assess (note reason),,Exclusion,SingleResponse,SR-CT-003-CT-003A,0,1,True,,50,True,CTE Studio,15
OPT-CT-004-01,CT-004,CT-004a,Yes,1,Source,SingleResponse,SR-CT-004-CT-004A,1,1,False,,10,True,CTE Studio,17
OPT-CT-004-02,CT-004,CT-004a,No,0,Source,SingleResponse,SR-CT-004-CT-004A,1,1,False,,20,True,CTE Studio,18
OPT-CT-004-03,CT-004,CT-004a,Unable to assess (note reason),,Exclusion,SingleResponse,SR-CT-004-CT-004A,0,1,True,,30,True,CTE Studio,19
OPT-CT-005-01,CT-005,CT-005a,Primary light fixtures are dimmable,1,Source,SingleResponse,SR-CT-005-CT-005A,1,1,False,,10,True,CTE Studio,21
OPT-CT-005-02,CT-005,CT-005b,Primary light fixtures are LED,1,Source,SingleResponse,SR-CT-005-CT-005B,1,1,False,,20,True,CTE Studio,22
OPT-CT-005-03,CT-005,CT-005c,None of the above,0,Source,SingleResponse,SR-CT-005-CT-005C,1,1,False,,30,True,CTE Studio,23
OPT-CT-006-01,CT-006,CT-006a,Good - walls are painted in light colors and accent color is used to reduce monotony,1,Source,SingleResponse,SR-CT-006-CT-006A,1,1,False,,10,True,CTE Studio,25
OPT-CT-006-02,CT-006,CT-006a,Fair - walls are painted in light colors but no accent color is used,0.5,Source,SingleResponse,SR-CT-006-CT-006A,1,1,False,,20,True,CTE Studio,26
OPT-CT-006-03,CT-006,CT-006a,Poor - walls are painted in dark or monotonous colors,0,Source,SingleResponse,SR-CT-006-CT-006A,1,1,False,,30,True,CTE Studio,27
OPT-CT-006-04,CT-006,CT-006a,Unable to assess (note reason),,Exclusion,SingleResponse,SR-CT-006-CT-006A,0,1,True,,40,True,CTE Studio,28
OPT-CT-007-01,CT-007,CT-007a,Yes,1,Source,SingleResponse,SR-CT-007-CT-007A,1,1,False,,10,True,CTE Studio,30
OPT-CT-007-02,CT-007,CT-007a,No,0,Source,SingleResponse,SR-CT-007-CT-007A,1,1,False,,20,True,CTE Studio,31
OPT-CT-007-03,CT-007,CT-007a,Unable to assess (note reason),,Exclusion,SingleResponse,SR-CT-007-CT-007A,0,1,True,,30,True,CTE Studio,32
OPT-CT-008-01,CT-008,CT-008a,"Yes, and there are views to the exterior",1,Source,SingleResponse,SR-CT-008-CT-008A,1,1,False,,10,True,CTE Studio,34
OPT-CT-008-02,CT-008,CT-008a,"Yes, but there are no views to the exterior",0.5,Source,SingleResponse,SR-CT-008-CT-008A,1,1,False,,20,True,CTE Studio,35
OPT-CT-008-03,CT-008,CT-008a,No,0,Source,SingleResponse,SR-CT-008-CT-008A,1,1,False,,30,True,CTE Studio,36
OPT-CT-008-04,CT-008,CT-008a,Unable to assess (note reason),,Exclusion,SingleResponse,SR-CT-008-CT-008A,0,1,True,,40,True,CTE Studio,37
OPT-CT-009-01,CT-009,CT-009a,"Access to views of the outdoors (e.g., not solely a view of an exterior wall)",1,Source,SingleResponse,SR-CT-009-CT-009A,1,1,False,,10,True,CTE Studio,39
OPT-CT-009-02,CT-009,CT-009b,Only clerestory windows are provided,0.5,Source,SingleResponse,SR-CT-009-CT-009B,1,1,False,,20,True,CTE Studio,40
OPT-CT-009-03,CT-009,CT-009c,None of the above,0,Source,SingleResponse,SR-CT-009-CT-009C,1,1,False,,30,True,CTE Studio,41
OPT-CT-010-01,CT-010,CT-010a,Roller shades are provided,1,Source,SingleResponse,SR-CT-010-CT-010A,1,1,False,,10,True,CTE Studio,43
OPT-CT-010-02,CT-010,CT-010a,Mini-blinds are provided,0.5,Source,SingleResponse,SR-CT-010-CT-010A,1,1,False,,20,True,CTE Studio,44
OPT-CT-010-03,CT-010,CT-010a,Other (please note),0,Source,SingleResponse,SR-CT-010-CT-010A,1,1,False,,30,True,CTE Studio,45
OPT-CT-010-04,CT-010,CT-010a,No window coverings are provided,0,Source,SingleResponse,SR-CT-010-CT-010A,1,1,False,,40,True,CTE Studio,46
OPT-CT-010-05,CT-010,CT-010a,Unable to assess (note reason),,Exclusion,SingleResponse,SR-CT-010-CT-010A,0,1,True,,50,True,CTE Studio,47
OPT-CT-011-01,CT-011,CT-011a,None,0,Source,SingleResponse,SR-CT-011-CT-011A,1,1,False,,10,True,CTE Studio,49
OPT-CT-011-02,CT-011,CT-011a,<4 linear feet,0.2,Source,SingleResponse,SR-CT-011-CT-011A,1,1,False,,20,True,CTE Studio,50
OPT-CT-011-03,CT-011,CT-011a,4 to <8 linear feet,0.4,Source,SingleResponse,SR-CT-011-CT-011A,1,1,False,,30,True,CTE Studio,51
OPT-CT-011-04,CT-011,CT-011a,8 to <12 linear feet,0.6,Source,SingleResponse,SR-CT-011-CT-011A,1,1,False,,40,True,CTE Studio,52
OPT-CT-011-05,CT-011,CT-011a,12 to <16 linear feet,0.8,Source,SingleResponse,SR-CT-011-CT-011A,1,1,False,,50,True,CTE Studio,53
OPT-CT-011-06,CT-011,CT-011a,16+ linear feet,1,Source,SingleResponse,SR-CT-011-CT-011A,1,1,False,,60,True,CTE Studio,54
OPT-CT-011-07,CT-011,CT-011a,Unable to assess (note reason),,Exclusion,SingleResponse,SR-CT-011-CT-011A,0,1,True,,70,True,CTE Studio,55
OPT-CT-012-01,CT-012,CT-012i,Tackstrip,,Inventory,Inventory,INV-CT-012-CT-012I,0,0,False,,10,True,CTE Studio,57
OPT-CT-012-02,CT-012,CT-012i,Tackboard,,Inventory,Inventory,INV-CT-012-CT-012I,0,0,False,,20,True,CTE Studio,58
OPT-CT-012-03,CT-012,CT-012i,Tackwall,,Inventory,Inventory,INV-CT-012-CT-012I,0,0,False,,30,True,CTE Studio,59
OPT-CT-012-04,CT-012,CT-012i,Magnetic markerboard,,Inventory,Inventory,INV-CT-012-CT-012I,0,0,False,,40,True,CTE Studio,60
OPT-CT-012-05,CT-012,CT-012i,None of the above,,Inventory,Inventory,INV-CT-012-CT-012I,0,0,False,,50,True,CTE Studio,61
OPT-CT-013-01,CT-013,CT-013a,None,0,Source,SingleResponse,SR-CT-013-CT-013A,1,1,False,,10,True,CTE Studio,63
OPT-CT-013-02,CT-013,CT-013a,<4 linear feet,0.33,Source,SingleResponse,SR-CT-013-CT-013A,1,1,False,,20,True,CTE Studio,64
OPT-CT-013-03,CT-013,CT-013a,4 to <8 linear feet,0.66,Source,SingleResponse,SR-CT-013-CT-013A,1,1,False,,30,True,CTE Studio,65
OPT-CT-013-04,CT-013,CT-013a,8+ linear feet,1,Source,SingleResponse,SR-CT-013-CT-013A,1,1,False,,40,True,CTE Studio,66
OPT-CT-013-05,CT-013,CT-013a,Unable to assess (note reason),,Exclusion,SingleResponse,SR-CT-013-CT-013A,0,1,True,,50,True,CTE Studio,67
OPT-CT-014-01,CT-014,CT-014a,0,0,Source,SingleResponse,SR-CT-014-CT-014A,1,1,False,,10,True,CTE Studio,69
OPT-CT-014-02,CT-014,CT-014a,1-2,0.25,Source,SingleResponse,SR-CT-014-CT-014A,1,1,False,,20,True,CTE Studio,70
OPT-CT-014-03,CT-014,CT-014a,3-4,0.5,Source,SingleResponse,SR-CT-014-CT-014A,1,1,False,,30,True,CTE Studio,71
OPT-CT-014-04,CT-014,CT-014a,5-7,0.75,Source,SingleResponse,SR-CT-014-CT-014A,1,1,False,,40,True,CTE Studio,72
OPT-CT-014-05,CT-014,CT-014a,8+,1,Source,SingleResponse,SR-CT-014-CT-014A,1,1,False,,50,True,CTE Studio,73
OPT-CT-015-01,CT-015,CT-015a,0,0,Source,SingleResponse,SR-CT-015-CT-015A,1,1,False,,10,True,CTE Studio,75
OPT-CT-015-02,CT-015,CT-015a,1,0.25,Source,SingleResponse,SR-CT-015-CT-015A,1,1,False,,20,True,CTE Studio,76
OPT-CT-015-03,CT-015,CT-015a,2,0.5,Source,SingleResponse,SR-CT-015-CT-015A,1,1,False,,30,True,CTE Studio,77
OPT-CT-015-04,CT-015,CT-015a,3,0.75,Source,SingleResponse,SR-CT-015-CT-015A,1,1,False,,40,True,CTE Studio,78
OPT-CT-015-05,CT-015,CT-015a,4,1,Source,SingleResponse,SR-CT-015-CT-015A,1,1,False,,50,True,CTE Studio,79
OPT-CT-016-01,CT-016,CT-016a,0,0,Source,SingleResponse,SR-CT-016-CT-016A,1,1,False,,10,True,CTE Studio,81
OPT-CT-016-02,CT-016,CT-016a,1,0.25,Source,SingleResponse,SR-CT-016-CT-016A,1,1,False,,20,True,CTE Studio,82
OPT-CT-016-03,CT-016,CT-016a,2,0.5,Source,SingleResponse,SR-CT-016-CT-016A,1,1,False,,30,True,CTE Studio,83
OPT-CT-016-04,CT-016,CT-016a,3,0.75,Source,SingleResponse,SR-CT-016-CT-016A,1,1,False,,40,True,CTE Studio,84
OPT-CT-016-05,CT-016,CT-016a,4,1,Source,SingleResponse,SR-CT-016-CT-016A,1,1,False,,50,True,CTE Studio,85
OPT-CT-017-01,CT-017,CT-017a,A thermostat is provided that has adjustable temperature controls,1,Source,SingleResponse,SR-CT-017-CT-017A,1,1,False,,10,True,CTE Studio,87
OPT-CT-017-02,CT-017,CT-017a,A thermostat is provided that does not have adjustable temperature controls,0.5,Source,SingleResponse,SR-CT-017-CT-017A,1,1,False,,20,True,CTE Studio,88
OPT-CT-017-03,CT-017,CT-017a,Only a temperature sensor is provided,0.5,Source,SingleResponse,SR-CT-017-CT-017A,1,1,False,,30,True,CTE Studio,89
OPT-CT-017-04,CT-017,CT-017a,No thermostat or sensor is present in the space,0,Source,SingleResponse,SR-CT-017-CT-017A,1,1,False,,40,True,CTE Studio,90
OPT-CT-018-01,CT-018,CT-018a,Full-height interior window,1,Source,SingleResponse,SR-CT-018-CT-018A,1,1,False,,10,True,CTE Studio,92
OPT-CT-018-02,CT-018,CT-018b,Half-height interior window,1,Source,SingleResponse,SR-CT-018-CT-018B,1,1,False,,20,True,CTE Studio,93
OPT-CT-018-03,CT-018,CT-018c,Sidelight,1,Source,SingleResponse,SR-CT-018-CT-018C,1,1,False,,30,True,CTE Studio,94
OPT-CT-018-04,CT-018,CT-018d,"Door panel (i.e., glass panel in the door)",0,Source,SingleResponse,SR-CT-018-CT-018D,1,1,False,,40,True,CTE Studio,95
OPT-CT-018-05,CT-018,CT-018e,None of the above,0,Source,SingleResponse,SR-CT-018-CT-018E,1,1,False,,50,True,CTE Studio,96
OPT-CT-019-01,CT-019,CT-019i,Less than half,,Inventory,Inventory,INV-CT-019-CT-019I,0,0,False,,10,True,CTE Studio,98
OPT-CT-019-02,CT-019,CT-019i,About half,,Inventory,Inventory,INV-CT-019-CT-019I,0,0,False,,20,True,CTE Studio,99
OPT-CT-019-03,CT-019,CT-019i,Most of the wall,,Inventory,Inventory,INV-CT-019-CT-019I,0,0,False,,30,True,CTE Studio,100
OPT-CT-020-01,CT-020,CT-020a,Interior windows and doors with glass can be covered with a single movement,1,Source,SingleResponse,SR-CT-020-CT-020A,1,1,False,,10,True,CTE Studio,102
OPT-CT-020-02,CT-020,CT-020b,Exterior windows and doors with glass can be covered with a single movement,1,Source,SingleResponse,SR-CT-020-CT-020B,1,1,False,,20,True,CTE Studio,103
OPT-CT-020-03,CT-020,CT-020c,There is an area large enough for a full class to easily get out of sight to shelter-in-place (without needing to cover windows or doors with glass),1,Source,SingleResponse,SR-CT-020-CT-020C,1,1,False,,30,True,CTE Studio,104
OPT-CT-020-04,CT-020,CT-020d,Interior door hardware is lockable from inside the space with a push button or thumb turn lock,1,Source,SingleResponse,SR-CT-020-CT-020D,1,1,False,,40,True,CTE Studio,105
OPT-CT-020-05,CT-020,CT-020e,None of the above,0,Source,SingleResponse,SR-CT-020-CT-020E,1,1,False,,50,True,CTE Studio,106
OPT-CT-021-01,CT-021,CT-021i,Individual student desks,,Inventory,Inventory,INV-CT-021-CT-021I,0,0,False,,10,True,CTE Studio,108
OPT-CT-021-02,CT-021,CT-021i,Chair-height student tables,,Inventory,Inventory,INV-CT-021-CT-021I,0,0,False,,20,True,CTE Studio,109
OPT-CT-021-03,CT-021,CT-021i,"Floor-height student tables (i.e., low tables for floor seating)",,Inventory,Inventory,INV-CT-021-CT-021I,0,0,False,,30,True,CTE Studio,110
OPT-CT-021-04,CT-021,CT-021i,Standing-height student desks/tables/worksurfaces,,Inventory,Inventory,INV-CT-021-CT-021I,0,0,False,,40,True,CTE Studio,111
OPT-CT-021-05,CT-021,CT-021i,"Hard seating (e.g., standard chairs, stools)",,Inventory,Inventory,INV-CT-021-CT-021I,0,0,False,,50,True,CTE Studio,112
OPT-CT-021-06,CT-021,CT-021i,"Active seating (e.g., wobble stools, rockers)",,Inventory,Inventory,INV-CT-021-CT-021I,0,0,False,,60,True,CTE Studio,113
OPT-CT-021-07,CT-021,CT-021i,"One or more mobile writing surfaces (i.e., mobile markerboards)",,Inventory,Inventory,INV-CT-021-CT-021I,0,0,False,,70,True,CTE Studio,114
OPT-CT-021-08,CT-021,CT-021i,One or more mobile tackboards,,Inventory,Inventory,INV-CT-021-CT-021I,0,0,False,,80,True,CTE Studio,115
OPT-CT-021-09,CT-021,CT-021i,One or more mobile monitors,,Inventory,Inventory,INV-CT-021-CT-021I,0,0,False,,90,True,CTE Studio,116
OPT-CT-021-10,CT-021,CT-021i,Other (please note),,Inventory,Inventory,INV-CT-021-CT-021I,0,0,False,,100,True,CTE Studio,117
OPT-CT-021-11,CT-021,CT-021i,"Furniture-based storage (i.e., shelving or cabinets)",,Inventory,Inventory,INV-CT-021-CT-021I,0,0,False,,110,True,CTE Studio,118
OPT-CT-021-12,CT-021,CT-021i,None of the above,,Inventory,Inventory,INV-CT-021-CT-021I,0,0,False,,120,True,CTE Studio,119
OPT-CT-022-01,CT-022,CT-022a,Good - storage appears sufficient; the space is organized with little visible clutter,1,Source,SingleResponse,SR-CT-022-CT-022A,1,1,False,,10,True,CTE Studio,121
OPT-CT-022-02,CT-022,CT-022a,Fair - storage appears mostly sufficient; some clutter or overflow is visible,0.5,Source,SingleResponse,SR-CT-022-CT-022A,1,1,False,,20,True,CTE Studio,122
OPT-CT-022-03,CT-022,CT-022a,Poor - storage appears insufficient; significant clutter or materials without a home,0,Source,SingleResponse,SR-CT-022-CT-022A,1,1,False,,30,True,CTE Studio,123
OPT-CT-022-04,CT-022,CT-022a,Unable to assess (note reason),,Exclusion,SingleResponse,SR-CT-022-CT-022A,0,1,True,,40,True,CTE Studio,124
OPT-CT-023-01,CT-023,CT-023a,"Most furniture can be moved by students or a single teacher (e.g., casters, lightweight pieces)",1,Source,SingleResponse,SR-CT-023-CT-023A,1,1,False,,10,True,CTE Studio,126
OPT-CT-023-02,CT-023,CT-023a,"Some furniture is movable, some is heavy or fixed",0.5,Source,SingleResponse,SR-CT-023-CT-023A,1,1,False,,20,True,CTE Studio,127
OPT-CT-023-03,CT-023,CT-023a,"Most furniture is heavy, fixed, or impractical to move",0,Source,SingleResponse,SR-CT-023-CT-023A,1,1,False,,30,True,CTE Studio,128
OPT-CT-024-01,CT-024,CT-024a,Good - appears relatively new or has minimal wear,1,Source,SingleResponse,SR-CT-024-CT-024A,1,1,False,,10,True,CTE Studio,130
OPT-CT-024-02,CT-024,CT-024a,"Fair - some furniture is noticeably worn or aging, but all is functional",0.5,Source,SingleResponse,SR-CT-024-CT-024A,1,1,False,,20,True,CTE Studio,131
OPT-CT-024-03,CT-024,CT-024a,"Poor - some or all furniture is significantly worn, damaged, or not usable",0,Source,SingleResponse,SR-CT-024-CT-024A,1,1,False,,30,True,CTE Studio,132
OPT-CT-025-01,CT-025,CT-025a,"Resilient flooring (e.g., vinyl, rubber)",1,Source,SingleResponse,SR-CT-025-CT-025A,1,1,False,,10,True,CTE Studio,134
OPT-CT-025-02,CT-025,CT-025a,Polished concrete,1,Source,SingleResponse,SR-CT-025-CT-025A,1,1,False,,20,True,CTE Studio,135
OPT-CT-025-03,CT-025,CT-025a,"Carpet (i.e., not a loose rug)",0,Source,SingleResponse,SR-CT-025-CT-025A,1,1,False,,30,True,CTE Studio,136
OPT-CT-025-04,CT-025,CT-025a,Other (please note),0,Source,SingleResponse,SR-CT-025-CT-025A,1,1,False,,40,True,CTE Studio,137
OPT-CT-025-05,CT-025,CT-025a,Unable to assess (note reason),,Exclusion,SingleResponse,SR-CT-025-CT-025A,0,1,True,,50,True,CTE Studio,138
OPT-CT-026-01,CT-026,CT-026i,PA speaker,,Inventory,Inventory,INV-CT-026-CT-026I,0,0,False,,10,True,CTE Studio,140
OPT-CT-026-02,CT-026,CT-026i,Synchronous clock,,Inventory,Inventory,INV-CT-026-CT-026I,0,0,False,,20,True,CTE Studio,141
OPT-CT-026-03,CT-026,CT-026i,None of the above,,Inventory,Inventory,INV-CT-026-CT-026I,0,0,False,,30,True,CTE Studio,142
OPT-LI-002-01,LI-002,LI-002a,Yes,1,Source,SingleResponse,SR-LI-002-LI-002A,1,1,False,,10,True,Low Intensity Lab,7
OPT-LI-002-02,LI-002,LI-002a,No,0,Source,SingleResponse,SR-LI-002-LI-002A,1,1,False,,20,True,Low Intensity Lab,8
OPT-LI-002-03,LI-002,LI-002a,Unable to assess (note reason),,Exclusion,SingleResponse,SR-LI-002-LI-002A,0,1,True,,30,True,Low Intensity Lab,9
OPT-LI-003-01,LI-003,LI-003a,Yes,1,Source,SingleResponse,SR-LI-003-LI-003A,1,1,False,,10,True,Low Intensity Lab,11
OPT-LI-003-02,LI-003,LI-003a,No,0,Source,SingleResponse,SR-LI-003-LI-003A,1,1,False,,20,True,Low Intensity Lab,12
OPT-LI-003-03,LI-003,LI-003a,Unable to assess (note reason),,Exclusion,SingleResponse,SR-LI-003-LI-003A,0,1,True,,30,True,Low Intensity Lab,13
OPT-LI-004-01,LI-004,LI-004a,Primary light fixtures are dimmable,1,Source,SingleResponse,SR-LI-004-LI-004A,1,1,False,,10,True,Low Intensity Lab,15
OPT-LI-004-02,LI-004,LI-004b,Primary light fixtures are LED,1,Source,SingleResponse,SR-LI-004-LI-004B,1,1,False,,20,True,Low Intensity Lab,16
OPT-LI-004-03,LI-004,LI-004c,None of the above,0,Source,SingleResponse,SR-LI-004-LI-004C,1,1,False,,30,True,Low Intensity Lab,17
OPT-LI-005-01,LI-005,LI-005a,Good - walls are painted in light colors and accent color is used to reduce monotony,1,Source,SingleResponse,SR-LI-005-LI-005A,1,1,False,,10,True,Low Intensity Lab,19
OPT-LI-005-02,LI-005,LI-005a,Fair - walls are painted in light colors but no accent color is used,0.5,Source,SingleResponse,SR-LI-005-LI-005A,1,1,False,,20,True,Low Intensity Lab,20
OPT-LI-005-03,LI-005,LI-005a,Poor - walls are painted in dark or monotonous colors,0,Source,SingleResponse,SR-LI-005-LI-005A,1,1,False,,30,True,Low Intensity Lab,21
OPT-LI-005-04,LI-005,LI-005a,Unable to assess (note reason),,Exclusion,SingleResponse,SR-LI-005-LI-005A,0,1,True,,40,True,Low Intensity Lab,22
OPT-LI-006-01,LI-006,LI-006a,Yes,1,Source,SingleResponse,SR-LI-006-LI-006A,1,1,False,,10,True,Low Intensity Lab,24
OPT-LI-006-02,LI-006,LI-006a,No,0,Source,SingleResponse,SR-LI-006-LI-006A,1,1,False,,20,True,Low Intensity Lab,25
OPT-LI-006-03,LI-006,LI-006a,Unable to assess (note reason),,Exclusion,SingleResponse,SR-LI-006-LI-006A,0,1,True,,30,True,Low Intensity Lab,26
OPT-LI-007-01,LI-007,LI-007a,"Yes, and there are views to the exterior",1,Source,SingleResponse,SR-LI-007-LI-007A,1,1,False,,10,True,Low Intensity Lab,28
OPT-LI-007-02,LI-007,LI-007a,"Yes, but there are no views to the exterior",0.5,Source,SingleResponse,SR-LI-007-LI-007A,1,1,False,,20,True,Low Intensity Lab,29
OPT-LI-007-03,LI-007,LI-007a,No,0,Source,SingleResponse,SR-LI-007-LI-007A,1,1,False,,30,True,Low Intensity Lab,30
OPT-LI-007-04,LI-007,LI-007a,Unable to assess (note reason),,Exclusion,SingleResponse,SR-LI-007-LI-007A,0,1,True,,40,True,Low Intensity Lab,31
OPT-LI-008-01,LI-008,LI-008a,"Access to views of the outdoors (e.g., not solely a view of an exterior wall)",1,Source,SingleResponse,SR-LI-008-LI-008A,1,1,False,,10,True,Low Intensity Lab,33
OPT-LI-008-02,LI-008,LI-008b,Only clerestory windows are provided,0.5,Source,SingleResponse,SR-LI-008-LI-008B,1,1,False,,20,True,Low Intensity Lab,34
OPT-LI-008-03,LI-008,LI-008c,None of the above,0,Source,SingleResponse,SR-LI-008-LI-008C,1,1,False,,30,True,Low Intensity Lab,35
OPT-LI-009-01,LI-009,LI-009a,Roller shades are provided,1,Source,SingleResponse,SR-LI-009-LI-009A,1,1,False,,10,True,Low Intensity Lab,37
OPT-LI-009-02,LI-009,LI-009a,Mini-blinds are provided,0.5,Source,SingleResponse,SR-LI-009-LI-009A,1,1,False,,20,True,Low Intensity Lab,38
OPT-LI-009-03,LI-009,LI-009a,Other (please note),0,Source,SingleResponse,SR-LI-009-LI-009A,1,1,False,,30,True,Low Intensity Lab,39
OPT-LI-009-04,LI-009,LI-009a,No window coverings are provided,0,Source,SingleResponse,SR-LI-009-LI-009A,1,1,False,,40,True,Low Intensity Lab,40
OPT-LI-009-05,LI-009,LI-009a,Unable to assess (note reason),,Exclusion,SingleResponse,SR-LI-009-LI-009A,0,1,True,,50,True,Low Intensity Lab,41
OPT-LI-010-01,LI-010,LI-010a,Full-height interior window,1,Source,SingleResponse,SR-LI-010-LI-010A,1,1,False,,10,True,Low Intensity Lab,43
OPT-LI-010-02,LI-010,LI-010b,Half-height interior window,1,Source,SingleResponse,SR-LI-010-LI-010B,1,1,False,,20,True,Low Intensity Lab,44
OPT-LI-010-03,LI-010,LI-010c,Sidelight,1,Source,SingleResponse,SR-LI-010-LI-010C,1,1,False,,30,True,Low Intensity Lab,45
OPT-LI-010-04,LI-010,LI-010d,"Door panel (i.e., glass panel in the door)",0,Source,SingleResponse,SR-LI-010-LI-010D,1,1,False,,40,True,Low Intensity Lab,46
OPT-LI-010-05,LI-010,LI-010e,None of the above,0,Source,SingleResponse,SR-LI-010-LI-010E,1,1,False,,50,True,Low Intensity Lab,47
OPT-LI-011-01,LI-011,LI-011i,Less than half,,Inventory,Inventory,INV-LI-011-LI-011I,0,0,False,,10,True,Low Intensity Lab,49
OPT-LI-011-02,LI-011,LI-011i,About half,,Inventory,Inventory,INV-LI-011-LI-011I,0,0,False,,20,True,Low Intensity Lab,50
OPT-LI-011-03,LI-011,LI-011i,Most of the wall,,Inventory,Inventory,INV-LI-011-LI-011I,0,0,False,,30,True,Low Intensity Lab,51
OPT-LI-012-01,LI-012,LI-012a,Interior windows and doors with glass can be covered with a single movement,1,Source,SingleResponse,SR-LI-012-LI-012A,1,1,False,,10,True,Low Intensity Lab,53
OPT-LI-012-02,LI-012,LI-012b,Exterior windows and doors with glass can be covered with a single movement,1,Source,SingleResponse,SR-LI-012-LI-012B,1,1,False,,20,True,Low Intensity Lab,54
OPT-LI-012-03,LI-012,LI-012c,There is an area large enough for a full class to easily get out of sight to shelter-in-place (without needing to cover windows or doors with glass),1,Source,SingleResponse,SR-LI-012-LI-012C,1,1,False,,30,True,Low Intensity Lab,55
OPT-LI-012-04,LI-012,LI-012d,Interior door hardware is lockable from inside the space with a push button or thumb turn lock,1,Source,SingleResponse,SR-LI-012-LI-012D,1,1,False,,40,True,Low Intensity Lab,56
OPT-LI-012-05,LI-012,LI-012e,None of the above,0,Source,SingleResponse,SR-LI-012-LI-012E,1,1,False,,50,True,Low Intensity Lab,57
OPT-LI-013-01,LI-013,LI-013a,Good - storage appears sufficient; the space is organized with little visible clutter,1,Source,SingleResponse,SR-LI-013-LI-013A,1,1,False,,10,True,Low Intensity Lab,59
OPT-LI-013-02,LI-013,LI-013a,Fair - storage appears mostly sufficient; some clutter or overflow is visible,0.5,Source,SingleResponse,SR-LI-013-LI-013A,1,1,False,,20,True,Low Intensity Lab,60
OPT-LI-013-03,LI-013,LI-013a,Poor - storage appears insufficient; significant clutter or materials without a home,0,Source,SingleResponse,SR-LI-013-LI-013A,1,1,False,,30,True,Low Intensity Lab,61
OPT-LI-013-04,LI-013,LI-013a,Unable to assess (note reason),,Exclusion,SingleResponse,SR-LI-013-LI-013A,0,1,True,,40,True,Low Intensity Lab,62
OPT-LI-014-01,LI-014,LI-014a,None,0,Source,SingleResponse,SR-LI-014-LI-014A,1,1,False,,10,True,Low Intensity Lab,64
OPT-LI-014-02,LI-014,LI-014a,<10 linear feet,0.25,Source,SingleResponse,SR-LI-014-LI-014A,1,1,False,,20,True,Low Intensity Lab,65
OPT-LI-014-03,LI-014,LI-014a,10 to <16 linear feet,1,Source,SingleResponse,SR-LI-014-LI-014A,1,1,False,,30,True,Low Intensity Lab,66
OPT-LI-014-04,LI-014,LI-014a,16+ linear feet,1,Source,SingleResponse,SR-LI-014-LI-014A,1,1,False,,40,True,Low Intensity Lab,67
OPT-LI-014-05,LI-014,LI-014a,Unable to assess (note reason),,Exclusion,SingleResponse,SR-LI-014-LI-014A,0,1,True,,50,True,Low Intensity Lab,68
OPT-LI-015-01,LI-015,LI-015a,None,0,Source,SingleResponse,SR-LI-015-LI-015A,1,1,False,,10,True,Low Intensity Lab,70
OPT-LI-015-02,LI-015,LI-015a,<4 linear feet,0.33,Source,SingleResponse,SR-LI-015-LI-015A,1,1,False,,20,True,Low Intensity Lab,71
OPT-LI-015-03,LI-015,LI-015a,4 to <8 linear feet,0.66,Source,SingleResponse,SR-LI-015-LI-015A,1,1,False,,30,True,Low Intensity Lab,72
OPT-LI-015-04,LI-015,LI-015a,8+ linear feet,1,Source,SingleResponse,SR-LI-015-LI-015A,1,1,False,,40,True,Low Intensity Lab,73
OPT-LI-015-05,LI-015,LI-015a,Unable to assess (note reason),,Exclusion,SingleResponse,SR-LI-015-LI-015A,0,1,True,,50,True,Low Intensity Lab,74
OPT-LI-016-01,LI-016,LI-016a,None,0,Source,SingleResponse,SR-LI-016-LI-016A,1,1,False,,10,True,Low Intensity Lab,76
OPT-LI-016-02,LI-016,LI-016a,<4 linear feet,0.2,Source,SingleResponse,SR-LI-016-LI-016A,1,1,False,,20,True,Low Intensity Lab,77
OPT-LI-016-03,LI-016,LI-016a,4 to <8 linear feet,0.4,Source,SingleResponse,SR-LI-016-LI-016A,1,1,False,,30,True,Low Intensity Lab,78
OPT-LI-016-04,LI-016,LI-016a,8 to <12 linear feet,0.6,Source,SingleResponse,SR-LI-016-LI-016A,1,1,False,,40,True,Low Intensity Lab,79
OPT-LI-016-05,LI-016,LI-016a,12 to <16 linear feet,0.8,Source,SingleResponse,SR-LI-016-LI-016A,1,1,False,,50,True,Low Intensity Lab,80
OPT-LI-016-06,LI-016,LI-016a,16+ linear feet,1,Source,SingleResponse,SR-LI-016-LI-016A,1,1,False,,60,True,Low Intensity Lab,81
OPT-LI-016-07,LI-016,LI-016a,Unable to assess (note reason),,Exclusion,SingleResponse,SR-LI-016-LI-016A,0,1,True,,70,True,Low Intensity Lab,82
OPT-LI-017-01,LI-017,LI-017i,Tackstrip,,Inventory,Inventory,INV-LI-017-LI-017I,0,0,False,,10,True,Low Intensity Lab,84
OPT-LI-017-02,LI-017,LI-017i,Tackboard,,Inventory,Inventory,INV-LI-017-LI-017I,0,0,False,,20,True,Low Intensity Lab,85
OPT-LI-017-03,LI-017,LI-017i,Tackwall,,Inventory,Inventory,INV-LI-017-LI-017I,0,0,False,,30,True,Low Intensity Lab,86
OPT-LI-017-04,LI-017,LI-017i,Magnetic markerboard,,Inventory,Inventory,INV-LI-017-LI-017I,0,0,False,,40,True,Low Intensity Lab,87
OPT-LI-017-05,LI-017,LI-017i,None of the above,,Inventory,Inventory,INV-LI-017-LI-017I,0,0,False,,50,True,Low Intensity Lab,88
OPT-LI-018-01,LI-018,LI-018a,None,0,Source,SingleResponse,SR-LI-018-LI-018A,1,1,False,,10,True,Low Intensity Lab,90
OPT-LI-018-02,LI-018,LI-018a,<4 linear feet,0.33,Source,SingleResponse,SR-LI-018-LI-018A,1,1,False,,20,True,Low Intensity Lab,91
OPT-LI-018-03,LI-018,LI-018a,4 to <8 linear feet,0.66,Source,SingleResponse,SR-LI-018-LI-018A,1,1,False,,30,True,Low Intensity Lab,92
OPT-LI-018-04,LI-018,LI-018a,8+ linear feet,1,Source,SingleResponse,SR-LI-018-LI-018A,1,1,False,,40,True,Low Intensity Lab,93
OPT-LI-018-05,LI-018,LI-018a,Unable to assess (note reason),,Exclusion,SingleResponse,SR-LI-018-LI-018A,0,1,True,,50,True,Low Intensity Lab,94
OPT-LI-019-01,LI-019,LI-019a,Yes,1,Source,SingleResponse,SR-LI-019-LI-019A,1,1,False,,10,True,Low Intensity Lab,96
OPT-LI-019-02,LI-019,LI-019a,No,0,Source,SingleResponse,SR-LI-019-LI-019A,1,1,False,,20,True,Low Intensity Lab,97
OPT-LI-019-03,LI-019,LI-019a,Unable to assess (note reason),,Exclusion,SingleResponse,SR-LI-019-LI-019A,0,1,True,,30,True,Low Intensity Lab,98
OPT-LI-020-01,LI-020,LI-020a,0,0,Source,SingleResponse,SR-LI-020-LI-020A,1,1,False,,10,True,Low Intensity Lab,100
OPT-LI-020-02,LI-020,LI-020a,1,1,Source,SingleResponse,SR-LI-020-LI-020A,1,1,False,,20,True,Low Intensity Lab,101
OPT-LI-020-03,LI-020,LI-020a,2,1,Source,SingleResponse,SR-LI-020-LI-020A,1,1,False,,30,True,Low Intensity Lab,102
OPT-LI-020-04,LI-020,LI-020a,3,1,Source,SingleResponse,SR-LI-020-LI-020A,1,1,False,,40,True,Low Intensity Lab,103
OPT-LI-020-05,LI-020,LI-020a,4+,1,Source,SingleResponse,SR-LI-020-LI-020A,1,1,False,,50,True,Low Intensity Lab,104
OPT-LI-021-01,LI-021,LI-021a,0,0,Source,SingleResponse,SR-LI-021-LI-021A,1,1,False,,10,True,Low Intensity Lab,106
OPT-LI-021-02,LI-021,LI-021a,1-2,0.25,Source,SingleResponse,SR-LI-021-LI-021A,1,1,False,,20,True,Low Intensity Lab,107
OPT-LI-021-03,LI-021,LI-021a,3-4,0.5,Source,SingleResponse,SR-LI-021-LI-021A,1,1,False,,30,True,Low Intensity Lab,108
OPT-LI-021-04,LI-021,LI-021a,5-7,0.75,Source,SingleResponse,SR-LI-021-LI-021A,1,1,False,,40,True,Low Intensity Lab,109
OPT-LI-021-05,LI-021,LI-021a,8+,1,Source,SingleResponse,SR-LI-021-LI-021A,1,1,False,,50,True,Low Intensity Lab,110
OPT-LI-022-01,LI-022,LI-022a,0,0,Source,SingleResponse,SR-LI-022-LI-022A,1,1,False,,10,True,Low Intensity Lab,112
OPT-LI-022-02,LI-022,LI-022a,1,0.25,Source,SingleResponse,SR-LI-022-LI-022A,1,1,False,,20,True,Low Intensity Lab,113
OPT-LI-022-03,LI-022,LI-022a,2,0.5,Source,SingleResponse,SR-LI-022-LI-022A,1,1,False,,30,True,Low Intensity Lab,114
OPT-LI-022-04,LI-022,LI-022a,3,0.75,Source,SingleResponse,SR-LI-022-LI-022A,1,1,False,,40,True,Low Intensity Lab,115
OPT-LI-022-05,LI-022,LI-022a,4,1,Source,SingleResponse,SR-LI-022-LI-022A,1,1,False,,50,True,Low Intensity Lab,116
OPT-LI-023-01,LI-023,LI-023a,0,0,Source,SingleResponse,SR-LI-023-LI-023A,1,1,False,,10,True,Low Intensity Lab,118
OPT-LI-023-02,LI-023,LI-023a,1,0.25,Source,SingleResponse,SR-LI-023-LI-023A,1,1,False,,20,True,Low Intensity Lab,119
OPT-LI-023-03,LI-023,LI-023a,2,0.5,Source,SingleResponse,SR-LI-023-LI-023A,1,1,False,,30,True,Low Intensity Lab,120
OPT-LI-023-04,LI-023,LI-023a,3,0.75,Source,SingleResponse,SR-LI-023-LI-023A,1,1,False,,40,True,Low Intensity Lab,121
OPT-LI-023-05,LI-023,LI-023a,4,1,Source,SingleResponse,SR-LI-023-LI-023A,1,1,False,,50,True,Low Intensity Lab,122
OPT-LI-024-01,LI-024,LI-024a,Yes,1,Source,SingleResponse,SR-LI-024-LI-024A,1,1,False,,10,True,Low Intensity Lab,124
OPT-LI-024-02,LI-024,LI-024a,No,0,Source,SingleResponse,SR-LI-024-LI-024A,1,1,False,,20,True,Low Intensity Lab,125
OPT-LI-024-03,LI-024,LI-024a,Unable to assess (note reason),,Exclusion,SingleResponse,SR-LI-024-LI-024A,0,1,True,,30,True,Low Intensity Lab,126
OPT-LI-025-01,LI-025,LI-025a,A thermostat is provided that has adjustable temperature controls,1,Source,SingleResponse,SR-LI-025-LI-025A,1,1,False,,10,True,Low Intensity Lab,128
OPT-LI-025-02,LI-025,LI-025a,A thermostat is provided that does not have adjustable temperature controls,0.5,Source,SingleResponse,SR-LI-025-LI-025A,1,1,False,,20,True,Low Intensity Lab,129
OPT-LI-025-03,LI-025,LI-025a,Only a temperature sensor is provided,0.5,Source,SingleResponse,SR-LI-025-LI-025A,1,1,False,,30,True,Low Intensity Lab,130
OPT-LI-025-04,LI-025,LI-025a,No thermostat or sensor is present in the space,0,Source,SingleResponse,SR-LI-025-LI-025A,1,1,False,,40,True,Low Intensity Lab,131
OPT-LI-026-01,LI-026,LI-026i,Individual student desks,,Inventory,Inventory,INV-LI-026-LI-026I,0,0,False,,10,True,Low Intensity Lab,133
OPT-LI-026-02,LI-026,LI-026i,Chair-height student tables,,Inventory,Inventory,INV-LI-026-LI-026I,0,0,False,,20,True,Low Intensity Lab,134
OPT-LI-026-03,LI-026,LI-026i,"Floor-height student tables (i.e., low tables for floor seating)",,Inventory,Inventory,INV-LI-026-LI-026I,0,0,False,,30,True,Low Intensity Lab,135
OPT-LI-026-04,LI-026,LI-026i,Standing-height student desks/tables/worksurfaces,,Inventory,Inventory,INV-LI-026-LI-026I,0,0,False,,40,True,Low Intensity Lab,136
OPT-LI-026-05,LI-026,LI-026i,Lab tables/stations,,Inventory,Inventory,INV-LI-026-LI-026I,0,0,False,,50,True,Low Intensity Lab,137
OPT-LI-026-06,LI-026,LI-026i,"Hard seating (e.g., standard chairs, stools)",,Inventory,Inventory,INV-LI-026-LI-026I,0,0,False,,60,True,Low Intensity Lab,138
OPT-LI-026-07,LI-026,LI-026i,"Active seating (e.g., wobble stools, rockers)",,Inventory,Inventory,INV-LI-026-LI-026I,0,0,False,,70,True,Low Intensity Lab,139
OPT-LI-026-08,LI-026,LI-026i,"One or more mobile writing surfaces (i.e., mobile markerboards)",,Inventory,Inventory,INV-LI-026-LI-026I,0,0,False,,80,True,Low Intensity Lab,140
OPT-LI-026-09,LI-026,LI-026i,One or more mobile monitors,,Inventory,Inventory,INV-LI-026-LI-026I,0,0,False,,90,True,Low Intensity Lab,141
OPT-LI-026-10,LI-026,LI-026i,Other (please note),,Inventory,Inventory,INV-LI-026-LI-026I,0,0,False,,100,True,Low Intensity Lab,142
OPT-LI-026-11,LI-026,LI-026i,"Furniture-based storage (i.e., shelving or cabinets)",,Inventory,Inventory,INV-LI-026-LI-026I,0,0,False,,110,True,Low Intensity Lab,143
OPT-LI-026-12,LI-026,LI-026i,None of the above,,Inventory,Inventory,INV-LI-026-LI-026I,0,0,False,,120,True,Low Intensity Lab,144
OPT-LI-027-01,LI-027,LI-027a,"Most furniture can be moved by students or a single teacher (e.g., casters, lightweight pieces)",1,Source,SingleResponse,SR-LI-027-LI-027A,1,1,False,,10,True,Low Intensity Lab,146
OPT-LI-027-02,LI-027,LI-027a,"Some furniture is movable, some is heavy or fixed",0.5,Source,SingleResponse,SR-LI-027-LI-027A,1,1,False,,20,True,Low Intensity Lab,147
OPT-LI-027-03,LI-027,LI-027a,"Most furniture is heavy, fixed, or impractical to move",0,Source,SingleResponse,SR-LI-027-LI-027A,1,1,False,,30,True,Low Intensity Lab,148
OPT-LI-028-01,LI-028,LI-028a,Good - appears relatively new or has minimal wear,1,Source,SingleResponse,SR-LI-028-LI-028A,1,1,False,,10,True,Low Intensity Lab,150
OPT-LI-028-02,LI-028,LI-028a,"Fair - some furniture is noticeably worn or aging, but all is functional",0.5,Source,SingleResponse,SR-LI-028-LI-028A,1,1,False,,20,True,Low Intensity Lab,151
OPT-LI-028-03,LI-028,LI-028a,"Poor - some or all furniture is significantly worn, damaged, or not usable",0,Source,SingleResponse,SR-LI-028-LI-028A,1,1,False,,30,True,Low Intensity Lab,152
OPT-LI-029-01,LI-029,LI-029a,"Resilient flooring (e.g., vinyl, rubber)",1,Source,SingleResponse,SR-LI-029-LI-029A,1,1,False,,10,True,Low Intensity Lab,154
OPT-LI-029-02,LI-029,LI-029a,Polished concrete,1,Source,SingleResponse,SR-LI-029-LI-029A,1,1,False,,20,True,Low Intensity Lab,155
OPT-LI-029-03,LI-029,LI-029a,"Carpet (i.e., not a loose rug)",0,Source,SingleResponse,SR-LI-029-LI-029A,1,1,False,,30,True,Low Intensity Lab,156
OPT-LI-029-04,LI-029,LI-029a,Other (please note),0,Source,SingleResponse,SR-LI-029-LI-029A,1,1,False,,40,True,Low Intensity Lab,157
OPT-LI-029-05,LI-029,LI-029a,Unable to assess (note reason),,Exclusion,SingleResponse,SR-LI-029-LI-029A,0,1,True,,50,True,Low Intensity Lab,158
OPT-LI-030-01,LI-030,LI-030i,PA speaker,,Inventory,Inventory,INV-LI-030-LI-030I,0,0,False,,10,True,Low Intensity Lab,160
OPT-LI-030-02,LI-030,LI-030i,Synchronous clock,,Inventory,Inventory,INV-LI-030-LI-030I,0,0,False,,20,True,Low Intensity Lab,161
OPT-LI-030-03,LI-030,LI-030i,None of the above,,Inventory,Inventory,INV-LI-030-LI-030I,0,0,False,,30,True,Low Intensity Lab,162
OPT-MI-002-01,MI-002,MI-002i,Yes,,Inventory,Inventory,INV-MI-002-MI-002I,0,0,False,,10,True,Medium Intensity Lab,7
OPT-MI-002-02,MI-002,MI-002i,No,,Inventory,Inventory,INV-MI-002-MI-002I,0,0,False,,20,True,Medium Intensity Lab,8
OPT-MI-002-03,MI-002,MI-002i,Unable to assess (note reason),,Inventory,Inventory,INV-MI-002-MI-002I,0,0,True,,30,True,Medium Intensity Lab,9
OPT-MI-003-01,MI-003,MI-003i,Yes,,Inventory,Inventory,INV-MI-003-MI-003I,0,0,False,,10,True,Medium Intensity Lab,11
OPT-MI-003-02,MI-003,MI-003i,No,,Inventory,Inventory,INV-MI-003-MI-003I,0,0,False,,20,True,Medium Intensity Lab,12
OPT-MI-003-03,MI-003,MI-003i,Unable to assess (note reason),,Inventory,Inventory,INV-MI-003-MI-003I,0,0,True,,30,True,Medium Intensity Lab,13
OPT-MI-004-01,MI-004,MI-004a,"Close proximity, with sightlines to support concurrent use",1,Source,SingleResponse,SR-MI-004-MI-004A,1,1,False,,10,True,Medium Intensity Lab,15
OPT-MI-004-02,MI-004,MI-004a,"Close proximity, without sightlines",0.5,Source,SingleResponse,SR-MI-004-MI-004A,1,1,False,,20,True,Medium Intensity Lab,16
OPT-MI-004-03,MI-004,MI-004a,Not in close proximity,0,Source,SingleResponse,SR-MI-004-MI-004A,1,1,False,,30,True,Medium Intensity Lab,17
OPT-MI-004-04,MI-004,MI-004a,Unable to assess (note reason),,Exclusion,SingleResponse,SR-MI-004-MI-004A,0,1,True,,40,True,Medium Intensity Lab,18
OPT-MI-005-01,MI-005,MI-005a,Primary light fixtures are dimmable,1,Source,SingleResponse,SR-MI-005-MI-005A,1,1,False,,10,True,Medium Intensity Lab,20
OPT-MI-005-02,MI-005,MI-005b,Primary light fixtures are LED,1,Source,SingleResponse,SR-MI-005-MI-005B,1,1,False,,20,True,Medium Intensity Lab,21
OPT-MI-005-03,MI-005,MI-005c,None of the above,0,Source,SingleResponse,SR-MI-005-MI-005C,1,1,False,,30,True,Medium Intensity Lab,22
OPT-MI-006-01,MI-006,MI-006a,Good - walls are painted in light colors and accent color is used to reduce monotony,1,Source,SingleResponse,SR-MI-006-MI-006A,1,1,False,,10,True,Medium Intensity Lab,24
OPT-MI-006-02,MI-006,MI-006a,Fair - walls are painted in light colors but no accent color is used,0.5,Source,SingleResponse,SR-MI-006-MI-006A,1,1,False,,20,True,Medium Intensity Lab,25
OPT-MI-006-03,MI-006,MI-006a,Poor - walls are painted in dark or monotonous colors,0,Source,SingleResponse,SR-MI-006-MI-006A,1,1,False,,30,True,Medium Intensity Lab,26
OPT-MI-006-04,MI-006,MI-006a,Unable to assess (note reason),,Exclusion,SingleResponse,SR-MI-006-MI-006A,0,1,True,,40,True,Medium Intensity Lab,27
OPT-MI-007-01,MI-007,MI-007a,Yes,1,Source,SingleResponse,SR-MI-007-MI-007A,1,1,False,,10,True,Medium Intensity Lab,29
OPT-MI-007-02,MI-007,MI-007a,No,0,Source,SingleResponse,SR-MI-007-MI-007A,1,1,False,,20,True,Medium Intensity Lab,30
OPT-MI-007-03,MI-007,MI-007a,Unable to assess (note reason),,Exclusion,SingleResponse,SR-MI-007-MI-007A,0,1,True,,30,True,Medium Intensity Lab,31
OPT-MI-008-01,MI-008,MI-008a,"Yes, and there are views to the exterior",1,Source,SingleResponse,SR-MI-008-MI-008A,1,1,False,,10,True,Medium Intensity Lab,33
OPT-MI-008-02,MI-008,MI-008a,"Yes, but there are no views to the exterior",0.5,Source,SingleResponse,SR-MI-008-MI-008A,1,1,False,,20,True,Medium Intensity Lab,34
OPT-MI-008-03,MI-008,MI-008a,No,0,Source,SingleResponse,SR-MI-008-MI-008A,1,1,False,,30,True,Medium Intensity Lab,35
OPT-MI-008-04,MI-008,MI-008a,Unable to assess (note reason),,Exclusion,SingleResponse,SR-MI-008-MI-008A,0,1,True,,40,True,Medium Intensity Lab,36
OPT-MI-009-01,MI-009,MI-009a,"Access to views of the outdoors (e.g., not solely a view of an exterior wall)",1,Source,SingleResponse,SR-MI-009-MI-009A,1,1,False,,10,True,Medium Intensity Lab,38
OPT-MI-009-02,MI-009,MI-009b,Only clerestory windows are provided,0.5,Source,SingleResponse,SR-MI-009-MI-009B,1,1,False,,20,True,Medium Intensity Lab,39
OPT-MI-009-03,MI-009,MI-009c,None of the above,0,Source,SingleResponse,SR-MI-009-MI-009C,1,1,False,,30,True,Medium Intensity Lab,40
OPT-MI-010-01,MI-010,MI-010a,Roller shades are provided,1,Source,SingleResponse,SR-MI-010-MI-010A,1,1,False,,10,True,Medium Intensity Lab,42
OPT-MI-010-02,MI-010,MI-010a,Mini-blinds are provided,0.5,Source,SingleResponse,SR-MI-010-MI-010A,1,1,False,,20,True,Medium Intensity Lab,43
OPT-MI-010-03,MI-010,MI-010a,Other (please note),0,Source,SingleResponse,SR-MI-010-MI-010A,1,1,False,,30,True,Medium Intensity Lab,44
OPT-MI-010-04,MI-010,MI-010a,No window coverings are provided,0,Source,SingleResponse,SR-MI-010-MI-010A,1,1,False,,40,True,Medium Intensity Lab,45
OPT-MI-010-05,MI-010,MI-010a,Unable to assess (note reason),,Exclusion,SingleResponse,SR-MI-010-MI-010A,0,1,True,,50,True,Medium Intensity Lab,46
OPT-MI-011-01,MI-011,MI-011a,Full-height interior window,1,Source,SingleResponse,SR-MI-011-MI-011A,1,1,False,,10,True,Medium Intensity Lab,48
OPT-MI-011-02,MI-011,MI-011b,Half-height interior window,1,Source,SingleResponse,SR-MI-011-MI-011B,1,1,False,,20,True,Medium Intensity Lab,49
OPT-MI-011-03,MI-011,MI-011c,Sidelight,1,Source,SingleResponse,SR-MI-011-MI-011C,1,1,False,,30,True,Medium Intensity Lab,50
OPT-MI-011-04,MI-011,MI-011d,"Door panel (i.e., glass panel in the door)",0,Source,SingleResponse,SR-MI-011-MI-011D,1,1,False,,40,True,Medium Intensity Lab,51
OPT-MI-011-05,MI-011,MI-011e,None of the above,0,Source,SingleResponse,SR-MI-011-MI-011E,1,1,False,,50,True,Medium Intensity Lab,52
OPT-MI-012-01,MI-012,MI-012i,Less than half,,Inventory,Inventory,INV-MI-012-MI-012I,0,0,False,,10,True,Medium Intensity Lab,54
OPT-MI-012-02,MI-012,MI-012i,About half,,Inventory,Inventory,INV-MI-012-MI-012I,0,0,False,,20,True,Medium Intensity Lab,55
OPT-MI-012-03,MI-012,MI-012i,Most of the wall,,Inventory,Inventory,INV-MI-012-MI-012I,0,0,False,,30,True,Medium Intensity Lab,56
OPT-MI-013-01,MI-013,MI-013a,Interior windows and doors with glass can be covered with a single movement,1,Source,SingleResponse,SR-MI-013-MI-013A,1,1,False,,10,True,Medium Intensity Lab,58
OPT-MI-013-02,MI-013,MI-013b,Exterior windows and doors with glass can be covered with a single movement,1,Source,SingleResponse,SR-MI-013-MI-013B,1,1,False,,20,True,Medium Intensity Lab,59
OPT-MI-013-03,MI-013,MI-013c,There is an area large enough for a full class to easily get out of sight to shelter-in-place (without needing to cover windows or doors with glass),1,Source,SingleResponse,SR-MI-013-MI-013C,1,1,False,,30,True,Medium Intensity Lab,60
OPT-MI-013-04,MI-013,MI-013d,Interior door hardware is lockable from inside the space with a push button or thumb turn lock,1,Source,SingleResponse,SR-MI-013-MI-013D,1,1,False,,40,True,Medium Intensity Lab,61
OPT-MI-013-05,MI-013,MI-013e,None of the above,0,Source,SingleResponse,SR-MI-013-MI-013E,1,1,False,,50,True,Medium Intensity Lab,62
OPT-MI-014-01,MI-014,MI-014a,None,0,Source,SingleResponse,SR-MI-014-MI-014A,1,1,False,,10,True,Medium Intensity Lab,64
OPT-MI-014-02,MI-014,MI-014a,<4 linear feet,0.2,Source,SingleResponse,SR-MI-014-MI-014A,1,1,False,,20,True,Medium Intensity Lab,65
OPT-MI-014-03,MI-014,MI-014a,4 to <8 linear feet,0.4,Source,SingleResponse,SR-MI-014-MI-014A,1,1,False,,30,True,Medium Intensity Lab,66
OPT-MI-014-04,MI-014,MI-014a,8 to <12 linear feet,0.6,Source,SingleResponse,SR-MI-014-MI-014A,1,1,False,,40,True,Medium Intensity Lab,67
OPT-MI-014-05,MI-014,MI-014a,12 to <16 linear feet,0.8,Source,SingleResponse,SR-MI-014-MI-014A,1,1,False,,50,True,Medium Intensity Lab,68
OPT-MI-014-06,MI-014,MI-014a,16+ linear feet,1,Source,SingleResponse,SR-MI-014-MI-014A,1,1,False,,60,True,Medium Intensity Lab,69
OPT-MI-014-07,MI-014,MI-014a,Unable to assess (note reason),,Exclusion,SingleResponse,SR-MI-014-MI-014A,0,1,True,,70,True,Medium Intensity Lab,70
OPT-MI-015-01,MI-015,MI-015i,Tackstrip,,Inventory,Inventory,INV-MI-015-MI-015I,0,0,False,,10,True,Medium Intensity Lab,72
OPT-MI-015-02,MI-015,MI-015i,Tackboard,,Inventory,Inventory,INV-MI-015-MI-015I,0,0,False,,20,True,Medium Intensity Lab,73
OPT-MI-015-03,MI-015,MI-015i,Tackwall,,Inventory,Inventory,INV-MI-015-MI-015I,0,0,False,,30,True,Medium Intensity Lab,74
OPT-MI-015-04,MI-015,MI-015i,Magnetic markerboard,,Inventory,Inventory,INV-MI-015-MI-015I,0,0,False,,40,True,Medium Intensity Lab,75
OPT-MI-015-05,MI-015,MI-015i,None of the above,,Inventory,Inventory,INV-MI-015-MI-015I,0,0,False,,50,True,Medium Intensity Lab,76
OPT-MI-016-01,MI-016,MI-016a,None,0,Source,SingleResponse,SR-MI-016-MI-016A,1,1,False,,10,True,Medium Intensity Lab,78
OPT-MI-016-02,MI-016,MI-016a,<4 linear feet,0.33,Source,SingleResponse,SR-MI-016-MI-016A,1,1,False,,20,True,Medium Intensity Lab,79
OPT-MI-016-03,MI-016,MI-016a,4 to <8 linear feet,0.66,Source,SingleResponse,SR-MI-016-MI-016A,1,1,False,,30,True,Medium Intensity Lab,80
OPT-MI-016-04,MI-016,MI-016a,8+ linear feet,1,Source,SingleResponse,SR-MI-016-MI-016A,1,1,False,,40,True,Medium Intensity Lab,81
OPT-MI-016-05,MI-016,MI-016a,Unable to assess (note reason),,Exclusion,SingleResponse,SR-MI-016-MI-016A,0,1,True,,50,True,Medium Intensity Lab,82
OPT-MI-017-01,MI-017,MI-017a,0,0,Source,SingleResponse,SR-MI-017-MI-017A,1,1,False,,10,True,Medium Intensity Lab,84
OPT-MI-017-02,MI-017,MI-017a,1,1,Source,SingleResponse,SR-MI-017-MI-017A,1,1,False,,20,True,Medium Intensity Lab,85
OPT-MI-017-03,MI-017,MI-017a,2,1,Source,SingleResponse,SR-MI-017-MI-017A,1,1,False,,30,True,Medium Intensity Lab,86
OPT-MI-017-04,MI-017,MI-017a,3,1,Source,SingleResponse,SR-MI-017-MI-017A,1,1,False,,40,True,Medium Intensity Lab,87
OPT-MI-017-05,MI-017,MI-017a,4+,1,Source,SingleResponse,SR-MI-017-MI-017A,1,1,False,,50,True,Medium Intensity Lab,88
OPT-MI-017-06,MI-017,MI-017a,Unable to assess (note reason),,Exclusion,SingleResponse,SR-MI-017-MI-017A,0,1,True,,60,True,Medium Intensity Lab,89
OPT-MI-018-01,MI-018,MI-018a,0,0,Source,SingleResponse,SR-MI-018-MI-018A,1,1,False,,10,True,Medium Intensity Lab,91
OPT-MI-018-02,MI-018,MI-018a,1-2,0.25,Source,SingleResponse,SR-MI-018-MI-018A,1,1,False,,20,True,Medium Intensity Lab,92
OPT-MI-018-03,MI-018,MI-018a,3-4,0.5,Source,SingleResponse,SR-MI-018-MI-018A,1,1,False,,30,True,Medium Intensity Lab,93
OPT-MI-018-04,MI-018,MI-018a,5-7,0.75,Source,SingleResponse,SR-MI-018-MI-018A,1,1,False,,40,True,Medium Intensity Lab,94
OPT-MI-018-05,MI-018,MI-018a,8+,1,Source,SingleResponse,SR-MI-018-MI-018A,1,1,False,,50,True,Medium Intensity Lab,95
OPT-MI-019-01,MI-019,MI-019a,0,0,Source,SingleResponse,SR-MI-019-MI-019A,1,1,False,,10,True,Medium Intensity Lab,97
OPT-MI-019-02,MI-019,MI-019a,1,0.25,Source,SingleResponse,SR-MI-019-MI-019A,1,1,False,,20,True,Medium Intensity Lab,98
OPT-MI-019-03,MI-019,MI-019a,2,0.5,Source,SingleResponse,SR-MI-019-MI-019A,1,1,False,,30,True,Medium Intensity Lab,99
OPT-MI-019-04,MI-019,MI-019a,3,0.75,Source,SingleResponse,SR-MI-019-MI-019A,1,1,False,,40,True,Medium Intensity Lab,100
OPT-MI-019-05,MI-019,MI-019a,4,1,Source,SingleResponse,SR-MI-019-MI-019A,1,1,False,,50,True,Medium Intensity Lab,101
OPT-MI-020-01,MI-020,MI-020a,0,0,Source,SingleResponse,SR-MI-020-MI-020A,1,1,False,,10,True,Medium Intensity Lab,103
OPT-MI-020-02,MI-020,MI-020a,1,0.25,Source,SingleResponse,SR-MI-020-MI-020A,1,1,False,,20,True,Medium Intensity Lab,104
OPT-MI-020-03,MI-020,MI-020a,2,0.5,Source,SingleResponse,SR-MI-020-MI-020A,1,1,False,,30,True,Medium Intensity Lab,105
OPT-MI-020-04,MI-020,MI-020a,3,0.75,Source,SingleResponse,SR-MI-020-MI-020A,1,1,False,,40,True,Medium Intensity Lab,106
OPT-MI-020-05,MI-020,MI-020a,4,1,Source,SingleResponse,SR-MI-020-MI-020A,1,1,False,,50,True,Medium Intensity Lab,107
OPT-MI-021-01,MI-021,MI-021a,"42"" entry door from circulation",1,Source,SingleResponse,SR-MI-021-MI-021A,1,1,False,,10,True,Medium Intensity Lab,109
OPT-MI-021-02,MI-021,MI-021b,At least two doors connect the space to the circulation path,1,Source,SingleResponse,SR-MI-021-MI-021B,1,1,False,,20,True,Medium Intensity Lab,110
OPT-MI-021-03,MI-021,MI-021i,Other (please note),,Inventory,Inventory,INV-MI-021-MI-021I,0,0,False,,30,True,Medium Intensity Lab,111
OPT-MI-021-04,MI-021,MI-021c,None of the above,0,Source,SingleResponse,SR-MI-021-MI-021C,1,1,False,,40,True,Medium Intensity Lab,112
OPT-MI-022-01,MI-022,MI-022a,Utility sink,1,Source,SingleResponse,SR-MI-022-MI-022A,1,1,False,,10,True,Medium Intensity Lab,114
OPT-MI-022-02,MI-022,MI-022b,Water access,1,Source,SingleResponse,SR-MI-022-MI-022B,1,1,False,,20,True,Medium Intensity Lab,115
OPT-MI-022-03,MI-022,MI-022c,Gas access,1,Source,SingleResponse,SR-MI-022-MI-022C,1,1,False,,30,True,Medium Intensity Lab,116
OPT-MI-022-04,MI-022,MI-022i,Acid neutralization,,Inventory,Inventory,INV-MI-022-MI-022I,0,0,False,,40,True,Medium Intensity Lab,117
OPT-MI-022-05,MI-022,MI-022i,Oil/water separator,,Inventory,Inventory,INV-MI-022-MI-022I,0,0,False,,50,True,Medium Intensity Lab,118
OPT-MI-022-06,MI-022,MI-022i,Solid separator,,Inventory,Inventory,INV-MI-022-MI-022I,0,0,False,,60,True,Medium Intensity Lab,119
OPT-MI-022-07,MI-022,MI-022d,None of the above,0,Source,SingleResponse,SR-MI-022-MI-022D,1,1,False,,70,True,Medium Intensity Lab,120
OPT-MI-023-01,MI-023,MI-023a,"Exhaust fans present, retrofitted",1,Source,SingleResponse,SR-MI-023-MI-023A,1,1,False,,10,True,Medium Intensity Lab,122
OPT-MI-023-02,MI-023,MI-023a,"Exhaust fans present, not retrofitted",0.5,Source,SingleResponse,SR-MI-023-MI-023A,1,1,False,,20,True,Medium Intensity Lab,123
OPT-MI-023-03,MI-023,MI-023a,No exhaust fans present,0,Source,SingleResponse,SR-MI-023-MI-023A,1,1,False,,30,True,Medium Intensity Lab,124
OPT-MI-023-04,MI-023,MI-023a,Unable to assess (note reason),,Exclusion,SingleResponse,SR-MI-023-MI-023A,0,1,True,,40,True,Medium Intensity Lab,125
OPT-MI-024-01,MI-024,MI-024i,Individual student desks,,Inventory,Inventory,INV-MI-024-MI-024I,0,0,False,,10,True,Medium Intensity Lab,127
OPT-MI-024-02,MI-024,MI-024i,Chair-height student tables,,Inventory,Inventory,INV-MI-024-MI-024I,0,0,False,,20,True,Medium Intensity Lab,128
OPT-MI-024-03,MI-024,MI-024i,"Floor-height student tables (i.e., low tables for floor seating)",,Inventory,Inventory,INV-MI-024-MI-024I,0,0,False,,30,True,Medium Intensity Lab,129
OPT-MI-024-04,MI-024,MI-024i,Standing-height student desks/tables/worksurfaces,,Inventory,Inventory,INV-MI-024-MI-024I,0,0,False,,40,True,Medium Intensity Lab,130
OPT-MI-024-05,MI-024,MI-024i,Lab tables/stations,,Inventory,Inventory,INV-MI-024-MI-024I,0,0,False,,50,True,Medium Intensity Lab,131
OPT-MI-024-06,MI-024,MI-024i,"Hard seating (e.g., standard chairs, stools)",,Inventory,Inventory,INV-MI-024-MI-024I,0,0,False,,60,True,Medium Intensity Lab,132
OPT-MI-024-07,MI-024,MI-024i,"Active seating (e.g., wobble stools, rockers)",,Inventory,Inventory,INV-MI-024-MI-024I,0,0,False,,70,True,Medium Intensity Lab,133
OPT-MI-024-08,MI-024,MI-024i,"One or more mobile writing surfaces (i.e., mobile markerboards)",,Inventory,Inventory,INV-MI-024-MI-024I,0,0,False,,80,True,Medium Intensity Lab,134
OPT-MI-024-09,MI-024,MI-024i,One or more mobile monitors,,Inventory,Inventory,INV-MI-024-MI-024I,0,0,False,,90,True,Medium Intensity Lab,135
OPT-MI-024-10,MI-024,MI-024i,Other (please note),,Inventory,Inventory,INV-MI-024-MI-024I,0,0,False,,100,True,Medium Intensity Lab,136
OPT-MI-024-11,MI-024,MI-024i,None of the above,,Inventory,Inventory,INV-MI-024-MI-024I,0,0,False,,110,True,Medium Intensity Lab,137
OPT-MI-025-01,MI-025,MI-025a,"Most furniture can be moved by students or a single teacher (e.g., casters, lightweight pieces)",1,Source,SingleResponse,SR-MI-025-MI-025A,1,1,False,,10,True,Medium Intensity Lab,139
OPT-MI-025-02,MI-025,MI-025a,"Some furniture is movable, some is heavy or fixed",0.5,Source,SingleResponse,SR-MI-025-MI-025A,1,1,False,,20,True,Medium Intensity Lab,140
OPT-MI-025-03,MI-025,MI-025a,"Most furniture is heavy, fixed, or impractical to move",0,Source,SingleResponse,SR-MI-025-MI-025A,1,1,False,,30,True,Medium Intensity Lab,141
OPT-MI-026-01,MI-026,MI-026a,Good - appears relatively new or has minimal wear,1,Source,SingleResponse,SR-MI-026-MI-026A,1,1,False,,10,True,Medium Intensity Lab,143
OPT-MI-026-02,MI-026,MI-026a,"Fair - some furniture is noticeably worn or aging, but all is functional",0.5,Source,SingleResponse,SR-MI-026-MI-026A,1,1,False,,20,True,Medium Intensity Lab,144
OPT-MI-026-03,MI-026,MI-026a,"Poor - some or all furniture is significantly worn, damaged, or not usable",0,Source,SingleResponse,SR-MI-026-MI-026A,1,1,False,,30,True,Medium Intensity Lab,145
OPT-MI-027-01,MI-027,MI-027a,"Resilient flooring (e.g., vinyl, rubber)",1,Source,SingleResponse,SR-MI-027-MI-027A,1,1,False,,10,True,Medium Intensity Lab,147
OPT-MI-027-02,MI-027,MI-027a,Polished concrete,1,Source,SingleResponse,SR-MI-027-MI-027A,1,1,False,,20,True,Medium Intensity Lab,148
OPT-MI-027-03,MI-027,MI-027a,Sealed concrete,1,Source,SingleResponse,SR-MI-027-MI-027A,1,1,False,,30,True,Medium Intensity Lab,149
OPT-MI-027-04,MI-027,MI-027a,"Carpet (i.e., not a loose rug)",0,Source,SingleResponse,SR-MI-027-MI-027A,1,1,False,,40,True,Medium Intensity Lab,150
OPT-MI-027-05,MI-027,MI-027a,Other (please note),0,Source,SingleResponse,SR-MI-027-MI-027A,1,1,False,,50,True,Medium Intensity Lab,151
OPT-MI-027-06,MI-027,MI-027a,Unable to assess (note reason),,Exclusion,SingleResponse,SR-MI-027-MI-027A,0,1,True,,60,True,Medium Intensity Lab,152
OPT-MI-028-01,MI-028,MI-028a,Exterior door within the space,1,Source,SingleResponse,SR-MI-028-MI-028A,1,1,False,,10,True,Medium Intensity Lab,154
OPT-MI-028-02,MI-028,MI-028a,Exterior door directly outside the space,0.5,Source,SingleResponse,SR-MI-028-MI-028A,1,1,False,,20,True,Medium Intensity Lab,155
OPT-MI-028-03,MI-028,MI-028a,Neither,0,Source,SingleResponse,SR-MI-028-MI-028A,1,1,False,,30,True,Medium Intensity Lab,156
OPT-MI-028-04,MI-028,MI-028a,Unable to assess (note reason),,Exclusion,SingleResponse,SR-MI-028-MI-028A,0,1,True,,40,True,Medium Intensity Lab,157
OPT-MI-029-01,MI-029,MI-029a,Yes,1,Source,SingleResponse,SR-MI-029-MI-029A,1,1,False,,10,True,Medium Intensity Lab,159
OPT-MI-029-02,MI-029,MI-029a,"No, though not needed for this program",,Exclusion,SingleResponse,SR-MI-029-MI-029A,0,1,True,,20,True,Medium Intensity Lab,160
OPT-MI-029-03,MI-029,MI-029a,"No, but would benefit the program",0,Source,SingleResponse,SR-MI-029-MI-029A,1,1,False,,30,True,Medium Intensity Lab,161
OPT-MI-029-04,MI-029,MI-029a,Unable to assess (note reason),,Exclusion,SingleResponse,SR-MI-029-MI-029A,0,1,True,,40,True,Medium Intensity Lab,162
OPT-MI-030-01,MI-030,MI-030i,PA speaker,,Inventory,Inventory,INV-MI-030-MI-030I,0,0,False,,10,True,Medium Intensity Lab,164
OPT-MI-030-02,MI-030,MI-030i,Synchronous clock,,Inventory,Inventory,INV-MI-030-MI-030I,0,0,False,,20,True,Medium Intensity Lab,165
OPT-MI-030-03,MI-030,MI-030i,None of the above,,Inventory,Inventory,INV-MI-030-MI-030I,0,0,False,,30,True,Medium Intensity Lab,166
OPT-HI-002-01,HI-002,HI-002a,High-bay space,1,Source,SingleResponse,SR-HI-002-HI-002A,1,1,False,,10,True,High Intensity Lab,7
OPT-HI-002-02,HI-002,HI-002b,Double-height space,1,Source,SingleResponse,SR-HI-002-HI-002B,1,1,False,,20,True,High Intensity Lab,8
OPT-HI-002-03,HI-002,HI-002c,None of the above,0,Source,SingleResponse,SR-HI-002-HI-002C,1,1,False,,30,True,High Intensity Lab,9
OPT-HI-003-01,HI-003,HI-003a,Yes,1,Source,SingleResponse,SR-HI-003-HI-003A,1,1,False,,10,True,High Intensity Lab,11
OPT-HI-003-02,HI-003,HI-003a,No,0,Source,SingleResponse,SR-HI-003-HI-003A,1,1,False,,20,True,High Intensity Lab,12
OPT-HI-003-03,HI-003,HI-003a,Unable to assess (note reason),,Exclusion,SingleResponse,SR-HI-003-HI-003A,0,1,True,,30,True,High Intensity Lab,13
OPT-HI-004-01,HI-004,HI-004a,Yes,1,Source,SingleResponse,SR-HI-004-HI-004A,1,1,False,,10,True,High Intensity Lab,15
OPT-HI-004-02,HI-004,HI-004a,"No, but this is a culinary program space (exception)",1,Source,SingleResponse,SR-HI-004-HI-004A,1,1,False,,20,True,High Intensity Lab,16
OPT-HI-004-03,HI-004,HI-004a,No,0,Source,SingleResponse,SR-HI-004-HI-004A,1,1,False,,30,True,High Intensity Lab,17
OPT-HI-004-04,HI-004,HI-004a,Unable to assess (note reason),,Exclusion,SingleResponse,SR-HI-004-HI-004A,0,1,True,,40,True,High Intensity Lab,18
OPT-HI-005-01,HI-005,HI-005a,Direct access to a loading dock,1,Source,SingleResponse,SR-HI-005-HI-005A,1,1,False,,10,True,High Intensity Lab,20
OPT-HI-005-02,HI-005,HI-005a,Ground-level exterior door with direct vehicle access for deliveries,1,Source,SingleResponse,SR-HI-005-HI-005A,1,1,False,,20,True,High Intensity Lab,21
OPT-HI-005-03,HI-005,HI-005a,Close proximity to a ground-level vehicle access area via a paved walkway,0.5,Source,SingleResponse,SR-HI-005-HI-005A,1,1,False,,30,True,High Intensity Lab,22
OPT-HI-005-04,HI-005,HI-005a,No loading area or infrastructure nearby,0,Source,SingleResponse,SR-HI-005-HI-005A,1,1,False,,40,True,High Intensity Lab,23
OPT-HI-005-05,HI-005,HI-005a,Unable to assess (note reason),,Exclusion,SingleResponse,SR-HI-005-HI-005A,0,1,True,,50,True,High Intensity Lab,24
OPT-HI-006-01,HI-006,HI-006a,"Close proximity, with sightlines to support concurrent use",1,Source,SingleResponse,SR-HI-006-HI-006A,1,1,False,,10,True,High Intensity Lab,26
OPT-HI-006-02,HI-006,HI-006a,"Close proximity, without sightlines",0.5,Source,SingleResponse,SR-HI-006-HI-006A,1,1,False,,20,True,High Intensity Lab,27
OPT-HI-006-03,HI-006,HI-006a,Not in close proximity,0,Source,SingleResponse,SR-HI-006-HI-006A,1,1,False,,30,True,High Intensity Lab,28
OPT-HI-006-04,HI-006,HI-006a,Unable to assess (note reason),,Exclusion,SingleResponse,SR-HI-006-HI-006A,0,1,True,,40,True,High Intensity Lab,29
OPT-HI-007-01,HI-007,HI-007a,Primary light fixtures are dimmable,1,Source,SingleResponse,SR-HI-007-HI-007A,1,1,False,,10,True,High Intensity Lab,31
OPT-HI-007-02,HI-007,HI-007b,Primary light fixtures are LED,1,Source,SingleResponse,SR-HI-007-HI-007B,1,1,False,,20,True,High Intensity Lab,32
OPT-HI-007-03,HI-007,HI-007c,None of the above,0,Source,SingleResponse,SR-HI-007-HI-007C,1,1,False,,30,True,High Intensity Lab,33
OPT-HI-008-01,HI-008,HI-008a,Good - walls are painted in light colors and accent color is used to reduce monotony,1,Source,SingleResponse,SR-HI-008-HI-008A,1,1,False,,10,True,High Intensity Lab,35
OPT-HI-008-02,HI-008,HI-008a,Fair - walls are painted in light colors but no accent color is used,0.5,Source,SingleResponse,SR-HI-008-HI-008A,1,1,False,,20,True,High Intensity Lab,36
OPT-HI-008-03,HI-008,HI-008a,Poor - walls are painted in dark or monotonous colors,0,Source,SingleResponse,SR-HI-008-HI-008A,1,1,False,,30,True,High Intensity Lab,37
OPT-HI-008-04,HI-008,HI-008a,Unable to assess (note reason),,Exclusion,SingleResponse,SR-HI-008-HI-008A,0,1,True,,40,True,High Intensity Lab,38
OPT-HI-009-01,HI-009,HI-009a,Exterior door within the space,1,Source,SingleResponse,SR-HI-009-HI-009A,1,1,False,,10,True,High Intensity Lab,40
OPT-HI-009-02,HI-009,HI-009a,Exterior door directly outside the space,0.5,Source,SingleResponse,SR-HI-009-HI-009A,1,1,False,,20,True,High Intensity Lab,41
OPT-HI-009-03,HI-009,HI-009a,Neither,0,Source,SingleResponse,SR-HI-009-HI-009A,1,1,False,,30,True,High Intensity Lab,42
OPT-HI-009-04,HI-009,HI-009a,Unable to assess (note reason),,Exclusion,SingleResponse,SR-HI-009-HI-009A,0,1,True,,40,True,High Intensity Lab,43
OPT-HI-010-01,HI-010,HI-010a,Yes,1,Source,SingleResponse,SR-HI-010-HI-010A,1,1,False,,10,True,High Intensity Lab,45
OPT-HI-010-02,HI-010,HI-010a,No,0,Source,SingleResponse,SR-HI-010-HI-010A,1,1,False,,20,True,High Intensity Lab,46
OPT-HI-010-03,HI-010,HI-010a,Unable to assess (note reason),,Exclusion,SingleResponse,SR-HI-010-HI-010A,0,1,True,,30,True,High Intensity Lab,47
OPT-HI-011-01,HI-011,HI-011a,Yes,1,Source,SingleResponse,SR-HI-011-HI-011A,1,1,False,,10,True,High Intensity Lab,49
OPT-HI-011-02,HI-011,HI-011a,No,0,Source,SingleResponse,SR-HI-011-HI-011A,1,1,False,,20,True,High Intensity Lab,50
OPT-HI-011-03,HI-011,HI-011a,Unable to assess (note reason),,Exclusion,SingleResponse,SR-HI-011-HI-011A,0,1,True,,30,True,High Intensity Lab,51
OPT-HI-012-01,HI-012,HI-012a,"Yes, and there are views to the exterior",1,Source,SingleResponse,SR-HI-012-HI-012A,1,1,False,,10,True,High Intensity Lab,53
OPT-HI-012-02,HI-012,HI-012a,"Yes, but there are no views to the exterior",0.5,Source,SingleResponse,SR-HI-012-HI-012A,1,1,False,,20,True,High Intensity Lab,54
OPT-HI-012-03,HI-012,HI-012a,No,0,Source,SingleResponse,SR-HI-012-HI-012A,1,1,False,,30,True,High Intensity Lab,55
OPT-HI-012-04,HI-012,HI-012a,Unable to assess (note reason),,Exclusion,SingleResponse,SR-HI-012-HI-012A,0,1,True,,40,True,High Intensity Lab,56
OPT-HI-013-01,HI-013,HI-013a,"Access to views of the outdoors (e.g., not solely a view of an exterior wall)",1,Source,SingleResponse,SR-HI-013-HI-013A,1,1,False,,10,True,High Intensity Lab,58
OPT-HI-013-02,HI-013,HI-013b,Only clerestory windows are provided,0.5,Source,SingleResponse,SR-HI-013-HI-013B,1,1,False,,20,True,High Intensity Lab,59
OPT-HI-013-03,HI-013,HI-013c,None of the above,0,Source,SingleResponse,SR-HI-013-HI-013C,1,1,False,,30,True,High Intensity Lab,60
OPT-HI-014-01,HI-014,HI-014a,Roller shades are provided,1,Source,SingleResponse,SR-HI-014-HI-014A,1,1,False,,10,True,High Intensity Lab,62
OPT-HI-014-02,HI-014,HI-014a,Mini-blinds are provided,0.5,Source,SingleResponse,SR-HI-014-HI-014A,1,1,False,,20,True,High Intensity Lab,63
OPT-HI-014-03,HI-014,HI-014a,Other (please note),0,Source,SingleResponse,SR-HI-014-HI-014A,1,1,False,,30,True,High Intensity Lab,64
OPT-HI-014-04,HI-014,HI-014a,No window coverings are provided,0,Source,SingleResponse,SR-HI-014-HI-014A,1,1,False,,40,True,High Intensity Lab,65
OPT-HI-014-05,HI-014,HI-014a,Unable to assess (note reason),,Exclusion,SingleResponse,SR-HI-014-HI-014A,0,1,True,,50,True,High Intensity Lab,66
OPT-HI-015-01,HI-015,HI-015a,Full-height interior window,1,Source,SingleResponse,SR-HI-015-HI-015A,1,1,False,,10,True,High Intensity Lab,68
OPT-HI-015-02,HI-015,HI-015b,Half-height interior window,1,Source,SingleResponse,SR-HI-015-HI-015B,1,1,False,,20,True,High Intensity Lab,69
OPT-HI-015-03,HI-015,HI-015c,Sidelight,1,Source,SingleResponse,SR-HI-015-HI-015C,1,1,False,,30,True,High Intensity Lab,70
OPT-HI-015-04,HI-015,HI-015d,"Door panel (i.e., glass panel in the door)",0,Source,SingleResponse,SR-HI-015-HI-015D,1,1,False,,40,True,High Intensity Lab,71
OPT-HI-015-05,HI-015,HI-015e,None of the above,0,Source,SingleResponse,SR-HI-015-HI-015E,1,1,False,,50,True,High Intensity Lab,72
OPT-HI-016-01,HI-016,HI-016i,Less than half,,Inventory,Inventory,INV-HI-016-HI-016I,0,0,False,,10,True,High Intensity Lab,74
OPT-HI-016-02,HI-016,HI-016i,About half,,Inventory,Inventory,INV-HI-016-HI-016I,0,0,False,,20,True,High Intensity Lab,75
OPT-HI-016-03,HI-016,HI-016i,Most of the wall,,Inventory,Inventory,INV-HI-016-HI-016I,0,0,False,,30,True,High Intensity Lab,76
OPT-HI-017-01,HI-017,HI-017a,Interior windows and doors with glass can be covered with a single movement,1,Source,SingleResponse,SR-HI-017-HI-017A,1,1,False,,10,True,High Intensity Lab,78
OPT-HI-017-02,HI-017,HI-017b,Exterior windows and doors with glass can be covered with a single movement,1,Source,SingleResponse,SR-HI-017-HI-017B,1,1,False,,20,True,High Intensity Lab,79
OPT-HI-017-03,HI-017,HI-017c,There is an area large enough for a full class to easily get out of sight to shelter-in-place (without needing to cover windows or doors with glass),1,Source,SingleResponse,SR-HI-017-HI-017C,1,1,False,,30,True,High Intensity Lab,80
OPT-HI-017-04,HI-017,HI-017d,Interior door hardware is lockable from inside the space with a push button or thumb turn lock,1,Source,SingleResponse,SR-HI-017-HI-017D,1,1,False,,40,True,High Intensity Lab,81
OPT-HI-017-05,HI-017,HI-017e,None of the above,0,Source,SingleResponse,SR-HI-017-HI-017E,1,1,False,,50,True,High Intensity Lab,82
OPT-HI-018-01,HI-018,HI-018a,None,0,Source,SingleResponse,SR-HI-018-HI-018A,1,1,False,,10,True,High Intensity Lab,84
OPT-HI-018-02,HI-018,HI-018a,<4 linear feet,0.2,Source,SingleResponse,SR-HI-018-HI-018A,1,1,False,,20,True,High Intensity Lab,85
OPT-HI-018-03,HI-018,HI-018a,4 to <8 linear feet,0.4,Source,SingleResponse,SR-HI-018-HI-018A,1,1,False,,30,True,High Intensity Lab,86
OPT-HI-018-04,HI-018,HI-018a,8 to <12 linear feet,0.6,Source,SingleResponse,SR-HI-018-HI-018A,1,1,False,,40,True,High Intensity Lab,87
OPT-HI-018-05,HI-018,HI-018a,12 to <16 linear feet,0.8,Source,SingleResponse,SR-HI-018-HI-018A,1,1,False,,50,True,High Intensity Lab,88
OPT-HI-018-06,HI-018,HI-018a,16+ linear feet,1,Source,SingleResponse,SR-HI-018-HI-018A,1,1,False,,60,True,High Intensity Lab,89
OPT-HI-018-07,HI-018,HI-018a,Unable to assess (note reason),,Exclusion,SingleResponse,SR-HI-018-HI-018A,0,1,True,,70,True,High Intensity Lab,90
OPT-HI-019-01,HI-019,HI-019i,Tackstrip,,Inventory,Inventory,INV-HI-019-HI-019I,0,0,False,,10,True,High Intensity Lab,92
OPT-HI-019-02,HI-019,HI-019i,Tackboard,,Inventory,Inventory,INV-HI-019-HI-019I,0,0,False,,20,True,High Intensity Lab,93
OPT-HI-019-03,HI-019,HI-019i,Tackwall,,Inventory,Inventory,INV-HI-019-HI-019I,0,0,False,,30,True,High Intensity Lab,94
OPT-HI-019-04,HI-019,HI-019i,Magnetic markerboard,,Inventory,Inventory,INV-HI-019-HI-019I,0,0,False,,40,True,High Intensity Lab,95
OPT-HI-019-05,HI-019,HI-019i,None of the above,,Inventory,Inventory,INV-HI-019-HI-019I,0,0,False,,50,True,High Intensity Lab,96
OPT-HI-020-01,HI-020,HI-020a,None,0,Source,SingleResponse,SR-HI-020-HI-020A,1,1,False,,10,True,High Intensity Lab,98
OPT-HI-020-02,HI-020,HI-020a,<4 linear feet,0.33,Source,SingleResponse,SR-HI-020-HI-020A,1,1,False,,20,True,High Intensity Lab,99
OPT-HI-020-03,HI-020,HI-020a,4 to <8 linear feet,0.66,Source,SingleResponse,SR-HI-020-HI-020A,1,1,False,,30,True,High Intensity Lab,100
OPT-HI-020-04,HI-020,HI-020a,8+ linear feet,1,Source,SingleResponse,SR-HI-020-HI-020A,1,1,False,,40,True,High Intensity Lab,101
OPT-HI-020-05,HI-020,HI-020a,Unable to assess (note reason),,Exclusion,SingleResponse,SR-HI-020-HI-020A,0,1,True,,50,True,High Intensity Lab,102
OPT-HI-021-01,HI-021,HI-021a,0,0,Source,SingleResponse,SR-HI-021-HI-021A,1,1,False,,10,True,High Intensity Lab,104
OPT-HI-021-02,HI-021,HI-021a,1,1,Source,SingleResponse,SR-HI-021-HI-021A,1,1,False,,20,True,High Intensity Lab,105
OPT-HI-021-03,HI-021,HI-021a,2,1,Source,SingleResponse,SR-HI-021-HI-021A,1,1,False,,30,True,High Intensity Lab,106
OPT-HI-021-04,HI-021,HI-021a,3,1,Source,SingleResponse,SR-HI-021-HI-021A,1,1,False,,40,True,High Intensity Lab,107
OPT-HI-021-05,HI-021,HI-021a,4+,1,Source,SingleResponse,SR-HI-021-HI-021A,1,1,False,,50,True,High Intensity Lab,108
OPT-HI-021-06,HI-021,HI-021a,Unable to assess (note reason),,Exclusion,SingleResponse,SR-HI-021-HI-021A,0,1,True,,60,True,High Intensity Lab,109
OPT-HI-022-01,HI-022,HI-022a,0,0,Source,SingleResponse,SR-HI-022-HI-022A,1,1,False,,10,True,High Intensity Lab,111
OPT-HI-022-02,HI-022,HI-022a,1-2,0.25,Source,SingleResponse,SR-HI-022-HI-022A,1,1,False,,20,True,High Intensity Lab,112
OPT-HI-022-03,HI-022,HI-022a,3-4,0.5,Source,SingleResponse,SR-HI-022-HI-022A,1,1,False,,30,True,High Intensity Lab,113
OPT-HI-022-04,HI-022,HI-022a,5-7,0.75,Source,SingleResponse,SR-HI-022-HI-022A,1,1,False,,40,True,High Intensity Lab,114
OPT-HI-022-05,HI-022,HI-022a,8+,1,Source,SingleResponse,SR-HI-022-HI-022A,1,1,False,,50,True,High Intensity Lab,115
OPT-HI-023-01,HI-023,HI-023a,0,0,Source,SingleResponse,SR-HI-023-HI-023A,1,1,False,,10,True,High Intensity Lab,117
OPT-HI-023-02,HI-023,HI-023a,1,0.25,Source,SingleResponse,SR-HI-023-HI-023A,1,1,False,,20,True,High Intensity Lab,118
OPT-HI-023-03,HI-023,HI-023a,2,0.5,Source,SingleResponse,SR-HI-023-HI-023A,1,1,False,,30,True,High Intensity Lab,119
OPT-HI-023-04,HI-023,HI-023a,3,0.75,Source,SingleResponse,SR-HI-023-HI-023A,1,1,False,,40,True,High Intensity Lab,120
OPT-HI-023-05,HI-023,HI-023a,4,1,Source,SingleResponse,SR-HI-023-HI-023A,1,1,False,,50,True,High Intensity Lab,121
OPT-HI-024-01,HI-024,HI-024a,0,0,Source,SingleResponse,SR-HI-024-HI-024A,1,1,False,,10,True,High Intensity Lab,123
OPT-HI-024-02,HI-024,HI-024a,1,0.25,Source,SingleResponse,SR-HI-024-HI-024A,1,1,False,,20,True,High Intensity Lab,124
OPT-HI-024-03,HI-024,HI-024a,2,0.5,Source,SingleResponse,SR-HI-024-HI-024A,1,1,False,,30,True,High Intensity Lab,125
OPT-HI-024-04,HI-024,HI-024a,3,0.75,Source,SingleResponse,SR-HI-024-HI-024A,1,1,False,,40,True,High Intensity Lab,126
OPT-HI-024-05,HI-024,HI-024a,4,1,Source,SingleResponse,SR-HI-024-HI-024A,1,1,False,,50,True,High Intensity Lab,127
OPT-HI-025-01,HI-025,HI-025a,"72"" entry door from circulation",1,Source,SingleResponse,SR-HI-025-HI-025A,1,1,False,,10,True,High Intensity Lab,129
OPT-HI-025-02,HI-025,HI-025b,"84"" entry door from circulation",1,Source,SingleResponse,SR-HI-025-HI-025B,1,1,False,,20,True,High Intensity Lab,130
OPT-HI-025-03,HI-025,HI-025c,At least two doors connect the space to the circulation path,1,Source,SingleResponse,SR-HI-025-HI-025C,1,1,False,,30,True,High Intensity Lab,131
OPT-HI-025-04,HI-025,HI-025i,Other (please note),,Inventory,Inventory,INV-HI-025-HI-025I,0,0,False,,40,True,High Intensity Lab,132
OPT-HI-025-05,HI-025,HI-025d,None of the above,0,Source,SingleResponse,SR-HI-025-HI-025D,1,1,False,,50,True,High Intensity Lab,133
OPT-HI-026-01,HI-026,HI-026a,Utility sink,1,Source,SingleResponse,SR-HI-026-HI-026A,1,1,False,,10,True,High Intensity Lab,135
OPT-HI-026-02,HI-026,HI-026b,Water access,1,Source,SingleResponse,SR-HI-026-HI-026B,1,1,False,,20,True,High Intensity Lab,136
OPT-HI-026-03,HI-026,HI-026c,Gas access,1,Source,SingleResponse,SR-HI-026-HI-026C,1,1,False,,30,True,High Intensity Lab,137
OPT-HI-026-04,HI-026,HI-026d,Drainage designed to accommodate oil/waste,1,Source,SingleResponse,SR-HI-026-HI-026D,1,1,False,,40,True,High Intensity Lab,138
OPT-HI-026-05,HI-026,HI-026i,Acid neutralization,,Inventory,Inventory,INV-HI-026-HI-026I,0,0,False,,50,True,High Intensity Lab,139
OPT-HI-026-06,HI-026,HI-026i,Oil/water separator,,Inventory,Inventory,INV-HI-026-HI-026I,0,0,False,,60,True,High Intensity Lab,140
OPT-HI-026-07,HI-026,HI-026i,Solid separator,,Inventory,Inventory,INV-HI-026-HI-026I,0,0,False,,70,True,High Intensity Lab,141
OPT-HI-026-08,HI-026,HI-026e,None of the above,0,Source,SingleResponse,SR-HI-026-HI-026E,1,1,False,,80,True,High Intensity Lab,142
OPT-HI-027-01,HI-027,HI-027a,Particle collection system,1,Source,SingleResponse,SR-HI-027-HI-027A,1,1,False,,10,True,High Intensity Lab,144
OPT-HI-027-02,HI-027,HI-027b,Vacuum,1,Source,SingleResponse,SR-HI-027-HI-027B,1,1,False,,20,True,High Intensity Lab,145
OPT-HI-027-03,HI-027,HI-027c,Compressed air,1,Source,SingleResponse,SR-HI-027-HI-027C,1,1,False,,30,True,High Intensity Lab,146
OPT-HI-027-04,HI-027,HI-027d,None of the above,0,Source,SingleResponse,SR-HI-027-HI-027D,1,1,False,,40,True,High Intensity Lab,147
OPT-HI-028-01,HI-028,HI-028a,"Exhaust fans present, retrofitted",1,Source,SingleResponse,SR-HI-028-HI-028A,1,1,False,,10,True,High Intensity Lab,149
OPT-HI-028-02,HI-028,HI-028a,"Exhaust fans present, not retrofitted",0.5,Source,SingleResponse,SR-HI-028-HI-028A,1,1,False,,20,True,High Intensity Lab,150
OPT-HI-028-03,HI-028,HI-028a,No exhaust fans present,0,Source,SingleResponse,SR-HI-028-HI-028A,1,1,False,,30,True,High Intensity Lab,151
OPT-HI-028-04,HI-028,HI-028a,Unable to assess (note reason),,Exclusion,SingleResponse,SR-HI-028-HI-028A,0,1,True,,40,True,High Intensity Lab,152
OPT-HI-029-01,HI-029,HI-029i,Individual student desks,,Inventory,Inventory,INV-HI-029-HI-029I,0,0,False,,10,True,High Intensity Lab,154
OPT-HI-029-02,HI-029,HI-029i,Chair-height student tables,,Inventory,Inventory,INV-HI-029-HI-029I,0,0,False,,20,True,High Intensity Lab,155
OPT-HI-029-03,HI-029,HI-029i,Lab/shop stations or benches,,Inventory,Inventory,INV-HI-029-HI-029I,0,0,False,,30,True,High Intensity Lab,156
OPT-HI-029-04,HI-029,HI-029i,"Hard seating (e.g., standard chairs, stools)",,Inventory,Inventory,INV-HI-029-HI-029I,0,0,False,,40,True,High Intensity Lab,157
OPT-HI-029-05,HI-029,HI-029i,"One or more mobile writing surfaces (i.e., mobile markerboards)",,Inventory,Inventory,INV-HI-029-HI-029I,0,0,False,,50,True,High Intensity Lab,158
OPT-HI-029-06,HI-029,HI-029i,One or more mobile monitors,,Inventory,Inventory,INV-HI-029-HI-029I,0,0,False,,60,True,High Intensity Lab,159
OPT-HI-029-07,HI-029,HI-029i,Other (please note),,Inventory,Inventory,INV-HI-029-HI-029I,0,0,False,,70,True,High Intensity Lab,160
OPT-HI-029-08,HI-029,HI-029i,None of the above,,Inventory,Inventory,INV-HI-029-HI-029I,0,0,False,,80,True,High Intensity Lab,161
OPT-HI-030-01,HI-030,HI-030a,"Most furniture can be moved by students or a single teacher (e.g., casters, lightweight pieces)",1,Source,SingleResponse,SR-HI-030-HI-030A,1,1,False,,10,True,High Intensity Lab,163
OPT-HI-030-02,HI-030,HI-030a,"Some furniture is movable, some is heavy or fixed",0.5,Source,SingleResponse,SR-HI-030-HI-030A,1,1,False,,20,True,High Intensity Lab,164
OPT-HI-030-03,HI-030,HI-030a,"Most furniture is heavy, fixed, or impractical to move",0,Source,SingleResponse,SR-HI-030-HI-030A,1,1,False,,30,True,High Intensity Lab,165
OPT-HI-031-01,HI-031,HI-031a,Good - appears relatively new or has minimal wear,1,Source,SingleResponse,SR-HI-031-HI-031A,1,1,False,,10,True,High Intensity Lab,167
OPT-HI-031-02,HI-031,HI-031a,"Fair - some furniture is noticeably worn or aging, but all is functional",0.5,Source,SingleResponse,SR-HI-031-HI-031A,1,1,False,,20,True,High Intensity Lab,168
OPT-HI-031-03,HI-031,HI-031a,"Poor - some or all furniture is significantly worn, damaged, or not usable",0,Source,SingleResponse,SR-HI-031-HI-031A,1,1,False,,30,True,High Intensity Lab,169
OPT-HI-032-01,HI-032,HI-032a,"Resilient flooring (e.g., vinyl, rubber)",1,Source,SingleResponse,SR-HI-032-HI-032A,1,1,False,,10,True,High Intensity Lab,171
OPT-HI-032-02,HI-032,HI-032a,Sealed concrete,1,Source,SingleResponse,SR-HI-032-HI-032A,1,1,False,,20,True,High Intensity Lab,172
OPT-HI-032-03,HI-032,HI-032a,Resinous flooring (epoxy),1,Source,SingleResponse,SR-HI-032-HI-032A,1,1,False,,30,True,High Intensity Lab,173
OPT-HI-032-04,HI-032,HI-032a,"Carpet (i.e., not a loose rug)",0,Source,SingleResponse,SR-HI-032-HI-032A,1,1,False,,40,True,High Intensity Lab,174
OPT-HI-032-05,HI-032,HI-032a,Other (please note),0,Source,SingleResponse,SR-HI-032-HI-032A,1,1,False,,50,True,High Intensity Lab,175
OPT-HI-032-06,HI-032,HI-032a,Unable to assess (note reason),,Exclusion,SingleResponse,SR-HI-032-HI-032A,0,1,True,,60,True,High Intensity Lab,176
OPT-HI-033-01,HI-033,HI-033a,There is an auxiliary entry near the lab that can be used independently from the rest of the campus,1,Source,SingleResponse,SR-HI-033-HI-033A,1,1,False,,10,True,High Intensity Lab,178
OPT-HI-033-02,HI-033,HI-033b,"There are exterior doors from the lab that allow intuitive access from the parking lot (i.e., walkways lead from the parking lot)",1,Source,SingleResponse,SR-HI-033-HI-033B,1,1,False,,20,True,High Intensity Lab,179
OPT-HI-033-03,HI-033,HI-033c,None of the above,0,Source,SingleResponse,SR-HI-033-HI-033C,1,1,False,,30,True,High Intensity Lab,180
OPT-HI-034-01,HI-034,HI-034a,Yes,1,Source,SingleResponse,SR-HI-034-HI-034A,1,1,False,,10,True,High Intensity Lab,182
OPT-HI-034-02,HI-034,HI-034a,No,0,Source,SingleResponse,SR-HI-034-HI-034A,1,1,False,,20,True,High Intensity Lab,183
OPT-HI-034-03,HI-034,HI-034a,Unable to assess (note reason),,Exclusion,SingleResponse,SR-HI-034-HI-034A,0,1,True,,30,True,High Intensity Lab,184
OPT-HI-035-01,HI-035,HI-035a,A family restroom is in close proximity to the lab,1,Source,SingleResponse,SR-HI-035-HI-035A,1,1,False,,10,True,High Intensity Lab,186
OPT-HI-035-02,HI-035,HI-035b,A learner restroom is in close proximity to the lab,1,Source,SingleResponse,SR-HI-035-HI-035B,1,1,False,,20,True,High Intensity Lab,187
OPT-HI-035-03,HI-035,HI-035c,A restroom is in close proximity to the lab,1,Source,SingleResponse,SR-HI-035-HI-035C,1,1,False,,30,True,High Intensity Lab,188
OPT-HI-035-04,HI-035,HI-035d,None of the above,0,Source,SingleResponse,SR-HI-035-HI-035D,1,1,False,,40,True,High Intensity Lab,189
OPT-HI-036-01,HI-036,HI-036a,Yes,1,Source,SingleResponse,SR-HI-036-HI-036A,1,1,False,,10,True,High Intensity Lab,191
OPT-HI-036-02,HI-036,HI-036a,No,0,Source,SingleResponse,SR-HI-036-HI-036A,1,1,False,,20,True,High Intensity Lab,192
OPT-HI-036-03,HI-036,HI-036a,Unable to assess (note reason),,Exclusion,SingleResponse,SR-HI-036-HI-036A,0,1,True,,30,True,High Intensity Lab,193
OPT-HI-037-01,HI-037,HI-037i,PA speaker,,Inventory,Inventory,INV-HI-037-HI-037I,0,0,False,,10,True,High Intensity Lab,195
OPT-HI-037-02,HI-037,HI-037i,Synchronous clock,,Inventory,Inventory,INV-HI-037-HI-037I,0,0,False,,20,True,High Intensity Lab,196
OPT-HI-037-03,HI-037,HI-037i,None of the above,,Inventory,Inventory,INV-HI-037-HI-037I,0,0,False,,30,True,High Intensity Lab,197
OPT-EA-002-01,EA-002,EA-002a,Yes,1,Source,SingleResponse,SR-EA-002-EA-002A,1,1,False,,10,True,Visual Arts,7
OPT-EA-002-02,EA-002,EA-002a,No,0,Source,SingleResponse,SR-EA-002-EA-002A,1,1,False,,20,True,Visual Arts,8
OPT-EA-002-03,EA-002,EA-002a,Unable to assess (note reason),,Exclusion,SingleResponse,SR-EA-002-EA-002A,0,1,True,,30,True,Visual Arts,9
OPT-EA-003-01,EA-003,EA-003a,Primary light fixtures are dimmable,1,Source,SingleResponse,SR-EA-003-EA-003A,1,1,False,,10,True,Visual Arts,11
OPT-EA-003-02,EA-003,EA-003b,Primary light fixtures are LED,1,Source,SingleResponse,SR-EA-003-EA-003B,1,1,False,,20,True,Visual Arts,12
OPT-EA-003-03,EA-003,EA-003c,None of the above,0,Source,SingleResponse,SR-EA-003-EA-003C,1,1,False,,30,True,Visual Arts,13
OPT-EA-004-01,EA-004,EA-004a,Kiln,1,Source,SingleResponse,SR-EA-004-EA-004A,1,1,False,,10,True,Visual Arts,15
OPT-EA-004-02,EA-004,EA-004b,Dedicated storage closet,1,Source,SingleResponse,SR-EA-004-EA-004B,1,1,False,,20,True,Visual Arts,16
OPT-EA-004-03,EA-004,EA-004c,None of the above,0,Source,SingleResponse,SR-EA-004-EA-004C,1,1,False,,30,True,Visual Arts,17
OPT-EA-005-01,EA-005,EA-005a,Good - walls are painted in light colors and accent color is used to reduce monotony,1,Source,SingleResponse,SR-EA-005-EA-005A,1,1,False,,10,True,Visual Arts,19
OPT-EA-005-02,EA-005,EA-005a,Fair - walls are painted in light colors but no accent color is used,0.5,Source,SingleResponse,SR-EA-005-EA-005A,1,1,False,,20,True,Visual Arts,20
OPT-EA-005-03,EA-005,EA-005a,Poor - walls are painted in dark or monotonous colors,0,Source,SingleResponse,SR-EA-005-EA-005A,1,1,False,,30,True,Visual Arts,21
OPT-EA-005-04,EA-005,EA-005a,Unable to assess (note reason),,Exclusion,SingleResponse,SR-EA-005-EA-005A,0,1,True,,40,True,Visual Arts,22
OPT-EA-006-01,EA-006,EA-006a,Yes,1,Source,SingleResponse,SR-EA-006-EA-006A,1,1,False,,10,True,Visual Arts,24
OPT-EA-006-02,EA-006,EA-006a,No,0,Source,SingleResponse,SR-EA-006-EA-006A,1,1,False,,20,True,Visual Arts,25
OPT-EA-006-03,EA-006,EA-006a,Unable to assess (note reason),,Exclusion,SingleResponse,SR-EA-006-EA-006A,0,1,True,,30,True,Visual Arts,26
OPT-EA-007-01,EA-007,EA-007a,"Yes, and there are views to the exterior",1,Source,SingleResponse,SR-EA-007-EA-007A,1,1,False,,10,True,Visual Arts,28
OPT-EA-007-02,EA-007,EA-007a,"Yes, but there are no views to the exterior",0.5,Source,SingleResponse,SR-EA-007-EA-007A,1,1,False,,20,True,Visual Arts,29
OPT-EA-007-03,EA-007,EA-007a,No,0,Source,SingleResponse,SR-EA-007-EA-007A,1,1,False,,30,True,Visual Arts,30
OPT-EA-007-04,EA-007,EA-007a,Unable to assess (note reason),,Exclusion,SingleResponse,SR-EA-007-EA-007A,0,1,True,,40,True,Visual Arts,31
OPT-EA-008-01,EA-008,EA-008a,"Access to views of the outdoors (e.g., not solely a view of an exterior wall)",1,Source,SingleResponse,SR-EA-008-EA-008A,1,1,False,,10,True,Visual Arts,33
OPT-EA-008-02,EA-008,EA-008b,Only clerestory windows are provided,0.5,Source,SingleResponse,SR-EA-008-EA-008B,1,1,False,,20,True,Visual Arts,34
OPT-EA-008-03,EA-008,EA-008c,None of the above,0,Source,SingleResponse,SR-EA-008-EA-008C,1,1,False,,30,True,Visual Arts,35
OPT-EA-009-01,EA-009,EA-009a,Roller shades are provided,1,Source,SingleResponse,SR-EA-009-EA-009A,1,1,False,,10,True,Visual Arts,37
OPT-EA-009-02,EA-009,EA-009a,Mini-blinds are provided,0.5,Source,SingleResponse,SR-EA-009-EA-009A,1,1,False,,20,True,Visual Arts,38
OPT-EA-009-03,EA-009,EA-009a,Other (please note),0,Source,SingleResponse,SR-EA-009-EA-009A,1,1,False,,30,True,Visual Arts,39
OPT-EA-009-04,EA-009,EA-009a,No window coverings are provided,0,Source,SingleResponse,SR-EA-009-EA-009A,1,1,False,,40,True,Visual Arts,40
OPT-EA-009-05,EA-009,EA-009a,Unable to assess (note reason),,Exclusion,SingleResponse,SR-EA-009-EA-009A,0,1,True,,50,True,Visual Arts,41
OPT-EA-010-01,EA-010,EA-010i,Built-in casework is provided,,Inventory,Inventory,INV-EA-010-EA-010I,0,0,False,,10,True,Visual Arts,43
OPT-EA-010-02,EA-010,EA-010i,Counter space is provided,,Inventory,Inventory,INV-EA-010-EA-010I,0,0,False,,20,True,Visual Arts,44
OPT-EA-010-03,EA-010,EA-010i,"Furniture-based storage is provided (i.e., shelving or cabinets)",,Inventory,Inventory,INV-EA-010-EA-010I,0,0,False,,30,True,Visual Arts,45
OPT-EA-010-04,EA-010,EA-010i,Some or all storage is lockable,,Inventory,Inventory,INV-EA-010-EA-010I,0,0,False,,40,True,Visual Arts,46
OPT-EA-010-05,EA-010,EA-010i,None of the above,,Inventory,Inventory,INV-EA-010-EA-010I,0,0,False,,50,True,Visual Arts,47
OPT-EA-011-01,EA-011,EA-011a,Good - storage appears sufficient; the space is organized with little visible clutter,1,Source,SingleResponse,SR-EA-011-EA-011A,1,1,False,,10,True,Visual Arts,49
OPT-EA-011-02,EA-011,EA-011a,Fair - storage appears mostly sufficient; some clutter or overflow is visible,0.5,Source,SingleResponse,SR-EA-011-EA-011A,1,1,False,,20,True,Visual Arts,50
OPT-EA-011-03,EA-011,EA-011a,Poor - storage appears insufficient; significant clutter or materials without a home,0,Source,SingleResponse,SR-EA-011-EA-011A,1,1,False,,30,True,Visual Arts,51
OPT-EA-011-04,EA-011,EA-011a,Unable to assess (note reason),,Exclusion,SingleResponse,SR-EA-011-EA-011A,0,1,True,,40,True,Visual Arts,52
OPT-EA-012-01,EA-012,EA-012a,None,0,Source,SingleResponse,SR-EA-012-EA-012A,1,1,False,,10,True,Visual Arts,54
OPT-EA-012-02,EA-012,EA-012a,<8 linear feet,0.25,Source,SingleResponse,SR-EA-012-EA-012A,1,1,False,,20,True,Visual Arts,55
OPT-EA-012-03,EA-012,EA-012a,8 to <16 linear feet,0.5,Source,SingleResponse,SR-EA-012-EA-012A,1,1,False,,30,True,Visual Arts,56
OPT-EA-012-04,EA-012,EA-012a,16 to <22 linear feet,0.75,Source,SingleResponse,SR-EA-012-EA-012A,1,1,False,,40,True,Visual Arts,57
OPT-EA-012-05,EA-012,EA-012a,22+ linear feet,1,Source,SingleResponse,SR-EA-012-EA-012A,1,1,False,,50,True,Visual Arts,58
OPT-EA-012-06,EA-012,EA-012a,Unable to assess (note reason),,Exclusion,SingleResponse,SR-EA-012-EA-012A,0,1,True,,60,True,Visual Arts,59
OPT-EA-013-01,EA-013,EA-013a,None,0,Source,SingleResponse,SR-EA-013-EA-013A,1,1,False,,10,True,Visual Arts,61
OPT-EA-013-02,EA-013,EA-013a,<6 linear feet,0.33,Source,SingleResponse,SR-EA-013-EA-013A,1,1,False,,20,True,Visual Arts,62
OPT-EA-013-03,EA-013,EA-013a,6 to <10 linear feet,0.66,Source,SingleResponse,SR-EA-013-EA-013A,1,1,False,,30,True,Visual Arts,63
OPT-EA-013-04,EA-013,EA-013a,10+ linear feet,1,Source,SingleResponse,SR-EA-013-EA-013A,1,1,False,,40,True,Visual Arts,64
OPT-EA-013-05,EA-013,EA-013a,Unable to assess (note reason),,Exclusion,SingleResponse,SR-EA-013-EA-013A,0,1,True,,50,True,Visual Arts,65
OPT-EA-014-01,EA-014,EA-014a,None,0,Source,SingleResponse,SR-EA-014-EA-014A,1,1,False,,10,True,Visual Arts,67
OPT-EA-014-02,EA-014,EA-014a,<4 linear feet,0.25,Source,SingleResponse,SR-EA-014-EA-014A,1,1,False,,20,True,Visual Arts,68
OPT-EA-014-03,EA-014,EA-014a,4 to <8 linear feet,0.5,Source,SingleResponse,SR-EA-014-EA-014A,1,1,False,,30,True,Visual Arts,69
OPT-EA-014-04,EA-014,EA-014a,8 to <12 linear feet,0.75,Source,SingleResponse,SR-EA-014-EA-014A,1,1,False,,40,True,Visual Arts,70
OPT-EA-014-05,EA-014,EA-014a,12+ linear feet,1,Source,SingleResponse,SR-EA-014-EA-014A,1,1,False,,50,True,Visual Arts,71
OPT-EA-014-06,EA-014,EA-014a,Unable to assess (note reason),,Exclusion,SingleResponse,SR-EA-014-EA-014A,0,1,True,,60,True,Visual Arts,72
OPT-EA-015-01,EA-015,EA-015i,Tackstrip,,Inventory,Inventory,INV-EA-015-EA-015I,0,0,False,,10,True,Visual Arts,74
OPT-EA-015-02,EA-015,EA-015i,Tackboard,,Inventory,Inventory,INV-EA-015-EA-015I,0,0,False,,20,True,Visual Arts,75
OPT-EA-015-03,EA-015,EA-015i,Tackwall,,Inventory,Inventory,INV-EA-015-EA-015I,0,0,False,,30,True,Visual Arts,76
OPT-EA-015-04,EA-015,EA-015i,Magnetic markerboard,,Inventory,Inventory,INV-EA-015-EA-015I,0,0,False,,40,True,Visual Arts,77
OPT-EA-015-05,EA-015,EA-015i,Display case,,Inventory,Inventory,INV-EA-015-EA-015I,0,0,False,,50,True,Visual Arts,78
OPT-EA-015-06,EA-015,EA-015i,None of the above,,Inventory,Inventory,INV-EA-015-EA-015I,0,0,False,,60,True,Visual Arts,79
OPT-EA-016-01,EA-016,EA-016a,None,0,Source,SingleResponse,SR-EA-016-EA-016A,1,1,False,,10,True,Visual Arts,81
OPT-EA-016-02,EA-016,EA-016a,<4 linear feet,0.25,Source,SingleResponse,SR-EA-016-EA-016A,1,1,False,,20,True,Visual Arts,82
OPT-EA-016-03,EA-016,EA-016a,4 to <8 linear feet,0.5,Source,SingleResponse,SR-EA-016-EA-016A,1,1,False,,30,True,Visual Arts,83
OPT-EA-016-04,EA-016,EA-016a,8 to <12 linear feet,0.75,Source,SingleResponse,SR-EA-016-EA-016A,1,1,False,,40,True,Visual Arts,84
OPT-EA-016-05,EA-016,EA-016a,12+ linear feet,1,Source,SingleResponse,SR-EA-016-EA-016A,1,1,False,,50,True,Visual Arts,85
OPT-EA-016-06,EA-016,EA-016a,Unable to assess (note reason),,Exclusion,SingleResponse,SR-EA-016-EA-016A,0,1,True,,60,True,Visual Arts,86
OPT-EA-017-01,EA-017,EA-017a,None,0,Source,SingleResponse,SR-EA-017-EA-017A,1,1,False,,10,True,Visual Arts,88
OPT-EA-017-02,EA-017,EA-017a,<4 linear feet,0.33,Source,SingleResponse,SR-EA-017-EA-017A,1,1,False,,20,True,Visual Arts,89
OPT-EA-017-03,EA-017,EA-017a,4 to <8 linear feet,0.66,Source,SingleResponse,SR-EA-017-EA-017A,1,1,False,,30,True,Visual Arts,90
OPT-EA-017-04,EA-017,EA-017a,8+ linear feet,1,Source,SingleResponse,SR-EA-017-EA-017A,1,1,False,,40,True,Visual Arts,91
OPT-EA-017-05,EA-017,EA-017a,Unable to assess (note reason),,Exclusion,SingleResponse,SR-EA-017-EA-017A,0,1,True,,50,True,Visual Arts,92
OPT-EA-018-01,EA-018,EA-018a,0,0,Source,SingleResponse,SR-EA-018-EA-018A,1,1,False,,10,True,Visual Arts,94
OPT-EA-018-02,EA-018,EA-018a,1-2,0.25,Source,SingleResponse,SR-EA-018-EA-018A,1,1,False,,20,True,Visual Arts,95
OPT-EA-018-03,EA-018,EA-018a,3-4,0.5,Source,SingleResponse,SR-EA-018-EA-018A,1,1,False,,30,True,Visual Arts,96
OPT-EA-018-04,EA-018,EA-018a,5-7,0.75,Source,SingleResponse,SR-EA-018-EA-018A,1,1,False,,40,True,Visual Arts,97
OPT-EA-018-05,EA-018,EA-018a,8+,1,Source,SingleResponse,SR-EA-018-EA-018A,1,1,False,,50,True,Visual Arts,98
OPT-EA-019-01,EA-019,EA-019a,0,0,Source,SingleResponse,SR-EA-019-EA-019A,1,1,False,,10,True,Visual Arts,100
OPT-EA-019-02,EA-019,EA-019a,1,0.25,Source,SingleResponse,SR-EA-019-EA-019A,1,1,False,,20,True,Visual Arts,101
OPT-EA-019-03,EA-019,EA-019a,2,0.5,Source,SingleResponse,SR-EA-019-EA-019A,1,1,False,,30,True,Visual Arts,102
OPT-EA-019-04,EA-019,EA-019a,3,0.75,Source,SingleResponse,SR-EA-019-EA-019A,1,1,False,,40,True,Visual Arts,103
OPT-EA-019-05,EA-019,EA-019a,4,1,Source,SingleResponse,SR-EA-019-EA-019A,1,1,False,,50,True,Visual Arts,104
OPT-EA-020-01,EA-020,EA-020a,A thermostat is provided that has adjustable temperature controls,1,Source,SingleResponse,SR-EA-020-EA-020A,1,1,False,,10,True,Visual Arts,106
OPT-EA-020-02,EA-020,EA-020a,A thermostat is provided that does not have adjustable temperature controls,0.5,Source,SingleResponse,SR-EA-020-EA-020A,1,1,False,,20,True,Visual Arts,107
OPT-EA-020-03,EA-020,EA-020a,Only a temperature sensor is provided,0.5,Source,SingleResponse,SR-EA-020-EA-020A,1,1,False,,30,True,Visual Arts,108
OPT-EA-020-04,EA-020,EA-020a,No thermostat or sensor is present in the space,0,Source,SingleResponse,SR-EA-020-EA-020A,1,1,False,,40,True,Visual Arts,109
OPT-EA-021-01,EA-021,EA-021a,Full-height interior window,1,Source,SingleResponse,SR-EA-021-EA-021A,1,1,False,,10,True,Visual Arts,111
OPT-EA-021-02,EA-021,EA-021b,Half-height interior window,1,Source,SingleResponse,SR-EA-021-EA-021B,1,1,False,,20,True,Visual Arts,112
OPT-EA-021-03,EA-021,EA-021c,Sidelight,1,Source,SingleResponse,SR-EA-021-EA-021C,1,1,False,,30,True,Visual Arts,113
OPT-EA-021-04,EA-021,EA-021d,"Door panel (i.e., glass panel in the door)",0,Source,SingleResponse,SR-EA-021-EA-021D,1,1,False,,40,True,Visual Arts,114
OPT-EA-021-05,EA-021,EA-021e,None of the above,0,Source,SingleResponse,SR-EA-021-EA-021E,1,1,False,,50,True,Visual Arts,115
OPT-EA-022-01,EA-022,EA-022i,Less than half,,Inventory,Inventory,INV-EA-022-EA-022I,0,0,False,,10,True,Visual Arts,117
OPT-EA-022-02,EA-022,EA-022i,About half,,Inventory,Inventory,INV-EA-022-EA-022I,0,0,False,,20,True,Visual Arts,118
OPT-EA-022-03,EA-022,EA-022i,Most of the wall,,Inventory,Inventory,INV-EA-022-EA-022I,0,0,False,,30,True,Visual Arts,119
OPT-EA-023-01,EA-023,EA-023a,Interior windows and doors with glass can be covered with a single movement,1,Source,SingleResponse,SR-EA-023-EA-023A,1,1,False,,10,True,Visual Arts,121
OPT-EA-023-02,EA-023,EA-023b,Exterior windows and doors with glass can be covered with a single movement,1,Source,SingleResponse,SR-EA-023-EA-023B,1,1,False,,20,True,Visual Arts,122
OPT-EA-023-03,EA-023,EA-023c,There is an area large enough for a full class to easily get out of sight to shelter-in-place (without needing to cover windows or doors with glass),1,Source,SingleResponse,SR-EA-023-EA-023C,1,1,False,,30,True,Visual Arts,123
OPT-EA-023-04,EA-023,EA-023d,Interior door hardware is lockable from inside the space with a push button or thumb turn lock,1,Source,SingleResponse,SR-EA-023-EA-023D,1,1,False,,40,True,Visual Arts,124
OPT-EA-023-05,EA-023,EA-023e,None of the above,0,Source,SingleResponse,SR-EA-023-EA-023E,1,1,False,,50,True,Visual Arts,125
OPT-EA-024-01,EA-024,EA-024a,"Most furniture can be moved by students or a single teacher (e.g., casters, lightweight pieces)",1,Source,SingleResponse,SR-EA-024-EA-024A,1,1,False,,10,True,Visual Arts,127
OPT-EA-024-02,EA-024,EA-024a,"Some furniture is movable, some is heavy or fixed",0.5,Source,SingleResponse,SR-EA-024-EA-024A,1,1,False,,20,True,Visual Arts,128
OPT-EA-024-03,EA-024,EA-024a,"Most furniture is heavy, fixed, or impractical to move",0,Source,SingleResponse,SR-EA-024-EA-024A,1,1,False,,30,True,Visual Arts,129
OPT-EA-025-01,EA-025,EA-025a,Varied seating is provided for multiple students across multiple areas of the space,1,Source,SingleResponse,SR-EA-025-EA-025A,1,1,False,,10,True,Visual Arts,131
OPT-EA-025-02,EA-025,EA-025a,"Limited varied seating is provided (i.e., a single area or only a few students accommodated at a time)",0.5,Source,SingleResponse,SR-EA-025-EA-025A,1,1,False,,20,True,Visual Arts,132
OPT-EA-025-03,EA-025,EA-025a,No varied seating is provided,0,Source,SingleResponse,SR-EA-025-EA-025A,1,1,False,,30,True,Visual Arts,133
OPT-EA-025-04,EA-025,EA-025a,Unable to assess (note reason),,Exclusion,SingleResponse,SR-EA-025-EA-025A,0,1,True,,40,True,Visual Arts,134
OPT-EA-026-01,EA-026,EA-026i,Individual student desks,,Inventory,Inventory,INV-EA-026-EA-026I,0,0,False,,10,True,Visual Arts,136
OPT-EA-026-02,EA-026,EA-026i,Chair-height student tables,,Inventory,Inventory,INV-EA-026-EA-026I,0,0,False,,20,True,Visual Arts,137
OPT-EA-026-03,EA-026,EA-026i,"Floor-height student tables (i.e., low tables for floor seating)",,Inventory,Inventory,INV-EA-026-EA-026I,0,0,False,,30,True,Visual Arts,138
OPT-EA-026-04,EA-026,EA-026i,Standing-height student desks/tables/worksurfaces,,Inventory,Inventory,INV-EA-026-EA-026I,0,0,False,,40,True,Visual Arts,139
OPT-EA-026-05,EA-026,EA-026i,"Hard seating (e.g., standard chairs, stools)",,Inventory,Inventory,INV-EA-026-EA-026I,0,0,False,,50,True,Visual Arts,140
OPT-EA-026-06,EA-026,EA-026i,"Active seating (e.g., wobble stools, rockers)",,Inventory,Inventory,INV-EA-026-EA-026I,0,0,False,,60,True,Visual Arts,141
OPT-EA-026-07,EA-026,EA-026i,"One or more mobile writing surfaces (i.e., mobile markerboards)",,Inventory,Inventory,INV-EA-026-EA-026I,0,0,False,,70,True,Visual Arts,142
OPT-EA-026-08,EA-026,EA-026i,One or more mobile tackboards,,Inventory,Inventory,INV-EA-026-EA-026I,0,0,False,,80,True,Visual Arts,143
OPT-EA-026-09,EA-026,EA-026i,One or more mobile monitors,,Inventory,Inventory,INV-EA-026-EA-026I,0,0,False,,90,True,Visual Arts,144
OPT-EA-026-10,EA-026,EA-026i,Other (please note),,Inventory,Inventory,INV-EA-026-EA-026I,0,0,False,,100,True,Visual Arts,145
OPT-EA-026-11,EA-026,EA-026i,None of the above,,Inventory,Inventory,INV-EA-026-EA-026I,0,0,False,,110,True,Visual Arts,146
OPT-EA-027-01,EA-027,EA-027a,Good - appears relatively new or has minimal wear,1,Source,SingleResponse,SR-EA-027-EA-027A,1,1,False,,10,True,Visual Arts,148
OPT-EA-027-02,EA-027,EA-027a,"Fair - some furniture is noticeably worn or aging, but all is functional",0.5,Source,SingleResponse,SR-EA-027-EA-027A,1,1,False,,20,True,Visual Arts,149
OPT-EA-027-03,EA-027,EA-027a,"Poor - some or all furniture is significantly worn, damaged, or not usable",0,Source,SingleResponse,SR-EA-027-EA-027A,1,1,False,,30,True,Visual Arts,150
OPT-EA-028-01,EA-028,EA-028a,"Resilient flooring (e.g., vinyl, rubber)",1,Source,SingleResponse,SR-EA-028-EA-028A,1,1,False,,10,True,Visual Arts,152
OPT-EA-028-02,EA-028,EA-028a,Terrazzo,0,Source,SingleResponse,SR-EA-028-EA-028A,1,1,False,,20,True,Visual Arts,153
OPT-EA-028-03,EA-028,EA-028a,Polished concrete,1,Source,SingleResponse,SR-EA-028-EA-028A,1,1,False,,30,True,Visual Arts,154
OPT-EA-028-04,EA-028,EA-028a,"Carpet (i.e., not a loose rug)",0,Source,SingleResponse,SR-EA-028-EA-028A,1,1,False,,40,True,Visual Arts,155
OPT-EA-028-05,EA-028,EA-028a,Other (please note),0,Source,SingleResponse,SR-EA-028-EA-028A,1,1,False,,50,True,Visual Arts,156
OPT-EA-028-06,EA-028,EA-028a,Unable to assess (note reason),,Exclusion,SingleResponse,SR-EA-028-EA-028A,0,1,True,,60,True,Visual Arts,157
OPT-EA-029-01,EA-029,EA-029a,Exterior door within the space,1,Source,SingleResponse,SR-EA-029-EA-029A,1,1,False,,10,True,Visual Arts,159
OPT-EA-029-02,EA-029,EA-029a,Exterior door directly outside the space,0.5,Source,SingleResponse,SR-EA-029-EA-029A,1,1,False,,20,True,Visual Arts,160
OPT-EA-029-03,EA-029,EA-029a,Neither,0,Source,SingleResponse,SR-EA-029-EA-029A,1,1,False,,30,True,Visual Arts,161
OPT-EA-029-04,EA-029,EA-029a,Unable to assess (note reason),,Exclusion,SingleResponse,SR-EA-029-EA-029A,0,1,True,,40,True,Visual Arts,162
OPT-EA-030-01,EA-030,EA-030a,Yes,1,Source,SingleResponse,SR-EA-030-EA-030A,1,1,False,,10,True,Visual Arts,164
OPT-EA-030-02,EA-030,EA-030a,No,0,Source,SingleResponse,SR-EA-030-EA-030A,1,1,False,,20,True,Visual Arts,165
OPT-EA-030-03,EA-030,EA-030a,Unable to assess (note reason),,Exclusion,SingleResponse,SR-EA-030-EA-030A,0,1,True,,30,True,Visual Arts,166
OPT-EA-031-01,EA-031,EA-031i,Sink,,Inventory,Inventory,INV-EA-031-EA-031I,0,0,False,,10,True,Visual Arts,168
OPT-EA-031-02,EA-031,EA-031i,Utility sink,,Inventory,Inventory,INV-EA-031-EA-031I,0,0,False,,20,True,Visual Arts,169
OPT-EA-031-03,EA-031,EA-031i,Floor drain,,Inventory,Inventory,INV-EA-031-EA-031I,0,0,False,,30,True,Visual Arts,170
OPT-EA-031-04,EA-031,EA-031i,Clay trap,,Inventory,Inventory,INV-EA-031-EA-031I,0,0,False,,40,True,Visual Arts,171
OPT-EA-031-05,EA-031,EA-031i,None of the above,,Inventory,Inventory,INV-EA-031-EA-031I,0,0,False,,50,True,Visual Arts,172
OPT-EA-032-01,EA-032,EA-032a,Yes,1,Source,SingleResponse,SR-EA-032-EA-032A,1,1,False,,10,True,Visual Arts,174
OPT-EA-032-02,EA-032,EA-032a,No,0,Source,SingleResponse,SR-EA-032-EA-032A,1,1,False,,20,True,Visual Arts,175
OPT-EA-032-03,EA-032,EA-032a,Unable to assess (note reason),,Exclusion,SingleResponse,SR-EA-032-EA-032A,0,1,True,,30,True,Visual Arts,176
OPT-TW-002-01,TW-002,TW-002a,Yes,1,Source,SingleResponse,SR-TW-002-TW-002A,1,1,False,,10,True,Visual Arts,182
OPT-TW-002-02,TW-002,TW-002a,No,0,Source,SingleResponse,SR-TW-002-TW-002A,1,1,False,,20,True,Visual Arts,183
OPT-TW-002-03,TW-002,TW-002a,Unable to assess (note reason),,Exclusion,SingleResponse,SR-TW-002-TW-002A,0,1,True,,30,True,Visual Arts,184
OPT-TW-003-01,TW-003,TW-003a,Primary light fixtures are dimmable,1,Source,SingleResponse,SR-TW-003-TW-003A,1,1,False,,10,True,Visual Arts,186
OPT-TW-003-02,TW-003,TW-003b,Primary light fixtures are LED,1,Source,SingleResponse,SR-TW-003-TW-003B,1,1,False,,20,True,Visual Arts,187
OPT-TW-003-03,TW-003,TW-003c,None of the above,0,Source,SingleResponse,SR-TW-003-TW-003C,1,1,False,,30,True,Visual Arts,188
OPT-TW-004-01,TW-004,TW-004a,Good - walls are painted in light colors and accent color is used to reduce monotony,1,Source,SingleResponse,SR-TW-004-TW-004A,1,1,False,,10,True,Visual Arts,190
OPT-TW-004-02,TW-004,TW-004a,Fair - walls are painted in light colors but no accent color is used,0.5,Source,SingleResponse,SR-TW-004-TW-004A,1,1,False,,20,True,Visual Arts,191
OPT-TW-004-03,TW-004,TW-004a,Poor - walls are painted in dark or monotonous colors,0,Source,SingleResponse,SR-TW-004-TW-004A,1,1,False,,30,True,Visual Arts,192
OPT-TW-004-04,TW-004,TW-004a,Unable to assess (note reason),,Exclusion,SingleResponse,SR-TW-004-TW-004A,0,1,True,,40,True,Visual Arts,193
OPT-TW-005-01,TW-005,TW-005a,Yes,1,Source,SingleResponse,SR-TW-005-TW-005A,1,1,False,,10,True,Visual Arts,195
OPT-TW-005-02,TW-005,TW-005a,No,0,Source,SingleResponse,SR-TW-005-TW-005A,1,1,False,,20,True,Visual Arts,196
OPT-TW-005-03,TW-005,TW-005a,Unable to assess (note reason),,Exclusion,SingleResponse,SR-TW-005-TW-005A,0,1,True,,30,True,Visual Arts,197
OPT-TW-006-01,TW-006,TW-006a,"Yes, and there are views to the exterior",1,Source,SingleResponse,SR-TW-006-TW-006A,1,1,False,,10,True,Visual Arts,199
OPT-TW-006-02,TW-006,TW-006a,"Yes, but there are no views to the exterior",0.5,Source,SingleResponse,SR-TW-006-TW-006A,1,1,False,,20,True,Visual Arts,200
OPT-TW-006-03,TW-006,TW-006a,No,0,Source,SingleResponse,SR-TW-006-TW-006A,1,1,False,,30,True,Visual Arts,201
OPT-TW-006-04,TW-006,TW-006a,Unable to assess (note reason),,Exclusion,SingleResponse,SR-TW-006-TW-006A,0,1,True,,40,True,Visual Arts,202
OPT-TW-007-01,TW-007,TW-007a,"Access to views of the outdoors (e.g., not solely a view of an exterior wall)",1,Source,SingleResponse,SR-TW-007-TW-007A,1,1,False,,10,True,Visual Arts,204
OPT-TW-007-02,TW-007,TW-007b,Only clerestory windows are provided,0.5,Source,SingleResponse,SR-TW-007-TW-007B,1,1,False,,20,True,Visual Arts,205
OPT-TW-007-03,TW-007,TW-007c,None of the above,0,Source,SingleResponse,SR-TW-007-TW-007C,1,1,False,,30,True,Visual Arts,206
OPT-TW-008-01,TW-008,TW-008a,Roller shades are provided,1,Source,SingleResponse,SR-TW-008-TW-008A,1,1,False,,10,True,Visual Arts,208
OPT-TW-008-02,TW-008,TW-008a,Mini-blinds are provided,0.5,Source,SingleResponse,SR-TW-008-TW-008A,1,1,False,,20,True,Visual Arts,209
OPT-TW-008-03,TW-008,TW-008a,Other (please note),0,Source,SingleResponse,SR-TW-008-TW-008A,1,1,False,,30,True,Visual Arts,210
OPT-TW-008-04,TW-008,TW-008a,No window coverings are provided,0,Source,SingleResponse,SR-TW-008-TW-008A,1,1,False,,40,True,Visual Arts,211
OPT-TW-008-05,TW-008,TW-008a,Unable to assess (note reason),,Exclusion,SingleResponse,SR-TW-008-TW-008A,0,1,True,,50,True,Visual Arts,212
OPT-TW-009-01,TW-009,TW-009i,Built-in casework is provided,,Inventory,Inventory,INV-TW-009-TW-009I,0,0,False,,10,True,Visual Arts,214
OPT-TW-009-02,TW-009,TW-009i,Counter space is provided,,Inventory,Inventory,INV-TW-009-TW-009I,0,0,False,,20,True,Visual Arts,215
OPT-TW-009-03,TW-009,TW-009i,"Furniture-based storage is provided (i.e., shelving or cabinets)",,Inventory,Inventory,INV-TW-009-TW-009I,0,0,False,,30,True,Visual Arts,216
OPT-TW-009-04,TW-009,TW-009i,Some or all storage is lockable,,Inventory,Inventory,INV-TW-009-TW-009I,0,0,False,,40,True,Visual Arts,217
OPT-TW-009-05,TW-009,TW-009i,None of the above,,Inventory,Inventory,INV-TW-009-TW-009I,0,0,False,,50,True,Visual Arts,218
OPT-TW-010-01,TW-010,TW-010a,Good - storage appears sufficient; the space is organized with little visible clutter,1,Source,SingleResponse,SR-TW-010-TW-010A,1,1,False,,10,True,Visual Arts,220
OPT-TW-010-02,TW-010,TW-010a,Fair - storage appears mostly sufficient; some clutter or overflow is visible,0.5,Source,SingleResponse,SR-TW-010-TW-010A,1,1,False,,20,True,Visual Arts,221
OPT-TW-010-03,TW-010,TW-010a,Poor - storage appears insufficient; significant clutter or materials without a home,0,Source,SingleResponse,SR-TW-010-TW-010A,1,1,False,,30,True,Visual Arts,222
OPT-TW-010-04,TW-010,TW-010a,Unable to assess (note reason),,Exclusion,SingleResponse,SR-TW-010-TW-010A,0,1,True,,40,True,Visual Arts,223
OPT-TW-011-01,TW-011,TW-011a,None,0,Source,SingleResponse,SR-TW-011-TW-011A,1,1,False,,10,True,Visual Arts,225
OPT-TW-011-02,TW-011,TW-011a,<10 linear feet,0.25,Source,SingleResponse,SR-TW-011-TW-011A,1,1,False,,20,True,Visual Arts,226
OPT-TW-011-03,TW-011,TW-011a,10 to <20 linear feet,0.5,Source,SingleResponse,SR-TW-011-TW-011A,1,1,False,,30,True,Visual Arts,227
OPT-TW-011-04,TW-011,TW-011a,20 to <30 linear feet,0.75,Source,SingleResponse,SR-TW-011-TW-011A,1,1,False,,40,True,Visual Arts,228
OPT-TW-011-05,TW-011,TW-011a,30+ linear feet,1,Source,SingleResponse,SR-TW-011-TW-011A,1,1,False,,50,True,Visual Arts,229
OPT-TW-011-06,TW-011,TW-011a,Unable to assess (note reason),,Exclusion,SingleResponse,SR-TW-011-TW-011A,0,1,True,,60,True,Visual Arts,230
OPT-TW-012-01,TW-012,TW-012a,None,0,Source,SingleResponse,SR-TW-012-TW-012A,1,1,False,,10,True,Visual Arts,232
OPT-TW-012-02,TW-012,TW-012a,<10 linear feet,0.33,Source,SingleResponse,SR-TW-012-TW-012A,1,1,False,,20,True,Visual Arts,233
OPT-TW-012-03,TW-012,TW-012a,10 to <20 linear feet,0.66,Source,SingleResponse,SR-TW-012-TW-012A,1,1,False,,30,True,Visual Arts,234
OPT-TW-012-04,TW-012,TW-012a,20+ linear feet,1,Source,SingleResponse,SR-TW-012-TW-012A,1,1,False,,40,True,Visual Arts,235
OPT-TW-012-05,TW-012,TW-012a,Unable to assess (note reason),,Exclusion,SingleResponse,SR-TW-012-TW-012A,0,1,True,,50,True,Visual Arts,236
OPT-TW-013-01,TW-013,TW-013a,None,0,Source,SingleResponse,SR-TW-013-TW-013A,1,1,False,,10,True,Visual Arts,238
OPT-TW-013-02,TW-013,TW-013a,<6 linear feet,0.2,Source,SingleResponse,SR-TW-013-TW-013A,1,1,False,,20,True,Visual Arts,239
OPT-TW-013-03,TW-013,TW-013a,6 to <12 linear feet,0.4,Source,SingleResponse,SR-TW-013-TW-013A,1,1,False,,30,True,Visual Arts,240
OPT-TW-013-04,TW-013,TW-013a,12 to <16 linear feet,0.6,Source,SingleResponse,SR-TW-013-TW-013A,1,1,False,,40,True,Visual Arts,241
OPT-TW-013-05,TW-013,TW-013a,16+ linear feet,1,Source,SingleResponse,SR-TW-013-TW-013A,1,1,False,,50,True,Visual Arts,242
OPT-TW-013-06,TW-013,TW-013a,Unable to assess (note reason),,Exclusion,SingleResponse,SR-TW-013-TW-013A,0,1,True,,60,True,Visual Arts,243
OPT-TW-014-01,TW-014,TW-014i,Tackstrip,,Inventory,Inventory,INV-TW-014-TW-014I,0,0,False,,10,True,Visual Arts,245
OPT-TW-014-02,TW-014,TW-014i,Tackboard,,Inventory,Inventory,INV-TW-014-TW-014I,0,0,False,,20,True,Visual Arts,246
OPT-TW-014-03,TW-014,TW-014i,Tackwall,,Inventory,Inventory,INV-TW-014-TW-014I,0,0,False,,30,True,Visual Arts,247
OPT-TW-014-04,TW-014,TW-014i,Magnetic markerboard,,Inventory,Inventory,INV-TW-014-TW-014I,0,0,False,,40,True,Visual Arts,248
OPT-TW-014-05,TW-014,TW-014i,Display case,,Inventory,Inventory,INV-TW-014-TW-014I,0,0,False,,50,True,Visual Arts,249
OPT-TW-014-06,TW-014,TW-014i,None of the above,,Inventory,Inventory,INV-TW-014-TW-014I,0,0,False,,60,True,Visual Arts,250
OPT-TW-015-01,TW-015,TW-015a,None,0,Source,SingleResponse,SR-TW-015-TW-015A,1,1,False,,10,True,Visual Arts,252
OPT-TW-015-02,TW-015,TW-015a,<6 linear feet,0.2,Source,SingleResponse,SR-TW-015-TW-015A,1,1,False,,20,True,Visual Arts,253
OPT-TW-015-03,TW-015,TW-015a,6 to <12 linear feet,0.4,Source,SingleResponse,SR-TW-015-TW-015A,1,1,False,,30,True,Visual Arts,254
OPT-TW-015-04,TW-015,TW-015a,12 to <16 linear feet,0.6,Source,SingleResponse,SR-TW-015-TW-015A,1,1,False,,40,True,Visual Arts,255
OPT-TW-015-05,TW-015,TW-015a,16+ linear feet,1,Source,SingleResponse,SR-TW-015-TW-015A,1,1,False,,50,True,Visual Arts,256
OPT-TW-015-06,TW-015,TW-015a,Unable to assess (note reason),,Exclusion,SingleResponse,SR-TW-015-TW-015A,0,1,True,,60,True,Visual Arts,257
OPT-TW-016-01,TW-016,TW-016a,None,0,Source,SingleResponse,SR-TW-016-TW-016A,1,1,False,,10,True,Visual Arts,259
OPT-TW-016-02,TW-016,TW-016a,<4 linear feet,0.33,Source,SingleResponse,SR-TW-016-TW-016A,1,1,False,,20,True,Visual Arts,260
OPT-TW-016-03,TW-016,TW-016a,4 to <8 linear feet,0.66,Source,SingleResponse,SR-TW-016-TW-016A,1,1,False,,30,True,Visual Arts,261
OPT-TW-016-04,TW-016,TW-016a,8+ linear feet,1,Source,SingleResponse,SR-TW-016-TW-016A,1,1,False,,40,True,Visual Arts,262
OPT-TW-016-05,TW-016,TW-016a,Unable to assess (note reason),,Exclusion,SingleResponse,SR-TW-016-TW-016A,0,1,True,,50,True,Visual Arts,263
OPT-TW-017-01,TW-017,TW-017a,0,0,Source,SingleResponse,SR-TW-017-TW-017A,1,1,False,,10,True,Visual Arts,265
OPT-TW-017-02,TW-017,TW-017a,1-2,0.25,Source,SingleResponse,SR-TW-017-TW-017A,1,1,False,,20,True,Visual Arts,266
OPT-TW-017-03,TW-017,TW-017a,3-4,0.5,Source,SingleResponse,SR-TW-017-TW-017A,1,1,False,,30,True,Visual Arts,267
OPT-TW-017-04,TW-017,TW-017a,5-7,0.75,Source,SingleResponse,SR-TW-017-TW-017A,1,1,False,,40,True,Visual Arts,268
OPT-TW-017-05,TW-017,TW-017a,8+,1,Source,SingleResponse,SR-TW-017-TW-017A,1,1,False,,50,True,Visual Arts,269
OPT-TW-018-01,TW-018,TW-018a,0,0,Source,SingleResponse,SR-TW-018-TW-018A,1,1,False,,10,True,Visual Arts,271
OPT-TW-018-02,TW-018,TW-018a,1,0.25,Source,SingleResponse,SR-TW-018-TW-018A,1,1,False,,20,True,Visual Arts,272
OPT-TW-018-03,TW-018,TW-018a,2,0.5,Source,SingleResponse,SR-TW-018-TW-018A,1,1,False,,30,True,Visual Arts,273
OPT-TW-018-04,TW-018,TW-018a,3,0.75,Source,SingleResponse,SR-TW-018-TW-018A,1,1,False,,40,True,Visual Arts,274
OPT-TW-018-05,TW-018,TW-018a,4,1,Source,SingleResponse,SR-TW-018-TW-018A,1,1,False,,50,True,Visual Arts,275
OPT-TW-019-01,TW-019,TW-019a,A thermostat is provided that has adjustable temperature controls,1,Source,SingleResponse,SR-TW-019-TW-019A,1,1,False,,10,True,Visual Arts,277
OPT-TW-019-02,TW-019,TW-019a,A thermostat is provided that does not have adjustable temperature controls,0.5,Source,SingleResponse,SR-TW-019-TW-019A,1,1,False,,20,True,Visual Arts,278
OPT-TW-019-03,TW-019,TW-019a,Only a temperature sensor is provided,0.5,Source,SingleResponse,SR-TW-019-TW-019A,1,1,False,,30,True,Visual Arts,279
OPT-TW-019-04,TW-019,TW-019a,No thermostat or sensor is present in the space,0,Source,SingleResponse,SR-TW-019-TW-019A,1,1,False,,40,True,Visual Arts,280
OPT-TW-020-01,TW-020,TW-020a,Full-height interior window,1,Source,SingleResponse,SR-TW-020-TW-020A,1,1,False,,10,True,Visual Arts,282
OPT-TW-020-02,TW-020,TW-020b,Half-height interior window,1,Source,SingleResponse,SR-TW-020-TW-020B,1,1,False,,20,True,Visual Arts,283
OPT-TW-020-03,TW-020,TW-020c,Sidelight,1,Source,SingleResponse,SR-TW-020-TW-020C,1,1,False,,30,True,Visual Arts,284
OPT-TW-020-04,TW-020,TW-020d,"Door panel (i.e., glass panel in the door)",0,Source,SingleResponse,SR-TW-020-TW-020D,1,1,False,,40,True,Visual Arts,285
OPT-TW-020-05,TW-020,TW-020e,None of the above,0,Source,SingleResponse,SR-TW-020-TW-020E,1,1,False,,50,True,Visual Arts,286
OPT-TW-021-01,TW-021,TW-021i,Less than half,,Inventory,Inventory,INV-TW-021-TW-021I,0,0,False,,10,True,Visual Arts,288
OPT-TW-021-02,TW-021,TW-021i,About half,,Inventory,Inventory,INV-TW-021-TW-021I,0,0,False,,20,True,Visual Arts,289
OPT-TW-021-03,TW-021,TW-021i,Most of the wall,,Inventory,Inventory,INV-TW-021-TW-021I,0,0,False,,30,True,Visual Arts,290
OPT-TW-022-01,TW-022,TW-022a,Interior windows and doors with glass can be covered with a single movement,1,Source,SingleResponse,SR-TW-022-TW-022A,1,1,False,,10,True,Visual Arts,292
OPT-TW-022-02,TW-022,TW-022b,Exterior windows and doors with glass can be covered with a single movement,1,Source,SingleResponse,SR-TW-022-TW-022B,1,1,False,,20,True,Visual Arts,293
OPT-TW-022-03,TW-022,TW-022c,There is an area large enough for a full class to easily get out of sight to shelter-in-place (without needing to cover windows or doors with glass),1,Source,SingleResponse,SR-TW-022-TW-022C,1,1,False,,30,True,Visual Arts,294
OPT-TW-022-04,TW-022,TW-022d,Interior door hardware is lockable from inside the space with a push button or thumb turn lock,1,Source,SingleResponse,SR-TW-022-TW-022D,1,1,False,,40,True,Visual Arts,295
OPT-TW-022-05,TW-022,TW-022e,None of the above,0,Source,SingleResponse,SR-TW-022-TW-022E,1,1,False,,50,True,Visual Arts,296
OPT-TW-023-01,TW-023,TW-023a,"Most furniture can be moved by students or a single teacher (e.g., casters, lightweight pieces)",1,Source,SingleResponse,SR-TW-023-TW-023A,1,1,False,,10,True,Visual Arts,298
OPT-TW-023-02,TW-023,TW-023a,"Some furniture is movable, some is heavy or fixed",0.5,Source,SingleResponse,SR-TW-023-TW-023A,1,1,False,,20,True,Visual Arts,299
OPT-TW-023-03,TW-023,TW-023a,"Most furniture is heavy, fixed, or impractical to move",0,Source,SingleResponse,SR-TW-023-TW-023A,1,1,False,,30,True,Visual Arts,300
OPT-TW-024-01,TW-024,TW-024a,Varied seating is provided for multiple students across multiple areas of the space,1,Source,SingleResponse,SR-TW-024-TW-024A,1,1,False,,10,True,Visual Arts,302
OPT-TW-024-02,TW-024,TW-024a,"Limited varied seating is provided (i.e., a single area or only a few students accommodated at a time)",0.5,Source,SingleResponse,SR-TW-024-TW-024A,1,1,False,,20,True,Visual Arts,303
OPT-TW-024-03,TW-024,TW-024a,No varied seating is provided,0,Source,SingleResponse,SR-TW-024-TW-024A,1,1,False,,30,True,Visual Arts,304
OPT-TW-024-04,TW-024,TW-024a,Unable to assess (note reason),,Exclusion,SingleResponse,SR-TW-024-TW-024A,0,1,True,,40,True,Visual Arts,305
OPT-TW-025-01,TW-025,TW-025i,Individual student desks,,Inventory,Inventory,INV-TW-025-TW-025I,0,0,False,,10,True,Visual Arts,307
OPT-TW-025-02,TW-025,TW-025i,Chair-height student tables,,Inventory,Inventory,INV-TW-025-TW-025I,0,0,False,,20,True,Visual Arts,308
OPT-TW-025-03,TW-025,TW-025i,"Floor-height student tables (i.e., low tables for floor seating)",,Inventory,Inventory,INV-TW-025-TW-025I,0,0,False,,30,True,Visual Arts,309
OPT-TW-025-04,TW-025,TW-025i,Standing-height student desks/tables/worksurfaces,,Inventory,Inventory,INV-TW-025-TW-025I,0,0,False,,40,True,Visual Arts,310
OPT-TW-025-05,TW-025,TW-025i,"Hard seating (e.g., standard chairs, stools)",,Inventory,Inventory,INV-TW-025-TW-025I,0,0,False,,50,True,Visual Arts,311
OPT-TW-025-06,TW-025,TW-025i,"Active seating (e.g., wobble stools, rockers)",,Inventory,Inventory,INV-TW-025-TW-025I,0,0,False,,60,True,Visual Arts,312
OPT-TW-025-07,TW-025,TW-025i,"One or more mobile writing surfaces (i.e., mobile markerboards)",,Inventory,Inventory,INV-TW-025-TW-025I,0,0,False,,70,True,Visual Arts,313
OPT-TW-025-08,TW-025,TW-025i,One or more mobile tackboards,,Inventory,Inventory,INV-TW-025-TW-025I,0,0,False,,80,True,Visual Arts,314
OPT-TW-025-09,TW-025,TW-025i,One or more mobile monitors,,Inventory,Inventory,INV-TW-025-TW-025I,0,0,False,,90,True,Visual Arts,315
OPT-TW-025-10,TW-025,TW-025i,Other (please note),,Inventory,Inventory,INV-TW-025-TW-025I,0,0,False,,100,True,Visual Arts,316
OPT-TW-025-11,TW-025,TW-025i,None of the above,,Inventory,Inventory,INV-TW-025-TW-025I,0,0,False,,110,True,Visual Arts,317
OPT-TW-026-01,TW-026,TW-026a,Good - appears relatively new or has minimal wear,1,Source,SingleResponse,SR-TW-026-TW-026A,1,1,False,,10,True,Visual Arts,319
OPT-TW-026-02,TW-026,TW-026a,"Fair - some furniture is noticeably worn or aging, but all is functional",0.5,Source,SingleResponse,SR-TW-026-TW-026A,1,1,False,,20,True,Visual Arts,320
OPT-TW-026-03,TW-026,TW-026a,"Poor - some or all furniture is significantly worn, damaged, or not usable",0,Source,SingleResponse,SR-TW-026-TW-026A,1,1,False,,30,True,Visual Arts,321
OPT-TW-027-01,TW-027,TW-027a,"Resilient flooring (e.g., vinyl, rubber)",1,Source,SingleResponse,SR-TW-027-TW-027A,1,1,False,,10,True,Visual Arts,323
OPT-TW-027-02,TW-027,TW-027a,Terrazzo,1,Source,SingleResponse,SR-TW-027-TW-027A,1,1,False,,20,True,Visual Arts,324
OPT-TW-027-03,TW-027,TW-027a,Porcelain tile,1,Source,SingleResponse,SR-TW-027-TW-027A,1,1,False,,30,True,Visual Arts,325
OPT-TW-027-04,TW-027,TW-027a,Polished concrete,1,Source,SingleResponse,SR-TW-027-TW-027A,1,1,False,,40,True,Visual Arts,326
OPT-TW-027-05,TW-027,TW-027a,"Carpet (i.e., not a loose rug)",0,Source,SingleResponse,SR-TW-027-TW-027A,1,1,False,,50,True,Visual Arts,327
OPT-TW-027-06,TW-027,TW-027a,Other (please note),0,Source,SingleResponse,SR-TW-027-TW-027A,1,1,False,,60,True,Visual Arts,328
OPT-TW-027-07,TW-027,TW-027a,Unable to assess (note reason),,Exclusion,SingleResponse,SR-TW-027-TW-027A,0,1,True,,70,True,Visual Arts,329
OPT-TW-028-01,TW-028,TW-028a,Exterior door within the space,1,Source,SingleResponse,SR-TW-028-TW-028A,1,1,False,,10,True,Visual Arts,331
OPT-TW-028-02,TW-028,TW-028a,Exterior door directly outside the space,0.5,Source,SingleResponse,SR-TW-028-TW-028A,1,1,False,,20,True,Visual Arts,332
OPT-TW-028-03,TW-028,TW-028a,Neither,0,Source,SingleResponse,SR-TW-028-TW-028A,1,1,False,,30,True,Visual Arts,333
OPT-TW-028-04,TW-028,TW-028a,Unable to assess (note reason),,Exclusion,SingleResponse,SR-TW-028-TW-028A,0,1,True,,40,True,Visual Arts,334
OPT-TW-029-01,TW-029,TW-029a,Yes,1,Source,SingleResponse,SR-TW-029-TW-029A,1,1,False,,10,True,Visual Arts,336
OPT-TW-029-02,TW-029,TW-029a,No,0,Source,SingleResponse,SR-TW-029-TW-029A,1,1,False,,20,True,Visual Arts,337
OPT-TW-029-03,TW-029,TW-029a,Unable to assess (note reason),,Exclusion,SingleResponse,SR-TW-029-TW-029A,0,1,True,,30,True,Visual Arts,338
OPT-TW-030-01,TW-030,TW-030i,Sink,,Inventory,Inventory,INV-TW-030-TW-030I,0,0,False,,10,True,Visual Arts,340
OPT-TW-030-02,TW-030,TW-030i,Utility sink,,Inventory,Inventory,INV-TW-030-TW-030I,0,0,False,,20,True,Visual Arts,341
OPT-TW-030-03,TW-030,TW-030i,Floor drain,,Inventory,Inventory,INV-TW-030-TW-030I,0,0,False,,30,True,Visual Arts,342
OPT-TW-030-04,TW-030,TW-030i,None of the above,,Inventory,Inventory,INV-TW-030-TW-030I,0,0,False,,40,True,Visual Arts,343
OPT-TW-031-01,TW-031,TW-031a,None seen,0,Source,SingleResponse,SR-TW-031-TW-031A,1,1,False,,10,True,Visual Arts,345
OPT-TW-031-02,TW-031,TW-031a,Single art gallery area identified,0.5,Source,SingleResponse,SR-TW-031-TW-031A,1,1,False,,20,True,Visual Arts,346
OPT-TW-031-03,TW-031,TW-031a,Multiple art gallery areas identified,1,Source,SingleResponse,SR-TW-031-TW-031A,1,1,False,,30,True,Visual Arts,347
OPT-TW-032-01,TW-032,TW-032a,Yes,1,Source,SingleResponse,SR-TW-032-TW-032A,1,1,False,,10,True,Visual Arts,349
OPT-TW-032-02,TW-032,TW-032a,No,0,Source,SingleResponse,SR-TW-032-TW-032A,1,1,False,,20,True,Visual Arts,350
OPT-TW-032-03,TW-032,TW-032a,Unable to assess (note reason),,Exclusion,SingleResponse,SR-TW-032-TW-032A,0,1,True,,30,True,Visual Arts,351
OPT-TH-002-01,TH-002,TH-002a,Yes,1,Source,SingleResponse,SR-TH-002-TH-002A,1,1,False,,10,True,Visual Arts,357
OPT-TH-002-02,TH-002,TH-002a,No,0,Source,SingleResponse,SR-TH-002-TH-002A,1,1,False,,20,True,Visual Arts,358
OPT-TH-002-03,TH-002,TH-002a,Unable to assess (note reason),,Exclusion,SingleResponse,SR-TH-002-TH-002A,0,1,True,,30,True,Visual Arts,359
OPT-TH-003-01,TH-003,TH-003a,Primary light fixtures are dimmable,1,Source,SingleResponse,SR-TH-003-TH-003A,1,1,False,,10,True,Visual Arts,361
OPT-TH-003-02,TH-003,TH-003b,Primary light fixtures are LED,1,Source,SingleResponse,SR-TH-003-TH-003B,1,1,False,,20,True,Visual Arts,362
OPT-TH-003-03,TH-003,TH-003c,None of the above,0,Source,SingleResponse,SR-TH-003-TH-003C,1,1,False,,30,True,Visual Arts,363
OPT-TH-004-01,TH-004,TH-004a,Kiln,1,Source,SingleResponse,SR-TH-004-TH-004A,1,1,False,,10,True,Visual Arts,365
OPT-TH-004-02,TH-004,TH-004b,Dedicated storage closet,1,Source,SingleResponse,SR-TH-004-TH-004B,1,1,False,,20,True,Visual Arts,366
OPT-TH-004-03,TH-004,TH-004c,None of the above,0,Source,SingleResponse,SR-TH-004-TH-004C,1,1,False,,30,True,Visual Arts,367
OPT-TH-005-01,TH-005,TH-005a,Good - walls are painted in light colors and accent color is used to reduce monotony,1,Source,SingleResponse,SR-TH-005-TH-005A,1,1,False,,10,True,Visual Arts,369
OPT-TH-005-02,TH-005,TH-005a,Fair - walls are painted in light colors but no accent color is used,0.5,Source,SingleResponse,SR-TH-005-TH-005A,1,1,False,,20,True,Visual Arts,370
OPT-TH-005-03,TH-005,TH-005a,Poor - walls are painted in dark or monotonous colors,0,Source,SingleResponse,SR-TH-005-TH-005A,1,1,False,,30,True,Visual Arts,371
OPT-TH-005-04,TH-005,TH-005a,Unable to assess (note reason),,Exclusion,SingleResponse,SR-TH-005-TH-005A,0,1,True,,40,True,Visual Arts,372
OPT-TH-006-01,TH-006,TH-006a,Yes,1,Source,SingleResponse,SR-TH-006-TH-006A,1,1,False,,10,True,Visual Arts,374
OPT-TH-006-02,TH-006,TH-006a,No,0,Source,SingleResponse,SR-TH-006-TH-006A,1,1,False,,20,True,Visual Arts,375
OPT-TH-006-03,TH-006,TH-006a,Unable to assess (note reason),,Exclusion,SingleResponse,SR-TH-006-TH-006A,0,1,True,,30,True,Visual Arts,376
OPT-TH-007-01,TH-007,TH-007a,"Yes, and there are views to the exterior",1,Source,SingleResponse,SR-TH-007-TH-007A,1,1,False,,10,True,Visual Arts,378
OPT-TH-007-02,TH-007,TH-007a,"Yes, but there are no views to the exterior",0.5,Source,SingleResponse,SR-TH-007-TH-007A,1,1,False,,20,True,Visual Arts,379
OPT-TH-007-03,TH-007,TH-007a,No,0,Source,SingleResponse,SR-TH-007-TH-007A,1,1,False,,30,True,Visual Arts,380
OPT-TH-007-04,TH-007,TH-007a,Unable to assess (note reason),,Exclusion,SingleResponse,SR-TH-007-TH-007A,0,1,True,,40,True,Visual Arts,381
OPT-TH-008-01,TH-008,TH-008a,"Access to views of the outdoors (e.g., not solely a view of an exterior wall)",1,Source,SingleResponse,SR-TH-008-TH-008A,1,1,False,,10,True,Visual Arts,383
OPT-TH-008-02,TH-008,TH-008b,Only clerestory windows are provided,0.5,Source,SingleResponse,SR-TH-008-TH-008B,1,1,False,,20,True,Visual Arts,384
OPT-TH-008-03,TH-008,TH-008c,None of the above,0,Source,SingleResponse,SR-TH-008-TH-008C,1,1,False,,30,True,Visual Arts,385
OPT-TH-009-01,TH-009,TH-009a,Roller shades are provided,1,Source,SingleResponse,SR-TH-009-TH-009A,1,1,False,,10,True,Visual Arts,387
OPT-TH-009-02,TH-009,TH-009a,Mini-blinds are provided,0.5,Source,SingleResponse,SR-TH-009-TH-009A,1,1,False,,20,True,Visual Arts,388
OPT-TH-009-03,TH-009,TH-009a,Other (please note),0,Source,SingleResponse,SR-TH-009-TH-009A,1,1,False,,30,True,Visual Arts,389
OPT-TH-009-04,TH-009,TH-009a,No window coverings are provided,0,Source,SingleResponse,SR-TH-009-TH-009A,1,1,False,,40,True,Visual Arts,390
OPT-TH-009-05,TH-009,TH-009a,Unable to assess (note reason),,Exclusion,SingleResponse,SR-TH-009-TH-009A,0,1,True,,50,True,Visual Arts,391
OPT-TH-010-01,TH-010,TH-010i,Built-in casework is provided,,Inventory,Inventory,INV-TH-010-TH-010I,0,0,False,,10,True,Visual Arts,393
OPT-TH-010-02,TH-010,TH-010i,Counter space is provided,,Inventory,Inventory,INV-TH-010-TH-010I,0,0,False,,20,True,Visual Arts,394
OPT-TH-010-03,TH-010,TH-010i,"Furniture-based storage is provided (i.e., shelving or cabinets)",,Inventory,Inventory,INV-TH-010-TH-010I,0,0,False,,30,True,Visual Arts,395
OPT-TH-010-04,TH-010,TH-010i,Some or all storage is lockable,,Inventory,Inventory,INV-TH-010-TH-010I,0,0,False,,40,True,Visual Arts,396
OPT-TH-010-05,TH-010,TH-010i,None of the above,,Inventory,Inventory,INV-TH-010-TH-010I,0,0,False,,50,True,Visual Arts,397
OPT-TH-011-01,TH-011,TH-011a,Good - storage appears sufficient; the space is organized with little visible clutter,1,Source,SingleResponse,SR-TH-011-TH-011A,1,1,False,,10,True,Visual Arts,399
OPT-TH-011-02,TH-011,TH-011a,Fair - storage appears mostly sufficient; some clutter or overflow is visible,0.5,Source,SingleResponse,SR-TH-011-TH-011A,1,1,False,,20,True,Visual Arts,400
OPT-TH-011-03,TH-011,TH-011a,Poor - storage appears insufficient; significant clutter or materials without a home,0,Source,SingleResponse,SR-TH-011-TH-011A,1,1,False,,30,True,Visual Arts,401
OPT-TH-011-04,TH-011,TH-011a,Unable to assess (note reason),,Exclusion,SingleResponse,SR-TH-011-TH-011A,0,1,True,,40,True,Visual Arts,402
OPT-TH-012-01,TH-012,TH-012a,None,0,Source,SingleResponse,SR-TH-012-TH-012A,1,1,False,,10,True,Visual Arts,404
OPT-TH-012-02,TH-012,TH-012a,<10 linear feet,0.25,Source,SingleResponse,SR-TH-012-TH-012A,1,1,False,,20,True,Visual Arts,405
OPT-TH-012-03,TH-012,TH-012a,10 to <20 linear feet,0.5,Source,SingleResponse,SR-TH-012-TH-012A,1,1,False,,30,True,Visual Arts,406
OPT-TH-012-04,TH-012,TH-012a,20 to <30 linear feet,0.75,Source,SingleResponse,SR-TH-012-TH-012A,1,1,False,,40,True,Visual Arts,407
OPT-TH-012-05,TH-012,TH-012a,30+ linear feet,1,Source,SingleResponse,SR-TH-012-TH-012A,1,1,False,,50,True,Visual Arts,408
OPT-TH-012-06,TH-012,TH-012a,Unable to assess (note reason),,Exclusion,SingleResponse,SR-TH-012-TH-012A,0,1,True,,60,True,Visual Arts,409
OPT-TH-013-01,TH-013,TH-013a,None,0,Source,SingleResponse,SR-TH-013-TH-013A,1,1,False,,10,True,Visual Arts,411
OPT-TH-013-02,TH-013,TH-013a,<10 linear feet,0.33,Source,SingleResponse,SR-TH-013-TH-013A,1,1,False,,20,True,Visual Arts,412
OPT-TH-013-03,TH-013,TH-013a,10 to <20 linear feet,0.66,Source,SingleResponse,SR-TH-013-TH-013A,1,1,False,,30,True,Visual Arts,413
OPT-TH-013-04,TH-013,TH-013a,20+ linear feet,1,Source,SingleResponse,SR-TH-013-TH-013A,1,1,False,,40,True,Visual Arts,414
OPT-TH-013-05,TH-013,TH-013a,Unable to assess (note reason),,Exclusion,SingleResponse,SR-TH-013-TH-013A,0,1,True,,50,True,Visual Arts,415
OPT-TH-014-01,TH-014,TH-014a,None,0,Source,SingleResponse,SR-TH-014-TH-014A,1,1,False,,10,True,Visual Arts,417
OPT-TH-014-02,TH-014,TH-014a,<6 linear feet,0.2,Source,SingleResponse,SR-TH-014-TH-014A,1,1,False,,20,True,Visual Arts,418
OPT-TH-014-03,TH-014,TH-014a,6 to <12 linear feet,0.4,Source,SingleResponse,SR-TH-014-TH-014A,1,1,False,,30,True,Visual Arts,419
OPT-TH-014-04,TH-014,TH-014a,12 to <16 linear feet,0.6,Source,SingleResponse,SR-TH-014-TH-014A,1,1,False,,40,True,Visual Arts,420
OPT-TH-014-05,TH-014,TH-014a,16+ linear feet,1,Source,SingleResponse,SR-TH-014-TH-014A,1,1,False,,50,True,Visual Arts,421
OPT-TH-014-06,TH-014,TH-014a,Unable to assess (note reason),,Exclusion,SingleResponse,SR-TH-014-TH-014A,0,1,True,,60,True,Visual Arts,422
OPT-TH-015-01,TH-015,TH-015i,Tackstrip,,Inventory,Inventory,INV-TH-015-TH-015I,0,0,False,,10,True,Visual Arts,424
OPT-TH-015-02,TH-015,TH-015i,Tackboard,,Inventory,Inventory,INV-TH-015-TH-015I,0,0,False,,20,True,Visual Arts,425
OPT-TH-015-03,TH-015,TH-015i,Tackwall,,Inventory,Inventory,INV-TH-015-TH-015I,0,0,False,,30,True,Visual Arts,426
OPT-TH-015-04,TH-015,TH-015i,Magnetic markerboard,,Inventory,Inventory,INV-TH-015-TH-015I,0,0,False,,40,True,Visual Arts,427
OPT-TH-015-05,TH-015,TH-015i,Display case,,Inventory,Inventory,INV-TH-015-TH-015I,0,0,False,,50,True,Visual Arts,428
OPT-TH-015-06,TH-015,TH-015i,None of the above,,Inventory,Inventory,INV-TH-015-TH-015I,0,0,False,,60,True,Visual Arts,429
OPT-TH-016-01,TH-016,TH-016a,None,0,Source,SingleResponse,SR-TH-016-TH-016A,1,1,False,,10,True,Visual Arts,431
OPT-TH-016-02,TH-016,TH-016a,<6 linear feet,0.2,Source,SingleResponse,SR-TH-016-TH-016A,1,1,False,,20,True,Visual Arts,432
OPT-TH-016-03,TH-016,TH-016a,6 to <12 linear feet,0.4,Source,SingleResponse,SR-TH-016-TH-016A,1,1,False,,30,True,Visual Arts,433
OPT-TH-016-04,TH-016,TH-016a,12 to <16 linear feet,0.6,Source,SingleResponse,SR-TH-016-TH-016A,1,1,False,,40,True,Visual Arts,434
OPT-TH-016-05,TH-016,TH-016a,16+ linear feet,1,Source,SingleResponse,SR-TH-016-TH-016A,1,1,False,,50,True,Visual Arts,435
OPT-TH-016-06,TH-016,TH-016a,Unable to assess (note reason),,Exclusion,SingleResponse,SR-TH-016-TH-016A,0,1,True,,60,True,Visual Arts,436
OPT-TH-017-01,TH-017,TH-017a,None,0,Source,SingleResponse,SR-TH-017-TH-017A,1,1,False,,10,True,Visual Arts,438
OPT-TH-017-02,TH-017,TH-017a,<4 linear feet,0.33,Source,SingleResponse,SR-TH-017-TH-017A,1,1,False,,20,True,Visual Arts,439
OPT-TH-017-03,TH-017,TH-017a,4 to <8 linear feet,0.66,Source,SingleResponse,SR-TH-017-TH-017A,1,1,False,,30,True,Visual Arts,440
OPT-TH-017-04,TH-017,TH-017a,8+ linear feet,1,Source,SingleResponse,SR-TH-017-TH-017A,1,1,False,,40,True,Visual Arts,441
OPT-TH-017-05,TH-017,TH-017a,Unable to assess (note reason),,Exclusion,SingleResponse,SR-TH-017-TH-017A,0,1,True,,50,True,Visual Arts,442
OPT-TH-018-01,TH-018,TH-018a,0,0,Source,SingleResponse,SR-TH-018-TH-018A,1,1,False,,10,True,Visual Arts,444
OPT-TH-018-02,TH-018,TH-018a,1-2,0.25,Source,SingleResponse,SR-TH-018-TH-018A,1,1,False,,20,True,Visual Arts,445
OPT-TH-018-03,TH-018,TH-018a,3-4,0.5,Source,SingleResponse,SR-TH-018-TH-018A,1,1,False,,30,True,Visual Arts,446
OPT-TH-018-04,TH-018,TH-018a,5-7,0.75,Source,SingleResponse,SR-TH-018-TH-018A,1,1,False,,40,True,Visual Arts,447
OPT-TH-018-05,TH-018,TH-018a,8+,1,Source,SingleResponse,SR-TH-018-TH-018A,1,1,False,,50,True,Visual Arts,448
OPT-TH-019-01,TH-019,TH-019a,0,0,Source,SingleResponse,SR-TH-019-TH-019A,1,1,False,,10,True,Visual Arts,450
OPT-TH-019-02,TH-019,TH-019a,1,0.25,Source,SingleResponse,SR-TH-019-TH-019A,1,1,False,,20,True,Visual Arts,451
OPT-TH-019-03,TH-019,TH-019a,2,0.5,Source,SingleResponse,SR-TH-019-TH-019A,1,1,False,,30,True,Visual Arts,452
OPT-TH-019-04,TH-019,TH-019a,3,0.75,Source,SingleResponse,SR-TH-019-TH-019A,1,1,False,,40,True,Visual Arts,453
OPT-TH-019-05,TH-019,TH-019a,4,1,Source,SingleResponse,SR-TH-019-TH-019A,1,1,False,,50,True,Visual Arts,454
OPT-TH-020-01,TH-020,TH-020a,A thermostat is provided that has adjustable temperature controls,1,Source,SingleResponse,SR-TH-020-TH-020A,1,1,False,,10,True,Visual Arts,456
OPT-TH-020-02,TH-020,TH-020a,A thermostat is provided that does not have adjustable temperature controls,0.5,Source,SingleResponse,SR-TH-020-TH-020A,1,1,False,,20,True,Visual Arts,457
OPT-TH-020-03,TH-020,TH-020a,Only a temperature sensor is provided,0.5,Source,SingleResponse,SR-TH-020-TH-020A,1,1,False,,30,True,Visual Arts,458
OPT-TH-020-04,TH-020,TH-020a,No thermostat or sensor is present in the space,0,Source,SingleResponse,SR-TH-020-TH-020A,1,1,False,,40,True,Visual Arts,459
OPT-TH-021-01,TH-021,TH-021a,Full-height interior window,1,Source,SingleResponse,SR-TH-021-TH-021A,1,1,False,,10,True,Visual Arts,461
OPT-TH-021-02,TH-021,TH-021b,Half-height interior window,1,Source,SingleResponse,SR-TH-021-TH-021B,1,1,False,,20,True,Visual Arts,462
OPT-TH-021-03,TH-021,TH-021c,Sidelight,1,Source,SingleResponse,SR-TH-021-TH-021C,1,1,False,,30,True,Visual Arts,463
OPT-TH-021-04,TH-021,TH-021d,"Door panel (i.e., glass panel in the door)",0,Source,SingleResponse,SR-TH-021-TH-021D,1,1,False,,40,True,Visual Arts,464
OPT-TH-021-05,TH-021,TH-021e,None of the above,0,Source,SingleResponse,SR-TH-021-TH-021E,1,1,False,,50,True,Visual Arts,465
OPT-TH-022-01,TH-022,TH-022i,Less than half,,Inventory,Inventory,INV-TH-022-TH-022I,0,0,False,,10,True,Visual Arts,467
OPT-TH-022-02,TH-022,TH-022i,About half,,Inventory,Inventory,INV-TH-022-TH-022I,0,0,False,,20,True,Visual Arts,468
OPT-TH-022-03,TH-022,TH-022i,Most of the wall,,Inventory,Inventory,INV-TH-022-TH-022I,0,0,False,,30,True,Visual Arts,469
OPT-TH-023-01,TH-023,TH-023a,Interior windows and doors with glass can be covered with a single movement,1,Source,SingleResponse,SR-TH-023-TH-023A,1,1,False,,10,True,Visual Arts,471
OPT-TH-023-02,TH-023,TH-023b,Exterior windows and doors with glass can be covered with a single movement,1,Source,SingleResponse,SR-TH-023-TH-023B,1,1,False,,20,True,Visual Arts,472
OPT-TH-023-03,TH-023,TH-023c,There is an area large enough for a full class to easily get out of sight to shelter-in-place (without needing to cover windows or doors with glass),1,Source,SingleResponse,SR-TH-023-TH-023C,1,1,False,,30,True,Visual Arts,473
OPT-TH-023-04,TH-023,TH-023d,Interior door hardware is lockable from inside the space with a push button or thumb turn lock,1,Source,SingleResponse,SR-TH-023-TH-023D,1,1,False,,40,True,Visual Arts,474
OPT-TH-023-05,TH-023,TH-023e,None of the above,0,Source,SingleResponse,SR-TH-023-TH-023E,1,1,False,,50,True,Visual Arts,475
OPT-TH-024-01,TH-024,TH-024a,"Most furniture can be moved by students or a single teacher (e.g., casters, lightweight pieces)",1,Source,SingleResponse,SR-TH-024-TH-024A,1,1,False,,10,True,Visual Arts,477
OPT-TH-024-02,TH-024,TH-024a,"Some furniture is movable, some is heavy or fixed",0.5,Source,SingleResponse,SR-TH-024-TH-024A,1,1,False,,20,True,Visual Arts,478
OPT-TH-024-03,TH-024,TH-024a,"Most furniture is heavy, fixed, or impractical to move",0,Source,SingleResponse,SR-TH-024-TH-024A,1,1,False,,30,True,Visual Arts,479
OPT-TH-025-01,TH-025,TH-025a,Varied seating is provided for multiple students across multiple areas of the space,1,Source,SingleResponse,SR-TH-025-TH-025A,1,1,False,,10,True,Visual Arts,481
OPT-TH-025-02,TH-025,TH-025a,"Limited varied seating is provided (i.e., a single area or only a few students accommodated at a time)",0.5,Source,SingleResponse,SR-TH-025-TH-025A,1,1,False,,20,True,Visual Arts,482
OPT-TH-025-03,TH-025,TH-025a,No varied seating is provided,0,Source,SingleResponse,SR-TH-025-TH-025A,1,1,False,,30,True,Visual Arts,483
OPT-TH-025-04,TH-025,TH-025a,Unable to assess (note reason),,Exclusion,SingleResponse,SR-TH-025-TH-025A,0,1,True,,40,True,Visual Arts,484
OPT-TH-026-01,TH-026,TH-026i,Individual student desks,,Inventory,Inventory,INV-TH-026-TH-026I,0,0,False,,10,True,Visual Arts,486
OPT-TH-026-02,TH-026,TH-026i,Chair-height student tables,,Inventory,Inventory,INV-TH-026-TH-026I,0,0,False,,20,True,Visual Arts,487
OPT-TH-026-03,TH-026,TH-026i,"Floor-height student tables (i.e., low tables for floor seating)",,Inventory,Inventory,INV-TH-026-TH-026I,0,0,False,,30,True,Visual Arts,488
OPT-TH-026-04,TH-026,TH-026i,Standing-height student desks/tables/worksurfaces,,Inventory,Inventory,INV-TH-026-TH-026I,0,0,False,,40,True,Visual Arts,489
OPT-TH-026-05,TH-026,TH-026i,"Hard seating (e.g., standard chairs, stools)",,Inventory,Inventory,INV-TH-026-TH-026I,0,0,False,,50,True,Visual Arts,490
OPT-TH-026-06,TH-026,TH-026i,"Active seating (e.g., wobble stools, rockers)",,Inventory,Inventory,INV-TH-026-TH-026I,0,0,False,,60,True,Visual Arts,491
OPT-TH-026-07,TH-026,TH-026i,"One or more mobile writing surfaces (i.e., mobile markerboards)",,Inventory,Inventory,INV-TH-026-TH-026I,0,0,False,,70,True,Visual Arts,492
OPT-TH-026-08,TH-026,TH-026i,One or more mobile tackboards,,Inventory,Inventory,INV-TH-026-TH-026I,0,0,False,,80,True,Visual Arts,493
OPT-TH-026-09,TH-026,TH-026i,One or more mobile monitors,,Inventory,Inventory,INV-TH-026-TH-026I,0,0,False,,90,True,Visual Arts,494
OPT-TH-026-10,TH-026,TH-026i,Other (please note),,Inventory,Inventory,INV-TH-026-TH-026I,0,0,False,,100,True,Visual Arts,495
OPT-TH-026-11,TH-026,TH-026i,None of the above,,Inventory,Inventory,INV-TH-026-TH-026I,0,0,False,,110,True,Visual Arts,496
OPT-TH-027-01,TH-027,TH-027a,Good - appears relatively new or has minimal wear,1,Source,SingleResponse,SR-TH-027-TH-027A,1,1,False,,10,True,Visual Arts,498
OPT-TH-027-02,TH-027,TH-027a,"Fair - some furniture is noticeably worn or aging, but all is functional",0.5,Source,SingleResponse,SR-TH-027-TH-027A,1,1,False,,20,True,Visual Arts,499
OPT-TH-027-03,TH-027,TH-027a,"Poor - some or all furniture is significantly worn, damaged, or not usable",0,Source,SingleResponse,SR-TH-027-TH-027A,1,1,False,,30,True,Visual Arts,500
OPT-TH-028-01,TH-028,TH-028a,"Resilient flooring (e.g., vinyl, rubber)",1,Source,SingleResponse,SR-TH-028-TH-028A,1,1,False,,10,True,Visual Arts,502
OPT-TH-028-02,TH-028,TH-028a,Polished concrete,1,Source,SingleResponse,SR-TH-028-TH-028A,1,1,False,,20,True,Visual Arts,503
OPT-TH-028-03,TH-028,TH-028a,Sealed concrete,1,Source,SingleResponse,SR-TH-028-TH-028A,1,1,False,,30,True,Visual Arts,504
OPT-TH-028-04,TH-028,TH-028a,Resinous flooring (epoxy),1,Source,SingleResponse,SR-TH-028-TH-028A,1,1,False,,40,True,Visual Arts,505
OPT-TH-028-05,TH-028,TH-028a,Terrazzo,0,Source,SingleResponse,SR-TH-028-TH-028A,1,1,False,,50,True,Visual Arts,506
OPT-TH-028-06,TH-028,TH-028a,Porcelain tile,0,Source,SingleResponse,SR-TH-028-TH-028A,1,1,False,,60,True,Visual Arts,507
OPT-TH-028-07,TH-028,TH-028a,"Carpet (i.e., not a loose rug)",0,Source,SingleResponse,SR-TH-028-TH-028A,1,1,False,,70,True,Visual Arts,508
OPT-TH-028-08,TH-028,TH-028a,Other (please note),0,Source,SingleResponse,SR-TH-028-TH-028A,1,1,False,,80,True,Visual Arts,509
OPT-TH-028-09,TH-028,TH-028a,Unable to assess (note reason),,Exclusion,SingleResponse,SR-TH-028-TH-028A,0,1,True,,90,True,Visual Arts,510
OPT-TH-029-01,TH-029,TH-029a,Exterior door within the space,1,Source,SingleResponse,SR-TH-029-TH-029A,1,1,False,,10,True,Visual Arts,512
OPT-TH-029-02,TH-029,TH-029a,Exterior door directly outside the space,0.5,Source,SingleResponse,SR-TH-029-TH-029A,1,1,False,,20,True,Visual Arts,513
OPT-TH-029-03,TH-029,TH-029a,Neither,0,Source,SingleResponse,SR-TH-029-TH-029A,1,1,False,,30,True,Visual Arts,514
OPT-TH-029-04,TH-029,TH-029a,Unable to assess (note reason),,Exclusion,SingleResponse,SR-TH-029-TH-029A,0,1,True,,40,True,Visual Arts,515
OPT-TH-030-01,TH-030,TH-030a,Yes,1,Source,SingleResponse,SR-TH-030-TH-030A,1,1,False,,10,True,Visual Arts,517
OPT-TH-030-02,TH-030,TH-030a,No,0,Source,SingleResponse,SR-TH-030-TH-030A,1,1,False,,20,True,Visual Arts,518
OPT-TH-030-03,TH-030,TH-030a,Unable to assess (note reason),,Exclusion,SingleResponse,SR-TH-030-TH-030A,0,1,True,,30,True,Visual Arts,519
OPT-TH-031-01,TH-031,TH-031i,Sink,,Inventory,Inventory,INV-TH-031-TH-031I,0,0,False,,10,True,Visual Arts,521
OPT-TH-031-02,TH-031,TH-031i,Utility sink,,Inventory,Inventory,INV-TH-031-TH-031I,0,0,False,,20,True,Visual Arts,522
OPT-TH-031-03,TH-031,TH-031i,Floor drain,,Inventory,Inventory,INV-TH-031-TH-031I,0,0,False,,30,True,Visual Arts,523
OPT-TH-031-04,TH-031,TH-031i,Clay trap,,Inventory,Inventory,INV-TH-031-TH-031I,0,0,False,,40,True,Visual Arts,524
OPT-TH-031-05,TH-031,TH-031i,None of the above,,Inventory,Inventory,INV-TH-031-TH-031I,0,0,False,,50,True,Visual Arts,525
OPT-TH-032-01,TH-032,TH-032a,Yes,1,Source,SingleResponse,SR-TH-032-TH-032A,1,1,False,,10,True,Visual Arts,527
OPT-TH-032-02,TH-032,TH-032a,No,0,Source,SingleResponse,SR-TH-032-TH-032A,1,1,False,,20,True,Visual Arts,528
OPT-TH-032-03,TH-032,TH-032a,Unable to assess (note reason),,Exclusion,SingleResponse,SR-TH-032-TH-032A,0,1,True,,30,True,Visual Arts,529
OPT-DA-002-01,DA-002,DA-002a,Yes,1,Source,SingleResponse,SR-DA-002-DA-002A,1,1,False,,10,True,Visual Arts,535
OPT-DA-002-02,DA-002,DA-002a,No,0,Source,SingleResponse,SR-DA-002-DA-002A,1,1,False,,20,True,Visual Arts,536
OPT-DA-002-03,DA-002,DA-002a,Unable to assess (note reason),,Exclusion,SingleResponse,SR-DA-002-DA-002A,0,1,True,,30,True,Visual Arts,537
OPT-DA-003-01,DA-003,DA-003a,Primary light fixtures are dimmable,1,Source,SingleResponse,SR-DA-003-DA-003A,1,1,False,,10,True,Visual Arts,539
OPT-DA-003-02,DA-003,DA-003b,Primary light fixtures are LED,1,Source,SingleResponse,SR-DA-003-DA-003B,1,1,False,,20,True,Visual Arts,540
OPT-DA-003-03,DA-003,DA-003c,None of the above,0,Source,SingleResponse,SR-DA-003-DA-003C,1,1,False,,30,True,Visual Arts,541
OPT-DA-004-01,DA-004,DA-004a,Good - walls are painted in light colors and accent color is used to reduce monotony,1,Source,SingleResponse,SR-DA-004-DA-004A,1,1,False,,10,True,Visual Arts,543
OPT-DA-004-02,DA-004,DA-004a,Fair - walls are painted in light colors but no accent color is used,0.5,Source,SingleResponse,SR-DA-004-DA-004A,1,1,False,,20,True,Visual Arts,544
OPT-DA-004-03,DA-004,DA-004a,Poor - walls are painted in dark or monotonous colors,0,Source,SingleResponse,SR-DA-004-DA-004A,1,1,False,,30,True,Visual Arts,545
OPT-DA-004-04,DA-004,DA-004a,Unable to assess (note reason),,Exclusion,SingleResponse,SR-DA-004-DA-004A,0,1,True,,40,True,Visual Arts,546
OPT-DA-005-01,DA-005,DA-005a,Yes,1,Source,SingleResponse,SR-DA-005-DA-005A,1,1,False,,10,True,Visual Arts,548
OPT-DA-005-02,DA-005,DA-005a,No,0,Source,SingleResponse,SR-DA-005-DA-005A,1,1,False,,20,True,Visual Arts,549
OPT-DA-005-03,DA-005,DA-005a,Unable to assess (note reason),,Exclusion,SingleResponse,SR-DA-005-DA-005A,0,1,True,,30,True,Visual Arts,550
OPT-DA-006-01,DA-006,DA-006a,"Yes, and there are views to the exterior",1,Source,SingleResponse,SR-DA-006-DA-006A,1,1,False,,10,True,Visual Arts,552
OPT-DA-006-02,DA-006,DA-006a,"Yes, but there are no views to the exterior",0.5,Source,SingleResponse,SR-DA-006-DA-006A,1,1,False,,20,True,Visual Arts,553
OPT-DA-006-03,DA-006,DA-006a,No,0,Source,SingleResponse,SR-DA-006-DA-006A,1,1,False,,30,True,Visual Arts,554
OPT-DA-006-04,DA-006,DA-006a,Unable to assess (note reason),,Exclusion,SingleResponse,SR-DA-006-DA-006A,0,1,True,,40,True,Visual Arts,555
OPT-DA-007-01,DA-007,DA-007a,"Access to views of the outdoors (e.g., not solely a view of an exterior wall)",1,Source,SingleResponse,SR-DA-007-DA-007A,1,1,False,,10,True,Visual Arts,557
OPT-DA-007-02,DA-007,DA-007b,Only clerestory windows are provided,0.5,Source,SingleResponse,SR-DA-007-DA-007B,1,1,False,,20,True,Visual Arts,558
OPT-DA-007-03,DA-007,DA-007c,None of the above,0,Source,SingleResponse,SR-DA-007-DA-007C,1,1,False,,30,True,Visual Arts,559
OPT-DA-008-01,DA-008,DA-008a,Roller shades are provided,1,Source,SingleResponse,SR-DA-008-DA-008A,1,1,False,,10,True,Visual Arts,561
OPT-DA-008-02,DA-008,DA-008a,Mini-blinds are provided,0.5,Source,SingleResponse,SR-DA-008-DA-008A,1,1,False,,20,True,Visual Arts,562
OPT-DA-008-03,DA-008,DA-008a,Other (please note),0,Source,SingleResponse,SR-DA-008-DA-008A,1,1,False,,30,True,Visual Arts,563
OPT-DA-008-04,DA-008,DA-008a,No window coverings are provided,0,Source,SingleResponse,SR-DA-008-DA-008A,1,1,False,,40,True,Visual Arts,564
OPT-DA-008-05,DA-008,DA-008a,Unable to assess (note reason),,Exclusion,SingleResponse,SR-DA-008-DA-008A,0,1,True,,50,True,Visual Arts,565
OPT-DA-009-01,DA-009,DA-009i,Built-in casework is provided,,Inventory,Inventory,INV-DA-009-DA-009I,0,0,False,,10,True,Visual Arts,567
OPT-DA-009-02,DA-009,DA-009i,Counter space is provided,,Inventory,Inventory,INV-DA-009-DA-009I,0,0,False,,20,True,Visual Arts,568
OPT-DA-009-03,DA-009,DA-009i,"Furniture-based storage is provided (i.e., shelving or cabinets)",,Inventory,Inventory,INV-DA-009-DA-009I,0,0,False,,30,True,Visual Arts,569
OPT-DA-009-04,DA-009,DA-009i,Some or all storage is lockable,,Inventory,Inventory,INV-DA-009-DA-009I,0,0,False,,40,True,Visual Arts,570
OPT-DA-009-05,DA-009,DA-009i,None of the above,,Inventory,Inventory,INV-DA-009-DA-009I,0,0,False,,50,True,Visual Arts,571
OPT-DA-010-01,DA-010,DA-010a,Good - storage appears sufficient; the space is organized with little visible clutter,1,Source,SingleResponse,SR-DA-010-DA-010A,1,1,False,,10,True,Visual Arts,573
OPT-DA-010-02,DA-010,DA-010a,Fair - storage appears mostly sufficient; some clutter or overflow is visible,0.5,Source,SingleResponse,SR-DA-010-DA-010A,1,1,False,,20,True,Visual Arts,574
OPT-DA-010-03,DA-010,DA-010a,Poor - storage appears insufficient; significant clutter or materials without a home,0,Source,SingleResponse,SR-DA-010-DA-010A,1,1,False,,30,True,Visual Arts,575
OPT-DA-010-04,DA-010,DA-010a,Unable to assess (note reason),,Exclusion,SingleResponse,SR-DA-010-DA-010A,0,1,True,,40,True,Visual Arts,576
OPT-DA-011-01,DA-011,DA-011a,None,0,Source,SingleResponse,SR-DA-011-DA-011A,1,1,False,,10,True,Visual Arts,578
OPT-DA-011-02,DA-011,DA-011a,<6 linear feet,0.2,Source,SingleResponse,SR-DA-011-DA-011A,1,1,False,,20,True,Visual Arts,579
OPT-DA-011-03,DA-011,DA-011a,6 to <12 linear feet,0.4,Source,SingleResponse,SR-DA-011-DA-011A,1,1,False,,30,True,Visual Arts,580
OPT-DA-011-04,DA-011,DA-011a,12 to <16 linear feet,0.6,Source,SingleResponse,SR-DA-011-DA-011A,1,1,False,,40,True,Visual Arts,581
OPT-DA-011-05,DA-011,DA-011a,16+ linear feet,1,Source,SingleResponse,SR-DA-011-DA-011A,1,1,False,,50,True,Visual Arts,582
OPT-DA-011-06,DA-011,DA-011a,Unable to assess (note reason),,Exclusion,SingleResponse,SR-DA-011-DA-011A,0,1,True,,60,True,Visual Arts,583
OPT-DA-012-01,DA-012,DA-012i,Tackstrip,,Inventory,Inventory,INV-DA-012-DA-012I,0,0,False,,10,True,Visual Arts,585
OPT-DA-012-02,DA-012,DA-012i,Tackboard,,Inventory,Inventory,INV-DA-012-DA-012I,0,0,False,,20,True,Visual Arts,586
OPT-DA-012-03,DA-012,DA-012i,Tackwall,,Inventory,Inventory,INV-DA-012-DA-012I,0,0,False,,30,True,Visual Arts,587
OPT-DA-012-04,DA-012,DA-012i,Magnetic markerboard,,Inventory,Inventory,INV-DA-012-DA-012I,0,0,False,,40,True,Visual Arts,588
OPT-DA-012-05,DA-012,DA-012i,Display case,,Inventory,Inventory,INV-DA-012-DA-012I,0,0,False,,50,True,Visual Arts,589
OPT-DA-012-06,DA-012,DA-012i,None of the above,,Inventory,Inventory,INV-DA-012-DA-012I,0,0,False,,60,True,Visual Arts,590
OPT-DA-013-01,DA-013,DA-013a,0,0,Source,SingleResponse,SR-DA-013-DA-013A,1,1,False,,10,True,Visual Arts,592
OPT-DA-013-02,DA-013,DA-013a,1-2,0.25,Source,SingleResponse,SR-DA-013-DA-013A,1,1,False,,20,True,Visual Arts,593
OPT-DA-013-03,DA-013,DA-013a,3-4,0.5,Source,SingleResponse,SR-DA-013-DA-013A,1,1,False,,30,True,Visual Arts,594
OPT-DA-013-04,DA-013,DA-013a,5-7,0.75,Source,SingleResponse,SR-DA-013-DA-013A,1,1,False,,40,True,Visual Arts,595
OPT-DA-013-05,DA-013,DA-013a,8+,1,Source,SingleResponse,SR-DA-013-DA-013A,1,1,False,,50,True,Visual Arts,596
OPT-DA-014-01,DA-014,DA-014a,0,0,Source,SingleResponse,SR-DA-014-DA-014A,1,1,False,,10,True,Visual Arts,598
OPT-DA-014-02,DA-014,DA-014a,1,0.25,Source,SingleResponse,SR-DA-014-DA-014A,1,1,False,,20,True,Visual Arts,599
OPT-DA-014-03,DA-014,DA-014a,2,0.5,Source,SingleResponse,SR-DA-014-DA-014A,1,1,False,,30,True,Visual Arts,600
OPT-DA-014-04,DA-014,DA-014a,3,0.75,Source,SingleResponse,SR-DA-014-DA-014A,1,1,False,,40,True,Visual Arts,601
OPT-DA-014-05,DA-014,DA-014a,4,1,Source,SingleResponse,SR-DA-014-DA-014A,1,1,False,,50,True,Visual Arts,602
OPT-DA-015-01,DA-015,DA-015a,A thermostat is provided that has adjustable temperature controls,1,Source,SingleResponse,SR-DA-015-DA-015A,1,1,False,,10,True,Visual Arts,604
OPT-DA-015-02,DA-015,DA-015a,A thermostat is provided that does not have adjustable temperature controls,0.5,Source,SingleResponse,SR-DA-015-DA-015A,1,1,False,,20,True,Visual Arts,605
OPT-DA-015-03,DA-015,DA-015a,Only a temperature sensor is provided,0.5,Source,SingleResponse,SR-DA-015-DA-015A,1,1,False,,30,True,Visual Arts,606
OPT-DA-015-04,DA-015,DA-015a,No thermostat or sensor is present in the space,0,Source,SingleResponse,SR-DA-015-DA-015A,1,1,False,,40,True,Visual Arts,607
OPT-DA-016-01,DA-016,DA-016a,Full-height interior window,1,Source,SingleResponse,SR-DA-016-DA-016A,1,1,False,,10,True,Visual Arts,609
OPT-DA-016-02,DA-016,DA-016b,Half-height interior window,1,Source,SingleResponse,SR-DA-016-DA-016B,1,1,False,,20,True,Visual Arts,610
OPT-DA-016-03,DA-016,DA-016c,Sidelight,1,Source,SingleResponse,SR-DA-016-DA-016C,1,1,False,,30,True,Visual Arts,611
OPT-DA-016-04,DA-016,DA-016d,"Door panel (i.e., glass panel in the door)",0,Source,SingleResponse,SR-DA-016-DA-016D,1,1,False,,40,True,Visual Arts,612
OPT-DA-016-05,DA-016,DA-016e,None of the above,0,Source,SingleResponse,SR-DA-016-DA-016E,1,1,False,,50,True,Visual Arts,613
OPT-DA-017-01,DA-017,DA-017i,Less than half,,Inventory,Inventory,INV-DA-017-DA-017I,0,0,False,,10,True,Visual Arts,615
OPT-DA-017-02,DA-017,DA-017i,About half,,Inventory,Inventory,INV-DA-017-DA-017I,0,0,False,,20,True,Visual Arts,616
OPT-DA-017-03,DA-017,DA-017i,Most of the wall,,Inventory,Inventory,INV-DA-017-DA-017I,0,0,False,,30,True,Visual Arts,617
OPT-DA-018-01,DA-018,DA-018a,Interior windows and doors with glass can be covered with a single movement,1,Source,SingleResponse,SR-DA-018-DA-018A,1,1,False,,10,True,Visual Arts,619
OPT-DA-018-02,DA-018,DA-018b,Exterior windows and doors with glass can be covered with a single movement,1,Source,SingleResponse,SR-DA-018-DA-018B,1,1,False,,20,True,Visual Arts,620
OPT-DA-018-03,DA-018,DA-018c,There is an area large enough for a full class to easily get out of sight to shelter-in-place (without needing to cover windows or doors with glass),1,Source,SingleResponse,SR-DA-018-DA-018C,1,1,False,,30,True,Visual Arts,621
OPT-DA-018-04,DA-018,DA-018d,Interior door hardware is lockable from inside the space with a push button or thumb turn lock,1,Source,SingleResponse,SR-DA-018-DA-018D,1,1,False,,40,True,Visual Arts,622
OPT-DA-018-05,DA-018,DA-018e,None of the above,0,Source,SingleResponse,SR-DA-018-DA-018E,1,1,False,,50,True,Visual Arts,623
OPT-DA-019-01,DA-019,DA-019a,"Most furniture can be moved by students or a single teacher (e.g., casters, lightweight pieces)",1,Source,SingleResponse,SR-DA-019-DA-019A,1,1,False,,10,True,Visual Arts,625
OPT-DA-019-02,DA-019,DA-019a,"Some furniture is movable, some is heavy or fixed",0.5,Source,SingleResponse,SR-DA-019-DA-019A,1,1,False,,20,True,Visual Arts,626
OPT-DA-019-03,DA-019,DA-019a,"Most furniture is heavy, fixed, or impractical to move",0,Source,SingleResponse,SR-DA-019-DA-019A,1,1,False,,30,True,Visual Arts,627
OPT-DA-020-01,DA-020,DA-020a,Varied seating is provided for multiple students across multiple areas of the space,1,Source,SingleResponse,SR-DA-020-DA-020A,1,1,False,,10,True,Visual Arts,629
OPT-DA-020-02,DA-020,DA-020a,"Limited varied seating is provided (i.e., a single area or only a few students accommodated at a time)",0.5,Source,SingleResponse,SR-DA-020-DA-020A,1,1,False,,20,True,Visual Arts,630
OPT-DA-020-03,DA-020,DA-020a,No varied seating is provided,0,Source,SingleResponse,SR-DA-020-DA-020A,1,1,False,,30,True,Visual Arts,631
OPT-DA-020-04,DA-020,DA-020a,Unable to assess (note reason),,Exclusion,SingleResponse,SR-DA-020-DA-020A,0,1,True,,40,True,Visual Arts,632
OPT-DA-021-01,DA-021,DA-021i,Individual student desks,,Inventory,Inventory,INV-DA-021-DA-021I,0,0,False,,10,True,Visual Arts,634
OPT-DA-021-02,DA-021,DA-021i,Chair-height student tables,,Inventory,Inventory,INV-DA-021-DA-021I,0,0,False,,20,True,Visual Arts,635
OPT-DA-021-03,DA-021,DA-021i,"Floor-height student tables (i.e., low tables for floor seating)",,Inventory,Inventory,INV-DA-021-DA-021I,0,0,False,,30,True,Visual Arts,636
OPT-DA-021-04,DA-021,DA-021i,"Hard seating (e.g., standard chairs, stools)",,Inventory,Inventory,INV-DA-021-DA-021I,0,0,False,,40,True,Visual Arts,637
OPT-DA-021-05,DA-021,DA-021i,"Active seating (e.g., wobble stools, rockers)",,Inventory,Inventory,INV-DA-021-DA-021I,0,0,False,,50,True,Visual Arts,638
OPT-DA-021-06,DA-021,DA-021i,"One or more mobile writing surfaces (i.e., mobile markerboards)",,Inventory,Inventory,INV-DA-021-DA-021I,0,0,False,,60,True,Visual Arts,639
OPT-DA-021-07,DA-021,DA-021i,One or more mobile monitors,,Inventory,Inventory,INV-DA-021-DA-021I,0,0,False,,70,True,Visual Arts,640
OPT-DA-021-08,DA-021,DA-021i,Other (please note),,Inventory,Inventory,INV-DA-021-DA-021I,0,0,False,,80,True,Visual Arts,641
OPT-DA-021-09,DA-021,DA-021i,None of the above,,Inventory,Inventory,INV-DA-021-DA-021I,0,0,False,,90,True,Visual Arts,642
OPT-DA-022-01,DA-022,DA-022a,Good - appears relatively new or has minimal wear,1,Source,SingleResponse,SR-DA-022-DA-022A,1,1,False,,10,True,Visual Arts,644
OPT-DA-022-02,DA-022,DA-022a,"Fair - some furniture is noticeably worn or aging, but all is functional",0.5,Source,SingleResponse,SR-DA-022-DA-022A,1,1,False,,20,True,Visual Arts,645
OPT-DA-022-03,DA-022,DA-022a,"Poor - some or all furniture is significantly worn, damaged, or not usable",0,Source,SingleResponse,SR-DA-022-DA-022A,1,1,False,,30,True,Visual Arts,646
OPT-DA-023-01,DA-023,DA-023a,"Resilient flooring (e.g., vinyl, rubber)",1,Source,SingleResponse,SR-DA-023-DA-023A,1,1,False,,10,True,Visual Arts,648
OPT-DA-023-02,DA-023,DA-023a,Terrazzo,1,Source,SingleResponse,SR-DA-023-DA-023A,1,1,False,,20,True,Visual Arts,649
OPT-DA-023-03,DA-023,DA-023a,Porcelain tile,1,Source,SingleResponse,SR-DA-023-DA-023A,1,1,False,,30,True,Visual Arts,650
OPT-DA-023-04,DA-023,DA-023a,Polished concrete,1,Source,SingleResponse,SR-DA-023-DA-023A,1,1,False,,40,True,Visual Arts,651
OPT-DA-023-05,DA-023,DA-023a,"Carpet (i.e., not a loose rug)",0,Source,SingleResponse,SR-DA-023-DA-023A,1,1,False,,50,True,Visual Arts,652
OPT-DA-023-06,DA-023,DA-023a,Other (please note),0,Source,SingleResponse,SR-DA-023-DA-023A,1,1,False,,60,True,Visual Arts,653
OPT-DA-023-07,DA-023,DA-023a,Unable to assess (note reason),,Exclusion,SingleResponse,SR-DA-023-DA-023A,0,1,True,,70,True,Visual Arts,654
OPT-DA-024-01,DA-024,DA-024a,Exterior door within the space,1,Source,SingleResponse,SR-DA-024-DA-024A,1,1,False,,10,True,Visual Arts,656
OPT-DA-024-02,DA-024,DA-024a,Exterior door directly outside the space,0.5,Source,SingleResponse,SR-DA-024-DA-024A,1,1,False,,20,True,Visual Arts,657
OPT-DA-024-03,DA-024,DA-024a,Neither,0,Source,SingleResponse,SR-DA-024-DA-024A,1,1,False,,30,True,Visual Arts,658
OPT-DA-024-04,DA-024,DA-024a,Unable to assess (note reason),,Exclusion,SingleResponse,SR-DA-024-DA-024A,0,1,True,,40,True,Visual Arts,659
OPT-DA-025-01,DA-025,DA-025a,Yes,1,Source,SingleResponse,SR-DA-025-DA-025A,1,1,False,,10,True,Visual Arts,661
OPT-DA-025-02,DA-025,DA-025a,No,0,Source,SingleResponse,SR-DA-025-DA-025A,1,1,False,,20,True,Visual Arts,662
OPT-DA-025-03,DA-025,DA-025a,Unable to assess (note reason),,Exclusion,SingleResponse,SR-DA-025-DA-025A,0,1,True,,30,True,Visual Arts,663
OPT-DA-026-01,DA-026,DA-026a,None seen,0,Source,SingleResponse,SR-DA-026-DA-026A,1,1,False,,10,True,Visual Arts,665
OPT-DA-026-02,DA-026,DA-026a,Single art gallery area identified,0.5,Source,SingleResponse,SR-DA-026-DA-026A,1,1,False,,20,True,Visual Arts,666
OPT-DA-026-03,DA-026,DA-026a,Multiple art gallery areas identified,1,Source,SingleResponse,SR-DA-026-DA-026A,1,1,False,,30,True,Visual Arts,667
OPT-DA-027-01,DA-027,DA-027a,Yes,1,Source,SingleResponse,SR-DA-027-DA-027A,1,1,False,,10,True,Visual Arts,669
OPT-DA-027-02,DA-027,DA-027a,No,0,Source,SingleResponse,SR-DA-027-DA-027A,1,1,False,,20,True,Visual Arts,670
OPT-DA-027-03,DA-027,DA-027a,Unable to assess (note reason),,Exclusion,SingleResponse,SR-DA-027-DA-027A,0,1,True,,30,True,Visual Arts,671
OPT-TA-002-01,TA-002,TA-002a,Primary light fixtures are dimmable,1,Source,SingleResponse,SR-TA-002-TA-002A,1,1,False,,10,True,Performing Arts,7
OPT-TA-002-02,TA-002,TA-002b,Primary light fixtures are LED,1,Source,SingleResponse,SR-TA-002-TA-002B,1,1,False,,20,True,Performing Arts,8
OPT-TA-002-03,TA-002,TA-002i,"Theatrical lighting (e.g., cyclorama lights, dimmer racks, wide-angle general-use lighting)",,Inventory,Inventory,INV-TA-002-TA-002I,0,0,False,,30,True,Performing Arts,9
OPT-TA-002-04,TA-002,TA-002c,None of the above,0,Source,SingleResponse,SR-TA-002-TA-002C,1,1,False,,40,True,Performing Arts,10
OPT-TA-003-01,TA-003,TA-003a,Good - walls are painted in light colors and accent color is used to reduce monotony,1,Source,SingleResponse,SR-TA-003-TA-003A,1,1,False,,10,True,Performing Arts,12
OPT-TA-003-02,TA-003,TA-003a,Fair - walls are painted in light colors but no accent color is used,0.5,Source,SingleResponse,SR-TA-003-TA-003A,1,1,False,,20,True,Performing Arts,13
OPT-TA-003-03,TA-003,TA-003a,Poor - walls are painted in dark or monotonous colors,0,Source,SingleResponse,SR-TA-003-TA-003A,1,1,False,,30,True,Performing Arts,14
OPT-TA-003-04,TA-003,TA-003a,Unable to assess (note reason),,Exclusion,SingleResponse,SR-TA-003-TA-003A,0,1,True,,40,True,Performing Arts,15
OPT-TA-004-01,TA-004,TA-004a,Yes,1,Source,SingleResponse,SR-TA-004-TA-004A,1,1,False,,10,True,Performing Arts,17
OPT-TA-004-02,TA-004,TA-004a,No,0,Source,SingleResponse,SR-TA-004-TA-004A,1,1,False,,20,True,Performing Arts,18
OPT-TA-004-03,TA-004,TA-004a,Unable to assess (note reason),,Exclusion,SingleResponse,SR-TA-004-TA-004A,0,1,True,,30,True,Performing Arts,19
OPT-TA-005-01,TA-005,TA-005a,"Yes, and there are views to the exterior",1,Source,SingleResponse,SR-TA-005-TA-005A,1,1,False,,10,True,Performing Arts,21
OPT-TA-005-02,TA-005,TA-005a,"Yes, but there are no views to the exterior",0.5,Source,SingleResponse,SR-TA-005-TA-005A,1,1,False,,20,True,Performing Arts,22
OPT-TA-005-03,TA-005,TA-005a,No,0,Source,SingleResponse,SR-TA-005-TA-005A,1,1,False,,30,True,Performing Arts,23
OPT-TA-005-04,TA-005,TA-005a,Unable to assess (note reason),,Exclusion,SingleResponse,SR-TA-005-TA-005A,0,1,True,,40,True,Performing Arts,24
OPT-TA-006-01,TA-006,TA-006a,"Access to views of the outdoors (e.g., not solely a view of an exterior wall)",1,Source,SingleResponse,SR-TA-006-TA-006A,1,1,False,,10,True,Performing Arts,26
OPT-TA-006-02,TA-006,TA-006b,Only clerestory windows are provided,0.5,Source,SingleResponse,SR-TA-006-TA-006B,1,1,False,,20,True,Performing Arts,27
OPT-TA-006-03,TA-006,TA-006c,None of the above,0,Source,SingleResponse,SR-TA-006-TA-006C,1,1,False,,30,True,Performing Arts,28
OPT-TA-007-01,TA-007,TA-007a,Roller shades are provided,1,Source,SingleResponse,SR-TA-007-TA-007A,1,1,False,,10,True,Performing Arts,30
OPT-TA-007-02,TA-007,TA-007a,Mini-blinds are provided,0.5,Source,SingleResponse,SR-TA-007-TA-007A,1,1,False,,20,True,Performing Arts,31
OPT-TA-007-03,TA-007,TA-007a,Other (please note),0,Source,SingleResponse,SR-TA-007-TA-007A,1,1,False,,30,True,Performing Arts,32
OPT-TA-007-04,TA-007,TA-007a,No window coverings are provided,0,Source,SingleResponse,SR-TA-007-TA-007A,1,1,False,,40,True,Performing Arts,33
OPT-TA-007-05,TA-007,TA-007a,Unable to assess (note reason),,Exclusion,SingleResponse,SR-TA-007-TA-007A,0,1,True,,50,True,Performing Arts,34
OPT-TA-008-01,TA-008,TA-008i,Built-in casework is provided,,Inventory,Inventory,INV-TA-008-TA-008I,0,0,False,,10,True,Performing Arts,36
OPT-TA-008-02,TA-008,TA-008i,Counter space is provided,,Inventory,Inventory,INV-TA-008-TA-008I,0,0,False,,20,True,Performing Arts,37
OPT-TA-008-03,TA-008,TA-008i,Ensuite storage closet is provided,,Inventory,Inventory,INV-TA-008-TA-008I,0,0,False,,30,True,Performing Arts,38
OPT-TA-008-04,TA-008,TA-008i,"Furniture-based storage is provided (i.e., shelving or cabinets)",,Inventory,Inventory,INV-TA-008-TA-008I,0,0,False,,40,True,Performing Arts,39
OPT-TA-008-05,TA-008,TA-008i,Some or all storage is lockable,,Inventory,Inventory,INV-TA-008-TA-008I,0,0,False,,50,True,Performing Arts,40
OPT-TA-008-06,TA-008,TA-008i,None of the above,,Inventory,Inventory,INV-TA-008-TA-008I,0,0,False,,60,True,Performing Arts,41
OPT-TA-009-01,TA-009,TA-009a,Good - storage appears sufficient; the space is organized with little visible clutter,1,Source,SingleResponse,SR-TA-009-TA-009A,1,1,False,,10,True,Performing Arts,43
OPT-TA-009-02,TA-009,TA-009a,Fair - storage appears mostly sufficient; some clutter or overflow is visible,0.5,Source,SingleResponse,SR-TA-009-TA-009A,1,1,False,,20,True,Performing Arts,44
OPT-TA-009-03,TA-009,TA-009a,Poor - storage appears insufficient; significant clutter or materials without a home,0,Source,SingleResponse,SR-TA-009-TA-009A,1,1,False,,30,True,Performing Arts,45
OPT-TA-009-04,TA-009,TA-009a,Unable to assess (note reason),,Exclusion,SingleResponse,SR-TA-009-TA-009A,0,1,True,,40,True,Performing Arts,46
OPT-TA-010-01,TA-010,TA-010a,None,0,Source,SingleResponse,SR-TA-010-TA-010A,1,1,False,,10,True,Performing Arts,48
OPT-TA-010-02,TA-010,TA-010a,<4 linear feet,0.2,Source,SingleResponse,SR-TA-010-TA-010A,1,1,False,,20,True,Performing Arts,49
OPT-TA-010-03,TA-010,TA-010a,4 to <8 linear feet,0.4,Source,SingleResponse,SR-TA-010-TA-010A,1,1,False,,30,True,Performing Arts,50
OPT-TA-010-04,TA-010,TA-010a,8 to <12 linear feet,0.6,Source,SingleResponse,SR-TA-010-TA-010A,1,1,False,,40,True,Performing Arts,51
OPT-TA-010-05,TA-010,TA-010a,12 to <16 linear feet,0.8,Source,SingleResponse,SR-TA-010-TA-010A,1,1,False,,50,True,Performing Arts,52
OPT-TA-010-06,TA-010,TA-010a,16+ linear feet,1,Source,SingleResponse,SR-TA-010-TA-010A,1,1,False,,60,True,Performing Arts,53
OPT-TA-010-07,TA-010,TA-010a,Unable to assess (note reason),,Exclusion,SingleResponse,SR-TA-010-TA-010A,0,1,True,,70,True,Performing Arts,54
OPT-TA-011-01,TA-011,TA-011i,Tackstrip,,Inventory,Inventory,INV-TA-011-TA-011I,0,0,False,,10,True,Performing Arts,56
OPT-TA-011-02,TA-011,TA-011i,Tackboard,,Inventory,Inventory,INV-TA-011-TA-011I,0,0,False,,20,True,Performing Arts,57
OPT-TA-011-03,TA-011,TA-011i,Tackwall,,Inventory,Inventory,INV-TA-011-TA-011I,0,0,False,,30,True,Performing Arts,58
OPT-TA-011-04,TA-011,TA-011i,Magnetic markerboard,,Inventory,Inventory,INV-TA-011-TA-011I,0,0,False,,40,True,Performing Arts,59
OPT-TA-011-05,TA-011,TA-011i,Display Case,,Inventory,Inventory,INV-TA-011-TA-011I,0,0,False,,50,True,Performing Arts,60
OPT-TA-011-06,TA-011,TA-011i,None of the above,,Inventory,Inventory,INV-TA-011-TA-011I,0,0,False,,60,True,Performing Arts,61
OPT-TA-012-01,TA-012,TA-012a,None,0,Source,SingleResponse,SR-TA-012-TA-012A,1,1,False,,10,True,Performing Arts,63
OPT-TA-012-02,TA-012,TA-012a,<4 linear feet,0.33,Source,SingleResponse,SR-TA-012-TA-012A,1,1,False,,20,True,Performing Arts,64
OPT-TA-012-03,TA-012,TA-012a,4 to <8 linear feet,0.66,Source,SingleResponse,SR-TA-012-TA-012A,1,1,False,,30,True,Performing Arts,65
OPT-TA-012-04,TA-012,TA-012a,8+ linear feet,1,Source,SingleResponse,SR-TA-012-TA-012A,1,1,False,,40,True,Performing Arts,66
OPT-TA-012-05,TA-012,TA-012a,Unable to assess (note reason),,Exclusion,SingleResponse,SR-TA-012-TA-012A,0,1,True,,50,True,Performing Arts,67
OPT-TA-013-01,TA-013,TA-013a,0,0,Source,SingleResponse,SR-TA-013-TA-013A,1,1,False,,10,True,Performing Arts,69
OPT-TA-013-02,TA-013,TA-013a,1-2,0.25,Source,SingleResponse,SR-TA-013-TA-013A,1,1,False,,20,True,Performing Arts,70
OPT-TA-013-03,TA-013,TA-013a,3-4,0.5,Source,SingleResponse,SR-TA-013-TA-013A,1,1,False,,30,True,Performing Arts,71
OPT-TA-013-04,TA-013,TA-013a,5-7,0.75,Source,SingleResponse,SR-TA-013-TA-013A,1,1,False,,40,True,Performing Arts,72
OPT-TA-013-05,TA-013,TA-013a,8+,1,Source,SingleResponse,SR-TA-013-TA-013A,1,1,False,,50,True,Performing Arts,73
OPT-TA-014-01,TA-014,TA-014a,0,0,Source,SingleResponse,SR-TA-014-TA-014A,1,1,False,,10,True,Performing Arts,75
OPT-TA-014-02,TA-014,TA-014a,1,0.25,Source,SingleResponse,SR-TA-014-TA-014A,1,1,False,,20,True,Performing Arts,76
OPT-TA-014-03,TA-014,TA-014a,2,0.5,Source,SingleResponse,SR-TA-014-TA-014A,1,1,False,,30,True,Performing Arts,77
OPT-TA-014-04,TA-014,TA-014a,3,0.75,Source,SingleResponse,SR-TA-014-TA-014A,1,1,False,,40,True,Performing Arts,78
OPT-TA-014-05,TA-014,TA-014a,4,1,Source,SingleResponse,SR-TA-014-TA-014A,1,1,False,,50,True,Performing Arts,79
OPT-TA-015-01,TA-015,TA-015a,0,0,Source,SingleResponse,SR-TA-015-TA-015A,1,1,False,,10,True,Performing Arts,81
OPT-TA-015-02,TA-015,TA-015a,1,0.25,Source,SingleResponse,SR-TA-015-TA-015A,1,1,False,,20,True,Performing Arts,82
OPT-TA-015-03,TA-015,TA-015a,2,0.5,Source,SingleResponse,SR-TA-015-TA-015A,1,1,False,,30,True,Performing Arts,83
OPT-TA-015-04,TA-015,TA-015a,3,0.75,Source,SingleResponse,SR-TA-015-TA-015A,1,1,False,,40,True,Performing Arts,84
OPT-TA-015-05,TA-015,TA-015a,4,1,Source,SingleResponse,SR-TA-015-TA-015A,1,1,False,,50,True,Performing Arts,85
OPT-TA-016-01,TA-016,TA-016a,A thermostat is provided that has adjustable temperature controls,1,Source,SingleResponse,SR-TA-016-TA-016A,1,1,False,,10,True,Performing Arts,87
OPT-TA-016-02,TA-016,TA-016a,A thermostat is provided that does not have adjustable temperature controls,0.5,Source,SingleResponse,SR-TA-016-TA-016A,1,1,False,,20,True,Performing Arts,88
OPT-TA-016-03,TA-016,TA-016a,Only a temperature sensor is provided,0.5,Source,SingleResponse,SR-TA-016-TA-016A,1,1,False,,30,True,Performing Arts,89
OPT-TA-016-04,TA-016,TA-016a,No thermostat or sensor is present in the space,0,Source,SingleResponse,SR-TA-016-TA-016A,1,1,False,,40,True,Performing Arts,90
OPT-TA-017-01,TA-017,TA-017a,Full-height interior window,1,Source,SingleResponse,SR-TA-017-TA-017A,1,1,False,,10,True,Performing Arts,92
OPT-TA-017-02,TA-017,TA-017b,Half-height interior window,1,Source,SingleResponse,SR-TA-017-TA-017B,1,1,False,,20,True,Performing Arts,93
OPT-TA-017-03,TA-017,TA-017c,Sidelight,1,Source,SingleResponse,SR-TA-017-TA-017C,1,1,False,,30,True,Performing Arts,94
OPT-TA-017-04,TA-017,TA-017d,"Door panel (i.e., glass panel in the door)",0,Source,SingleResponse,SR-TA-017-TA-017D,1,1,False,,40,True,Performing Arts,95
OPT-TA-017-05,TA-017,TA-017e,None of the above,0,Source,SingleResponse,SR-TA-017-TA-017E,1,1,False,,50,True,Performing Arts,96
OPT-TA-018-01,TA-018,TA-018i,Less than half,,Inventory,Inventory,INV-TA-018-TA-018I,0,0,False,,10,True,Performing Arts,98
OPT-TA-018-02,TA-018,TA-018i,About half,,Inventory,Inventory,INV-TA-018-TA-018I,0,0,False,,20,True,Performing Arts,99
OPT-TA-018-03,TA-018,TA-018i,Most of the wall,,Inventory,Inventory,INV-TA-018-TA-018I,0,0,False,,30,True,Performing Arts,100
OPT-TA-019-01,TA-019,TA-019a,Interior windows and doors with glass can be covered with a single movement,1,Source,SingleResponse,SR-TA-019-TA-019A,1,1,False,,10,True,Performing Arts,102
OPT-TA-019-02,TA-019,TA-019b,Exterior windows and doors with glass can be covered with a single movement,1,Source,SingleResponse,SR-TA-019-TA-019B,1,1,False,,20,True,Performing Arts,103
OPT-TA-019-03,TA-019,TA-019c,There is an area large enough for a full class to easily get out of sight to shelter-in-place (without needing to cover windows or doors with glass),1,Source,SingleResponse,SR-TA-019-TA-019C,1,1,False,,30,True,Performing Arts,104
OPT-TA-019-04,TA-019,TA-019d,Interior door hardware is lockable from inside the space with a push button or thumb turn lock,1,Source,SingleResponse,SR-TA-019-TA-019D,1,1,False,,40,True,Performing Arts,105
OPT-TA-019-05,TA-019,TA-019e,None of the above,0,Source,SingleResponse,SR-TA-019-TA-019E,1,1,False,,50,True,Performing Arts,106
OPT-TA-020-01,TA-020,TA-020a,"Resilient flooring (e.g., vinyl, rubber)",1,Source,SingleResponse,SR-TA-020-TA-020A,1,1,False,,10,True,Performing Arts,108
OPT-TA-020-02,TA-020,TA-020a,Terrazzo,0,Source,SingleResponse,SR-TA-020-TA-020A,1,1,False,,20,True,Performing Arts,109
OPT-TA-020-03,TA-020,TA-020a,Polished concrete,1,Source,SingleResponse,SR-TA-020-TA-020A,1,1,False,,30,True,Performing Arts,110
OPT-TA-020-04,TA-020,TA-020a,"Carpet (i.e., not a loose rug)",0,Source,SingleResponse,SR-TA-020-TA-020A,1,1,False,,40,True,Performing Arts,111
OPT-TA-020-05,TA-020,TA-020a,Other (please note),,Exclusion,SingleResponse,SR-TA-020-TA-020A,0,1,True,,50,True,Performing Arts,112
OPT-TA-020-06,TA-020,TA-020a,Unable to assess (note reason),,Exclusion,SingleResponse,SR-TA-020-TA-020A,0,1,True,,60,True,Performing Arts,113
OPT-TA-021-01,TA-021,TA-021a,Yes,1,Source,SingleResponse,SR-TA-021-TA-021A,1,1,False,,10,True,Performing Arts,115
OPT-TA-021-02,TA-021,TA-021a,No,0,Source,SingleResponse,SR-TA-021-TA-021A,1,1,False,,20,True,Performing Arts,116
OPT-TA-021-03,TA-021,TA-021a,Unable to assess (note reason),,Exclusion,SingleResponse,SR-TA-021-TA-021A,0,1,True,,30,True,Performing Arts,117
OPT-TA-022-01,TA-022,TA-022a,Direct access to the Empower Center,1,Source,SingleResponse,SR-TA-022-TA-022A,1,1,False,,10,True,Performing Arts,119
OPT-TA-022-02,TA-022,TA-022a,Visibility into the Empower Center only,0.5,Source,SingleResponse,SR-TA-022-TA-022A,1,1,False,,20,True,Performing Arts,120
OPT-TA-022-03,TA-022,TA-022a,Neither access nor visibility,0,Source,SingleResponse,SR-TA-022-TA-022A,1,1,False,,30,True,Performing Arts,121
OPT-TA-022-04,TA-022,TA-022a,Unable to assess (note reason),,Exclusion,SingleResponse,SR-TA-022-TA-022A,0,1,True,,40,True,Performing Arts,122
OPT-TA-023-01,TA-023,TA-023a,0,0,Source,SingleResponse,SR-TA-023-TA-023A,1,1,False,,10,True,Performing Arts,124
OPT-TA-023-02,TA-023,TA-023a,1,0.5,Source,SingleResponse,SR-TA-023-TA-023A,1,1,False,,20,True,Performing Arts,125
OPT-TA-023-03,TA-023,TA-023a,2+,1,Source,SingleResponse,SR-TA-023-TA-023A,1,1,False,,30,True,Performing Arts,126
OPT-TA-024-01,TA-024,TA-024a,0,0,Source,SingleResponse,SR-TA-024-TA-024A,1,1,False,,10,True,Performing Arts,128
OPT-TA-024-02,TA-024,TA-024a,1+,1,Source,SingleResponse,SR-TA-024-TA-024A,1,1,False,,20,True,Performing Arts,129
OPT-TS-002-01,TS-002,TS-002a,The auditorium lobby serves as a dedicated after-hours entry point,1,Source,SingleResponse,SR-TS-002-TS-002A,1,1,False,,10,True,Performing Arts,135
OPT-TS-002-02,TS-002,TS-002b,The theater arts suite can be accessed before and after school hours while restricting access to the rest of campus,1,Source,SingleResponse,SR-TS-002-TS-002B,1,1,False,,20,True,Performing Arts,136
OPT-TS-002-03,TS-002,TS-002c,None of the above,0,Source,SingleResponse,SR-TS-002-TS-002C,1,1,False,,30,True,Performing Arts,137
OPT-TS-003-01,TS-003,TS-003a,Ticket booth,1,Source,SingleResponse,SR-TS-003-TS-003A,1,1,False,,10,True,Performing Arts,139
OPT-TS-003-02,TS-003,TS-003b,Lighting control room,1,Source,SingleResponse,SR-TS-003-TS-003B,1,1,False,,20,True,Performing Arts,140
OPT-TS-003-03,TS-003,TS-003c,Sound control room,1,Source,SingleResponse,SR-TS-003-TS-003C,1,1,False,,30,True,Performing Arts,141
OPT-TS-003-04,TS-003,TS-003d,Theater PLC,1,Source,SingleResponse,SR-TS-003-TS-003D,1,1,False,,40,True,Performing Arts,142
OPT-TS-003-05,TS-003,TS-003e,None of the above,0,Source,SingleResponse,SR-TS-003-TS-003E,1,1,False,,50,True,Performing Arts,143
OPT-TS-004-01,TS-004,TS-004a,A family restroom is in close proximity to the Theater Arts Suite,1,Source,SingleResponse,SR-TS-004-TS-004A,1,1,False,,10,True,Performing Arts,145
OPT-TS-004-02,TS-004,TS-004b,A learner restroom is in close proximity to the Theater Arts Suite,1,Source,SingleResponse,SR-TS-004-TS-004B,1,1,False,,20,True,Performing Arts,146
OPT-TS-004-03,TS-004,TS-004c,A restroom is in close proximity to the Theater Arts Suite,1,Source,SingleResponse,SR-TS-004-TS-004C,1,1,False,,30,True,Performing Arts,147
OPT-TS-004-04,TS-004,TS-004d,None of the above,0,Source,SingleResponse,SR-TS-004-TS-004D,1,1,False,,40,True,Performing Arts,148
OPT-TS-005-01,TS-005,TS-005a,Yes,1,Source,SingleResponse,SR-TS-005-TS-005A,1,1,False,,10,True,Performing Arts,150
OPT-TS-005-02,TS-005,TS-005a,No,0,Source,SingleResponse,SR-TS-005-TS-005A,1,1,False,,20,True,Performing Arts,151
OPT-TS-005-03,TS-005,TS-005a,Unable to assess (note reason),,Exclusion,SingleResponse,SR-TS-005-TS-005A,0,1,True,,30,True,Performing Arts,152
OPT-TS-006-01,TS-006,TS-006a,Dedicated loading dock,1,Source,SingleResponse,SR-TS-006-TS-006A,1,1,False,,10,True,Performing Arts,154
OPT-TS-006-02,TS-006,TS-006a,Ground-level exterior door with direct vehicle access for deliveries,1,Source,SingleResponse,SR-TS-006-TS-006A,1,1,False,,20,True,Performing Arts,155
OPT-TS-006-03,TS-006,TS-006a,Close proximity to a vehicle access area via a paved walkway,0.5,Source,SingleResponse,SR-TS-006-TS-006A,1,1,False,,30,True,Performing Arts,156
OPT-TS-006-04,TS-006,TS-006a,No dedicated loading infrastructure,0,Source,SingleResponse,SR-TS-006-TS-006A,1,1,False,,40,True,Performing Arts,157
OPT-TS-006-05,TS-006,TS-006a,Unable to assess (note reason),,Exclusion,SingleResponse,SR-TS-006-TS-006A,0,1,True,,50,True,Performing Arts,158
OPT-AU-002-01,AU-002,AU-002a,Yes,1,Source,SingleResponse,SR-AU-002-AU-002A,1,1,False,,10,True,Performing Arts,164
OPT-AU-002-02,AU-002,AU-002a,No,0,Source,SingleResponse,SR-AU-002-AU-002A,1,1,False,,20,True,Performing Arts,165
OPT-AU-002-03,AU-002,AU-002a,Unable to assess (note reason),,Exclusion,SingleResponse,SR-AU-002-AU-002A,0,1,True,,30,True,Performing Arts,166
OPT-AU-003-01,AU-003,AU-003a,Yes,1,Source,SingleResponse,SR-AU-003-AU-003A,1,1,False,,10,True,Performing Arts,168
OPT-AU-003-02,AU-003,AU-003a,No,0,Source,SingleResponse,SR-AU-003-AU-003A,1,1,False,,20,True,Performing Arts,169
OPT-AU-003-03,AU-003,AU-003a,Unable to assess (note reason),,Exclusion,SingleResponse,SR-AU-003-AU-003A,0,1,True,,30,True,Performing Arts,170
OPT-AU-004-01,AU-004,AU-004a,Piano storage,1,Source,SingleResponse,SR-AU-004-AU-004A,1,1,False,,10,True,Performing Arts,172
OPT-AU-004-02,AU-004,AU-004b,Riser storage,1,Source,SingleResponse,SR-AU-004-AU-004B,1,1,False,,20,True,Performing Arts,173
OPT-AU-004-03,AU-004,AU-004c,Dressing areas,1,Source,SingleResponse,SR-AU-004-AU-004C,1,1,False,,30,True,Performing Arts,174
OPT-AU-004-04,AU-004,AU-004d,Orchestra shell storage,1,Source,SingleResponse,SR-AU-004-AU-004D,1,1,False,,40,True,Performing Arts,175
OPT-AU-004-05,AU-004,AU-004e,Dimmer room,1,Source,SingleResponse,SR-AU-004-AU-004E,1,1,False,,50,True,Performing Arts,176
OPT-AU-004-06,AU-004,AU-004f,Concert equipment storage,1,Source,SingleResponse,SR-AU-004-AU-004F,1,1,False,,60,True,Performing Arts,177
OPT-AU-004-07,AU-004,AU-004g,Stage lighting storage,1,Source,SingleResponse,SR-AU-004-AU-004G,1,1,False,,70,True,Performing Arts,178
OPT-AU-004-08,AU-004,AU-004h,None of the above,0,Source,SingleResponse,SR-AU-004-AU-004H,1,1,False,,80,True,Performing Arts,179
OPT-AU-005-01,AU-005,AU-005i,Girls Dressing,,Inventory,Inventory,INV-AU-005-AU-005I,0,0,False,,10,True,Performing Arts,181
OPT-AU-005-02,AU-005,AU-005i,Boys Dressing,,Inventory,Inventory,INV-AU-005-AU-005I,0,0,False,,20,True,Performing Arts,182
OPT-AU-005-03,AU-005,AU-005i,All-learner Dressing,,Inventory,Inventory,INV-AU-005-AU-005I,0,0,False,,30,True,Performing Arts,183
OPT-AU-005-04,AU-005,AU-005i,Costume Storage,,Inventory,Inventory,INV-AU-005-AU-005I,0,0,False,,40,True,Performing Arts,184
OPT-AU-005-05,AU-005,AU-005i,Makeup Room,,Inventory,Inventory,INV-AU-005-AU-005I,0,0,False,,50,True,Performing Arts,185
OPT-AU-005-06,AU-005,AU-005i,Green Room,,Inventory,Inventory,INV-AU-005-AU-005I,0,0,False,,60,True,Performing Arts,186
OPT-AU-005-07,AU-005,AU-005i,Laundry,,Inventory,Inventory,INV-AU-005-AU-005I,0,0,False,,70,True,Performing Arts,187
OPT-AU-005-08,AU-005,AU-005i,Scenery Construction Shop,,Inventory,Inventory,INV-AU-005-AU-005I,0,0,False,,80,True,Performing Arts,188
OPT-AU-005-09,AU-005,AU-005i,Props Storage,,Inventory,Inventory,INV-AU-005-AU-005I,0,0,False,,90,True,Performing Arts,189
OPT-AU-005-10,AU-005,AU-005i,Scenery & Furniture Storage,,Inventory,Inventory,INV-AU-005-AU-005I,0,0,False,,100,True,Performing Arts,190
OPT-AU-005-11,AU-005,AU-005i,None of the above,,Inventory,Inventory,INV-AU-005-AU-005I,0,0,False,,110,True,Performing Arts,191
OPT-AU-006-01,AU-006,AU-006a,Yes,1,Source,SingleResponse,SR-AU-006-AU-006A,1,1,False,,10,True,Performing Arts,193
OPT-AU-006-02,AU-006,AU-006a,No,0,Source,SingleResponse,SR-AU-006-AU-006A,1,1,False,,20,True,Performing Arts,194
OPT-AU-006-03,AU-006,AU-006a,Unable to assess (note reason),,Exclusion,SingleResponse,SR-AU-006-AU-006A,0,1,True,,30,True,Performing Arts,195
OPT-AU-007-01,AU-007,AU-007a,Proscenium opening is 45' or wider,1,Source,SingleResponse,SR-AU-007-AU-007A,1,1,False,,10,True,Performing Arts,197
OPT-AU-007-02,AU-007,AU-007b,Stage depth is at least 30' plus 15' backstage crossover,1,Source,SingleResponse,SR-AU-007-AU-007B,1,1,False,,20,True,Performing Arts,198
OPT-AU-007-03,AU-007,AU-007c,None of the above,0,Source,SingleResponse,SR-AU-007-AU-007C,1,1,False,,30,True,Performing Arts,199
OPT-AU-008-01,AU-008,AU-008a,"Catwalks are available to support front of house, mid-house, and follow spot functions",1,Source,SingleResponse,SR-AU-008-AU-008A,1,1,False,,10,True,Performing Arts,201
OPT-AU-008-02,AU-008,AU-008b,The stagehouse/flyloft accommodates rigging systems,1,Source,SingleResponse,SR-AU-008-AU-008B,1,1,False,,20,True,Performing Arts,202
OPT-AU-008-03,AU-008,AU-008c,None of the above,0,Source,SingleResponse,SR-AU-008-AU-008C,1,1,False,,30,True,Performing Arts,203
OPT-AU-009-01,AU-009,AU-009a,Yes,1,Source,SingleResponse,SR-AU-009-AU-009A,1,1,False,,10,True,Performing Arts,205
OPT-AU-009-02,AU-009,AU-009a,No,0,Source,SingleResponse,SR-AU-009-AU-009A,1,1,False,,20,True,Performing Arts,206
OPT-AU-009-03,AU-009,AU-009a,Unable to assess (note reason),,Exclusion,SingleResponse,SR-AU-009-AU-009A,0,1,True,,30,True,Performing Arts,207
OPT-AU-010-01,AU-010,AU-010i,Acoustic Panel Ceiling (ACT),,Inventory,Inventory,INV-AU-010-AU-010I,0,0,False,,10,True,Performing Arts,209
OPT-AU-010-02,AU-010,AU-010i,Specialty Acoustic Ceiling,,Inventory,Inventory,INV-AU-010-AU-010I,0,0,False,,20,True,Performing Arts,210
OPT-AU-010-03,AU-010,AU-010i,Acoustic Wall Panels,,Inventory,Inventory,INV-AU-010-AU-010I,0,0,False,,30,True,Performing Arts,211
OPT-AU-010-04,AU-010,AU-010i,Floor Coverings (e.g. rugs),,Inventory,Inventory,INV-AU-010-AU-010I,0,0,False,,40,True,Performing Arts,212
OPT-AU-010-05,AU-010,AU-010i,"Other, please list",,Inventory,Inventory,INV-AU-010-AU-010I,0,0,False,,50,True,Performing Arts,213
OPT-AU-010-06,AU-010,AU-010i,None of the above,,Inventory,Inventory,INV-AU-010-AU-010I,0,0,False,,60,True,Performing Arts,214
OPT-AU-011-01,AU-011,AU-011a,0,0,Source,SingleResponse,SR-AU-011-AU-011A,1,1,False,,10,True,Performing Arts,216
OPT-AU-011-02,AU-011,AU-011a,1,0.25,Source,SingleResponse,SR-AU-011-AU-011A,1,1,False,,20,True,Performing Arts,217
OPT-AU-011-03,AU-011,AU-011a,2,0.5,Source,SingleResponse,SR-AU-011-AU-011A,1,1,False,,30,True,Performing Arts,218
OPT-AU-011-04,AU-011,AU-011a,3,0.75,Source,SingleResponse,SR-AU-011-AU-011A,1,1,False,,40,True,Performing Arts,219
OPT-AU-011-05,AU-011,AU-011a,4,1,Source,SingleResponse,SR-AU-011-AU-011A,1,1,False,,50,True,Performing Arts,220
OPT-AU-011-06,AU-011,AU-011a,Unable to assess (note reason),,Exclusion,SingleResponse,SR-AU-011-AU-011A,0,1,True,,60,True,Performing Arts,221
OPT-BB-002-01,BB-002,BB-002a,Primary light fixtures are dimmable,1,Source,SingleResponse,SR-BB-002-BB-002A,1,1,False,,10,True,Performing Arts,227
OPT-BB-002-02,BB-002,BB-002b,Primary light fixtures are LED,1,Source,SingleResponse,SR-BB-002-BB-002B,1,1,False,,20,True,Performing Arts,228
OPT-BB-002-03,BB-002,BB-002i,"Theatrical lighting (e.g., cyclorama lights, dimmer racks, wide-angle general-use lighting)",,Inventory,Inventory,INV-BB-002-BB-002I,0,0,False,,30,True,Performing Arts,229
OPT-BB-002-04,BB-002,BB-002c,None of the above,0,Source,SingleResponse,SR-BB-002-BB-002C,1,1,False,,40,True,Performing Arts,230
OPT-BB-003-01,BB-003,BB-003i,Built-in casework is provided,,Inventory,Inventory,INV-BB-003-BB-003I,0,0,False,,10,True,Performing Arts,232
OPT-BB-003-02,BB-003,BB-003i,Counter space is provided,,Inventory,Inventory,INV-BB-003-BB-003I,0,0,False,,20,True,Performing Arts,233
OPT-BB-003-03,BB-003,BB-003i,Ensuite storage closet is provided,,Inventory,Inventory,INV-BB-003-BB-003I,0,0,False,,30,True,Performing Arts,234
OPT-BB-003-04,BB-003,BB-003i,"Furniture-based storage is provided (i.e., shelving or cabinets)",,Inventory,Inventory,INV-BB-003-BB-003I,0,0,False,,40,True,Performing Arts,235
OPT-BB-003-05,BB-003,BB-003i,Some or all storage is lockable,,Inventory,Inventory,INV-BB-003-BB-003I,0,0,False,,50,True,Performing Arts,236
OPT-BB-003-06,BB-003,BB-003i,None of the above,,Inventory,Inventory,INV-BB-003-BB-003I,0,0,False,,60,True,Performing Arts,237
OPT-BB-004-01,BB-004,BB-004a,Good - storage appears sufficient; the space is organized with little visible clutter,1,Source,SingleResponse,SR-BB-004-BB-004A,1,1,False,,10,True,Performing Arts,239
OPT-BB-004-02,BB-004,BB-004a,Fair - storage appears mostly sufficient; some clutter or overflow is visible,0.5,Source,SingleResponse,SR-BB-004-BB-004A,1,1,False,,20,True,Performing Arts,240
OPT-BB-004-03,BB-004,BB-004a,Poor - storage appears insufficient; significant clutter or materials without a home,0,Source,SingleResponse,SR-BB-004-BB-004A,1,1,False,,30,True,Performing Arts,241
OPT-BB-004-04,BB-004,BB-004a,Unable to assess (note reason),,Exclusion,SingleResponse,SR-BB-004-BB-004A,0,1,True,,40,True,Performing Arts,242
OPT-BB-005-01,BB-005,BB-005a,None,0,Source,SingleResponse,SR-BB-005-BB-005A,1,1,False,,10,True,Performing Arts,244
OPT-BB-005-02,BB-005,BB-005a,<4 linear feet,0.2,Source,SingleResponse,SR-BB-005-BB-005A,1,1,False,,20,True,Performing Arts,245
OPT-BB-005-03,BB-005,BB-005a,4 to <8 linear feet,0.4,Source,SingleResponse,SR-BB-005-BB-005A,1,1,False,,30,True,Performing Arts,246
OPT-BB-005-04,BB-005,BB-005a,8 to <12 linear feet,0.6,Source,SingleResponse,SR-BB-005-BB-005A,1,1,False,,40,True,Performing Arts,247
OPT-BB-005-05,BB-005,BB-005a,12 to <16 linear feet,0.8,Source,SingleResponse,SR-BB-005-BB-005A,1,1,False,,50,True,Performing Arts,248
OPT-BB-005-06,BB-005,BB-005a,16+ linear feet,1,Source,SingleResponse,SR-BB-005-BB-005A,1,1,False,,60,True,Performing Arts,249
OPT-BB-005-07,BB-005,BB-005a,Unable to assess (note reason),,Exclusion,SingleResponse,SR-BB-005-BB-005A,0,1,True,,70,True,Performing Arts,250
OPT-BB-006-01,BB-006,BB-006i,Tackstrip,,Inventory,Inventory,INV-BB-006-BB-006I,0,0,False,,10,True,Performing Arts,252
OPT-BB-006-02,BB-006,BB-006i,Tackboard,,Inventory,Inventory,INV-BB-006-BB-006I,0,0,False,,20,True,Performing Arts,253
OPT-BB-006-03,BB-006,BB-006i,Tackwall,,Inventory,Inventory,INV-BB-006-BB-006I,0,0,False,,30,True,Performing Arts,254
OPT-BB-006-04,BB-006,BB-006i,Magnetic markerboard,,Inventory,Inventory,INV-BB-006-BB-006I,0,0,False,,40,True,Performing Arts,255
OPT-BB-006-05,BB-006,BB-006a,Display Case,1,Source,SingleResponse,SR-BB-006-BB-006A,1,1,False,,50,True,Performing Arts,256
OPT-BB-006-06,BB-006,BB-006b,None of the above,0,Source,SingleResponse,SR-BB-006-BB-006B,1,1,False,,60,True,Performing Arts,257
OPT-BB-007-01,BB-007,BB-007a,None,0,Source,SingleResponse,SR-BB-007-BB-007A,1,1,False,,10,True,Performing Arts,259
OPT-BB-007-02,BB-007,BB-007a,<4 linear feet,0.33,Source,SingleResponse,SR-BB-007-BB-007A,1,1,False,,20,True,Performing Arts,260
OPT-BB-007-03,BB-007,BB-007a,4 to <8 linear feet,0.66,Source,SingleResponse,SR-BB-007-BB-007A,1,1,False,,30,True,Performing Arts,261
OPT-BB-007-04,BB-007,BB-007a,8+ linear feet,1,Source,SingleResponse,SR-BB-007-BB-007A,1,1,False,,40,True,Performing Arts,262
OPT-BB-008-01,BB-008,BB-008a,0,0,Source,SingleResponse,SR-BB-008-BB-008A,1,1,False,,10,True,Performing Arts,264
OPT-BB-008-02,BB-008,BB-008a,1-2,0.25,Source,SingleResponse,SR-BB-008-BB-008A,1,1,False,,20,True,Performing Arts,265
OPT-BB-008-03,BB-008,BB-008a,3-4,0.5,Source,SingleResponse,SR-BB-008-BB-008A,1,1,False,,30,True,Performing Arts,266
OPT-BB-008-04,BB-008,BB-008a,5-7,0.75,Source,SingleResponse,SR-BB-008-BB-008A,1,1,False,,40,True,Performing Arts,267
OPT-BB-008-05,BB-008,BB-008a,8+,1,Source,SingleResponse,SR-BB-008-BB-008A,1,1,False,,50,True,Performing Arts,268
OPT-BB-009-01,BB-009,BB-009a,0,0,Source,SingleResponse,SR-BB-009-BB-009A,1,1,False,,10,True,Performing Arts,270
OPT-BB-009-02,BB-009,BB-009a,1,0.25,Source,SingleResponse,SR-BB-009-BB-009A,1,1,False,,20,True,Performing Arts,271
OPT-BB-009-03,BB-009,BB-009a,2,0.5,Source,SingleResponse,SR-BB-009-BB-009A,1,1,False,,30,True,Performing Arts,272
OPT-BB-009-04,BB-009,BB-009a,3,0.75,Source,SingleResponse,SR-BB-009-BB-009A,1,1,False,,40,True,Performing Arts,273
OPT-BB-009-05,BB-009,BB-009a,4,1,Source,SingleResponse,SR-BB-009-BB-009A,1,1,False,,50,True,Performing Arts,274
OPT-BB-010-01,BB-010,BB-010a,0,0,Source,SingleResponse,SR-BB-010-BB-010A,1,1,False,,10,True,Performing Arts,276
OPT-BB-010-02,BB-010,BB-010a,1,0.25,Source,SingleResponse,SR-BB-010-BB-010A,1,1,False,,20,True,Performing Arts,277
OPT-BB-010-03,BB-010,BB-010a,2,0.5,Source,SingleResponse,SR-BB-010-BB-010A,1,1,False,,30,True,Performing Arts,278
OPT-BB-010-04,BB-010,BB-010a,3,0.75,Source,SingleResponse,SR-BB-010-BB-010A,1,1,False,,40,True,Performing Arts,279
OPT-BB-010-05,BB-010,BB-010a,4,1,Source,SingleResponse,SR-BB-010-BB-010A,1,1,False,,50,True,Performing Arts,280
OPT-BB-011-01,BB-011,BB-011a,A thermostat is provided that has adjustable temperature controls,1,Source,SingleResponse,SR-BB-011-BB-011A,1,1,False,,10,True,Performing Arts,282
OPT-BB-011-02,BB-011,BB-011a,A thermostat is provided that does not have adjustable temperature controls,0.5,Source,SingleResponse,SR-BB-011-BB-011A,1,1,False,,20,True,Performing Arts,283
OPT-BB-011-03,BB-011,BB-011a,Only a temperature sensor is provided,0.5,Source,SingleResponse,SR-BB-011-BB-011A,1,1,False,,30,True,Performing Arts,284
OPT-BB-011-04,BB-011,BB-011a,No thermostat or sensor is present in the space,0,Source,SingleResponse,SR-BB-011-BB-011A,1,1,False,,40,True,Performing Arts,285
OPT-BB-012-01,BB-012,BB-012a,"Resilient flooring (e.g., vinyl, rubber)",1,Source,SingleResponse,SR-BB-012-BB-012A,1,1,False,,10,True,Performing Arts,287
OPT-BB-012-02,BB-012,BB-012a,Terrazzo,0,Source,SingleResponse,SR-BB-012-BB-012A,1,1,False,,20,True,Performing Arts,288
OPT-BB-012-03,BB-012,BB-012a,Polished concrete,1,Source,SingleResponse,SR-BB-012-BB-012A,1,1,False,,30,True,Performing Arts,289
OPT-BB-012-04,BB-012,BB-012a,"Carpet (i.e., not a loose rug)",1,Source,SingleResponse,SR-BB-012-BB-012A,1,1,False,,40,True,Performing Arts,290
OPT-BB-012-05,BB-012,BB-012a,Other (please note),,Exclusion,SingleResponse,SR-BB-012-BB-012A,0,1,True,,50,True,Performing Arts,291
OPT-BB-012-06,BB-012,BB-012a,Unable to assess (note reason),,Exclusion,SingleResponse,SR-BB-012-BB-012A,0,1,True,,60,True,Performing Arts,292
OPT-BB-013-01,BB-013,BB-013i,Acoustic Panel Ceiling (ACT),,Inventory,Inventory,INV-BB-013-BB-013I,0,0,False,,10,True,Performing Arts,294
OPT-BB-013-02,BB-013,BB-013i,Specialty Acoustic Ceiling,,Inventory,Inventory,INV-BB-013-BB-013I,0,0,False,,20,True,Performing Arts,295
OPT-BB-013-03,BB-013,BB-013i,Acoustic Wall Panels,,Inventory,Inventory,INV-BB-013-BB-013I,0,0,False,,30,True,Performing Arts,296
OPT-BB-013-04,BB-013,BB-013i,Floor Coverings (e.g. rugs),,Inventory,Inventory,INV-BB-013-BB-013I,0,0,False,,40,True,Performing Arts,297
OPT-BB-013-05,BB-013,BB-013i,"Other, please list",,Inventory,Inventory,INV-BB-013-BB-013I,0,0,False,,50,True,Performing Arts,298
OPT-BB-013-06,BB-013,BB-013i,None of the above,,Inventory,Inventory,INV-BB-013-BB-013I,0,0,False,,60,True,Performing Arts,299
OPT-BB-014-01,BB-014,BB-014a,0,0,Source,SingleResponse,SR-BB-014-BB-014A,1,1,False,,10,True,Performing Arts,301
OPT-BB-014-02,BB-014,BB-014a,1,0.25,Source,SingleResponse,SR-BB-014-BB-014A,1,1,False,,20,True,Performing Arts,302
OPT-BB-014-03,BB-014,BB-014a,2,0.5,Source,SingleResponse,SR-BB-014-BB-014A,1,1,False,,30,True,Performing Arts,303
OPT-BB-014-04,BB-014,BB-014a,3,0.75,Source,SingleResponse,SR-BB-014-BB-014A,1,1,False,,40,True,Performing Arts,304
OPT-BB-014-05,BB-014,BB-014a,4,1,Source,SingleResponse,SR-BB-014-BB-014A,1,1,False,,50,True,Performing Arts,305
OPT-BB-014-06,BB-014,BB-014a,Unable to assess (note reason),,Exclusion,SingleResponse,SR-BB-014-BB-014A,0,1,True,,60,True,Performing Arts,306
OPT-BB-015-01,BB-015,BB-015a,Auditorium,1,Source,SingleResponse,SR-BB-015-BB-015A,1,1,False,,10,True,Performing Arts,308
OPT-BB-015-02,BB-015,BB-015b,Scene Shop,1,Source,SingleResponse,SR-BB-015-BB-015B,1,1,False,,20,True,Performing Arts,309
OPT-BB-015-03,BB-015,BB-015c,Lobby (for direct after-hours performance access),1,Source,SingleResponse,SR-BB-015-BB-015C,1,1,False,,30,True,Performing Arts,310
OPT-BB-015-04,BB-015,BB-015d,Storage,1,Source,SingleResponse,SR-BB-015-BB-015D,1,1,False,,40,True,Performing Arts,311
OPT-BB-015-05,BB-015,BB-015e,None of the above,0,Source,SingleResponse,SR-BB-015-BB-015E,1,1,False,,50,True,Performing Arts,312
OPT-DN-002-01,DN-002,DN-002a,Dance Rehearsal Hall,1,Source,SingleResponse,SR-DN-002-DN-002A,1,1,False,,10,True,Performing Arts,318
OPT-DN-002-02,DN-002,DN-002b,Girls Locker Room,1,Source,SingleResponse,SR-DN-002-DN-002B,1,1,False,,20,True,Performing Arts,319
OPT-DN-002-03,DN-002,DN-002c,Boys Locker Room,1,Source,SingleResponse,SR-DN-002-DN-002C,1,1,False,,30,True,Performing Arts,320
OPT-DN-002-04,DN-002,DN-002d,All-Learner Locker Room,1,Source,SingleResponse,SR-DN-002-DN-002D,1,1,False,,40,True,Performing Arts,321
OPT-DN-002-05,DN-002,DN-002e,Adult Lockers/Dressing,1,Source,SingleResponse,SR-DN-002-DN-002E,1,1,False,,50,True,Performing Arts,322
OPT-DN-002-06,DN-002,DN-002f,Storage,1,Source,SingleResponse,SR-DN-002-DN-002F,1,1,False,,60,True,Performing Arts,323
OPT-DN-002-07,DN-002,DN-002g,None of the above,0,Source,SingleResponse,SR-DN-002-DN-002G,1,1,False,,70,True,Performing Arts,324
OPT-DN-003-01,DN-003,DN-003a,Yes,1,Source,SingleResponse,SR-DN-003-DN-003A,1,1,False,,10,True,Performing Arts,326
OPT-DN-003-02,DN-003,DN-003a,No,0,Source,SingleResponse,SR-DN-003-DN-003A,1,1,False,,20,True,Performing Arts,327
OPT-DN-003-03,DN-003,DN-003a,Unable to assess (note reason),,Exclusion,SingleResponse,SR-DN-003-DN-003A,0,1,True,,30,True,Performing Arts,328
OPT-DN-004-01,DN-004,DN-004a,Yes,1,Source,SingleResponse,SR-DN-004-DN-004A,1,1,False,,10,True,Performing Arts,330
OPT-DN-004-02,DN-004,DN-004a,No,0,Source,SingleResponse,SR-DN-004-DN-004A,1,1,False,,20,True,Performing Arts,331
OPT-DN-004-03,DN-004,DN-004a,Unable to assess (note reason),,Exclusion,SingleResponse,SR-DN-004-DN-004A,0,1,True,,30,True,Performing Arts,332
OPT-DN-005-01,DN-005,DN-005a,A large competition court layout is included to simulate performance conditions,1,Source,SingleResponse,SR-DN-005-DN-005A,1,1,False,,10,True,Performing Arts,334
OPT-DN-005-02,DN-005,DN-005b,The rehearsal hall is proportioned to allow ease of observation by instructors and clear floor area for routines,1,Source,SingleResponse,SR-DN-005-DN-005B,1,1,False,,20,True,Performing Arts,335
OPT-DN-005-03,DN-005,DN-005c,An observation platform is provided,1,Source,SingleResponse,SR-DN-005-DN-005C,1,1,False,,30,True,Performing Arts,336
OPT-DN-005-04,DN-005,DN-005d,None of the above,0,Source,SingleResponse,SR-DN-005-DN-005D,1,1,False,,40,True,Performing Arts,337
OPT-DN-006-01,DN-006,DN-006a,Yes,1,Source,SingleResponse,SR-DN-006-DN-006A,1,1,False,,10,True,Performing Arts,339
OPT-DN-006-02,DN-006,DN-006a,No,0,Source,SingleResponse,SR-DN-006-DN-006A,1,1,False,,20,True,Performing Arts,340
OPT-DN-006-03,DN-006,DN-006a,Unable to assess (note reason),,Exclusion,SingleResponse,SR-DN-006-DN-006A,0,1,True,,30,True,Performing Arts,341
OPT-DN-007-01,DN-007,DN-007a,Primary light fixtures are dimmable,1,Source,SingleResponse,SR-DN-007-DN-007A,1,1,False,,10,True,Performing Arts,343
OPT-DN-007-02,DN-007,DN-007b,Primary light fixtures are LED,1,Source,SingleResponse,SR-DN-007-DN-007B,1,1,False,,20,True,Performing Arts,344
OPT-DN-007-03,DN-007,DN-007i,"Theatrical lighting (e.g., cyclorama lights, dimmer racks, wide-angle general-use lighting)",,Inventory,Inventory,INV-DN-007-DN-007I,0,0,False,,30,True,Performing Arts,345
OPT-DN-007-04,DN-007,DN-007c,None of the above,0,Source,SingleResponse,SR-DN-007-DN-007C,1,1,False,,40,True,Performing Arts,346
OPT-DN-008-01,DN-008,DN-008a,1,0.5,Source,SingleResponse,SR-DN-008-DN-008A,1,1,False,,10,True,Performing Arts,348
OPT-DN-008-02,DN-008,DN-008a,2+,1,Source,SingleResponse,SR-DN-008-DN-008A,1,1,False,,20,True,Performing Arts,349
OPT-DN-008-03,DN-008,DN-008a,None,0,Source,SingleResponse,SR-DN-008-DN-008A,1,1,False,,30,True,Performing Arts,350
OPT-DN-009-01,DN-009,DN-009a,Good - storage appears sufficient; the space is organized with little visible clutter,1,Source,SingleResponse,SR-DN-009-DN-009A,1,1,False,,10,True,Performing Arts,352
OPT-DN-009-02,DN-009,DN-009a,Fair - storage appears mostly sufficient; some clutter or overflow is visible,0.5,Source,SingleResponse,SR-DN-009-DN-009A,1,1,False,,20,True,Performing Arts,353
OPT-DN-009-03,DN-009,DN-009a,Poor - storage appears insufficient; significant clutter or materials without a home,0,Source,SingleResponse,SR-DN-009-DN-009A,1,1,False,,30,True,Performing Arts,354
OPT-DN-009-04,DN-009,DN-009a,Unable to assess (note reason),,Exclusion,SingleResponse,SR-DN-009-DN-009A,0,1,True,,40,True,Performing Arts,355
OPT-DN-010-01,DN-010,DN-010a,None,0,Source,SingleResponse,SR-DN-010-DN-010A,1,1,False,,10,True,Performing Arts,357
OPT-DN-010-02,DN-010,DN-010a,<4 linear feet,0.5,Source,SingleResponse,SR-DN-010-DN-010A,1,1,False,,20,True,Performing Arts,358
OPT-DN-010-03,DN-010,DN-010a,4+ linear feet,1,Source,SingleResponse,SR-DN-010-DN-010A,1,1,False,,30,True,Performing Arts,359
OPT-DN-010-04,DN-010,DN-010a,Unable to assess (note reason),,Exclusion,SingleResponse,SR-DN-010-DN-010A,0,1,True,,40,True,Performing Arts,360
OPT-DN-011-01,DN-011,DN-011a,0,0,Source,SingleResponse,SR-DN-011-DN-011A,1,1,False,,10,True,Performing Arts,362
OPT-DN-011-02,DN-011,DN-011a,1-2,0.25,Source,SingleResponse,SR-DN-011-DN-011A,1,1,False,,20,True,Performing Arts,363
OPT-DN-011-03,DN-011,DN-011a,3-4,0.5,Source,SingleResponse,SR-DN-011-DN-011A,1,1,False,,30,True,Performing Arts,364
OPT-DN-011-04,DN-011,DN-011a,5-7,0.75,Source,SingleResponse,SR-DN-011-DN-011A,1,1,False,,40,True,Performing Arts,365
OPT-DN-011-05,DN-011,DN-011a,8+,1,Source,SingleResponse,SR-DN-011-DN-011A,1,1,False,,50,True,Performing Arts,366
OPT-DN-012-01,DN-012,DN-012a,0,0,Source,SingleResponse,SR-DN-012-DN-012A,1,1,False,,10,True,Performing Arts,368
OPT-DN-012-02,DN-012,DN-012a,1,0.25,Source,SingleResponse,SR-DN-012-DN-012A,1,1,False,,20,True,Performing Arts,369
OPT-DN-012-03,DN-012,DN-012a,2,0.5,Source,SingleResponse,SR-DN-012-DN-012A,1,1,False,,30,True,Performing Arts,370
OPT-DN-012-04,DN-012,DN-012a,3,0.75,Source,SingleResponse,SR-DN-012-DN-012A,1,1,False,,40,True,Performing Arts,371
OPT-DN-012-05,DN-012,DN-012a,4,1,Source,SingleResponse,SR-DN-012-DN-012A,1,1,False,,50,True,Performing Arts,372
OPT-DN-013-01,DN-013,DN-013a,0,0,Source,SingleResponse,SR-DN-013-DN-013A,1,1,False,,10,True,Performing Arts,374
OPT-DN-013-02,DN-013,DN-013a,1,0.25,Source,SingleResponse,SR-DN-013-DN-013A,1,1,False,,20,True,Performing Arts,375
OPT-DN-013-03,DN-013,DN-013a,2,0.5,Source,SingleResponse,SR-DN-013-DN-013A,1,1,False,,30,True,Performing Arts,376
OPT-DN-013-04,DN-013,DN-013a,3,0.75,Source,SingleResponse,SR-DN-013-DN-013A,1,1,False,,40,True,Performing Arts,377
OPT-DN-013-05,DN-013,DN-013a,4,1,Source,SingleResponse,SR-DN-013-DN-013A,1,1,False,,50,True,Performing Arts,378
OPT-DN-014-01,DN-014,DN-014a,A thermostat is provided that has adjustable temperature controls,1,Source,SingleResponse,SR-DN-014-DN-014A,1,1,False,,10,True,Performing Arts,380
OPT-DN-014-02,DN-014,DN-014a,A thermostat is provided that does not have adjustable temperature controls,0.5,Source,SingleResponse,SR-DN-014-DN-014A,1,1,False,,20,True,Performing Arts,381
OPT-DN-014-03,DN-014,DN-014a,Only a temperature sensor is provided,0.5,Source,SingleResponse,SR-DN-014-DN-014A,1,1,False,,30,True,Performing Arts,382
OPT-DN-014-04,DN-014,DN-014a,No thermostat or sensor is present in the space,0,Source,SingleResponse,SR-DN-014-DN-014A,1,1,False,,40,True,Performing Arts,383
OPT-DN-015-01,DN-015,DN-015a,Full-height interior window,1,Source,SingleResponse,SR-DN-015-DN-015A,1,1,False,,10,True,Performing Arts,385
OPT-DN-015-02,DN-015,DN-015b,Half-height interior window,1,Source,SingleResponse,SR-DN-015-DN-015B,1,1,False,,20,True,Performing Arts,386
OPT-DN-015-03,DN-015,DN-015c,Sidelight,1,Source,SingleResponse,SR-DN-015-DN-015C,1,1,False,,30,True,Performing Arts,387
OPT-DN-015-04,DN-015,DN-015d,"Door panel (i.e., glass panel in the door)",0,Source,SingleResponse,SR-DN-015-DN-015D,1,1,False,,40,True,Performing Arts,388
OPT-DN-015-05,DN-015,DN-015e,None of the above,0,Source,SingleResponse,SR-DN-015-DN-015E,1,1,False,,50,True,Performing Arts,389
OPT-DN-016-01,DN-016,DN-016i,Less than half,,Inventory,Inventory,INV-DN-016-DN-016I,0,0,False,,10,True,Performing Arts,391
OPT-DN-016-02,DN-016,DN-016i,About half,,Inventory,Inventory,INV-DN-016-DN-016I,0,0,False,,20,True,Performing Arts,392
OPT-DN-016-03,DN-016,DN-016i,Most of the wall,,Inventory,Inventory,INV-DN-016-DN-016I,0,0,False,,30,True,Performing Arts,393
OPT-DN-017-01,DN-017,DN-017a,Yes,1,Source,SingleResponse,SR-DN-017-DN-017A,1,1,False,,10,True,Performing Arts,395
OPT-DN-017-02,DN-017,DN-017a,No,0,Source,SingleResponse,SR-DN-017-DN-017A,1,1,False,,20,True,Performing Arts,396
OPT-DN-017-03,DN-017,DN-017a,Unable to assess (note reason),,Exclusion,SingleResponse,SR-DN-017-DN-017A,0,1,True,,30,True,Performing Arts,397
OPT-DN-018-01,DN-018,DN-018a,Yes,1,Source,SingleResponse,SR-DN-018-DN-018A,1,1,False,,10,True,Performing Arts,399
OPT-DN-018-02,DN-018,DN-018a,No,0,Source,SingleResponse,SR-DN-018-DN-018A,1,1,False,,20,True,Performing Arts,400
OPT-DN-018-03,DN-018,DN-018a,Unable to assess (note reason),,Exclusion,SingleResponse,SR-DN-018-DN-018A,0,1,True,,30,True,Performing Arts,401
OPT-DN-019-01,DN-019,DN-019a,1 wall,0.5,Source,SingleResponse,SR-DN-019-DN-019A,1,1,False,,10,True,Performing Arts,403
OPT-DN-019-02,DN-019,DN-019a,2+ walls,1,Source,SingleResponse,SR-DN-019-DN-019A,1,1,False,,20,True,Performing Arts,404
OPT-DN-020-01,DN-020,DN-020a,"Yes, on all walls with mirrors",1,Source,SingleResponse,SR-DN-020-DN-020A,1,1,False,,10,True,Performing Arts,406
OPT-DN-020-02,DN-020,DN-020a,On one wall but not both (if 2+ walls have mirrors),0.5,Source,SingleResponse,SR-DN-020-DN-020A,1,1,False,,20,True,Performing Arts,407
OPT-DN-020-03,DN-020,DN-020a,No,0,Source,SingleResponse,SR-DN-020-DN-020A,1,1,False,,30,True,Performing Arts,408
OPT-DN-021-01,DN-021,DN-021a,Less than 7',0,Source,SingleResponse,SR-DN-021-DN-021A,1,1,False,,10,True,Performing Arts,410
OPT-DN-021-02,DN-021,DN-021a,7' or taller,1,Source,SingleResponse,SR-DN-021-DN-021A,1,1,False,,20,True,Performing Arts,411
OPT-DN-022-01,DN-022,DN-022a,Adjustable ballet barres,1,Source,SingleResponse,SR-DN-022-DN-022A,1,1,False,,10,True,Performing Arts,413
OPT-DN-022-02,DN-022,DN-022b,Fixed ballet barres,0.5,Source,SingleResponse,SR-DN-022-DN-022B,1,1,False,,20,True,Performing Arts,414
OPT-DN-022-03,DN-022,DN-022c,No ballet barres,0,Source,SingleResponse,SR-DN-022-DN-022C,1,1,False,,30,True,Performing Arts,415
OPT-DN-022-04,DN-022,DN-022d,None of the above,0,Source,SingleResponse,SR-DN-022-DN-022D,1,1,False,,40,True,Performing Arts,416
OPT-DN-023-01,DN-023,DN-023a,Water fountain,1,Source,SingleResponse,SR-DN-023-DN-023A,1,1,False,,10,True,Performing Arts,418
OPT-DN-023-02,DN-023,DN-023b,Bottle filler,1,Source,SingleResponse,SR-DN-023-DN-023B,1,1,False,,20,True,Performing Arts,419
OPT-DN-023-03,DN-023,DN-023c,None of the above,0,Source,SingleResponse,SR-DN-023-DN-023C,1,1,False,,30,True,Performing Arts,420
OPT-DN-024-01,DN-024,DN-024a,Yes,1,Source,SingleResponse,SR-DN-024-DN-024A,1,1,False,,10,True,Performing Arts,422
OPT-DN-024-02,DN-024,DN-024a,No,0,Source,SingleResponse,SR-DN-024-DN-024A,1,1,False,,20,True,Performing Arts,423
OPT-DN-024-03,DN-024,DN-024a,Unable to assess (note reason),,Exclusion,SingleResponse,SR-DN-024-DN-024A,0,1,True,,30,True,Performing Arts,424
OPT-DN-025-01,DN-025,DN-025a,"Yes, and there are views to the exterior",1,Source,SingleResponse,SR-DN-025-DN-025A,1,1,False,,10,True,Performing Arts,426
OPT-DN-025-02,DN-025,DN-025a,"Yes, but there are no views to the exterior",0.5,Source,SingleResponse,SR-DN-025-DN-025A,1,1,False,,20,True,Performing Arts,427
OPT-DN-025-03,DN-025,DN-025a,No,0,Source,SingleResponse,SR-DN-025-DN-025A,1,1,False,,30,True,Performing Arts,428
OPT-DN-025-04,DN-025,DN-025a,Unable to assess (note reason),,Exclusion,SingleResponse,SR-DN-025-DN-025A,0,1,True,,40,True,Performing Arts,429
OPT-DN-026-01,DN-026,DN-026a,"Access to views of the outdoors (e.g., not solely a view of an exterior wall)",1,Source,SingleResponse,SR-DN-026-DN-026A,1,1,False,,10,True,Performing Arts,431
OPT-DN-026-02,DN-026,DN-026b,Only clerestory windows are provided,0.5,Source,SingleResponse,SR-DN-026-DN-026B,1,1,False,,20,True,Performing Arts,432
OPT-DN-026-03,DN-026,DN-026c,None of the above,0,Source,SingleResponse,SR-DN-026-DN-026C,1,1,False,,30,True,Performing Arts,433
OPT-DN-027-01,DN-027,DN-027a,Roller shades are provided,1,Source,SingleResponse,SR-DN-027-DN-027A,1,1,False,,10,True,Performing Arts,435
OPT-DN-027-02,DN-027,DN-027a,Mini-blinds are provided,0.5,Source,SingleResponse,SR-DN-027-DN-027A,1,1,False,,20,True,Performing Arts,436
OPT-DN-027-03,DN-027,DN-027a,Other (please note),0,Source,SingleResponse,SR-DN-027-DN-027A,1,1,False,,30,True,Performing Arts,437
OPT-DN-027-04,DN-027,DN-027a,No window coverings are provided,0,Source,SingleResponse,SR-DN-027-DN-027A,1,1,False,,40,True,Performing Arts,438
OPT-DN-027-05,DN-027,DN-027a,Unable to assess (note reason),,Exclusion,SingleResponse,SR-DN-027-DN-027A,0,1,True,,50,True,Performing Arts,439
OPT-DN-028-01,DN-028,DN-028a,Interior windows and doors with glass can be covered with a single movement,1,Source,SingleResponse,SR-DN-028-DN-028A,1,1,False,,10,True,Performing Arts,441
OPT-DN-028-02,DN-028,DN-028b,Exterior windows and doors with glass can be covered with a single movement,1,Source,SingleResponse,SR-DN-028-DN-028B,1,1,False,,20,True,Performing Arts,442
OPT-DN-028-03,DN-028,DN-028c,There is an area large enough for a full class to easily get out of sight to shelter-in-place (without needing to cover windows or doors with glass),1,Source,SingleResponse,SR-DN-028-DN-028C,1,1,False,,30,True,Performing Arts,443
OPT-DN-028-04,DN-028,DN-028d,Interior door hardware is lockable from inside the space with a push button or thumb turn lock,1,Source,SingleResponse,SR-DN-028-DN-028D,1,1,False,,40,True,Performing Arts,444
OPT-DN-028-05,DN-028,DN-028e,None of the above,0,Source,SingleResponse,SR-DN-028-DN-028E,1,1,False,,50,True,Performing Arts,445
OPT-DN-029-01,DN-029,DN-029a,Door within the space,1,Source,SingleResponse,SR-DN-029-DN-029A,1,1,False,,10,True,Performing Arts,447
OPT-DN-029-02,DN-029,DN-029a,In close proximity,1,Source,SingleResponse,SR-DN-029-DN-029A,1,1,False,,20,True,Performing Arts,448
OPT-DN-029-03,DN-029,DN-029a,Neither,0,Source,SingleResponse,SR-DN-029-DN-029A,1,1,False,,30,True,Performing Arts,449
OPT-DN-029-04,DN-029,DN-029a,Unable to assess (note reason),,Exclusion,SingleResponse,SR-DN-029-DN-029A,0,1,True,,40,True,Performing Arts,450
OPT-DN-030-01,DN-030,DN-030a,Door within the space,1,Source,SingleResponse,SR-DN-030-DN-030A,1,1,False,,10,True,Performing Arts,452
OPT-DN-030-02,DN-030,DN-030a,In close proximity,1,Source,SingleResponse,SR-DN-030-DN-030A,1,1,False,,20,True,Performing Arts,453
OPT-DN-030-03,DN-030,DN-030a,Neither,0,Source,SingleResponse,SR-DN-030-DN-030A,1,1,False,,30,True,Performing Arts,454
OPT-DN-030-04,DN-030,DN-030a,Unable to assess (note reason),,Exclusion,SingleResponse,SR-DN-030-DN-030A,0,1,True,,40,True,Performing Arts,455
OPT-DN-031-01,DN-031,DN-031a,Door within the space,1,Source,SingleResponse,SR-DN-031-DN-031A,1,1,False,,10,True,Performing Arts,457
OPT-DN-031-02,DN-031,DN-031a,In close proximity,1,Source,SingleResponse,SR-DN-031-DN-031A,1,1,False,,20,True,Performing Arts,458
OPT-DN-031-03,DN-031,DN-031a,Neither,0,Source,SingleResponse,SR-DN-031-DN-031A,1,1,False,,30,True,Performing Arts,459
OPT-DN-031-04,DN-031,DN-031a,Unable to assess (note reason),,Exclusion,SingleResponse,SR-DN-031-DN-031A,0,1,True,,40,True,Performing Arts,460
OPT-MU-002-01,MU-002,MU-002a,Direct access to a small group room,1,Source,SingleResponse,SR-MU-002-MU-002A,1,1,False,,10,True,Music,7
OPT-MU-002-02,MU-002,MU-002a,Visibility into a small group room only,0.5,Source,SingleResponse,SR-MU-002-MU-002A,1,1,False,,20,True,Music,8
OPT-MU-002-03,MU-002,MU-002a,Neither access nor visibility,0,Source,SingleResponse,SR-MU-002-MU-002A,1,1,False,,30,True,Music,9
OPT-MU-002-04,MU-002,MU-002a,Unable to assess (note reason),,Exclusion,SingleResponse,SR-MU-002-MU-002A,0,1,True,,40,True,Music,10
OPT-MU-003-01,MU-003,MU-003a,Yes,1,Source,SingleResponse,SR-MU-003-MU-003A,1,1,False,,10,True,Music,12
OPT-MU-003-02,MU-003,MU-003a,No,0,Source,SingleResponse,SR-MU-003-MU-003A,1,1,False,,20,True,Music,13
OPT-MU-003-03,MU-003,MU-003a,Unable to assess (note reason),,Exclusion,SingleResponse,SR-MU-003-MU-003A,0,1,True,,30,True,Music,14
OPT-MU-004-01,MU-004,MU-004a,Primary light fixtures are dimmable,1,Source,SingleResponse,SR-MU-004-MU-004A,1,1,False,,10,True,Music,16
OPT-MU-004-02,MU-004,MU-004b,Primary light fixtures are LED,1,Source,SingleResponse,SR-MU-004-MU-004B,1,1,False,,20,True,Music,17
OPT-MU-004-03,MU-004,MU-004c,None of the above,0,Source,SingleResponse,SR-MU-004-MU-004C,1,1,False,,30,True,Music,18
OPT-MU-005-01,MU-005,MU-005a,Good - walls are painted in light colors and accent color is used to reduce monotony,1,Source,SingleResponse,SR-MU-005-MU-005A,1,1,False,,10,True,Music,20
OPT-MU-005-02,MU-005,MU-005a,Fair - walls are painted in light colors but no accent color is used,0.5,Source,SingleResponse,SR-MU-005-MU-005A,1,1,False,,20,True,Music,21
OPT-MU-005-03,MU-005,MU-005a,Poor - walls are painted in dark or monotonous colors,0,Source,SingleResponse,SR-MU-005-MU-005A,1,1,False,,30,True,Music,22
OPT-MU-005-04,MU-005,MU-005a,Unable to assess (note reason),,Exclusion,SingleResponse,SR-MU-005-MU-005A,0,1,True,,40,True,Music,23
OPT-MU-006-01,MU-006,MU-006a,Yes,1,Source,SingleResponse,SR-MU-006-MU-006A,1,1,False,,10,True,Music,25
OPT-MU-006-02,MU-006,MU-006a,No,0,Source,SingleResponse,SR-MU-006-MU-006A,1,1,False,,20,True,Music,26
OPT-MU-006-03,MU-006,MU-006a,Unable to assess (note reason),,Exclusion,SingleResponse,SR-MU-006-MU-006A,0,1,True,,30,True,Music,27
OPT-MU-007-01,MU-007,MU-007a,"Yes, and there are views to the exterior",1,Source,SingleResponse,SR-MU-007-MU-007A,1,1,False,,10,True,Music,29
OPT-MU-007-02,MU-007,MU-007a,"Yes, but there are no views to the exterior",0.5,Source,SingleResponse,SR-MU-007-MU-007A,1,1,False,,20,True,Music,30
OPT-MU-007-03,MU-007,MU-007a,No,0,Source,SingleResponse,SR-MU-007-MU-007A,1,1,False,,30,True,Music,31
OPT-MU-007-04,MU-007,MU-007a,Unable to assess (note reason),,Exclusion,SingleResponse,SR-MU-007-MU-007A,0,1,True,,40,True,Music,32
OPT-MU-008-01,MU-008,MU-008a,"Access to views of the outdoors (e.g., not solely a view of an exterior wall)",1,Source,SingleResponse,SR-MU-008-MU-008A,1,1,False,,10,True,Music,34
OPT-MU-008-02,MU-008,MU-008b,Only clerestory windows are provided,0.5,Source,SingleResponse,SR-MU-008-MU-008B,1,1,False,,20,True,Music,35
OPT-MU-008-03,MU-008,MU-008c,None of the above,0,Source,SingleResponse,SR-MU-008-MU-008C,1,1,False,,30,True,Music,36
OPT-MU-009-01,MU-009,MU-009a,Roller shades are provided,1,Source,SingleResponse,SR-MU-009-MU-009A,1,1,False,,10,True,Music,38
OPT-MU-009-02,MU-009,MU-009a,Mini-blinds are provided,0.5,Source,SingleResponse,SR-MU-009-MU-009A,1,1,False,,20,True,Music,39
OPT-MU-009-03,MU-009,MU-009a,Other (please note),0,Source,SingleResponse,SR-MU-009-MU-009A,1,1,False,,30,True,Music,40
OPT-MU-009-04,MU-009,MU-009a,No window coverings are provided,0,Source,SingleResponse,SR-MU-009-MU-009A,1,1,False,,40,True,Music,41
OPT-MU-009-05,MU-009,MU-009a,Unable to assess (note reason),,Exclusion,SingleResponse,SR-MU-009-MU-009A,0,1,True,,50,True,Music,42
OPT-MU-010-01,MU-010,MU-010i,Built-in casework is provided,,Inventory,Inventory,INV-MU-010-MU-010I,0,0,False,,10,True,Music,44
OPT-MU-010-02,MU-010,MU-010i,Counter space is provided,,Inventory,Inventory,INV-MU-010-MU-010I,0,0,False,,20,True,Music,45
OPT-MU-010-03,MU-010,MU-010i,Ensuite storage closet is provided,,Inventory,Inventory,INV-MU-010-MU-010I,0,0,False,,30,True,Music,46
OPT-MU-010-04,MU-010,MU-010i,"Furniture-based storage is provided (i.e., shelving or cabinets)",,Inventory,Inventory,INV-MU-010-MU-010I,0,0,False,,40,True,Music,47
OPT-MU-010-05,MU-010,MU-010i,Some or all storage is lockable,,Inventory,Inventory,INV-MU-010-MU-010I,0,0,False,,50,True,Music,48
OPT-MU-010-06,MU-010,MU-010i,None of the above,,Inventory,Inventory,INV-MU-010-MU-010I,0,0,False,,60,True,Music,49
OPT-MU-011-01,MU-011,MU-011a,Good - storage appears sufficient; the space is organized with little visible clutter,1,Source,SingleResponse,SR-MU-011-MU-011A,1,1,False,,10,True,Music,51
OPT-MU-011-02,MU-011,MU-011a,Fair - storage appears mostly sufficient; some clutter or overflow is visible,0.5,Source,SingleResponse,SR-MU-011-MU-011A,1,1,False,,20,True,Music,52
OPT-MU-011-03,MU-011,MU-011a,Poor - storage appears insufficient; significant clutter or materials without a home,0,Source,SingleResponse,SR-MU-011-MU-011A,1,1,False,,30,True,Music,53
OPT-MU-011-04,MU-011,MU-011a,Unable to assess (note reason),,Exclusion,SingleResponse,SR-MU-011-MU-011A,0,1,True,,40,True,Music,54
OPT-MU-012-01,MU-012,MU-012a,None,0,Source,SingleResponse,SR-MU-012-MU-012A,1,1,False,,10,True,Music,56
OPT-MU-012-02,MU-012,MU-012a,<6 linear feet,0.5,Source,SingleResponse,SR-MU-012-MU-012A,1,1,False,,20,True,Music,57
OPT-MU-012-03,MU-012,MU-012a,6+ linear feet,1,Source,SingleResponse,SR-MU-012-MU-012A,1,1,False,,30,True,Music,58
OPT-MU-012-04,MU-012,MU-012a,Unable to assess (note reason),,Exclusion,SingleResponse,SR-MU-012-MU-012A,0,1,True,,40,True,Music,59
OPT-MU-013-01,MU-013,MU-013a,None,0,Source,SingleResponse,SR-MU-013-MU-013A,1,1,False,,10,True,Music,61
OPT-MU-013-02,MU-013,MU-013a,<6 linear feet,0.5,Source,SingleResponse,SR-MU-013-MU-013A,1,1,False,,20,True,Music,62
OPT-MU-013-03,MU-013,MU-013a,6+ linear feet,1,Source,SingleResponse,SR-MU-013-MU-013A,1,1,False,,30,True,Music,63
OPT-MU-013-04,MU-013,MU-013a,Unable to assess (note reason),,Exclusion,SingleResponse,SR-MU-013-MU-013A,0,1,True,,40,True,Music,64
OPT-MU-014-01,MU-014,MU-014a,None,0,Source,SingleResponse,SR-MU-014-MU-014A,1,1,False,,10,True,Music,66
OPT-MU-014-02,MU-014,MU-014a,<4 linear feet,0.25,Source,SingleResponse,SR-MU-014-MU-014A,1,1,False,,20,True,Music,67
OPT-MU-014-03,MU-014,MU-014a,4 to <8 linear feet,0.5,Source,SingleResponse,SR-MU-014-MU-014A,1,1,False,,30,True,Music,68
OPT-MU-014-04,MU-014,MU-014a,8 to <12 linear feet,0.75,Source,SingleResponse,SR-MU-014-MU-014A,1,1,False,,40,True,Music,69
OPT-MU-014-05,MU-014,MU-014a,12+ linear feet,1,Source,SingleResponse,SR-MU-014-MU-014A,1,1,False,,50,True,Music,70
OPT-MU-014-06,MU-014,MU-014a,Unable to assess (note reason),,Exclusion,SingleResponse,SR-MU-014-MU-014A,0,1,True,,60,True,Music,71
OPT-MU-015-01,MU-015,MU-015i,Tackstrip,,Inventory,Inventory,INV-MU-015-MU-015I,0,0,False,,10,True,Music,73
OPT-MU-015-02,MU-015,MU-015i,Tackboard,,Inventory,Inventory,INV-MU-015-MU-015I,0,0,False,,20,True,Music,74
OPT-MU-015-03,MU-015,MU-015i,Tackwall,,Inventory,Inventory,INV-MU-015-MU-015I,0,0,False,,30,True,Music,75
OPT-MU-015-04,MU-015,MU-015i,Magnetic markerboard,,Inventory,Inventory,INV-MU-015-MU-015I,0,0,False,,40,True,Music,76
OPT-MU-015-05,MU-015,MU-015i,Display Case,,Inventory,Inventory,INV-MU-015-MU-015I,0,0,False,,50,True,Music,77
OPT-MU-015-06,MU-015,MU-015i,None of the above,,Inventory,Inventory,INV-MU-015-MU-015I,0,0,False,,60,True,Music,78
OPT-MU-016-01,MU-016,MU-016a,None,0,Source,SingleResponse,SR-MU-016-MU-016A,1,1,False,,10,True,Music,80
OPT-MU-016-02,MU-016,MU-016a,<4 linear feet,0.33,Source,SingleResponse,SR-MU-016-MU-016A,1,1,False,,20,True,Music,81
OPT-MU-016-03,MU-016,MU-016a,4 to <8 linear feet,0.66,Source,SingleResponse,SR-MU-016-MU-016A,1,1,False,,30,True,Music,82
OPT-MU-016-04,MU-016,MU-016a,8+ linear feet,1,Source,SingleResponse,SR-MU-016-MU-016A,1,1,False,,40,True,Music,83
OPT-MU-016-05,MU-016,MU-016a,Unable to assess (note reason),,Exclusion,SingleResponse,SR-MU-016-MU-016A,0,1,True,,50,True,Music,84
OPT-MU-017-01,MU-017,MU-017a,None,0,Source,SingleResponse,SR-MU-017-MU-017A,1,1,False,,10,True,Music,86
OPT-MU-017-02,MU-017,MU-017a,<4 linear feet,0.33,Source,SingleResponse,SR-MU-017-MU-017A,1,1,False,,20,True,Music,87
OPT-MU-017-03,MU-017,MU-017a,4 to <8 linear feet,0.66,Source,SingleResponse,SR-MU-017-MU-017A,1,1,False,,30,True,Music,88
OPT-MU-017-04,MU-017,MU-017a,8+ linear feet,1,Source,SingleResponse,SR-MU-017-MU-017A,1,1,False,,40,True,Music,89
OPT-MU-017-05,MU-017,MU-017a,Unable to assess (note reason),,Exclusion,SingleResponse,SR-MU-017-MU-017A,0,1,True,,50,True,Music,90
OPT-MU-018-01,MU-018,MU-018i,Acoustic Panel Ceiling (ACT),,Inventory,Inventory,INV-MU-018-MU-018I,0,0,False,,10,True,Music,92
OPT-MU-018-02,MU-018,MU-018i,Specialty Acoustic Ceiling,,Inventory,Inventory,INV-MU-018-MU-018I,0,0,False,,20,True,Music,93
OPT-MU-018-03,MU-018,MU-018i,Acoustic Wall Panels,,Inventory,Inventory,INV-MU-018-MU-018I,0,0,False,,30,True,Music,94
OPT-MU-018-04,MU-018,MU-018i,Floor Coverings (e.g. rugs),,Inventory,Inventory,INV-MU-018-MU-018I,0,0,False,,40,True,Music,95
OPT-MU-018-05,MU-018,MU-018i,"Other, please list",,Inventory,Inventory,INV-MU-018-MU-018I,0,0,False,,50,True,Music,96
OPT-MU-018-06,MU-018,MU-018i,None of the above,,Inventory,Inventory,INV-MU-018-MU-018I,0,0,False,,60,True,Music,97
OPT-MU-019-01,MU-019,MU-019a,0,0,Source,SingleResponse,SR-MU-019-MU-019A,1,1,False,,10,True,Music,99
OPT-MU-019-02,MU-019,MU-019a,1,0.25,Source,SingleResponse,SR-MU-019-MU-019A,1,1,False,,20,True,Music,100
OPT-MU-019-03,MU-019,MU-019a,2,0.5,Source,SingleResponse,SR-MU-019-MU-019A,1,1,False,,30,True,Music,101
OPT-MU-019-04,MU-019,MU-019a,3,0.75,Source,SingleResponse,SR-MU-019-MU-019A,1,1,False,,40,True,Music,102
OPT-MU-019-05,MU-019,MU-019a,4,1,Source,SingleResponse,SR-MU-019-MU-019A,1,1,False,,50,True,Music,103
OPT-MU-019-06,MU-019,MU-019a,Unable to assess (note reason),,Exclusion,SingleResponse,SR-MU-019-MU-019A,0,1,True,,60,True,Music,104
OPT-MU-020-01,MU-020,MU-020a,0,0,Source,SingleResponse,SR-MU-020-MU-020A,1,1,False,,10,True,Music,106
OPT-MU-020-02,MU-020,MU-020a,1-2,0.25,Source,SingleResponse,SR-MU-020-MU-020A,1,1,False,,20,True,Music,107
OPT-MU-020-03,MU-020,MU-020a,3-4,0.5,Source,SingleResponse,SR-MU-020-MU-020A,1,1,False,,30,True,Music,108
OPT-MU-020-04,MU-020,MU-020a,5-7,0.75,Source,SingleResponse,SR-MU-020-MU-020A,1,1,False,,40,True,Music,109
OPT-MU-020-05,MU-020,MU-020a,8+,1,Source,SingleResponse,SR-MU-020-MU-020A,1,1,False,,50,True,Music,110
OPT-MU-021-01,MU-021,MU-021a,0,0,Source,SingleResponse,SR-MU-021-MU-021A,1,1,False,,10,True,Music,112
OPT-MU-021-02,MU-021,MU-021a,1,0.25,Source,SingleResponse,SR-MU-021-MU-021A,1,1,False,,20,True,Music,113
OPT-MU-021-03,MU-021,MU-021a,2,0.5,Source,SingleResponse,SR-MU-021-MU-021A,1,1,False,,30,True,Music,114
OPT-MU-021-04,MU-021,MU-021a,3,0.75,Source,SingleResponse,SR-MU-021-MU-021A,1,1,False,,40,True,Music,115
OPT-MU-021-05,MU-021,MU-021a,4,1,Source,SingleResponse,SR-MU-021-MU-021A,1,1,False,,50,True,Music,116
OPT-MU-022-01,MU-022,MU-022a,0,0,Source,SingleResponse,SR-MU-022-MU-022A,1,1,False,,10,True,Music,118
OPT-MU-022-02,MU-022,MU-022a,1,0.25,Source,SingleResponse,SR-MU-022-MU-022A,1,1,False,,20,True,Music,119
OPT-MU-022-03,MU-022,MU-022a,2,0.5,Source,SingleResponse,SR-MU-022-MU-022A,1,1,False,,30,True,Music,120
OPT-MU-022-04,MU-022,MU-022a,3,0.75,Source,SingleResponse,SR-MU-022-MU-022A,1,1,False,,40,True,Music,121
OPT-MU-022-05,MU-022,MU-022a,4,1,Source,SingleResponse,SR-MU-022-MU-022A,1,1,False,,50,True,Music,122
OPT-MU-023-01,MU-023,MU-023a,Full-height interior window,1,Source,SingleResponse,SR-MU-023-MU-023A,1,1,False,,10,True,Music,124
OPT-MU-023-02,MU-023,MU-023b,Half-height interior window,1,Source,SingleResponse,SR-MU-023-MU-023B,1,1,False,,20,True,Music,125
OPT-MU-023-03,MU-023,MU-023c,Sidelight,1,Source,SingleResponse,SR-MU-023-MU-023C,1,1,False,,30,True,Music,126
OPT-MU-023-04,MU-023,MU-023d,"Door panel (i.e., glass panel in the door)",0,Source,SingleResponse,SR-MU-023-MU-023D,1,1,False,,40,True,Music,127
OPT-MU-023-05,MU-023,MU-023e,None of the above,0,Source,SingleResponse,SR-MU-023-MU-023E,1,1,False,,50,True,Music,128
OPT-MU-024-01,MU-024,MU-024i,Less than half,,Inventory,Inventory,INV-MU-024-MU-024I,0,0,False,,10,True,Music,130
OPT-MU-024-02,MU-024,MU-024i,About half,,Inventory,Inventory,INV-MU-024-MU-024I,0,0,False,,20,True,Music,131
OPT-MU-024-03,MU-024,MU-024i,Most of the wall,,Inventory,Inventory,INV-MU-024-MU-024I,0,0,False,,30,True,Music,132
OPT-MU-025-01,MU-025,MU-025a,A thermostat is provided that has adjustable temperature controls,1,Source,SingleResponse,SR-MU-025-MU-025A,1,1,False,,10,True,Music,134
OPT-MU-025-02,MU-025,MU-025a,A thermostat is provided that does not have adjustable temperature controls,0.5,Source,SingleResponse,SR-MU-025-MU-025A,1,1,False,,20,True,Music,135
OPT-MU-025-03,MU-025,MU-025a,Only a temperature sensor is provided,0.5,Source,SingleResponse,SR-MU-025-MU-025A,1,1,False,,30,True,Music,136
OPT-MU-025-04,MU-025,MU-025a,No thermostat or sensor is present in the space,0,Source,SingleResponse,SR-MU-025-MU-025A,1,1,False,,40,True,Music,137
OPT-MU-026-01,MU-026,MU-026a,Interior windows and doors with glass can be covered with a single movement,1,Source,SingleResponse,SR-MU-026-MU-026A,1,1,False,,10,True,Music,139
OPT-MU-026-02,MU-026,MU-026b,Exterior windows and doors with glass can be covered with a single movement,1,Source,SingleResponse,SR-MU-026-MU-026B,1,1,False,,20,True,Music,140
OPT-MU-026-03,MU-026,MU-026c,There is an area large enough for a full class to easily get out of sight to shelter-in-place (without needing to cover windows or doors with glass),1,Source,SingleResponse,SR-MU-026-MU-026C,1,1,False,,30,True,Music,141
OPT-MU-026-04,MU-026,MU-026d,Interior door hardware is lockable from inside the space with a push button or thumb turn lock,1,Source,SingleResponse,SR-MU-026-MU-026D,1,1,False,,40,True,Music,142
OPT-MU-026-05,MU-026,MU-026e,None of the above,0,Source,SingleResponse,SR-MU-026-MU-026E,1,1,False,,50,True,Music,143
OPT-MU-027-01,MU-027,MU-027a,"Most furniture can be moved by students or a single teacher (e.g., casters, lightweight pieces)",1,Source,SingleResponse,SR-MU-027-MU-027A,1,1,False,,10,True,Music,145
OPT-MU-027-02,MU-027,MU-027a,"Some furniture is movable, some is heavy or fixed",0.5,Source,SingleResponse,SR-MU-027-MU-027A,1,1,False,,20,True,Music,146
OPT-MU-027-03,MU-027,MU-027a,"Most furniture is heavy, fixed, or impractical to move",0,Source,SingleResponse,SR-MU-027-MU-027A,1,1,False,,30,True,Music,147
OPT-MU-028-01,MU-028,MU-028a,Varied seating is provided for multiple students across multiple areas of the space,1,Source,SingleResponse,SR-MU-028-MU-028A,1,1,False,,10,True,Music,149
OPT-MU-028-02,MU-028,MU-028a,"Limited varied seating is provided (i.e., a single area or only a few students accommodated at a time)",0.5,Source,SingleResponse,SR-MU-028-MU-028A,1,1,False,,20,True,Music,150
OPT-MU-028-03,MU-028,MU-028a,No varied seating is provided,0,Source,SingleResponse,SR-MU-028-MU-028A,1,1,False,,30,True,Music,151
OPT-MU-028-04,MU-028,MU-028a,Unable to assess (note reason),,Exclusion,SingleResponse,SR-MU-028-MU-028A,0,1,True,,40,True,Music,152
OPT-MU-029-01,MU-029,MU-029i,Individual student desks,,Inventory,Inventory,INV-MU-029-MU-029I,0,0,False,,10,True,Music,154
OPT-MU-029-02,MU-029,MU-029i,Chair-height student tables,,Inventory,Inventory,INV-MU-029-MU-029I,0,0,False,,20,True,Music,155
OPT-MU-029-03,MU-029,MU-029i,"Floor-height student tables (i.e., low tables for floor seating)",,Inventory,Inventory,INV-MU-029-MU-029I,0,0,False,,30,True,Music,156
OPT-MU-029-04,MU-029,MU-029i,Standing-height student desks/tables/worksurfaces,,Inventory,Inventory,INV-MU-029-MU-029I,0,0,False,,40,True,Music,157
OPT-MU-029-05,MU-029,MU-029i,"Student desks with attached chair (i.e., combo units)",,Inventory,Inventory,INV-MU-029-MU-029I,0,0,False,,50,True,Music,158
OPT-MU-029-06,MU-029,MU-029i,"Hard seating (e.g., standard chairs, stools)",,Inventory,Inventory,INV-MU-029-MU-029I,0,0,False,,60,True,Music,159
OPT-MU-029-07,MU-029,MU-029i,"Active seating (e.g., wobble stools, rockers)",,Inventory,Inventory,INV-MU-029-MU-029I,0,0,False,,70,True,Music,160
OPT-MU-029-08,MU-029,MU-029i,"Soft seating (e.g., bean bags, floor cushions)",,Inventory,Inventory,INV-MU-029-MU-029I,0,0,False,,80,True,Music,161
OPT-MU-029-09,MU-029,MU-029i,"One or more mobile writing surfaces (i.e., mobile markerboards)",,Inventory,Inventory,INV-MU-029-MU-029I,0,0,False,,90,True,Music,162
OPT-MU-029-10,MU-029,MU-029i,One or more mobile tackboards,,Inventory,Inventory,INV-MU-029-MU-029I,0,0,False,,100,True,Music,163
OPT-MU-029-11,MU-029,MU-029i,One or more mobile monitors,,Inventory,Inventory,INV-MU-029-MU-029I,0,0,False,,110,True,Music,164
OPT-MU-029-12,MU-029,MU-029i,Other (please note),,Inventory,Inventory,INV-MU-029-MU-029I,0,0,False,,120,True,Music,165
OPT-MU-029-13,MU-029,MU-029i,None of the above,,Inventory,Inventory,INV-MU-029-MU-029I,0,0,False,,130,True,Music,166
OPT-MU-030-01,MU-030,MU-030a,Good - appears relatively new or has minimal wear,1,Source,SingleResponse,SR-MU-030-MU-030A,1,1,False,,10,True,Music,168
OPT-MU-030-02,MU-030,MU-030a,"Fair - some furniture is noticeably worn or aging, but all is functional",0.5,Source,SingleResponse,SR-MU-030-MU-030A,1,1,False,,20,True,Music,169
OPT-MU-030-03,MU-030,MU-030a,"Poor - some or all furniture is significantly worn, damaged, or not usable",0,Source,SingleResponse,SR-MU-030-MU-030A,1,1,False,,30,True,Music,170
OPT-MU-031-01,MU-031,MU-031a,Grand Piano,1,Source,SingleResponse,SR-MU-031-MU-031A,1,1,False,,10,True,Music,172
OPT-MU-031-02,MU-031,MU-031b,Digital Upright Piano,1,Source,SingleResponse,SR-MU-031-MU-031B,1,1,False,,20,True,Music,173
OPT-MU-031-03,MU-031,MU-031c,None of the above,0,Source,SingleResponse,SR-MU-031-MU-031C,1,1,False,,30,True,Music,174
OPT-MU-032-01,MU-032,MU-032a,Yes,1,Source,SingleResponse,SR-MU-032-MU-032A,1,1,False,,10,True,Music,176
OPT-MU-032-02,MU-032,MU-032a,No,0,Source,SingleResponse,SR-MU-032-MU-032A,1,1,False,,20,True,Music,177
OPT-MU-032-03,MU-032,MU-032a,Unable to assess (Please note),,Exclusion,SingleResponse,SR-MU-032-MU-032A,0,1,True,,30,True,Music,178
OPT-MU-033-01,MU-033,MU-033a,"Resilient flooring (e.g., vinyl, rubber)",1,Source,SingleResponse,SR-MU-033-MU-033A,1,1,False,,10,True,Music,180
OPT-MU-033-02,MU-033,MU-033a,Terrazzo,0,Source,SingleResponse,SR-MU-033-MU-033A,1,1,False,,20,True,Music,181
OPT-MU-033-03,MU-033,MU-033a,Polished concrete,0,Source,SingleResponse,SR-MU-033-MU-033A,1,1,False,,30,True,Music,182
OPT-MU-033-04,MU-033,MU-033a,"Carpet (i.e., not a loose rug)",0,Source,SingleResponse,SR-MU-033-MU-033A,1,1,False,,40,True,Music,183
OPT-MU-033-05,MU-033,MU-033a,Other (please note),,Exclusion,SingleResponse,SR-MU-033-MU-033A,0,1,True,,50,True,Music,184
OPT-MU-033-06,MU-033,MU-033a,Unable to assess (note reason),,Exclusion,SingleResponse,SR-MU-033-MU-033A,0,1,True,,60,True,Music,185
OPT-MU-034-01,MU-034,MU-034i,Sink,,Inventory,Inventory,INV-MU-034-MU-034I,0,0,False,,10,True,Music,187
OPT-MU-034-02,MU-034,MU-034i,Water fountain,,Inventory,Inventory,INV-MU-034-MU-034I,0,0,False,,20,True,Music,188
OPT-MU-034-03,MU-034,MU-034i,Bottle filler,,Inventory,Inventory,INV-MU-034-MU-034I,0,0,False,,30,True,Music,189
OPT-MU-034-04,MU-034,MU-034i,None of the above,,Inventory,Inventory,INV-MU-034-MU-034I,0,0,False,,40,True,Music,190
OPT-MT-001-01,MT-001,MT-001i,Rehearsal hall,,Inventory,Inventory,INV-MT-001-MT-001I,0,0,False,,10,True,Music,192
OPT-MT-001-02,MT-001,MT-001i,Medium practice room,,Inventory,Inventory,INV-MT-001-MT-001I,0,0,False,,20,True,Music,193
OPT-MT-001-03,MT-001,MT-001i,Small practice room,,Inventory,Inventory,INV-MT-001-MT-001I,0,0,False,,30,True,Music,194
OPT-MT-001-04,MT-001,MT-001i,Storage room,,Inventory,Inventory,INV-MT-001-MT-001I,0,0,False,,40,True,Music,195
OPT-MT-001-05,MT-001,MT-001i,Music Library & Workroom,,Inventory,Inventory,INV-MT-001-MT-001I,0,0,False,,50,True,Music,196
OPT-MT-001-06,MT-001,MT-001i,Professional Learning Center (Music),,Inventory,Inventory,INV-MT-001-MT-001I,0,0,False,,60,True,Music,197
OPT-MT-001-07,MT-001,MT-001i,None of the above,,Inventory,Inventory,INV-MT-001-MT-001I,0,0,False,,70,True,Music,198
OPT-MT-002-01,MT-002,MT-002a,0,0,Source,SingleResponse,SR-MT-002-MT-002A,1,1,False,,10,True,Music,200
OPT-MT-002-02,MT-002,MT-002a,1,0.25,Source,SingleResponse,SR-MT-002-MT-002A,1,1,False,,20,True,Music,201
OPT-MT-002-03,MT-002,MT-002a,2,0.5,Source,SingleResponse,SR-MT-002-MT-002A,1,1,False,,30,True,Music,202
OPT-MT-002-04,MT-002,MT-002a,3,0.75,Source,SingleResponse,SR-MT-002-MT-002A,1,1,False,,40,True,Music,203
OPT-MT-002-05,MT-002,MT-002a,4+,1,Source,SingleResponse,SR-MT-002-MT-002A,1,1,False,,50,True,Music,204
OPT-MT-002-06,MT-002,MT-002a,Unable to assess (note reason),,Exclusion,SingleResponse,SR-MT-002-MT-002A,0,1,True,,60,True,Music,205
OPT-MT-003-01,MT-003,MT-003a,Yes,1,Source,SingleResponse,SR-MT-003-MT-003A,1,1,False,,10,True,Music,207
OPT-MT-003-02,MT-003,MT-003a,No,0,Source,SingleResponse,SR-MT-003-MT-003A,1,1,False,,20,True,Music,208
OPT-MT-003-03,MT-003,MT-003a,Unable to assess (note reason),,Exclusion,SingleResponse,SR-MT-003-MT-003A,0,1,True,,30,True,Music,209
OPT-MT-004-01,MT-004,MT-004i,General Music Equipment Storage,,Inventory,Inventory,INV-MT-004-MT-004I,0,0,False,,10,True,Music,211
OPT-MT-004-02,MT-004,MT-004i,Protected Instrument Storage,,Inventory,Inventory,INV-MT-004-MT-004I,0,0,False,,20,True,Music,212
OPT-MT-004-03,MT-004,MT-004i,Uniform Storage,,Inventory,Inventory,INV-MT-004-MT-004I,0,0,False,,30,True,Music,213
OPT-MT-004-04,MT-004,MT-004i,Riser Storage,,Inventory,Inventory,INV-MT-004-MT-004I,0,0,False,,40,True,Music,214
OPT-MT-004-05,MT-004,MT-004i,Choir Storage,,Inventory,Inventory,INV-MT-004-MT-004I,0,0,False,,50,True,Music,215
OPT-MT-004-06,MT-004,MT-004i,Band Booster Storage,,Inventory,Inventory,INV-MT-004-MT-004I,0,0,False,,60,True,Music,216
OPT-MT-004-07,MT-004,MT-004i,None of the above,,Inventory,Inventory,INV-MT-004-MT-004I,0,0,False,,70,True,Music,217
OPT-MT-005-01,MT-005,MT-005i,General Music Equipment Storage,,Inventory,Inventory,INV-MT-005-MT-005I,0,0,False,,10,True,Music,219
OPT-MT-005-02,MT-005,MT-005i,Protected Instrument Storage,,Inventory,Inventory,INV-MT-005-MT-005I,0,0,False,,20,True,Music,220
OPT-MT-005-03,MT-005,MT-005i,Uniform Storage,,Inventory,Inventory,INV-MT-005-MT-005I,0,0,False,,30,True,Music,221
OPT-MT-005-04,MT-005,MT-005i,Band Percussion Storage,,Inventory,Inventory,INV-MT-005-MT-005I,0,0,False,,40,True,Music,222
OPT-MT-005-05,MT-005,MT-005i,Low Brass Storage,,Inventory,Inventory,INV-MT-005-MT-005I,0,0,False,,50,True,Music,223
OPT-MT-005-06,MT-005,MT-005i,Riser Storage,,Inventory,Inventory,INV-MT-005-MT-005I,0,0,False,,60,True,Music,224
OPT-MT-005-07,MT-005,MT-005i,Choir Storage,,Inventory,Inventory,INV-MT-005-MT-005I,0,0,False,,70,True,Music,225
OPT-MT-005-08,MT-005,MT-005i,Band Booster Storage,,Inventory,Inventory,INV-MT-005-MT-005I,0,0,False,,80,True,Music,226
OPT-MT-005-09,MT-005,MT-005i,None of the above,,Inventory,Inventory,INV-MT-005-MT-005I,0,0,False,,90,True,Music,227
OPT-MT-006-01,MT-006,MT-006a,Good - storage appears sufficient; the space is organized with little visible clutter,1,Source,SingleResponse,SR-MT-006-MT-006A,1,1,False,,10,True,Music,229
OPT-MT-006-02,MT-006,MT-006a,Fair - storage appears mostly sufficient; some clutter or overflow is visible,0.5,Source,SingleResponse,SR-MT-006-MT-006A,1,1,False,,20,True,Music,230
OPT-MT-006-03,MT-006,MT-006a,Poor - storage appears insufficient; significant clutter or materials without a home,0,Source,SingleResponse,SR-MT-006-MT-006A,1,1,False,,30,True,Music,231
OPT-MT-006-04,MT-006,MT-006a,Unable to assess (note reason),,Exclusion,SingleResponse,SR-MT-006-MT-006A,0,1,True,,40,True,Music,232
OPT-MT-007-01,MT-007,MT-007a,Instrument storage within a dedicated space in the Music Suite,1,Source,SingleResponse,SR-MT-007-MT-007A,1,1,False,,10,True,Music,234
OPT-MT-007-02,MT-007,MT-007b,Instrument storage within the Music Rehearsal Hall,0.5,Source,SingleResponse,SR-MT-007-MT-007B,1,1,False,,20,True,Music,235
OPT-MT-007-03,MT-007,MT-007c,Lockers in hallways,0,Source,SingleResponse,SR-MT-007-MT-007C,1,1,False,,30,True,Music,236
OPT-MT-007-04,MT-007,MT-007d,None of the above,0,Source,SingleResponse,SR-MT-007-MT-007D,1,1,False,,40,True,Music,237
OPT-MT-007-05,MT-007,MT-007i,Unable to assess (note reason),,Inventory,Inventory,INV-MT-007-MT-007I,0,0,True,,50,True,Music,238
OPT-MT-007-06,MT-007,MT-007e,None of the above,0,Source,SingleResponse,SR-MT-007-MT-007E,1,1,False,,60,True,Music,239
OPT-MT-008-01,MT-008,MT-008a,Yes,1,Source,SingleResponse,SR-MT-008-MT-008A,1,1,False,,10,True,Music,241
OPT-MT-008-02,MT-008,MT-008a,No,0,Source,SingleResponse,SR-MT-008-MT-008A,1,1,False,,20,True,Music,242
OPT-MT-008-03,MT-008,MT-008a,Unable to assess (note reason),,Exclusion,SingleResponse,SR-MT-008-MT-008A,0,1,True,,30,True,Music,243
OPT-MT-009-01,MT-009,MT-009a,Yes,1,Source,SingleResponse,SR-MT-009-MT-009A,1,1,False,,10,True,Music,245
OPT-MT-009-02,MT-009,MT-009a,No,0,Source,SingleResponse,SR-MT-009-MT-009A,1,1,False,,20,True,Music,246
OPT-MT-009-03,MT-009,MT-009a,Unable to assess (note reason),,Exclusion,SingleResponse,SR-MT-009-MT-009A,0,1,True,,30,True,Music,247
OPT-MT-010-01,MT-010,MT-010a,None,0,Source,SingleResponse,SR-MT-010-MT-010A,1,1,False,,10,True,Music,249
OPT-MT-010-02,MT-010,MT-010a,<6 linear feet,0.5,Source,SingleResponse,SR-MT-010-MT-010A,1,1,False,,20,True,Music,250
OPT-MT-010-03,MT-010,MT-010a,6+ linear feet,1,Source,SingleResponse,SR-MT-010-MT-010A,1,1,False,,30,True,Music,251
OPT-MT-010-04,MT-010,MT-010a,Unable to assess (note reason),,Exclusion,SingleResponse,SR-MT-010-MT-010A,0,1,True,,40,True,Music,252
OPT-MT-011-01,MT-011,MT-011a,None,0,Source,SingleResponse,SR-MT-011-MT-011A,1,1,False,,10,True,Music,254
OPT-MT-011-02,MT-011,MT-011a,<6 linear feet,0.5,Source,SingleResponse,SR-MT-011-MT-011A,1,1,False,,20,True,Music,255
OPT-MT-011-03,MT-011,MT-011a,6+ linear feet,1,Source,SingleResponse,SR-MT-011-MT-011A,1,1,False,,30,True,Music,256
OPT-MT-011-04,MT-011,MT-011a,Unable to assess (note reason),,Exclusion,SingleResponse,SR-MT-011-MT-011A,0,1,True,,40,True,Music,257
OPT-MT-012-01,MT-012,MT-012a,Yes,1,Source,SingleResponse,SR-MT-012-MT-012A,1,1,False,,10,True,Music,259
OPT-MT-012-02,MT-012,MT-012a,No,0,Source,SingleResponse,SR-MT-012-MT-012A,1,1,False,,20,True,Music,260
OPT-MT-012-03,MT-012,MT-012a,Unable to assess (note reason),,Exclusion,SingleResponse,SR-MT-012-MT-012A,0,1,True,,30,True,Music,261
OPT-MT-013-01,MT-013,MT-013a,Yes,1,Source,SingleResponse,SR-MT-013-MT-013A,1,1,False,,10,True,Music,263
OPT-MT-013-02,MT-013,MT-013a,No,0,Source,SingleResponse,SR-MT-013-MT-013A,1,1,False,,20,True,Music,264
OPT-MT-013-03,MT-013,MT-013a,Unable to assess (note reason),,Exclusion,SingleResponse,SR-MT-013-MT-013A,0,1,True,,30,True,Music,265
OPT-MT-014-01,MT-014,MT-014a,Less than half,0,Source,SingleResponse,SR-MT-014-MT-014A,1,1,False,,10,True,Music,267
OPT-MT-014-02,MT-014,MT-014a,About half,0.33,Source,SingleResponse,SR-MT-014-MT-014A,1,1,False,,20,True,Music,268
OPT-MT-014-03,MT-014,MT-014a,More than half,0.66,Source,SingleResponse,SR-MT-014-MT-014A,1,1,False,,30,True,Music,269
OPT-MT-014-04,MT-014,MT-014a,All,1,Source,SingleResponse,SR-MT-014-MT-014A,1,1,False,,40,True,Music,270
OPT-MT-014-05,MT-014,MT-014a,Unable to assess (note reason),,Exclusion,SingleResponse,SR-MT-014-MT-014A,0,1,True,,50,True,Music,271
OPT-MT-015-01,MT-015,MT-015i,Acoustic Panel Ceiling (ACT),,Inventory,Inventory,INV-MT-015-MT-015I,0,0,False,,10,True,Music,273
OPT-MT-015-02,MT-015,MT-015i,Specialty Acoustic Ceiling,,Inventory,Inventory,INV-MT-015-MT-015I,0,0,False,,20,True,Music,274
OPT-MT-015-03,MT-015,MT-015i,Acoustic Wall Panels,,Inventory,Inventory,INV-MT-015-MT-015I,0,0,False,,30,True,Music,275
OPT-MT-015-04,MT-015,MT-015i,Floor Coverings (e.g. rugs),,Inventory,Inventory,INV-MT-015-MT-015I,0,0,False,,40,True,Music,276
OPT-MT-015-05,MT-015,MT-015i,"Other, please list",,Inventory,Inventory,INV-MT-015-MT-015I,0,0,False,,50,True,Music,277
OPT-MT-015-06,MT-015,MT-015i,None,,Inventory,Inventory,INV-MT-015-MT-015I,0,0,False,,60,True,Music,278
OPT-MT-015-07,MT-015,MT-015i,None of the above,,Inventory,Inventory,INV-MT-015-MT-015I,0,0,False,,70,True,Music,279
OPT-MT-016-01,MT-016,MT-016a,0,0,Source,SingleResponse,SR-MT-016-MT-016A,1,1,False,,10,True,Music,281
OPT-MT-016-02,MT-016,MT-016a,1,0.25,Source,SingleResponse,SR-MT-016-MT-016A,1,1,False,,20,True,Music,282
OPT-MT-016-03,MT-016,MT-016a,2,0.5,Source,SingleResponse,SR-MT-016-MT-016A,1,1,False,,30,True,Music,283
OPT-MT-016-04,MT-016,MT-016a,3,0.75,Source,SingleResponse,SR-MT-016-MT-016A,1,1,False,,40,True,Music,284
OPT-MT-016-05,MT-016,MT-016a,4,1,Source,SingleResponse,SR-MT-016-MT-016A,1,1,False,,50,True,Music,285
OPT-MT-016-06,MT-016,MT-016a,Unable to assess (note reason),,Exclusion,SingleResponse,SR-MT-016-MT-016A,0,1,True,,60,True,Music,286
OPT-MT-017-01,MT-017,MT-017a,None,0,Source,SingleResponse,SR-MT-017-MT-017A,1,1,False,,10,True,Music,288
OPT-MT-017-02,MT-017,MT-017a,<4 linear feet,0.5,Source,SingleResponse,SR-MT-017-MT-017A,1,1,False,,20,True,Music,289
OPT-MT-017-03,MT-017,MT-017a,4+ linear feet,1,Source,SingleResponse,SR-MT-017-MT-017A,1,1,False,,30,True,Music,290
OPT-MT-017-04,MT-017,MT-017a,Unable to assess (note reason),,Exclusion,SingleResponse,SR-MT-017-MT-017A,0,1,True,,40,True,Music,291
OPT-MT-018-01,MT-018,MT-018a,Yes,1,Source,SingleResponse,SR-MT-018-MT-018A,1,1,False,,10,True,Music,293
OPT-MT-018-02,MT-018,MT-018a,No,0,Source,SingleResponse,SR-MT-018-MT-018A,1,1,False,,20,True,Music,294
OPT-MT-018-03,MT-018,MT-018a,Unable to assess (note reason),,Exclusion,SingleResponse,SR-MT-018-MT-018A,0,1,True,,30,True,Music,295
OPT-MT-019-01,MT-019,MT-019a,Yes,1,Source,SingleResponse,SR-MT-019-MT-019A,1,1,False,,10,True,Music,297
OPT-MT-019-02,MT-019,MT-019a,No,0,Source,SingleResponse,SR-MT-019-MT-019A,1,1,False,,20,True,Music,298
OPT-MT-019-03,MT-019,MT-019a,Unable to assess (note reason),,Exclusion,SingleResponse,SR-MT-019-MT-019A,0,1,True,,30,True,Music,299
OPT-RH-001-01,RH-001,RH-001i,Small Rehearsal Hall,,Inventory,Inventory,INV-RH-001-RH-001I,0,0,False,,10,True,Music,301
OPT-RH-001-02,RH-001,RH-001i,Medium Rehearsal Hall,,Inventory,Inventory,INV-RH-001-RH-001I,0,0,False,,20,True,Music,302
OPT-RH-001-03,RH-001,RH-001i,Large Rehearsal Hall,,Inventory,Inventory,INV-RH-001-RH-001I,0,0,False,,30,True,Music,303
OPT-RH-002-01,RH-002,RH-002a,Yes,1,Source,SingleResponse,SR-RH-002-RH-002A,1,1,False,,10,True,Music,305
OPT-RH-002-02,RH-002,RH-002a,No,0,Source,SingleResponse,SR-RH-002-RH-002A,1,1,False,,20,True,Music,306
OPT-RH-002-03,RH-002,RH-002a,Unable to assess (note reason),,Exclusion,SingleResponse,SR-RH-002-RH-002A,0,1,True,,30,True,Music,307
OPT-RH-003-01,RH-003,RH-003a,Yes,1,Source,SingleResponse,SR-RH-003-RH-003A,1,1,False,,10,True,Music,309
OPT-RH-003-02,RH-003,RH-003a,No,0,Source,SingleResponse,SR-RH-003-RH-003A,1,1,False,,20,True,Music,310
OPT-RH-003-03,RH-003,RH-003a,Unable to assess (note reason),,Exclusion,SingleResponse,SR-RH-003-RH-003A,0,1,True,,30,True,Music,311
OPT-RH-004-01,RH-004,RH-004a,Yes,1,Source,SingleResponse,SR-RH-004-RH-004A,1,1,False,,10,True,Music,313
OPT-RH-004-02,RH-004,RH-004a,No,0,Source,SingleResponse,SR-RH-004-RH-004A,1,1,False,,20,True,Music,314
OPT-RH-004-03,RH-004,RH-004a,Unable to assess (note reason),,Exclusion,SingleResponse,SR-RH-004-RH-004A,0,1,True,,30,True,Music,315
OPT-RH-005-01,RH-005,RH-005i,Acoustic Panel Ceiling (ACT),,Inventory,Inventory,INV-RH-005-RH-005I,0,0,False,,10,True,Music,317
OPT-RH-005-02,RH-005,RH-005i,Specialty Acoustic Ceiling,,Inventory,Inventory,INV-RH-005-RH-005I,0,0,False,,20,True,Music,318
OPT-RH-005-03,RH-005,RH-005i,Acoustic Wall Panels,,Inventory,Inventory,INV-RH-005-RH-005I,0,0,False,,30,True,Music,319
OPT-RH-005-04,RH-005,RH-005i,Floor Coverings (e.g. rugs),,Inventory,Inventory,INV-RH-005-RH-005I,0,0,False,,40,True,Music,320
OPT-RH-005-05,RH-005,RH-005i,"Other, please list",,Inventory,Inventory,INV-RH-005-RH-005I,0,0,False,,50,True,Music,321
OPT-RH-005-06,RH-005,RH-005i,None of the above,,Inventory,Inventory,INV-RH-005-RH-005I,0,0,False,,60,True,Music,322
OPT-RH-006-01,RH-006,RH-006a,0,0,Source,SingleResponse,SR-RH-006-RH-006A,1,1,False,,10,True,Music,324
OPT-RH-006-02,RH-006,RH-006a,1,0.25,Source,SingleResponse,SR-RH-006-RH-006A,1,1,False,,20,True,Music,325
OPT-RH-006-03,RH-006,RH-006a,2,0.5,Source,SingleResponse,SR-RH-006-RH-006A,1,1,False,,30,True,Music,326
OPT-RH-006-04,RH-006,RH-006a,3,0.75,Source,SingleResponse,SR-RH-006-RH-006A,1,1,False,,40,True,Music,327
OPT-RH-006-05,RH-006,RH-006a,4,1,Source,SingleResponse,SR-RH-006-RH-006A,1,1,False,,50,True,Music,328
OPT-RH-006-06,RH-006,RH-006a,Unable to assess (note reason),,Exclusion,SingleResponse,SR-RH-006-RH-006A,0,1,True,,60,True,Music,329
OPT-RH-007-01,RH-007,RH-007a,Primary light fixtures are dimmable,1,Source,SingleResponse,SR-RH-007-RH-007A,1,1,False,,10,True,Music,331
OPT-RH-007-02,RH-007,RH-007b,Primary light fixtures are LED,1,Source,SingleResponse,SR-RH-007-RH-007B,1,1,False,,20,True,Music,332
OPT-RH-007-03,RH-007,RH-007i,"Theatrical lighting (e.g., cyclorama lights, dimmer racks, wide-angle general-use lighting)",,Inventory,Inventory,INV-RH-007-RH-007I,0,0,False,,30,True,Music,333
OPT-RH-007-04,RH-007,RH-007c,None of the above,0,Source,SingleResponse,SR-RH-007-RH-007C,1,1,False,,40,True,Music,334
OPT-RH-008-01,RH-008,RH-008i,Built-in casework is provided,,Inventory,Inventory,INV-RH-008-RH-008I,0,0,False,,10,True,Music,336
OPT-RH-008-02,RH-008,RH-008i,Counter space is provided,,Inventory,Inventory,INV-RH-008-RH-008I,0,0,False,,20,True,Music,337
OPT-RH-008-03,RH-008,RH-008i,Ensuite storage closet is provided,,Inventory,Inventory,INV-RH-008-RH-008I,0,0,False,,30,True,Music,338
OPT-RH-008-04,RH-008,RH-008i,"Furniture-based storage is provided (i.e., shelving or cabinets)",,Inventory,Inventory,INV-RH-008-RH-008I,0,0,False,,40,True,Music,339
OPT-RH-008-05,RH-008,RH-008i,Some or all storage is lockable,,Inventory,Inventory,INV-RH-008-RH-008I,0,0,False,,50,True,Music,340
OPT-RH-008-06,RH-008,RH-008i,None of the above,,Inventory,Inventory,INV-RH-008-RH-008I,0,0,False,,60,True,Music,341
OPT-RH-009-01,RH-009,RH-009i,Choral risers,,Inventory,Inventory,INV-RH-009-RH-009I,0,0,False,,10,True,Music,343
OPT-RH-009-02,RH-009,RH-009i,Choral shells,,Inventory,Inventory,INV-RH-009-RH-009I,0,0,False,,20,True,Music,344
OPT-RH-009-03,RH-009,RH-009i,Seated platforms (for chairs),,Inventory,Inventory,INV-RH-009-RH-009I,0,0,False,,30,True,Music,345
OPT-RH-009-04,RH-009,RH-009i,Utility carts,,Inventory,Inventory,INV-RH-009-RH-009I,0,0,False,,40,True,Music,346
OPT-RH-009-05,RH-009,RH-009i,Stackable chairs with dolly,,Inventory,Inventory,INV-RH-009-RH-009I,0,0,False,,50,True,Music,347
OPT-RH-009-06,RH-009,RH-009i,Folio cabinets on wheels,,Inventory,Inventory,INV-RH-009-RH-009I,0,0,False,,60,True,Music,348
OPT-RH-009-07,RH-009,RH-009i,Grand piano w/ hand truck,,Inventory,Inventory,INV-RH-009-RH-009I,0,0,False,,70,True,Music,349
OPT-RH-009-08,RH-009,RH-009i,Digital upright piano,,Inventory,Inventory,INV-RH-009-RH-009I,0,0,False,,80,True,Music,350
OPT-RH-009-09,RH-009,RH-009i,None of the above,,Inventory,Inventory,INV-RH-009-RH-009I,0,0,False,,90,True,Music,351
OPT-RH-010-01,RH-010,RH-010a,None,0,Source,SingleResponse,SR-RH-010-RH-010A,1,1,False,,10,True,Music,353
OPT-RH-010-02,RH-010,RH-010a,<6 linear feet,0.66,Source,SingleResponse,SR-RH-010-RH-010A,1,1,False,,20,True,Music,354
OPT-RH-010-03,RH-010,RH-010a,6+ linear feet,1,Source,SingleResponse,SR-RH-010-RH-010A,1,1,False,,30,True,Music,355
OPT-RH-010-04,RH-010,RH-010a,Unable to assess (note reason),,Exclusion,SingleResponse,SR-RH-010-RH-010A,0,1,True,,40,True,Music,356
OPT-RH-011-01,RH-011,RH-011a,None,0,Source,SingleResponse,SR-RH-011-RH-011A,1,1,False,,10,True,Music,358
OPT-RH-011-02,RH-011,RH-011a,<4 linear feet,0.2,Source,SingleResponse,SR-RH-011-RH-011A,1,1,False,,20,True,Music,359
OPT-RH-011-03,RH-011,RH-011a,4 to <8 linear feet,0.4,Source,SingleResponse,SR-RH-011-RH-011A,1,1,False,,30,True,Music,360
OPT-RH-011-04,RH-011,RH-011a,8 to <12 linear feet,0.6,Source,SingleResponse,SR-RH-011-RH-011A,1,1,False,,40,True,Music,361
OPT-RH-011-05,RH-011,RH-011a,12 to <16 linear feet,0.8,Source,SingleResponse,SR-RH-011-RH-011A,1,1,False,,50,True,Music,362
OPT-RH-011-06,RH-011,RH-011a,16+ linear feet,1,Source,SingleResponse,SR-RH-011-RH-011A,1,1,False,,60,True,Music,363
OPT-RH-011-07,RH-011,RH-011a,Unable to assess (note reason),,Exclusion,SingleResponse,SR-RH-011-RH-011A,0,1,True,,70,True,Music,364
OPT-RH-012-01,RH-012,RH-012a,None,0,Source,SingleResponse,SR-RH-012-RH-012A,1,1,False,,10,True,Music,366
OPT-RH-012-02,RH-012,RH-012a,<4 linear feet,0.5,Source,SingleResponse,SR-RH-012-RH-012A,1,1,False,,20,True,Music,367
OPT-RH-012-03,RH-012,RH-012a,4+ linear feet,1,Source,SingleResponse,SR-RH-012-RH-012A,1,1,False,,30,True,Music,368
OPT-RH-012-04,RH-012,RH-012a,Unable to assess (note reason),,Exclusion,SingleResponse,SR-RH-012-RH-012A,0,1,True,,40,True,Music,369
OPT-RH-013-01,RH-013,RH-013a,Yes,1,Source,SingleResponse,SR-RH-013-RH-013A,1,1,False,,10,True,Music,371
OPT-RH-013-02,RH-013,RH-013a,No,0,Source,SingleResponse,SR-RH-013-RH-013A,1,1,False,,20,True,Music,372
OPT-RH-013-03,RH-013,RH-013a,Unable to assess (note reason),,Exclusion,SingleResponse,SR-RH-013-RH-013A,0,1,True,,30,True,Music,373
OPT-RH-014-01,RH-014,RH-014a,0,0,Source,SingleResponse,SR-RH-014-RH-014A,1,1,False,,10,True,Music,375
OPT-RH-014-02,RH-014,RH-014a,1-2,0.25,Source,SingleResponse,SR-RH-014-RH-014A,1,1,False,,20,True,Music,376
OPT-RH-014-03,RH-014,RH-014a,3-4,0.5,Source,SingleResponse,SR-RH-014-RH-014A,1,1,False,,30,True,Music,377
OPT-RH-014-04,RH-014,RH-014a,5-7,0.75,Source,SingleResponse,SR-RH-014-RH-014A,1,1,False,,40,True,Music,378
OPT-RH-014-05,RH-014,RH-014a,8+,1,Source,SingleResponse,SR-RH-014-RH-014A,1,1,False,,50,True,Music,379
OPT-RH-015-01,RH-015,RH-015a,0,0,Source,SingleResponse,SR-RH-015-RH-015A,1,1,False,,10,True,Music,381
OPT-RH-015-02,RH-015,RH-015a,1,0.25,Source,SingleResponse,SR-RH-015-RH-015A,1,1,False,,20,True,Music,382
OPT-RH-015-03,RH-015,RH-015a,2,0.5,Source,SingleResponse,SR-RH-015-RH-015A,1,1,False,,30,True,Music,383
OPT-RH-015-04,RH-015,RH-015a,3,0.75,Source,SingleResponse,SR-RH-015-RH-015A,1,1,False,,40,True,Music,384
OPT-RH-015-05,RH-015,RH-015a,4,1,Source,SingleResponse,SR-RH-015-RH-015A,1,1,False,,50,True,Music,385
OPT-RH-016-01,RH-016,RH-016a,0,0,Source,SingleResponse,SR-RH-016-RH-016A,1,1,False,,10,True,Music,387
OPT-RH-016-02,RH-016,RH-016a,1,0.25,Source,SingleResponse,SR-RH-016-RH-016A,1,1,False,,20,True,Music,388
OPT-RH-016-03,RH-016,RH-016a,2,0.5,Source,SingleResponse,SR-RH-016-RH-016A,1,1,False,,30,True,Music,389
OPT-RH-016-04,RH-016,RH-016a,3,0.75,Source,SingleResponse,SR-RH-016-RH-016A,1,1,False,,40,True,Music,390
OPT-RH-016-05,RH-016,RH-016a,4,1,Source,SingleResponse,SR-RH-016-RH-016A,1,1,False,,50,True,Music,391
OPT-RH-017-01,RH-017,RH-017a,A thermostat is provided that has adjustable temperature controls,1,Source,SingleResponse,SR-RH-017-RH-017A,1,1,False,,10,True,Music,393
OPT-RH-017-02,RH-017,RH-017a,A thermostat is provided that does not have adjustable temperature controls,0.5,Source,SingleResponse,SR-RH-017-RH-017A,1,1,False,,20,True,Music,394
OPT-RH-017-03,RH-017,RH-017a,Only a temperature sensor is provided,0.5,Source,SingleResponse,SR-RH-017-RH-017A,1,1,False,,30,True,Music,395
OPT-RH-017-04,RH-017,RH-017a,No thermostat or sensor is present in the space,0,Source,SingleResponse,SR-RH-017-RH-017A,1,1,False,,40,True,Music,396
OPT-RH-018-01,RH-018,RH-018a,Interior windows and doors with glass can be covered with a single movement,1,Source,SingleResponse,SR-RH-018-RH-018A,1,1,False,,10,True,Music,398
OPT-RH-018-02,RH-018,RH-018b,Exterior windows and doors with glass can be covered with a single movement,1,Source,SingleResponse,SR-RH-018-RH-018B,1,1,False,,20,True,Music,399
OPT-RH-018-03,RH-018,RH-018c,There is an area large enough for a full class to easily get out of sight to shelter-in-place (without needing to cover windows or doors with glass),1,Source,SingleResponse,SR-RH-018-RH-018C,1,1,False,,30,True,Music,400
OPT-RH-018-04,RH-018,RH-018d,Interior door hardware is lockable from inside the space with a push button or thumb turn lock,1,Source,SingleResponse,SR-RH-018-RH-018D,1,1,False,,40,True,Music,401
OPT-RH-018-05,RH-018,RH-018e,None of the above,0,Source,SingleResponse,SR-RH-018-RH-018E,1,1,False,,50,True,Music,402
OPT-RH-019-01,RH-019,RH-019a,"Resilient flooring (e.g., vinyl, rubber)",1,Source,SingleResponse,SR-RH-019-RH-019A,1,1,False,,10,True,Music,404
OPT-RH-019-02,RH-019,RH-019a,Terrazzo,0,Source,SingleResponse,SR-RH-019-RH-019A,1,1,False,,20,True,Music,405
OPT-RH-019-03,RH-019,RH-019a,Polished concrete,0,Source,SingleResponse,SR-RH-019-RH-019A,1,1,False,,30,True,Music,406
OPT-RH-019-04,RH-019,RH-019a,"Carpet (i.e., not a loose rug)",0,Source,SingleResponse,SR-RH-019-RH-019A,1,1,False,,40,True,Music,407
OPT-RH-019-05,RH-019,RH-019a,Masonite,0,Source,SingleResponse,SR-RH-019-RH-019A,1,1,False,,50,True,Music,408
OPT-RH-019-06,RH-019,RH-019a,Other (please note),,Exclusion,SingleResponse,SR-RH-019-RH-019A,0,1,True,,60,True,Music,409
OPT-RH-019-07,RH-019,RH-019a,Unable to assess (note reason),,Exclusion,SingleResponse,SR-RH-019-RH-019A,0,1,True,,70,True,Music,410
OPT-RH-020-01,RH-020,RH-020a,Yes,1,Source,SingleResponse,SR-RH-020-RH-020A,1,1,False,,10,True,Music,412
OPT-RH-020-02,RH-020,RH-020a,No,0,Source,SingleResponse,SR-RH-020-RH-020A,1,1,False,,20,True,Music,413
OPT-RH-020-03,RH-020,RH-020a,Unable to assess (note reason),,Exclusion,SingleResponse,SR-RH-020-RH-020A,0,1,True,,30,True,Music,414
OPT-RH-021-01,RH-021,RH-021a,"Yes, and there are views to the exterior",1,Source,SingleResponse,SR-RH-021-RH-021A,1,1,False,,10,True,Music,416
OPT-RH-021-02,RH-021,RH-021a,"Yes, but there are no views to the exterior",0.5,Source,SingleResponse,SR-RH-021-RH-021A,1,1,False,,20,True,Music,417
OPT-RH-021-03,RH-021,RH-021a,No,0,Source,SingleResponse,SR-RH-021-RH-021A,1,1,False,,30,True,Music,418
OPT-RH-021-04,RH-021,RH-021a,Unable to assess (note reason),,Exclusion,SingleResponse,SR-RH-021-RH-021A,0,1,True,,40,True,Music,419
OPT-RH-022-01,RH-022,RH-022a,"Access to views of the outdoors (e.g., not solely a view of an exterior wall)",1,Source,SingleResponse,SR-RH-022-RH-022A,1,1,False,,10,True,Music,421
OPT-RH-022-02,RH-022,RH-022b,Only clerestory windows are provided,0.5,Source,SingleResponse,SR-RH-022-RH-022B,1,1,False,,20,True,Music,422
OPT-RH-022-03,RH-022,RH-022i,None of the above,,Inventory,Inventory,INV-RH-022-RH-022I,0,0,False,,30,True,Music,423
OPT-RH-023-01,RH-023,RH-023a,Roller shades are provided,1,Source,SingleResponse,SR-RH-023-RH-023A,1,1,False,,10,True,Music,425
OPT-RH-023-02,RH-023,RH-023a,Mini-blinds are provided,0.5,Source,SingleResponse,SR-RH-023-RH-023A,1,1,False,,20,True,Music,426
OPT-RH-023-03,RH-023,RH-023a,Other (please note),0,Source,SingleResponse,SR-RH-023-RH-023A,1,1,False,,30,True,Music,427
OPT-RH-023-04,RH-023,RH-023a,No window coverings are provided,0,Source,SingleResponse,SR-RH-023-RH-023A,1,1,False,,40,True,Music,428
OPT-RH-023-05,RH-023,RH-023a,Unable to assess (note reason),,Exclusion,SingleResponse,SR-RH-023-RH-023A,0,1,True,,50,True,Music,429
OPT-RH-024-01,RH-024,RH-024a,Yes,1,Source,SingleResponse,SR-RH-024-RH-024A,1,1,False,,10,True,Music,431
OPT-RH-024-02,RH-024,RH-024a,No,0,Source,SingleResponse,SR-RH-024-RH-024A,1,1,False,,20,True,Music,432
OPT-RH-024-03,RH-024,RH-024a,Unable to assess (note reason),,Exclusion,SingleResponse,SR-RH-024-RH-024A,0,1,True,,30,True,Music,433
OPT-RH-025-01,RH-025,RH-025a,Water fountain,1,Source,SingleResponse,SR-RH-025-RH-025A,1,1,False,,10,True,Music,435
OPT-RH-025-02,RH-025,RH-025b,Bottle filler,1,Source,SingleResponse,SR-RH-025-RH-025B,1,1,False,,20,True,Music,436
OPT-RH-025-03,RH-025,RH-025c,None of the above,0,Source,SingleResponse,SR-RH-025-RH-025C,1,1,False,,30,True,Music,437
OPT-GE-001-01,GE-001,GE-001a,The school presents well with modern finishes and features throughout the campus,1,Source,SingleResponse,SR-GE-001-GE-001A,1,1,False,,10,True,Closeout,3
OPT-GE-001-02,GE-001,GE-001a,The school has mostly modern features but has portions that are dated or need updates,0.66,Source,SingleResponse,SR-GE-001-GE-001A,1,1,False,,20,True,Closeout,4
OPT-GE-001-03,GE-001,GE-001a,The school is mostly dated but has portions that are modernized,0.33,Source,SingleResponse,SR-GE-001-GE-001A,1,1,False,,30,True,Closeout,5
OPT-GE-001-04,GE-001,GE-001a,The school presents dated and could use updates throughout the campus,0,Source,SingleResponse,SR-GE-001-GE-001A,1,1,False,,40,True,Closeout,6
OPT-GE-002-01,GE-002,GE-002a,The layout of the school and signage make wayfinding easy,1,Source,SingleResponse,SR-GE-002-GE-002A,1,1,False,,10,True,Closeout,8
OPT-GE-002-02,GE-002,GE-002a,The layout of the school is easy to navigate but signage is incorrect or not present,0.66,Source,SingleResponse,SR-GE-002-GE-002A,1,1,False,,20,True,Closeout,9
OPT-GE-002-03,GE-002,GE-002a,The layout of the school is difficult to navigate but signage throughout the school makes it easy to navigate,0.33,Source,SingleResponse,SR-GE-002-GE-002A,1,1,False,,30,True,Closeout,10
OPT-GE-002-04,GE-002,GE-002a,The layout of the school is difficult to navigate and there is incorrect or minimal signage to help navigate,0,Source,SingleResponse,SR-GE-002-GE-002A,1,1,False,,40,True,Closeout,11
OPT-GE-003-01,GE-003,GE-003a,"Yes, most or all of the school is clearly divided into neighborhoods through layout",1,Source,SingleResponse,SR-GE-003-GE-003A,1,1,False,,10,True,Closeout,13
OPT-GE-003-02,GE-003,GE-003a,"Yes, neighborhoods are clearly defined through signage but not through layout",0.5,Source,SingleResponse,SR-GE-003-GE-003A,1,1,False,,20,True,Closeout,14
OPT-GE-003-03,GE-003,GE-003a,"No, there are few or no clearly defined neighborhoods",0,Source,SingleResponse,SR-GE-003-GE-003A,1,1,False,,30,True,Closeout,15
OPT-GE-004-01,GE-004,GE-004a,This school is a single building,,Exclusion,SingleResponse,SR-GE-004-GE-004A,0,1,True,,10,True,Closeout,17
OPT-GE-004-02,GE-004,GE-004a,Yes,1,Source,SingleResponse,SR-GE-004-GE-004A,1,1,False,,20,True,Closeout,18
OPT-GE-004-03,GE-004,GE-004a,No,0,Source,SingleResponse,SR-GE-004-GE-004A,1,1,False,,30,True,Closeout,19
OPT-GE-004-04,GE-004,GE-004a,Unable to assess (note reason),,Exclusion,SingleResponse,SR-GE-004-GE-004A,0,1,True,,40,True,Closeout,20
OPT-GE-005-01,GE-005,GE-005a,Administrative offices are distributed throughout the campus,1,Source,SingleResponse,SR-GE-005-GE-005A,1,1,False,,10,True,Closeout,22
OPT-GE-005-02,GE-005,GE-005b,Maker spaces are distributed throughout the campus,1,Source,SingleResponse,SR-GE-005-GE-005B,1,1,False,,20,True,Closeout,23
OPT-GE-005-03,GE-005,GE-005c,PLCs are distributed throughout the campus,1,Source,SingleResponse,SR-GE-005-GE-005C,1,1,False,,30,True,Closeout,24
OPT-GE-005-04,GE-005,GE-005d,None of the above,0,Source,SingleResponse,SR-GE-005-GE-005D,1,1,False,,40,True,Closeout,25
OPT-GE-006-01,GE-006,GE-006a,"Restrooms are evenly distributed throughout the campus (e.g., most neighborhoods have restrooms nearby)",1,Source,SingleResponse,SR-GE-006-GE-006A,1,1,False,,10,True,Closeout,27
OPT-GE-006-02,GE-006,GE-006b,Adult restrooms are distributed throughout the campus,1,Source,SingleResponse,SR-GE-006-GE-006B,1,1,False,,20,True,Closeout,28
OPT-GE-006-03,GE-006,GE-006c,There is at least one family restroom centrally located on the campus,1,Source,SingleResponse,SR-GE-006-GE-006C,1,1,False,,30,True,Closeout,29
OPT-GE-006-04,GE-006,GE-006d,None of the above,0,Source,SingleResponse,SR-GE-006-GE-006D,1,1,False,,40,True,Closeout,30
OPT-GE-007-01,GE-007,GE-007a,Yes,1,Source,SingleResponse,SR-GE-007-GE-007A,1,1,False,,10,True,Closeout,32
OPT-GE-007-02,GE-007,GE-007a,No,0,Source,SingleResponse,SR-GE-007-GE-007A,1,1,False,,20,True,Closeout,33
OPT-GE-007-03,GE-007,GE-007a,Unable to assess (note reason),,Exclusion,SingleResponse,SR-GE-007-GE-007A,0,1,True,,30,True,Closeout,34
OPT-GE-008-01,GE-008,GE-008a,This school is a single story,,Exclusion,SingleResponse,SR-GE-008-GE-008A,0,1,True,,10,True,Closeout,36
OPT-GE-008-02,GE-008,GE-008a,0,0,Source,SingleResponse,SR-GE-008-GE-008A,1,1,False,,20,True,Closeout,37
OPT-GE-008-03,GE-008,GE-008a,1,0.5,Source,SingleResponse,SR-GE-008-GE-008A,1,1,False,,30,True,Closeout,38
OPT-GE-008-04,GE-008,GE-008a,2+,1,Source,SingleResponse,SR-GE-008-GE-008A,1,1,False,,40,True,Closeout,39
OPT-GE-009-01,GE-009,GE-009a,There is visibility into studios to watch active learning,1,Source,SingleResponse,SR-GE-009-GE-009A,1,1,False,,10,True,Closeout,41
OPT-GE-009-02,GE-009,GE-009b,There are display cases around the building to display student work,1,Source,SingleResponse,SR-GE-009-GE-009B,1,1,False,,20,True,Closeout,42
OPT-GE-009-03,GE-009,GE-009c,"There are tackboards/walls/strips in community spaces (main entry, corridors, shared spaces) to display student work",1,Source,SingleResponse,SR-GE-009-GE-009C,1,1,False,,30,True,Closeout,43
OPT-GE-009-04,GE-009,GE-009d,There are digital displays (not used for security purposes),1,Source,SingleResponse,SR-GE-009-GE-009D,1,1,False,,40,True,Closeout,44
OPT-GE-009-05,GE-009,GE-009e,None of the above,0,Source,SingleResponse,SR-GE-009-GE-009E,1,1,False,,50,True,Closeout,45
OPT-GE-010-01,GE-010,GE-010i,Most room numbers seem to be aligned,,Inventory,Inventory,INV-GE-010-GE-010I,0,0,False,,10,True,Closeout,47
OPT-GE-010-02,GE-010,GE-010i,Some differences were seen between the plan and the campus,,Inventory,Inventory,INV-GE-010-GE-010I,0,0,False,,20,True,Closeout,48
OPT-GE-010-03,GE-010,GE-010i,Most numbers seemed to be different,,Inventory,Inventory,INV-GE-010-GE-010I,0,0,False,,30,True,Closeout,49
OPT-GE-011-01,GE-011,GE-011i,Room signage is consistent throughout the school,,Inventory,Inventory,INV-GE-011-GE-011I,0,0,False,,10,True,Closeout,51
OPT-GE-011-02,GE-011,GE-011i,Mismatched signage,,Inventory,Inventory,INV-GE-011-GE-011I,0,0,False,,20,True,Closeout,52
OPT-GE-011-03,GE-011,GE-011i,Paper / temporary signage,,Inventory,Inventory,INV-GE-011-GE-011I,0,0,False,,30,True,Closeout,53
OPT-GE-011-04,GE-011,GE-011i,None of the above,,Inventory,Inventory,INV-GE-011-GE-011I,0,0,False,,40,True,Closeout,54
OPT-GE-016-01,GE-016,GE-016a,Digital marquee,1,Source,SingleResponse,SR-GE-016-GE-016A,1,1,False,,10,True,Closeout,60
OPT-GE-016-02,GE-016,GE-016b,Signage that directs approaching vehicles,1,Source,SingleResponse,SR-GE-016-GE-016B,1,1,False,,20,True,Closeout,61
OPT-GE-016-03,GE-016,GE-016c,None of the above,0,Source,SingleResponse,SR-GE-016-GE-016C,1,1,False,,30,True,Closeout,62
OPT-GE-017-01,GE-017,GE-017a,Good - parking lot does not have major cracks or potholes,1,Source,SingleResponse,SR-GE-017-GE-017A,1,1,False,,10,True,Closeout,64
OPT-GE-017-02,GE-017,GE-017a,Fair - there are some cracks or potholes in the parking lot,0.5,Source,SingleResponse,SR-GE-017-GE-017A,1,1,False,,20,True,Closeout,65
OPT-GE-017-03,GE-017,GE-017a,Poor - there are major issues with the parking surface,0,Source,SingleResponse,SR-GE-017-GE-017A,1,1,False,,30,True,Closeout,66
OPT-GE-017-04,GE-017,GE-017a,Unable to assess (note reason),,Exclusion,SingleResponse,SR-GE-017-GE-017A,0,1,True,,40,True,Closeout,67
OPT-GE-018-01,GE-018,GE-018a,Good - no obvious major gaps in lighting fixture coverage across the site,1,Source,SingleResponse,SR-GE-018-GE-018A,1,1,False,,10,True,Closeout,69
OPT-GE-018-02,GE-018,GE-018a,Fair - some areas appear to have sparse or inconsistent lighting coverage,0.5,Source,SingleResponse,SR-GE-018-GE-018A,1,1,False,,20,True,Closeout,70
OPT-GE-018-03,GE-018,GE-018a,Poor - large areas of the site appear to lack lighting fixtures entirely,0,Source,SingleResponse,SR-GE-018-GE-018A,1,1,False,,30,True,Closeout,71
OPT-GE-018-04,GE-018,GE-018a,Unable to assess (note reason),,Exclusion,SingleResponse,SR-GE-018-GE-018A,0,1,True,,40,True,Closeout,72
OPT-GE-019-01,GE-019,GE-019a,Yes,1,Source,SingleResponse,SR-GE-019-GE-019A,1,1,False,,10,True,Closeout,74
OPT-GE-019-02,GE-019,GE-019a,No,0,Source,SingleResponse,SR-GE-019-GE-019A,1,1,False,,20,True,Closeout,75
OPT-GE-019-03,GE-019,GE-019a,Unable to assess (note reason),,Exclusion,SingleResponse,SR-GE-019-GE-019A,0,1,True,,30,True,Closeout,76
OPT-GE-020-01,GE-020,GE-020a,Walking (pedestrian access),1,Source,SingleResponse,SR-GE-020-GE-020A,1,1,False,,10,True,Closeout,78
OPT-GE-020-02,GE-020,GE-020b,"Biking (trails, bike racks)",1,Source,SingleResponse,SR-GE-020-GE-020B,1,1,False,,20,True,Closeout,79
OPT-GE-020-03,GE-020,GE-020c,Bus,1,Source,SingleResponse,SR-GE-020-GE-020C,1,1,False,,30,True,Closeout,80
OPT-GE-020-04,GE-020,GE-020d,Mass transit,1,Source,SingleResponse,SR-GE-020-GE-020D,1,1,False,,40,True,Closeout,81
OPT-GE-020-05,GE-020,GE-020e,Car - drop off/pick up,1,Source,SingleResponse,SR-GE-020-GE-020E,1,1,False,,50,True,Closeout,82
OPT-GE-020-06,GE-020,GE-020f,Car - self-driven/carpool,1,Source,SingleResponse,SR-GE-020-GE-020F,1,1,False,,60,True,Closeout,83
OPT-GE-020-07,GE-020,GE-020g,None of the above,0,Source,SingleResponse,SR-GE-020-GE-020G,1,1,False,,70,True,Closeout,84
OPT-GE-021-01,GE-021,GE-021a,Yes,1,Source,SingleResponse,SR-GE-021-GE-021A,1,1,False,,10,True,Closeout,86
OPT-GE-021-02,GE-021,GE-021a,No,0,Source,SingleResponse,SR-GE-021-GE-021A,1,1,False,,20,True,Closeout,87
OPT-GE-021-03,GE-021,GE-021a,Unable to assess (note reason),,Exclusion,SingleResponse,SR-GE-021-GE-021A,0,1,True,,30,True,Closeout,88
OPT-GE-022-01,GE-022,GE-022a,Yes,1,Source,SingleResponse,SR-GE-022-GE-022A,1,1,False,,10,True,Closeout,90
OPT-GE-022-02,GE-022,GE-022a,No,0,Source,SingleResponse,SR-GE-022-GE-022A,1,1,False,,20,True,Closeout,91
OPT-GE-022-03,GE-022,GE-022a,Unable to assess (note reason),,Exclusion,SingleResponse,SR-GE-022-GE-022A,0,1,True,,30,True,Closeout,92
OPT-GE-023-01,GE-023,GE-023a,Grounds are clean,1,Source,SingleResponse,SR-GE-023-GE-023A,1,1,False,,10,True,Closeout,94
OPT-GE-023-02,GE-023,GE-023b,Landscape is well kept (allow for seasonal differences),1,Source,SingleResponse,SR-GE-023-GE-023B,1,1,False,,20,True,Closeout,95
OPT-GE-023-03,GE-023,GE-023c,Sidewalks are in good condition,1,Source,SingleResponse,SR-GE-023-GE-023C,1,1,False,,30,True,Closeout,96
OPT-GE-023-04,GE-023,GE-023d,None of the above,0,Source,SingleResponse,SR-GE-023-GE-023D,1,1,False,,40,True,Closeout,97
OPT-GE-024-01,GE-024,GE-024a,Yes,1,Source,SingleResponse,SR-GE-024-GE-024A,1,1,False,,10,True,Closeout,99
OPT-GE-024-02,GE-024,GE-024a,No,0,Source,SingleResponse,SR-GE-024-GE-024A,1,1,False,,20,True,Closeout,100
OPT-GE-024-03,GE-024,GE-024a,Unable to assess (note reason),,Exclusion,SingleResponse,SR-GE-024-GE-024A,0,1,True,,30,True,Closeout,101
OPT-GE-025-01,GE-025,GE-025a,Yes,1,Source,SingleResponse,SR-GE-025-GE-025A,1,1,False,,10,True,Closeout,103
OPT-GE-025-02,GE-025,GE-025a,No,0,Source,SingleResponse,SR-GE-025-GE-025A,1,1,False,,20,True,Closeout,104
OPT-GE-025-03,GE-025,GE-025a,Unable to assess (note reason),,Exclusion,SingleResponse,SR-GE-025-GE-025A,0,1,True,,30,True,Closeout,105
